id,season,city,date,match_type,player_of_match,venue,team1,team2,toss_winner,toss_decision,winner,result,result_margin,target_runs,target_overs,super_over,method,umpire1,umpire2,year
335982,2007/08,BANGALORE,2008-04-18,League,BB MCCULLUM,M CHINNASWAMY STADIUM,ROYAL CHALLENGERS BANGALORE,KOLKATA KNIGHT RIDERS,ROYAL CHALLENGERS BANGALORE,field,KOLKATA KNIGHT RIDERS,RUNS,140.0,223.0,20.0,N,NORMAL,Asad Rauf,RE Koertzen,2008
335983,2007/08,CHANDIGARH,2008-04-19,League,MEK HUSSEY,"PUNJAB CRICKET ASSOCIATION STADIUM, MOHALI",KINGS XI PUNJAB,CHENNAI SUPER KINGS,CHENNAI SUPER KINGS,bat,CHENNAI SUPER KINGS,RUNS,33.0,241.0,20.0,N,NORMAL,MR Benson,SL Shastri,2008
335984,2007/08,DELHI,2008-04-19,League,MF MAHAROOF,FEROZ SHAH KOTLA,DELHI DAREDEVILS,RAJASTHAN ROYALS,RAJASTHAN ROYALS,bat,DELHI DAREDEVILS,WICKETS,9.0,130.0,20.0,N,NORMAL,Aleem Dar,GA Pratapkumar,2008
335985,2007/08,MUMBAI,2008-04-20,League,MV BOUCHER,WANKHEDE STADIUM,MUMBAI INDIANS,ROYAL CHALLENGERS BANGALORE,MUMBAI INDIANS,bat,ROYAL CHALLENGERS BANGALORE,WICKETS,5.0,166.0,20.0,N,NORMAL,SJ Davis,DJ Harper,2008
335986,2007/08,KOLKATA,2008-04-20,League,DJ HUSSEY,EDEN GARDENS,KOLKATA KNIGHT RIDERS,DECCAN CHARGERS,DECCAN CHARGERS,bat,KOLKATA KNIGHT RIDERS,WICKETS,5.0,111.0,20.0,N,NORMAL,BF Bowden,K Hariharan,2008
335987,2007/08,JAIPUR,2008-04-21,League,SR WATSON,SAWAI MANSINGH STADIUM,RAJASTHAN ROYALS,KINGS XI PUNJAB,KINGS XI PUNJAB,bat,RAJASTHAN ROYALS,WICKETS,6.0,167.0,20.0,N,NORMAL,Aleem Dar,RB Tiffin,2008
335988,2007/08,HYDERABAD,2008-04-22,League,V SEHWAG,"RAJIV GANDHI INTERNATIONAL STADIUM, UPPAL",DECCAN CHARGERS,DELHI DAREDEVILS,DECCAN CHARGERS,bat,DELHI DAREDEVILS,WICKETS,9.0,143.0,20.0,N,NORMAL,IL Howell,AM Saheba,2008
335989,2007/08,CHENNAI,2008-04-23,League,ML HAYDEN,"MA CHIDAMBARAM STADIUM, CHEPAUK",CHENNAI SUPER KINGS,MUMBAI INDIANS,MUMBAI INDIANS,field,CHENNAI SUPER KINGS,RUNS,6.0,209.0,20.0,N,NORMAL,DJ Harper,GA Pratapkumar,2008
335990,2007/08,HYDERABAD,2008-04-24,League,YK PATHAN,"RAJIV GANDHI INTERNATIONAL STADIUM, UPPAL",DECCAN CHARGERS,RAJASTHAN ROYALS,RAJASTHAN ROYALS,field,RAJASTHAN ROYALS,WICKETS,3.0,215.0,20.0,N,NORMAL,Asad Rauf,MR Benson,2008
335991,2007/08,CHANDIGARH,2008-04-25,League,KC SANGAKKARA,"PUNJAB CRICKET ASSOCIATION STADIUM, MOHALI",KINGS XI PUNJAB,MUMBAI INDIANS,MUMBAI INDIANS,field,KINGS XI PUNJAB,RUNS,66.0,183.0,20.0,N,NORMAL,Aleem Dar,AM Saheba,2008
335992,2007/08,BANGALORE,2008-04-26,League,SR WATSON,M CHINNASWAMY STADIUM,ROYAL CHALLENGERS BANGALORE,RAJASTHAN ROYALS,RAJASTHAN ROYALS,field,RAJASTHAN ROYALS,WICKETS,7.0,136.0,20.0,N,NORMAL,MR Benson,IL Howell,2008
335993,2007/08,CHENNAI,2008-04-26,League,JDP ORAM,"MA CHIDAMBARAM STADIUM, CHEPAUK",CHENNAI SUPER KINGS,KOLKATA KNIGHT RIDERS,KOLKATA KNIGHT RIDERS,bat,CHENNAI SUPER KINGS,WICKETS,9.0,148.0,20.0,N,NORMAL,BF Bowden,AV Jayaprakash,2008
335994,2007/08,MUMBAI,2008-04-27,League,AC GILCHRIST,DR DY PATIL SPORTS ACADEMY,MUMBAI INDIANS,DECCAN CHARGERS,DECCAN CHARGERS,field,DECCAN CHARGERS,WICKETS,10.0,155.0,20.0,N,NORMAL,Asad Rauf,SL Shastri,2008
335995,2007/08,CHANDIGARH,2008-04-27,League,SM KATICH,"PUNJAB CRICKET ASSOCIATION STADIUM, MOHALI",KINGS XI PUNJAB,DELHI DAREDEVILS,DELHI DAREDEVILS,bat,KINGS XI PUNJAB,WICKETS,4.0,159.0,20.0,N,NORMAL,RE Koertzen,I Shivram,2008
335996,2007/08,BANGALORE,2008-04-28,League,MS DHONI,M CHINNASWAMY STADIUM,ROYAL CHALLENGERS BANGALORE,CHENNAI SUPER KINGS,CHENNAI SUPER KINGS,bat,CHENNAI SUPER KINGS,RUNS,13.0,179.0,20.0,N,NORMAL,BR Doctrove,RB Tiffin,2008
335997,2007/08,KOLKATA,2008-04-29,League,ST JAYASURIYA,EDEN GARDENS,KOLKATA KNIGHT RIDERS,MUMBAI INDIANS,KOLKATA KNIGHT RIDERS,bat,MUMBAI INDIANS,WICKETS,7.0,138.0,20.0,N,NORMAL,BF Bowden,AV Jayaprakash,2008
335998,2007/08,DELHI,2008-04-30,League,GD MCGRATH,FEROZ SHAH KOTLA,DELHI DAREDEVILS,ROYAL CHALLENGERS BANGALORE,ROYAL CHALLENGERS BANGALORE,field,DELHI DAREDEVILS,RUNS,10.0,192.0,20.0,N,NORMAL,Aleem Dar,I Shivram,2008
335999,2007/08,HYDERABAD,2008-05-01,League,SE MARSH,"RAJIV GANDHI INTERNATIONAL STADIUM, UPPAL",DECCAN CHARGERS,KINGS XI PUNJAB,KINGS XI PUNJAB,field,KINGS XI PUNJAB,WICKETS,7.0,165.0,20.0,N,NORMAL,BR Doctrove,RB Tiffin,2008
336000,2007/08,JAIPUR,2008-05-01,League,SA ASNODKAR,SAWAI MANSINGH STADIUM,RAJASTHAN ROYALS,KOLKATA KNIGHT RIDERS,RAJASTHAN ROYALS,bat,RAJASTHAN ROYALS,RUNS,45.0,197.0,20.0,N,NORMAL,RE Koertzen,GA Pratapkumar,2008
336001,2007/08,CHENNAI,2008-05-02,League,V SEHWAG,"MA CHIDAMBARAM STADIUM, CHEPAUK",CHENNAI SUPER KINGS,DELHI DAREDEVILS,CHENNAI SUPER KINGS,bat,DELHI DAREDEVILS,WICKETS,8.0,170.0,20.0,N,NORMAL,BF Bowden,K Hariharan,2008
336003,2007/08,CHANDIGARH,2008-05-03,League,IK PATHAN,"PUNJAB CRICKET ASSOCIATION STADIUM, MOHALI",KINGS XI PUNJAB,KOLKATA KNIGHT RIDERS,KINGS XI PUNJAB,bat,KINGS XI PUNJAB,RUNS,9.0,179.0,20.0,N,NORMAL,DJ Harper,I Shivram,2008
336034,2007/08,BANGALORE,2008-05-03,League,P KUMAR,M CHINNASWAMY STADIUM,ROYAL CHALLENGERS BANGALORE,DECCAN CHARGERS,DECCAN CHARGERS,field,ROYAL CHALLENGERS BANGALORE,RUNS,3.0,157.0,20.0,N,NORMAL,BR Doctrove,SL Shastri,2008
336004,2007/08,MUMBAI,2008-05-04,League,SM POLLOCK,DR DY PATIL SPORTS ACADEMY,MUMBAI INDIANS,DELHI DAREDEVILS,DELHI DAREDEVILS,field,MUMBAI INDIANS,RUNS,29.0,163.0,20.0,N,NORMAL,IL Howell,RE Koertzen,2008
336005,2007/08,JAIPUR,2008-05-04,League,SOHAIL TANVIR,SAWAI MANSINGH STADIUM,RAJASTHAN ROYALS,CHENNAI SUPER KINGS,CHENNAI SUPER KINGS,bat,RAJASTHAN ROYALS,WICKETS,8.0,110.0,20.0,N,NORMAL,Asad Rauf,AV Jayaprakash,2008
336006,2007/08,BANGALORE,2008-05-05,League,S SREESANTH,M CHINNASWAMY STADIUM,ROYAL CHALLENGERS BANGALORE,KINGS XI PUNJAB,KINGS XI PUNJAB,field,KINGS XI PUNJAB,WICKETS,6.0,127.0,20.0,N,NORMAL,SJ Davis,BR Doctrove,2008
336007,2007/08,CHENNAI,2008-05-06,League,AC GILCHRIST,"MA CHIDAMBARAM STADIUM, CHEPAUK",CHENNAI SUPER KINGS,DECCAN CHARGERS,DECCAN CHARGERS,field,DECCAN CHARGERS,WICKETS,7.0,145.0,20.0,N,NORMAL,MR Benson,RB Tiffin,2008
336008,2007/08,MUMBAI,2008-05-07,League,A NEHRA,DR DY PATIL SPORTS ACADEMY,MUMBAI INDIANS,RAJASTHAN ROYALS,MUMBAI INDIANS,field,MUMBAI INDIANS,WICKETS,7.0,104.0,20.0,N,NORMAL,DJ Harper,RE Koertzen,2008
336009,2007/08,DELHI,2008-05-08,League,MS DHONI,FEROZ SHAH KOTLA,DELHI DAREDEVILS,CHENNAI SUPER KINGS,CHENNAI SUPER KINGS,field,CHENNAI SUPER KINGS,WICKETS,4.0,188.0,20.0,N,NORMAL,Aleem Dar,RB Tiffin,2008
336010,2007/08,KOLKATA,2008-05-08,League,SC GANGULY,EDEN GARDENS,KOLKATA KNIGHT RIDERS,ROYAL CHALLENGERS BANGALORE,KOLKATA KNIGHT RIDERS,bat,KOLKATA KNIGHT RIDERS,RUNS,5.0,130.0,16.0,N,NORMAL,Asad Rauf,IL Howell,2008
336011,2007/08,JAIPUR,2008-05-09,League,YK PATHAN,SAWAI MANSINGH STADIUM,RAJASTHAN ROYALS,DECCAN CHARGERS,RAJASTHAN ROYALS,field,RAJASTHAN ROYALS,WICKETS,8.0,141.0,20.0,N,NORMAL,MR Benson,AM Saheba,2008
336013,2007/08,CHENNAI,2008-05-10,League,L BALAJI,"MA CHIDAMBARAM STADIUM, CHEPAUK",CHENNAI SUPER KINGS,KINGS XI PUNJAB,KINGS XI PUNJAB,field,CHENNAI SUPER KINGS,RUNS,18.0,182.0,20.0,N,NORMAL,AV Jayaprakash,BG Jerling,2008
336014,2007/08,HYDERABAD,2008-05-11,League,SC GANGULY,"RAJIV GANDHI INTERNATIONAL STADIUM, UPPAL",DECCAN CHARGERS,KOLKATA KNIGHT RIDERS,KOLKATA KNIGHT RIDERS,bat,KOLKATA KNIGHT RIDERS,RUNS,23.0,205.0,20.0,N,NORMAL,IL Howell,AM Saheba,2008
336015,2007/08,JAIPUR,2008-05-11,League,SR WATSON,SAWAI MANSINGH STADIUM,RAJASTHAN ROYALS,DELHI DAREDEVILS,RAJASTHAN ROYALS,field,RAJASTHAN ROYALS,WICKETS,3.0,157.0,20.0,N,NORMAL,SJ Davis,RE Koertzen,2008
336016,2007/08,CHANDIGARH,2008-05-12,League,SE MARSH,"PUNJAB CRICKET ASSOCIATION STADIUM, MOHALI",KINGS XI PUNJAB,ROYAL CHALLENGERS BANGALORE,ROYAL CHALLENGERS BANGALORE,bat,KINGS XI PUNJAB,WICKETS,9.0,144.0,20.0,N,NORMAL,BR Doctrove,I Shivram,2008
336017,2007/08,KOLKATA,2008-05-13,League,SHOAIB AKHTAR,EDEN GARDENS,KOLKATA KNIGHT RIDERS,DELHI DAREDEVILS,KOLKATA KNIGHT RIDERS,bat,KOLKATA KNIGHT RIDERS,RUNS,23.0,134.0,20.0,N,NORMAL,Asad Rauf,IL Howell,2008
336018,2007/08,MUMBAI,2008-05-14,League,ST JAYASURIYA,WANKHEDE STADIUM,MUMBAI INDIANS,CHENNAI SUPER KINGS,MUMBAI INDIANS,field,MUMBAI INDIANS,WICKETS,9.0,157.0,20.0,N,NORMAL,BR Doctrove,AM Saheba,2008
336020,2007/08,DELHI,2008-05-15,League,A MISHRA,FEROZ SHAH KOTLA,DELHI DAREDEVILS,DECCAN CHARGERS,DECCAN CHARGERS,field,DELHI DAREDEVILS,RUNS,12.0,195.0,20.0,N,NORMAL,BG Jerling,GA Pratapkumar,2008
336021,2007/08,MUMBAI,2008-05-16,League,SM POLLOCK,WANKHEDE STADIUM,MUMBAI INDIANS,KOLKATA KNIGHT RIDERS,MUMBAI INDIANS,field,MUMBAI INDIANS,WICKETS,8.0,68.0,20.0,N,NORMAL,BR Doctrove,DJ Harper,2008
336022,2007/08,DELHI,2008-05-17,League,DPMD JAYAWARDENE,FEROZ SHAH KOTLA,DELHI DAREDEVILS,KINGS XI PUNJAB,DELHI DAREDEVILS,bat,KINGS XI PUNJAB,RUNS,6.0,89.0,8.0,N,D/L,AV Jayaprakash,RE Koertzen,2008
336023,2007/08,JAIPUR,2008-05-17,League,GC SMITH,SAWAI MANSINGH STADIUM,RAJASTHAN ROYALS,ROYAL CHALLENGERS BANGALORE,ROYAL CHALLENGERS BANGALORE,field,RAJASTHAN ROYALS,RUNS,65.0,198.0,20.0,N,NORMAL,BF Bowden,SL Shastri,2008
336024,2007/08,HYDERABAD,2008-05-18,League,DJ BRAVO,"RAJIV GANDHI INTERNATIONAL STADIUM, UPPAL",DECCAN CHARGERS,MUMBAI INDIANS,DECCAN CHARGERS,field,MUMBAI INDIANS,RUNS,25.0,179.0,20.0,N,NORMAL,BR Doctrove,DJ Harper,2008
336025,2007/08,KOLKATA,2008-05-18,League,M NTINI,EDEN GARDENS,KOLKATA KNIGHT RIDERS,CHENNAI SUPER KINGS,KOLKATA KNIGHT RIDERS,bat,CHENNAI SUPER KINGS,RUNS,3.0,53.0,8.0,N,D/L,Asad Rauf,K Hariharan,2008
336026,2007/08,BANGALORE,2008-05-19,League,SP GOSWAMI,M CHINNASWAMY STADIUM,ROYAL CHALLENGERS BANGALORE,DELHI DAREDEVILS,DELHI DAREDEVILS,field,DELHI DAREDEVILS,WICKETS,5.0,155.0,20.0,N,NORMAL,SJ Davis,GA Pratapkumar,2008
336027,2007/08,KOLKATA,2008-05-20,League,YK PATHAN,EDEN GARDENS,KOLKATA KNIGHT RIDERS,RAJASTHAN ROYALS,RAJASTHAN ROYALS,field,RAJASTHAN ROYALS,WICKETS,6.0,148.0,20.0,N,NORMAL,BG Jerling,RE Koertzen,2008
336028,2007/08,MUMBAI,2008-05-21,League,SE MARSH,WANKHEDE STADIUM,MUMBAI INDIANS,KINGS XI PUNJAB,MUMBAI INDIANS,field,KINGS XI PUNJAB,RUNS,1.0,190.0,20.0,N,NORMAL,BF Bowden,GA Pratapkumar,2008
336029,2007/08,CHENNAI,2008-05-21,League,A KUMBLE,"MA CHIDAMBARAM STADIUM, CHEPAUK",CHENNAI SUPER KINGS,ROYAL CHALLENGERS BANGALORE,ROYAL CHALLENGERS BANGALORE,bat,ROYAL CHALLENGERS BANGALORE,RUNS,14.0,127.0,20.0,N,NORMAL,DJ Harper,I Shivram,2008
336031,2007/08,CHANDIGARH,2008-05-23,League,SE MARSH,"PUNJAB CRICKET ASSOCIATION STADIUM, MOHALI",KINGS XI PUNJAB,DECCAN CHARGERS,KINGS XI PUNJAB,field,KINGS XI PUNJAB,WICKETS,6.0,176.0,20.0,N,NORMAL,Asad Rauf,SJ Davis,2008
336032,2007/08,DELHI,2008-05-24,League,KD KARTHIK,FEROZ SHAH KOTLA,DELHI DAREDEVILS,MUMBAI INDIANS,DELHI DAREDEVILS,field,DELHI DAREDEVILS,WICKETS,5.0,177.0,20.0,N,NORMAL,BF Bowden,K Hariharan,2008
336033,2007/08,CHENNAI,2008-05-24,League,JA MORKEL,"MA CHIDAMBARAM STADIUM, CHEPAUK",CHENNAI SUPER KINGS,RAJASTHAN ROYALS,RAJASTHAN ROYALS,bat,RAJASTHAN ROYALS,RUNS,10.0,212.0,20.0,N,NORMAL,DJ Harper,SL Shastri,2008
336002,2007/08,HYDERABAD,2008-05-25,League,R VINAY KUMAR,"RAJIV GANDHI INTERNATIONAL STADIUM, UPPAL",DECCAN CHARGERS,ROYAL CHALLENGERS BANGALORE,DECCAN CHARGERS,bat,ROYAL CHALLENGERS BANGALORE,WICKETS,5.0,166.0,20.0,N,NORMAL,Asad Rauf,RE Koertzen,2008
336035,2007/08,KOLKATA,2008-05-25,League,UMAR GUL,EDEN GARDENS,KOLKATA KNIGHT RIDERS,KINGS XI PUNJAB,KINGS XI PUNJAB,bat,KOLKATA KNIGHT RIDERS,WICKETS,3.0,175.0,20.0,N,NORMAL,SJ Davis,I Shivram,2008
336036,2007/08,JAIPUR,2008-05-26,League,SOHAIL TANVIR,SAWAI MANSINGH STADIUM,RAJASTHAN ROYALS,MUMBAI INDIANS,RAJASTHAN ROYALS,field,RAJASTHAN ROYALS,WICKETS,5.0,146.0,20.0,N,NORMAL,BF Bowden,K Hariharan,2008
336037,2007/08,HYDERABAD,2008-05-27,League,SK RAINA,"RAJIV GANDHI INTERNATIONAL STADIUM, UPPAL",DECCAN CHARGERS,CHENNAI SUPER KINGS,DECCAN CHARGERS,bat,CHENNAI SUPER KINGS,WICKETS,7.0,148.0,20.0,N,NORMAL,BG Jerling,AM Saheba,2008
336012,2007/08,BANGALORE,2008-05-28,League,CRD FERNANDO,M CHINNASWAMY STADIUM,ROYAL CHALLENGERS BANGALORE,MUMBAI INDIANS,MUMBAI INDIANS,field,MUMBAI INDIANS,WICKETS,9.0,123.0,18.0,N,NORMAL,BF Bowden,AV Jayaprakash,2008
336019,2007/08,CHANDIGARH,2008-05-28,League,SE MARSH,"PUNJAB CRICKET ASSOCIATION STADIUM, MOHALI",KINGS XI PUNJAB,RAJASTHAN ROYALS,RAJASTHAN ROYALS,field,KINGS XI PUNJAB,RUNS,41.0,222.0,20.0,N,NORMAL,SJ Davis,K Hariharan,2008
336038,2007/08,MUMBAI,2008-05-30,Semi Final,SR WATSON,WANKHEDE STADIUM,DELHI DAREDEVILS,RAJASTHAN ROYALS,DELHI DAREDEVILS,field,RAJASTHAN ROYALS,RUNS,105.0,193.0,20.0,N,NORMAL,BF Bowden,RE Koertzen,2008
336039,2007/08,MUMBAI,2008-05-31,Semi Final,M NTINI,WANKHEDE STADIUM,CHENNAI SUPER KINGS,KINGS XI PUNJAB,KINGS XI PUNJAB,bat,CHENNAI SUPER KINGS,WICKETS,9.0,113.0,20.0,N,NORMAL,Asad Rauf,DJ Harper,2008
336040,2007/08,MUMBAI,2008-06-01,Final,YK PATHAN,DR DY PATIL SPORTS ACADEMY,CHENNAI SUPER KINGS,RAJASTHAN ROYALS,RAJASTHAN ROYALS,field,RAJASTHAN ROYALS,WICKETS,3.0,164.0,20.0,N,NORMAL,BF Bowden,RE Koertzen,2008
392181,2009,CAPE TOWN,2009-04-18,League,SR TENDULKAR,NEWLANDS,CHENNAI SUPER KINGS,MUMBAI INDIANS,CHENNAI SUPER KINGS,field,MUMBAI INDIANS,RUNS,19.0,166.0,20.0,N,NORMAL,BR Doctrove,K Hariharan,2009
392182,2009,CAPE TOWN,2009-04-18,League,R DRAVID,NEWLANDS,ROYAL CHALLENGERS BANGALORE,RAJASTHAN ROYALS,ROYAL CHALLENGERS BANGALORE,bat,ROYAL CHALLENGERS BANGALORE,RUNS,75.0,134.0,20.0,N,NORMAL,BR Doctrove,RB Tiffin,2009
392183,2009,CAPE TOWN,2009-04-19,League,DL VETTORI,NEWLANDS,DELHI DAREDEVILS,KINGS XI PUNJAB,DELHI DAREDEVILS,field,DELHI DAREDEVILS,WICKETS,10.0,54.0,6.0,N,D/L,MR Benson,SD Ranade,2009
392184,2009,CAPE TOWN,2009-04-19,League,RP SINGH,NEWLANDS,DECCAN CHARGERS,KOLKATA KNIGHT RIDERS,KOLKATA KNIGHT RIDERS,bat,DECCAN CHARGERS,WICKETS,8.0,102.0,20.0,N,NORMAL,MR Benson,BR Doctrove,2009
392185,2009,PORT ELIZABETH,2009-04-20,League,M MURALITHARAN,ST GEORGE'S PARK,ROYAL CHALLENGERS BANGALORE,CHENNAI SUPER KINGS,CHENNAI SUPER KINGS,bat,CHENNAI SUPER KINGS,RUNS,92.0,180.0,20.0,N,NORMAL,BG Jerling,SJA Taufel,2009
392186,2009,DURBAN,2009-04-21,League,CH GAYLE,KINGSMEAD,KINGS XI PUNJAB,KOLKATA KNIGHT RIDERS,KOLKATA KNIGHT RIDERS,field,KOLKATA KNIGHT RIDERS,RUNS,11.0,69.0,9.2,N,D/L,DJ Harper,SD Ranade,2009
392188,2009,CAPE TOWN,2009-04-22,League,AC GILCHRIST,NEWLANDS,ROYAL CHALLENGERS BANGALORE,DECCAN CHARGERS,DECCAN CHARGERS,bat,DECCAN CHARGERS,RUNS,24.0,185.0,20.0,N,NORMAL,M Erasmus,AM Saheba,2009
392189,2009,DURBAN,2009-04-23,League,AB DE VILLIERS,KINGSMEAD,CHENNAI SUPER KINGS,DELHI DAREDEVILS,DELHI DAREDEVILS,bat,DELHI DAREDEVILS,RUNS,9.0,190.0,20.0,N,NORMAL,BR Doctrove,SJA Taufel,2009
392190,2009,CAPE TOWN,2009-04-23,League,YK PATHAN,NEWLANDS,KOLKATA KNIGHT RIDERS,RAJASTHAN ROYALS,KOLKATA KNIGHT RIDERS,field,RAJASTHAN ROYALS,TIE,0.0,151.0,20.0,Y,NORMAL,MR Benson,M Erasmus,2009
392191,2009,DURBAN,2009-04-24,League,RS BOPARA,KINGSMEAD,ROYAL CHALLENGERS BANGALORE,KINGS XI PUNJAB,ROYAL CHALLENGERS BANGALORE,bat,KINGS XI PUNJAB,WICKETS,7.0,169.0,20.0,N,NORMAL,BR Doctrove,TH Wijewardene,2009
392192,2009,DURBAN,2009-04-25,League,PP OJHA,KINGSMEAD,DECCAN CHARGERS,MUMBAI INDIANS,DECCAN CHARGERS,bat,DECCAN CHARGERS,RUNS,12.0,169.0,20.0,N,NORMAL,HDPK Dharmasena,SJA Taufel,2009
392194,2009,PORT ELIZABETH,2009-04-26,League,TM DILSHAN,ST GEORGE'S PARK,ROYAL CHALLENGERS BANGALORE,DELHI DAREDEVILS,ROYAL CHALLENGERS BANGALORE,bat,DELHI DAREDEVILS,WICKETS,6.0,150.0,20.0,N,NORMAL,S Asnani,BG Jerling,2009
392195,2009,CAPE TOWN,2009-04-26,League,KC SANGAKKARA,NEWLANDS,KINGS XI PUNJAB,RAJASTHAN ROYALS,KINGS XI PUNJAB,bat,KINGS XI PUNJAB,RUNS,27.0,140.0,20.0,N,NORMAL,M Erasmus,K Hariharan,2009
392196,2009,DURBAN,2009-04-27,League,HH GIBBS,KINGSMEAD,CHENNAI SUPER KINGS,DECCAN CHARGERS,DECCAN CHARGERS,field,DECCAN CHARGERS,WICKETS,6.0,166.0,20.0,N,NORMAL,IL Howell,TH Wijewardene,2009
392197,2009,PORT ELIZABETH,2009-04-27,League,SR TENDULKAR,ST GEORGE'S PARK,KOLKATA KNIGHT RIDERS,MUMBAI INDIANS,MUMBAI INDIANS,bat,MUMBAI INDIANS,RUNS,92.0,188.0,20.0,N,NORMAL,BG Jerling,RB Tiffin,2009
392198,2009,CENTURION,2009-04-28,League,YK PATHAN,SUPERSPORT PARK,DELHI DAREDEVILS,RAJASTHAN ROYALS,DELHI DAREDEVILS,bat,RAJASTHAN ROYALS,WICKETS,5.0,144.0,20.0,N,NORMAL,GAV Baxter,RE Koertzen,2009
392199,2009,DURBAN,2009-04-29,League,MV BOUCHER,KINGSMEAD,ROYAL CHALLENGERS BANGALORE,KOLKATA KNIGHT RIDERS,KOLKATA KNIGHT RIDERS,bat,ROYAL CHALLENGERS BANGALORE,WICKETS,5.0,140.0,20.0,N,NORMAL,MR Benson,TH Wijewardene,2009
392200,2009,DURBAN,2009-04-29,League,KC SANGAKKARA,KINGSMEAD,KINGS XI PUNJAB,MUMBAI INDIANS,KINGS XI PUNJAB,bat,KINGS XI PUNJAB,RUNS,3.0,120.0,20.0,N,NORMAL,MR Benson,SL Shastri,2009
392201,2009,CENTURION,2009-04-30,League,DP NANNES,SUPERSPORT PARK,DECCAN CHARGERS,DELHI DAREDEVILS,DELHI DAREDEVILS,field,DELHI DAREDEVILS,WICKETS,6.0,149.0,20.0,N,NORMAL,GAV Baxter,AM Saheba,2009
392202,2009,CENTURION,2009-04-30,League,SK RAINA,SUPERSPORT PARK,CHENNAI SUPER KINGS,RAJASTHAN ROYALS,RAJASTHAN ROYALS,field,CHENNAI SUPER KINGS,RUNS,38.0,165.0,20.0,N,NORMAL,GAV Baxter,RE Koertzen,2009
392203,2009,EAST LONDON,2009-05-01,League,JP DUMINY,BUFFALO PARK,KOLKATA KNIGHT RIDERS,MUMBAI INDIANS,MUMBAI INDIANS,bat,MUMBAI INDIANS,RUNS,9.0,149.0,20.0,N,NORMAL,M Erasmus,SK Tarapore,2009
392204,2009,DURBAN,2009-05-01,League,YUVRAJ SINGH,KINGSMEAD,ROYAL CHALLENGERS BANGALORE,KINGS XI PUNJAB,ROYAL CHALLENGERS BANGALORE,bat,ROYAL CHALLENGERS BANGALORE,RUNS,8.0,146.0,20.0,N,NORMAL,HDPK Dharmasena,S Ravi,2009
392205,2009,PORT ELIZABETH,2009-05-02,League,YK PATHAN,ST GEORGE'S PARK,DECCAN CHARGERS,RAJASTHAN ROYALS,DECCAN CHARGERS,bat,RAJASTHAN ROYALS,WICKETS,3.0,142.0,20.0,N,NORMAL,S Asnani,BG Jerling,2009
392206,2009,JOHANNESBURG,2009-05-02,League,SB JAKATI,NEW WANDERERS STADIUM,CHENNAI SUPER KINGS,DELHI DAREDEVILS,DELHI DAREDEVILS,field,CHENNAI SUPER KINGS,RUNS,18.0,164.0,20.0,N,NORMAL,DJ Harper,RE Koertzen,2009
392207,2009,PORT ELIZABETH,2009-05-03,League,DPMD JAYAWARDENE,ST GEORGE'S PARK,KINGS XI PUNJAB,KOLKATA KNIGHT RIDERS,KOLKATA KNIGHT RIDERS,bat,KINGS XI PUNJAB,WICKETS,6.0,154.0,20.0,N,NORMAL,S Asnani,MR Benson,2009
392208,2009,JOHANNESBURG,2009-05-03,League,JH KALLIS,NEW WANDERERS STADIUM,ROYAL CHALLENGERS BANGALORE,MUMBAI INDIANS,MUMBAI INDIANS,bat,ROYAL CHALLENGERS BANGALORE,WICKETS,9.0,150.0,20.0,N,NORMAL,RE Koertzen,TH Wijewardene,2009
392209,2009,EAST LONDON,2009-05-04,League,MS DHONI,BUFFALO PARK,CHENNAI SUPER KINGS,DECCAN CHARGERS,CHENNAI SUPER KINGS,bat,CHENNAI SUPER KINGS,RUNS,78.0,179.0,20.0,N,NORMAL,BR Doctrove,M Erasmus,2009
392210,2009,DURBAN,2009-05-05,League,GC SMITH,KINGSMEAD,KINGS XI PUNJAB,RAJASTHAN ROYALS,KINGS XI PUNJAB,field,RAJASTHAN ROYALS,RUNS,78.0,212.0,20.0,N,NORMAL,SS Hazare,IL Howell,2009
392211,2009,DURBAN,2009-05-05,League,G GAMBHIR,KINGSMEAD,DELHI DAREDEVILS,KOLKATA KNIGHT RIDERS,KOLKATA KNIGHT RIDERS,bat,DELHI DAREDEVILS,WICKETS,9.0,155.0,20.0,N,NORMAL,GAV Baxter,IL Howell,2009
392212,2009,CENTURION,2009-05-06,League,RG SHARMA,SUPERSPORT PARK,DECCAN CHARGERS,MUMBAI INDIANS,DECCAN CHARGERS,bat,DECCAN CHARGERS,RUNS,19.0,146.0,20.0,N,NORMAL,MR Benson,HDPK Dharmasena,2009
392213,2009,CENTURION,2009-05-07,League,A SINGH,SUPERSPORT PARK,ROYAL CHALLENGERS BANGALORE,RAJASTHAN ROYALS,RAJASTHAN ROYALS,field,RAJASTHAN ROYALS,WICKETS,7.0,106.0,20.0,N,NORMAL,K Hariharan,DJ Harper,2009
392214,2009,CENTURION,2009-05-07,League,ML HAYDEN,SUPERSPORT PARK,CHENNAI SUPER KINGS,KINGS XI PUNJAB,CHENNAI SUPER KINGS,bat,CHENNAI SUPER KINGS,RUNS,12.0,187.0,18.0,N,D/L,DJ Harper,TH Wijewardene,2009
392215,2009,EAST LONDON,2009-05-08,League,A NEHRA,BUFFALO PARK,DELHI DAREDEVILS,MUMBAI INDIANS,MUMBAI INDIANS,bat,DELHI DAREDEVILS,WICKETS,7.0,117.0,20.0,N,NORMAL,M Erasmus,SK Tarapore,2009
392216,2009,KIMBERLEY,2009-05-09,League,DPMD JAYAWARDENE,DE BEERS DIAMOND OVAL,DECCAN CHARGERS,KINGS XI PUNJAB,KINGS XI PUNJAB,field,KINGS XI PUNJAB,WICKETS,3.0,169.0,20.0,N,NORMAL,GAV Baxter,AM Saheba,2009
392217,2009,KIMBERLEY,2009-05-09,League,S BADRINATH,DE BEERS DIAMOND OVAL,CHENNAI SUPER KINGS,RAJASTHAN ROYALS,RAJASTHAN ROYALS,bat,CHENNAI SUPER KINGS,WICKETS,7.0,141.0,20.0,N,NORMAL,GAV Baxter,HDPK Dharmasena,2009
392218,2009,PORT ELIZABETH,2009-05-10,League,JP DUMINY,ST GEORGE'S PARK,ROYAL CHALLENGERS BANGALORE,MUMBAI INDIANS,MUMBAI INDIANS,bat,MUMBAI INDIANS,RUNS,16.0,158.0,20.0,N,NORMAL,BR Doctrove,BG Jerling,2009
392219,2009,JOHANNESBURG,2009-05-10,League,A MISHRA,NEW WANDERERS STADIUM,DELHI DAREDEVILS,KOLKATA KNIGHT RIDERS,DELHI DAREDEVILS,field,DELHI DAREDEVILS,WICKETS,7.0,124.0,20.0,N,NORMAL,SL Shastri,RB Tiffin,2009
392220,2009,KIMBERLEY,2009-05-11,League,DR SMITH,DE BEERS DIAMOND OVAL,DECCAN CHARGERS,RAJASTHAN ROYALS,DECCAN CHARGERS,bat,DECCAN CHARGERS,RUNS,53.0,167.0,20.0,N,NORMAL,GAV Baxter,HDPK Dharmasena,2009
392221,2009,CENTURION,2009-05-12,League,LRPL TAYLOR,SUPERSPORT PARK,ROYAL CHALLENGERS BANGALORE,KOLKATA KNIGHT RIDERS,ROYAL CHALLENGERS BANGALORE,field,ROYAL CHALLENGERS BANGALORE,WICKETS,6.0,174.0,20.0,N,NORMAL,M Erasmus,SS Hazare,2009
392222,2009,CENTURION,2009-05-12,League,HARBHAJAN SINGH,SUPERSPORT PARK,KINGS XI PUNJAB,MUMBAI INDIANS,KINGS XI PUNJAB,bat,MUMBAI INDIANS,WICKETS,8.0,120.0,20.0,N,NORMAL,SS Hazare,RE Koertzen,2009
392223,2009,DURBAN,2009-05-13,League,R BHATIA,KINGSMEAD,DECCAN CHARGERS,DELHI DAREDEVILS,DECCAN CHARGERS,field,DELHI DAREDEVILS,RUNS,12.0,174.0,20.0,N,NORMAL,DJ Harper,SL Shastri,2009
392224,2009,DURBAN,2009-05-14,League,LRPL TAYLOR,KINGSMEAD,ROYAL CHALLENGERS BANGALORE,CHENNAI SUPER KINGS,CHENNAI SUPER KINGS,bat,ROYAL CHALLENGERS BANGALORE,WICKETS,2.0,130.0,20.0,N,NORMAL,BR Doctrove,DJ Harper,2009
392225,2009,DURBAN,2009-05-14,League,SK WARNE,KINGSMEAD,MUMBAI INDIANS,RAJASTHAN ROYALS,RAJASTHAN ROYALS,bat,RAJASTHAN ROYALS,RUNS,2.0,146.0,20.0,N,NORMAL,BR Doctrove,DJ Harper,2009
392226,2009,BLOEMFONTEIN,2009-05-15,League,B LEE,OUTSURANCE OVAL,DELHI DAREDEVILS,KINGS XI PUNJAB,KINGS XI PUNJAB,field,KINGS XI PUNJAB,WICKETS,6.0,121.0,20.0,N,NORMAL,HDPK Dharmasena,IL Howell,2009
392227,2009,PORT ELIZABETH,2009-05-16,League,ML HAYDEN,ST GEORGE'S PARK,CHENNAI SUPER KINGS,MUMBAI INDIANS,MUMBAI INDIANS,bat,CHENNAI SUPER KINGS,WICKETS,7.0,148.0,20.0,N,NORMAL,SK Tarapore,SJA Taufel,2009
392228,2009,JOHANNESBURG,2009-05-16,League,RG SHARMA,NEW WANDERERS STADIUM,DECCAN CHARGERS,KOLKATA KNIGHT RIDERS,DECCAN CHARGERS,field,DECCAN CHARGERS,WICKETS,6.0,161.0,20.0,N,NORMAL,RE Koertzen,S Ravi,2009
392229,2009,JOHANNESBURG,2009-05-17,League,YUVRAJ SINGH,NEW WANDERERS STADIUM,DECCAN CHARGERS,KINGS XI PUNJAB,DECCAN CHARGERS,field,KINGS XI PUNJAB,RUNS,1.0,135.0,20.0,N,NORMAL,S Ravi,RB Tiffin,2009
392230,2009,BLOEMFONTEIN,2009-05-17,League,AB DE VILLIERS,OUTSURANCE OVAL,DELHI DAREDEVILS,RAJASTHAN ROYALS,DELHI DAREDEVILS,bat,DELHI DAREDEVILS,RUNS,14.0,151.0,20.0,N,NORMAL,SS Hazare,IL Howell,2009
392231,2009,CENTURION,2009-05-18,League,BJ HODGE,SUPERSPORT PARK,CHENNAI SUPER KINGS,KOLKATA KNIGHT RIDERS,CHENNAI SUPER KINGS,bat,KOLKATA KNIGHT RIDERS,WICKETS,7.0,189.0,20.0,N,NORMAL,SJA Taufel,RB Tiffin,2009
392232,2009,JOHANNESBURG,2009-05-19,League,JH KALLIS,NEW WANDERERS STADIUM,ROYAL CHALLENGERS BANGALORE,DELHI DAREDEVILS,DELHI DAREDEVILS,bat,ROYAL CHALLENGERS BANGALORE,WICKETS,7.0,135.0,20.0,N,NORMAL,IL Howell,RB Tiffin,2009
392233,2009,DURBAN,2009-05-20,League,LR SHUKLA,KINGSMEAD,KOLKATA KNIGHT RIDERS,RAJASTHAN ROYALS,KOLKATA KNIGHT RIDERS,field,KOLKATA KNIGHT RIDERS,WICKETS,4.0,102.0,20.0,N,NORMAL,BG Jerling,SJA Taufel,2009
392234,2009,DURBAN,2009-05-20,League,M MURALITHARAN,KINGSMEAD,CHENNAI SUPER KINGS,KINGS XI PUNJAB,CHENNAI SUPER KINGS,bat,CHENNAI SUPER KINGS,RUNS,24.0,117.0,20.0,N,NORMAL,BG Jerling,SJA Taufel,2009
392235,2009,CENTURION,2009-05-21,League,V SEHWAG,SUPERSPORT PARK,DELHI DAREDEVILS,MUMBAI INDIANS,DELHI DAREDEVILS,field,DELHI DAREDEVILS,WICKETS,4.0,166.0,20.0,N,NORMAL,IL Howell,S Ravi,2009
392236,2009,CENTURION,2009-05-21,League,MK PANDEY,SUPERSPORT PARK,ROYAL CHALLENGERS BANGALORE,DECCAN CHARGERS,ROYAL CHALLENGERS BANGALORE,bat,ROYAL CHALLENGERS BANGALORE,RUNS,12.0,171.0,20.0,N,NORMAL,IL Howell,S Ravi,2009
392237,2009,CENTURION,2009-05-22,Semi Final,AC GILCHRIST,SUPERSPORT PARK,DELHI DAREDEVILS,DECCAN CHARGERS,DECCAN CHARGERS,field,DECCAN CHARGERS,WICKETS,6.0,154.0,20.0,N,NORMAL,BR Doctrove,DJ Harper,2009
392238,2009,JOHANNESBURG,2009-05-23,Semi Final,MK PANDEY,NEW WANDERERS STADIUM,ROYAL CHALLENGERS BANGALORE,CHENNAI SUPER KINGS,ROYAL CHALLENGERS BANGALORE,field,ROYAL CHALLENGERS BANGALORE,WICKETS,6.0,147.0,20.0,N,NORMAL,RE Koertzen,SJA Taufel,2009
392239,2009,JOHANNESBURG,2009-05-24,Final,A KUMBLE,NEW WANDERERS STADIUM,ROYAL CHALLENGERS BANGALORE,DECCAN CHARGERS,ROYAL CHALLENGERS BANGALORE,field,DECCAN CHARGERS,RUNS,6.0,144.0,20.0,N,NORMAL,RE Koertzen,SJA Taufel,2009
419106,2009/10,MUMBAI,2010-03-12,League,AD MATHEWS,DR DY PATIL SPORTS ACADEMY,DECCAN CHARGERS,KOLKATA KNIGHT RIDERS,DECCAN CHARGERS,field,KOLKATA KNIGHT RIDERS,RUNS,11.0,162.0,20.0,N,NORMAL,RE Koertzen,RB Tiffin,2010
419107,2009/10,MUMBAI,2010-03-13,League,YK PATHAN,BRABOURNE STADIUM,MUMBAI INDIANS,RAJASTHAN ROYALS,MUMBAI INDIANS,bat,MUMBAI INDIANS,RUNS,4.0,213.0,20.0,N,NORMAL,RE Koertzen,RB Tiffin,2010
419108,2009/10,CHANDIGARH,2010-03-13,League,G GAMBHIR,"PUNJAB CRICKET ASSOCIATION STADIUM, MOHALI",KINGS XI PUNJAB,DELHI DAREDEVILS,DELHI DAREDEVILS,field,DELHI DAREDEVILS,WICKETS,5.0,143.0,20.0,N,NORMAL,BR Doctrove,S Ravi,2010
419109,2009/10,KOLKATA,2010-03-14,League,MK TIWARY,EDEN GARDENS,KOLKATA KNIGHT RIDERS,ROYAL CHALLENGERS BANGALORE,KOLKATA KNIGHT RIDERS,field,KOLKATA KNIGHT RIDERS,WICKETS,7.0,136.0,20.0,N,NORMAL,HDPK Dharmasena,AM Saheba,2010
419110,2009/10,CHENNAI,2010-03-14,League,WPUJC VAAS,"MA CHIDAMBARAM STADIUM, CHEPAUK",CHENNAI SUPER KINGS,DECCAN CHARGERS,DECCAN CHARGERS,bat,DECCAN CHARGERS,RUNS,31.0,191.0,20.0,N,NORMAL,K Hariharan,DJ Harper,2010
419111,2009/10,AHMEDABAD,2010-03-15,League,V SEHWAG,"SARDAR PATEL STADIUM, MOTERA",RAJASTHAN ROYALS,DELHI DAREDEVILS,DELHI DAREDEVILS,field,DELHI DAREDEVILS,WICKETS,6.0,142.0,20.0,N,NORMAL,BG Jerling,RE Koertzen,2010
419112,2009/10,BANGALORE,2010-03-16,League,JH KALLIS,M CHINNASWAMY STADIUM,ROYAL CHALLENGERS BANGALORE,KINGS XI PUNJAB,KINGS XI PUNJAB,bat,ROYAL CHALLENGERS BANGALORE,WICKETS,8.0,204.0,20.0,N,NORMAL,S Das,DJ Harper,2010
419113,2009/10,KOLKATA,2010-03-16,League,MS DHONI,EDEN GARDENS,KOLKATA KNIGHT RIDERS,CHENNAI SUPER KINGS,CHENNAI SUPER KINGS,bat,CHENNAI SUPER KINGS,RUNS,55.0,165.0,20.0,N,NORMAL,HDPK Dharmasena,AM Saheba,2010
419114,2009/10,DELHI,2010-03-17,League,SR TENDULKAR,FEROZ SHAH KOTLA,DELHI DAREDEVILS,MUMBAI INDIANS,DELHI DAREDEVILS,field,MUMBAI INDIANS,RUNS,98.0,219.0,20.0,N,NORMAL,BR Doctrove,SK Tarapore,2010
419115,2009/10,BANGALORE,2010-03-18,League,JH KALLIS,M CHINNASWAMY STADIUM,ROYAL CHALLENGERS BANGALORE,RAJASTHAN ROYALS,ROYAL CHALLENGERS BANGALORE,field,ROYAL CHALLENGERS BANGALORE,WICKETS,10.0,93.0,20.0,N,NORMAL,K Hariharan,DJ Harper,2010
419116,2009/10,DELHI,2010-03-19,League,ML HAYDEN,FEROZ SHAH KOTLA,DELHI DAREDEVILS,CHENNAI SUPER KINGS,DELHI DAREDEVILS,bat,CHENNAI SUPER KINGS,WICKETS,5.0,186.0,20.0,N,NORMAL,BR Doctrove,SK Tarapore,2010
419117,2009/10,CUTTACK,2010-03-19,League,A SYMONDS,BARABATI STADIUM,DECCAN CHARGERS,KINGS XI PUNJAB,KINGS XI PUNJAB,field,DECCAN CHARGERS,RUNS,6.0,171.0,20.0,N,NORMAL,BF Bowden,M Erasmus,2010
419118,2009/10,AHMEDABAD,2010-03-20,League,AA JHUNJHUNWALA,"SARDAR PATEL STADIUM, MOTERA",RAJASTHAN ROYALS,KOLKATA KNIGHT RIDERS,RAJASTHAN ROYALS,bat,RAJASTHAN ROYALS,RUNS,34.0,169.0,20.0,N,NORMAL,RE Koertzen,RB Tiffin,2010
419119,2009/10,MUMBAI,2010-03-20,League,JH KALLIS,BRABOURNE STADIUM,MUMBAI INDIANS,ROYAL CHALLENGERS BANGALORE,MUMBAI INDIANS,bat,ROYAL CHALLENGERS BANGALORE,WICKETS,7.0,152.0,20.0,N,NORMAL,HDPK Dharmasena,SS Hazare,2010
419120,2009/10,CUTTACK,2010-03-21,League,A SYMONDS,BARABATI STADIUM,DECCAN CHARGERS,DELHI DAREDEVILS,DECCAN CHARGERS,bat,DECCAN CHARGERS,RUNS,10.0,172.0,20.0,N,NORMAL,BF Bowden,M Erasmus,2010
419121,2009/10,CHENNAI,2010-03-21,League,J THERON,"MA CHIDAMBARAM STADIUM, CHEPAUK",CHENNAI SUPER KINGS,KINGS XI PUNJAB,CHENNAI SUPER KINGS,field,KINGS XI PUNJAB,TIE,0.0,137.0,20.0,Y,NORMAL,K Hariharan,DJ Harper,2010
419122,2009/10,MUMBAI,2010-03-22,League,SR TENDULKAR,BRABOURNE STADIUM,MUMBAI INDIANS,KOLKATA KNIGHT RIDERS,KOLKATA KNIGHT RIDERS,bat,MUMBAI INDIANS,WICKETS,7.0,156.0,20.0,N,NORMAL,SS Hazare,SJA Taufel,2010
419123,2009/10,BANGALORE,2010-03-23,League,RV UTHAPPA,M CHINNASWAMY STADIUM,ROYAL CHALLENGERS BANGALORE,CHENNAI SUPER KINGS,CHENNAI SUPER KINGS,field,ROYAL CHALLENGERS BANGALORE,RUNS,36.0,172.0,20.0,N,NORMAL,RE Koertzen,RB Tiffin,2010
419124,2009/10,CHANDIGARH,2010-03-24,League,AC VOGES,"PUNJAB CRICKET ASSOCIATION STADIUM, MOHALI",KINGS XI PUNJAB,RAJASTHAN ROYALS,KINGS XI PUNJAB,field,RAJASTHAN ROYALS,RUNS,31.0,184.0,20.0,N,NORMAL,BR Doctrove,SK Tarapore,2010
419125,2009/10,MUMBAI,2010-03-25,League,SR TENDULKAR,"BRABOURNE STADIUM, MUMBAI",CHENNAI SUPER KINGS,MUMBAI INDIANS,MUMBAI INDIANS,field,MUMBAI INDIANS,WICKETS,5.0,181.0,20.0,N,NORMAL,AM Saheba,BF Bowden,2010
419128,2009/10,BANGALORE,2010-03-25,League,KM JADHAV,M CHINNASWAMY STADIUM,ROYAL CHALLENGERS BANGALORE,DELHI DAREDEVILS,ROYAL CHALLENGERS BANGALORE,field,DELHI DAREDEVILS,RUNS,17.0,184.0,20.0,N,NORMAL,BG Jerling,RE Koertzen,2010
419126,2009/10,AHMEDABAD,2010-03-26,League,YK PATHAN,"SARDAR PATEL STADIUM, MOTERA",RAJASTHAN ROYALS,DECCAN CHARGERS,DECCAN CHARGERS,bat,RAJASTHAN ROYALS,WICKETS,8.0,149.0,20.0,N,NORMAL,HDPK Dharmasena,SJA Taufel,2010
419127,2009/10,CHANDIGARH,2010-03-27,League,MK TIWARY,"PUNJAB CRICKET ASSOCIATION STADIUM, MOHALI",KINGS XI PUNJAB,KOLKATA KNIGHT RIDERS,KOLKATA KNIGHT RIDERS,bat,KOLKATA KNIGHT RIDERS,RUNS,39.0,184.0,20.0,N,NORMAL,BR Doctrove,S Ravi,2010
419129,2009/10,AHMEDABAD,2010-03-28,League,NV OJHA,"SARDAR PATEL STADIUM, MOTERA",RAJASTHAN ROYALS,CHENNAI SUPER KINGS,RAJASTHAN ROYALS,bat,RAJASTHAN ROYALS,RUNS,17.0,178.0,20.0,N,NORMAL,SS Hazare,SJA Taufel,2010
419130,2009/10,MUMBAI,2010-03-28,League,HARBHAJAN SINGH,DR DY PATIL SPORTS ACADEMY,DECCAN CHARGERS,MUMBAI INDIANS,DECCAN CHARGERS,field,MUMBAI INDIANS,RUNS,41.0,173.0,20.0,N,NORMAL,S Das,K Hariharan,2010
419131,2009/10,DELHI,2010-03-29,League,DA WARNER,FEROZ SHAH KOTLA,DELHI DAREDEVILS,KOLKATA KNIGHT RIDERS,DELHI DAREDEVILS,bat,DELHI DAREDEVILS,RUNS,40.0,178.0,20.0,N,NORMAL,SS Hazare,SJA Taufel,2010
419132,2009/10,MUMBAI,2010-03-30,League,SL MALINGA,BRABOURNE STADIUM,MUMBAI INDIANS,KINGS XI PUNJAB,MUMBAI INDIANS,field,MUMBAI INDIANS,WICKETS,4.0,164.0,20.0,N,NORMAL,BR Doctrove,SK Tarapore,2010
419133,2009/10,CHENNAI,2010-03-31,League,M VIJAY,"MA CHIDAMBARAM STADIUM, CHEPAUK",CHENNAI SUPER KINGS,ROYAL CHALLENGERS BANGALORE,ROYAL CHALLENGERS BANGALORE,bat,CHENNAI SUPER KINGS,WICKETS,5.0,162.0,20.0,N,NORMAL,BG Jerling,RE Koertzen,2010
419134,2009/10,DELHI,2010-03-31,League,KD KARTHIK,FEROZ SHAH KOTLA,DELHI DAREDEVILS,RAJASTHAN ROYALS,DELHI DAREDEVILS,bat,DELHI DAREDEVILS,RUNS,67.0,189.0,20.0,N,NORMAL,HDPK Dharmasena,SJA Taufel,2010
419135,2009/10,KOLKATA,2010-04-01,League,SC GANGULY,EDEN GARDENS,KOLKATA KNIGHT RIDERS,DECCAN CHARGERS,KOLKATA KNIGHT RIDERS,bat,KOLKATA KNIGHT RIDERS,RUNS,24.0,182.0,20.0,N,NORMAL,K Hariharan,DJ Harper,2010
419136,2009/10,CHANDIGARH,2010-04-02,League,KP PIETERSEN,"PUNJAB CRICKET ASSOCIATION STADIUM, MOHALI",KINGS XI PUNJAB,ROYAL CHALLENGERS BANGALORE,KINGS XI PUNJAB,bat,ROYAL CHALLENGERS BANGALORE,WICKETS,6.0,182.0,20.0,N,NORMAL,BF Bowden,M Erasmus,2010
419137,2009/10,CHENNAI,2010-04-03,League,M VIJAY,"MA CHIDAMBARAM STADIUM, CHEPAUK",CHENNAI SUPER KINGS,RAJASTHAN ROYALS,CHENNAI SUPER KINGS,bat,CHENNAI SUPER KINGS,RUNS,23.0,247.0,20.0,N,NORMAL,RE Koertzen,RB Tiffin,2010
419138,2009/10,MUMBAI,2010-04-03,League,AT RAYUDU,BRABOURNE STADIUM,MUMBAI INDIANS,DECCAN CHARGERS,MUMBAI INDIANS,bat,MUMBAI INDIANS,RUNS,63.0,179.0,20.0,N,NORMAL,BR Doctrove,S Ravi,2010
419139,2009/10,KOLKATA,2010-04-04,League,DPMD JAYAWARDENE,EDEN GARDENS,KOLKATA KNIGHT RIDERS,KINGS XI PUNJAB,KOLKATA KNIGHT RIDERS,bat,KINGS XI PUNJAB,WICKETS,8.0,201.0,20.0,N,NORMAL,S Asnani,DJ Harper,2010
419140,2009/10,DELHI,2010-04-04,League,PD COLLINGWOOD,FEROZ SHAH KOTLA,DELHI DAREDEVILS,ROYAL CHALLENGERS BANGALORE,DELHI DAREDEVILS,bat,DELHI DAREDEVILS,RUNS,37.0,185.0,20.0,N,NORMAL,BF Bowden,M Erasmus,2010
419141,2009/10,NAGPUR,2010-04-05,League,SK WARNE,"VIDARBHA CRICKET ASSOCIATION STADIUM, JAMTHA",DECCAN CHARGERS,RAJASTHAN ROYALS,RAJASTHAN ROYALS,bat,RAJASTHAN ROYALS,RUNS,2.0,160.0,20.0,N,NORMAL,HDPK Dharmasena,SJA Taufel,2010
419142,2009/10,CHENNAI,2010-04-06,League,SK RAINA,"MA CHIDAMBARAM STADIUM, CHEPAUK",CHENNAI SUPER KINGS,MUMBAI INDIANS,CHENNAI SUPER KINGS,bat,CHENNAI SUPER KINGS,RUNS,24.0,166.0,20.0,N,NORMAL,S Asnani,DJ Harper,2010
419143,2009/10,JAIPUR,2010-04-07,League,MJ LUMB,SAWAI MANSINGH STADIUM,RAJASTHAN ROYALS,KINGS XI PUNJAB,KINGS XI PUNJAB,bat,RAJASTHAN ROYALS,WICKETS,9.0,154.0,20.0,N,NORMAL,S Ravi,SK Tarapore,2010
419144,2009/10,KOLKATA,2010-04-07,League,SC GANGULY,EDEN GARDENS,KOLKATA KNIGHT RIDERS,DELHI DAREDEVILS,KOLKATA KNIGHT RIDERS,bat,KOLKATA KNIGHT RIDERS,RUNS,14.0,182.0,20.0,N,NORMAL,BG Jerling,RE Koertzen,2010
419145,2009/10,BANGALORE,2010-04-08,League,TL SUMAN,M CHINNASWAMY STADIUM,ROYAL CHALLENGERS BANGALORE,DECCAN CHARGERS,DECCAN CHARGERS,field,DECCAN CHARGERS,WICKETS,7.0,185.0,20.0,N,NORMAL,S Asnani,DJ Harper,2010
419146,2009/10,CHANDIGARH,2010-04-09,League,KC SANGAKKARA,"PUNJAB CRICKET ASSOCIATION STADIUM, MOHALI",KINGS XI PUNJAB,MUMBAI INDIANS,MUMBAI INDIANS,bat,KINGS XI PUNJAB,WICKETS,6.0,155.0,20.0,N,NORMAL,M Erasmus,AM Saheba,2010
419147,2009/10,NAGPUR,2010-04-10,League,RJ HARRIS,"VIDARBHA CRICKET ASSOCIATION STADIUM, JAMTHA",DECCAN CHARGERS,CHENNAI SUPER KINGS,CHENNAI SUPER KINGS,bat,DECCAN CHARGERS,WICKETS,6.0,139.0,20.0,N,NORMAL,HDPK Dharmasena,SJA Taufel,2010
419148,2009/10,BANGALORE,2010-04-10,League,R VINAY KUMAR,M CHINNASWAMY STADIUM,ROYAL CHALLENGERS BANGALORE,KOLKATA KNIGHT RIDERS,ROYAL CHALLENGERS BANGALORE,field,ROYAL CHALLENGERS BANGALORE,WICKETS,7.0,161.0,20.0,N,NORMAL,K Hariharan,DJ Harper,2010
419149,2009/10,DELHI,2010-04-11,League,PP CHAWLA,FEROZ SHAH KOTLA,DELHI DAREDEVILS,KINGS XI PUNJAB,DELHI DAREDEVILS,bat,KINGS XI PUNJAB,WICKETS,7.0,112.0,20.0,N,NORMAL,BF Bowden,AM Saheba,2010
419150,2009/10,JAIPUR,2010-04-11,League,SR TENDULKAR,SAWAI MANSINGH STADIUM,RAJASTHAN ROYALS,MUMBAI INDIANS,RAJASTHAN ROYALS,field,MUMBAI INDIANS,RUNS,37.0,175.0,20.0,N,NORMAL,BR Doctrove,SK Tarapore,2010
419151,2009/10,NAGPUR,2010-04-12,League,HARMEET SINGH,"VIDARBHA CRICKET ASSOCIATION STADIUM, JAMTHA",DECCAN CHARGERS,ROYAL CHALLENGERS BANGALORE,ROYAL CHALLENGERS BANGALORE,field,DECCAN CHARGERS,RUNS,13.0,152.0,20.0,N,NORMAL,RE Koertzen,RB Tiffin,2010
419152,2009/10,MUMBAI,2010-04-13,League,KA POLLARD,BRABOURNE STADIUM,MUMBAI INDIANS,DELHI DAREDEVILS,MUMBAI INDIANS,bat,MUMBAI INDIANS,RUNS,39.0,184.0,20.0,N,NORMAL,S Asnani,DJ Harper,2010
419153,2009/10,CHENNAI,2010-04-13,League,R ASHWIN,"MA CHIDAMBARAM STADIUM, CHEPAUK",CHENNAI SUPER KINGS,KOLKATA KNIGHT RIDERS,KOLKATA KNIGHT RIDERS,bat,CHENNAI SUPER KINGS,WICKETS,9.0,140.0,20.0,N,NORMAL,SS Hazare,SJA Taufel,2010
419154,2009/10,JAIPUR,2010-04-14,League,KP PIETERSEN,SAWAI MANSINGH STADIUM,RAJASTHAN ROYALS,ROYAL CHALLENGERS BANGALORE,RAJASTHAN ROYALS,bat,ROYAL CHALLENGERS BANGALORE,WICKETS,5.0,131.0,20.0,N,NORMAL,BR Doctrove,S Ravi,2010
419155,2009/10,CHENNAI,2010-04-15,League,G GAMBHIR,"MA CHIDAMBARAM STADIUM, CHEPAUK",CHENNAI SUPER KINGS,DELHI DAREDEVILS,CHENNAI SUPER KINGS,bat,DELHI DAREDEVILS,WICKETS,6.0,113.0,20.0,N,NORMAL,HDPK Dharmasena,SS Hazare,2010
419156,2009/10,DHARAMSALA,2010-04-16,League,RG SHARMA,HIMACHAL PRADESH CRICKET ASSOCIATION STADIUM,KINGS XI PUNJAB,DECCAN CHARGERS,DECCAN CHARGERS,field,DECCAN CHARGERS,WICKETS,5.0,175.0,20.0,N,NORMAL,M Erasmus,AM Saheba,2010
419157,2009/10,BANGALORE,2010-04-17,League,R MCLAREN,M CHINNASWAMY STADIUM,ROYAL CHALLENGERS BANGALORE,MUMBAI INDIANS,ROYAL CHALLENGERS BANGALORE,field,MUMBAI INDIANS,RUNS,57.0,192.0,20.0,N,NORMAL,HDPK Dharmasena,SJA Taufel,2010
419158,2009/10,KOLKATA,2010-04-17,League,JD UNADKAT,EDEN GARDENS,KOLKATA KNIGHT RIDERS,RAJASTHAN ROYALS,RAJASTHAN ROYALS,bat,KOLKATA KNIGHT RIDERS,WICKETS,8.0,133.0,20.0,N,NORMAL,BG Jerling,RB Tiffin,2010
419159,2009/10,DHARAMSALA,2010-04-18,League,MS DHONI,HIMACHAL PRADESH CRICKET ASSOCIATION STADIUM,KINGS XI PUNJAB,CHENNAI SUPER KINGS,CHENNAI SUPER KINGS,field,CHENNAI SUPER KINGS,WICKETS,6.0,193.0,20.0,N,NORMAL,BF Bowden,AM Saheba,2010
419160,2009/10,DELHI,2010-04-18,League,A SYMONDS,FEROZ SHAH KOTLA,DELHI DAREDEVILS,DECCAN CHARGERS,DECCAN CHARGERS,bat,DECCAN CHARGERS,RUNS,11.0,146.0,20.0,N,NORMAL,BR Doctrove,SK Tarapore,2010
419161,2009/10,KOLKATA,2010-04-19,League,M KARTIK,EDEN GARDENS,KOLKATA KNIGHT RIDERS,MUMBAI INDIANS,MUMBAI INDIANS,bat,KOLKATA KNIGHT RIDERS,WICKETS,9.0,134.0,20.0,N,NORMAL,BG Jerling,RE Koertzen,2010
419162,2009/10,MUMBAI,2010-04-21,Semi Final,KA POLLARD,DR DY PATIL SPORTS ACADEMY,ROYAL CHALLENGERS BANGALORE,MUMBAI INDIANS,MUMBAI INDIANS,bat,MUMBAI INDIANS,RUNS,35.0,185.0,20.0,N,NORMAL,BR Doctrove,RB Tiffin,2010
419163,2009/10,MUMBAI,2010-04-22,Semi Final,DE BOLLINGER,DR DY PATIL SPORTS ACADEMY,CHENNAI SUPER KINGS,DECCAN CHARGERS,CHENNAI SUPER KINGS,bat,CHENNAI SUPER KINGS,RUNS,38.0,143.0,20.0,N,NORMAL,BR Doctrove,RB Tiffin,2010
419164,2009/10,MUMBAI,2010-04-24,3rd Place Play-Off,A KUMBLE,DR DY PATIL SPORTS ACADEMY,ROYAL CHALLENGERS BANGALORE,DECCAN CHARGERS,DECCAN CHARGERS,bat,ROYAL CHALLENGERS BANGALORE,WICKETS,9.0,83.0,20.0,N,NORMAL,RE Koertzen,SJA Taufel,2010
419165,2009/10,MUMBAI,2010-04-25,Final,SK RAINA,DR DY PATIL SPORTS ACADEMY,CHENNAI SUPER KINGS,MUMBAI INDIANS,CHENNAI SUPER KINGS,bat,CHENNAI SUPER KINGS,RUNS,22.0,169.0,20.0,N,NORMAL,RE Koertzen,SJA Taufel,2010
501198,2011,CHENNAI,2011-04-08,League,S ANIRUDHA,"MA CHIDAMBARAM STADIUM, CHEPAUK",CHENNAI SUPER KINGS,KOLKATA KNIGHT RIDERS,CHENNAI SUPER KINGS,bat,CHENNAI SUPER KINGS,RUNS,2.0,154.0,20.0,N,NORMAL,BR Doctrove,PR Reiffel,2011
501199,2011,HYDERABAD,2011-04-09,League,SK TRIVEDI,"RAJIV GANDHI INTERNATIONAL STADIUM, UPPAL",DECCAN CHARGERS,RAJASTHAN ROYALS,RAJASTHAN ROYALS,field,RAJASTHAN ROYALS,WICKETS,8.0,138.0,20.0,N,NORMAL,RE Koertzen,SK Tarapore,2011
501200,2011,KOCHI,2011-04-09,League,AB DE VILLIERS,NEHRU STADIUM,KOCHI TUSKERS KERALA,ROYAL CHALLENGERS BANGALORE,KOCHI TUSKERS KERALA,bat,ROYAL CHALLENGERS BANGALORE,WICKETS,6.0,162.0,20.0,N,NORMAL,HDPK Dharmasena,K Hariharan,2011
501201,2011,DELHI,2011-04-10,League,SL MALINGA,FEROZ SHAH KOTLA,DELHI DAREDEVILS,MUMBAI INDIANS,DELHI DAREDEVILS,bat,MUMBAI INDIANS,WICKETS,8.0,96.0,20.0,N,NORMAL,AM Saheba,RB Tiffin,2011
501202,2011,MUMBAI,2011-04-10,League,SB WAGH,DR DY PATIL SPORTS ACADEMY,PUNE WARRIORS,KINGS XI PUNJAB,KINGS XI PUNJAB,bat,PUNE WARRIORS,WICKETS,7.0,113.0,20.0,N,NORMAL,BR Doctrove,PR Reiffel,2011
501203,2011,KOLKATA,2011-04-11,League,JH KALLIS,EDEN GARDENS,KOLKATA KNIGHT RIDERS,DECCAN CHARGERS,KOLKATA KNIGHT RIDERS,bat,KOLKATA KNIGHT RIDERS,RUNS,9.0,164.0,20.0,N,NORMAL,RE Koertzen,SK Tarapore,2011
501204,2011,JAIPUR,2011-04-12,League,SK WARNE,SAWAI MANSINGH STADIUM,RAJASTHAN ROYALS,DELHI DAREDEVILS,DELHI DAREDEVILS,bat,RAJASTHAN ROYALS,WICKETS,6.0,152.0,20.0,N,NORMAL,Aleem Dar,RB Tiffin,2011
501205,2011,BANGALORE,2011-04-12,League,SR TENDULKAR,M CHINNASWAMY STADIUM,ROYAL CHALLENGERS BANGALORE,MUMBAI INDIANS,MUMBAI INDIANS,field,MUMBAI INDIANS,WICKETS,9.0,141.0,20.0,N,NORMAL,HDPK Dharmasena,AL Hill,2011
501206,2011,CHANDIGARH,2011-04-13,League,PC VALTHATY,"PUNJAB CRICKET ASSOCIATION STADIUM, MOHALI",KINGS XI PUNJAB,CHENNAI SUPER KINGS,KINGS XI PUNJAB,field,KINGS XI PUNJAB,WICKETS,6.0,189.0,20.0,N,NORMAL,Asad Rauf,SL Shastri,2011
501207,2011,MUMBAI,2011-04-13,League,MD MISHRA,DR DY PATIL SPORTS ACADEMY,PUNE WARRIORS,KOCHI TUSKERS KERALA,KOCHI TUSKERS KERALA,bat,PUNE WARRIORS,WICKETS,4.0,149.0,20.0,N,NORMAL,S Asnani,PR Reiffel,2011
501208,2011,HYDERABAD,2011-04-14,League,DW STEYN,"RAJIV GANDHI INTERNATIONAL STADIUM, UPPAL",DECCAN CHARGERS,ROYAL CHALLENGERS BANGALORE,ROYAL CHALLENGERS BANGALORE,field,DECCAN CHARGERS,RUNS,33.0,176.0,20.0,N,NORMAL,RE Koertzen,S Ravi,2011
501209,2011,JAIPUR,2011-04-15,League,G GAMBHIR,SAWAI MANSINGH STADIUM,RAJASTHAN ROYALS,KOLKATA KNIGHT RIDERS,KOLKATA KNIGHT RIDERS,field,KOLKATA KNIGHT RIDERS,WICKETS,9.0,160.0,20.0,N,NORMAL,Aleem Dar,SS Hazare,2011
501210,2011,MUMBAI,2011-04-15,League,BB MCCULLUM,WANKHEDE STADIUM,MUMBAI INDIANS,KOCHI TUSKERS KERALA,KOCHI TUSKERS KERALA,field,KOCHI TUSKERS KERALA,WICKETS,8.0,183.0,20.0,N,NORMAL,BR Doctrove,PR Reiffel,2011
501211,2011,CHENNAI,2011-04-16,League,MEK HUSSEY,"MA CHIDAMBARAM STADIUM, CHEPAUK",CHENNAI SUPER KINGS,ROYAL CHALLENGERS BANGALORE,CHENNAI SUPER KINGS,bat,CHENNAI SUPER KINGS,RUNS,21.0,184.0,20.0,N,NORMAL,HDPK Dharmasena,AL Hill,2011
501212,2011,HYDERABAD,2011-04-16,League,PC VALTHATY,"RAJIV GANDHI INTERNATIONAL STADIUM, UPPAL",DECCAN CHARGERS,KINGS XI PUNJAB,KINGS XI PUNJAB,field,KINGS XI PUNJAB,WICKETS,8.0,166.0,20.0,N,NORMAL,RE Koertzen,S Ravi,2011
501213,2011,MUMBAI,2011-04-17,League,YUVRAJ SINGH,DR DY PATIL SPORTS ACADEMY,PUNE WARRIORS,DELHI DAREDEVILS,DELHI DAREDEVILS,field,DELHI DAREDEVILS,WICKETS,3.0,188.0,20.0,N,NORMAL,Asad Rauf,AM Saheba,2011
501214,2011,KOLKATA,2011-04-17,League,L BALAJI,EDEN GARDENS,KOLKATA KNIGHT RIDERS,RAJASTHAN ROYALS,KOLKATA KNIGHT RIDERS,field,KOLKATA KNIGHT RIDERS,WICKETS,8.0,82.0,20.0,N,NORMAL,Aleem Dar,RB Tiffin,2011
501215,2011,KOCHI,2011-04-18,League,BB MCCULLUM,NEHRU STADIUM,KOCHI TUSKERS KERALA,CHENNAI SUPER KINGS,KOCHI TUSKERS KERALA,field,KOCHI TUSKERS KERALA,WICKETS,7.0,135.0,17.0,N,D/L,K Hariharan,AL Hill,2011
501216,2011,DELHI,2011-04-19,League,S SOHAL,FEROZ SHAH KOTLA,DELHI DAREDEVILS,DECCAN CHARGERS,DECCAN CHARGERS,bat,DECCAN CHARGERS,RUNS,16.0,169.0,20.0,N,NORMAL,PR Reiffel,RJ Tucker,2011
501218,2011,MUMBAI,2011-04-20,League,MM PATEL,WANKHEDE STADIUM,MUMBAI INDIANS,PUNE WARRIORS,PUNE WARRIORS,bat,MUMBAI INDIANS,WICKETS,7.0,119.0,20.0,N,NORMAL,Asad Rauf,AM Saheba,2011
501219,2011,KOLKATA,2011-04-20,League,DPMD JAYAWARDENE,EDEN GARDENS,KOLKATA KNIGHT RIDERS,KOCHI TUSKERS KERALA,KOLKATA KNIGHT RIDERS,field,KOCHI TUSKERS KERALA,RUNS,6.0,133.0,20.0,N,NORMAL,Aleem Dar,RB Tiffin,2011
501220,2011,CHANDIGARH,2011-04-21,League,SE MARSH,"PUNJAB CRICKET ASSOCIATION STADIUM, MOHALI",KINGS XI PUNJAB,RAJASTHAN ROYALS,RAJASTHAN ROYALS,field,KINGS XI PUNJAB,RUNS,48.0,196.0,20.0,N,NORMAL,S Asnani,PR Reiffel,2011
501221,2011,MUMBAI,2011-04-22,League,HARBHAJAN SINGH,WANKHEDE STADIUM,MUMBAI INDIANS,CHENNAI SUPER KINGS,CHENNAI SUPER KINGS,field,MUMBAI INDIANS,RUNS,8.0,165.0,20.0,N,NORMAL,Asad Rauf,AM Saheba,2011
501222,2011,KOLKATA,2011-04-22,League,CH GAYLE,EDEN GARDENS,KOLKATA KNIGHT RIDERS,ROYAL CHALLENGERS BANGALORE,ROYAL CHALLENGERS BANGALORE,field,ROYAL CHALLENGERS BANGALORE,WICKETS,9.0,172.0,20.0,N,NORMAL,SS Hazare,RB Tiffin,2011
501223,2011,DELHI,2011-04-23,League,DA WARNER,FEROZ SHAH KOTLA,DELHI DAREDEVILS,KINGS XI PUNJAB,KINGS XI PUNJAB,field,DELHI DAREDEVILS,RUNS,29.0,232.0,20.0,N,NORMAL,S Asnani,RE Koertzen,2011
501224,2011,HYDERABAD,2011-04-24,League,SL MALINGA,"RAJIV GANDHI INTERNATIONAL STADIUM, UPPAL",DECCAN CHARGERS,MUMBAI INDIANS,DECCAN CHARGERS,field,MUMBAI INDIANS,RUNS,37.0,173.0,20.0,N,NORMAL,HDPK Dharmasena,AL Hill,2011
501225,2011,JAIPUR,2011-04-24,League,SK WARNE,SAWAI MANSINGH STADIUM,RAJASTHAN ROYALS,KOCHI TUSKERS KERALA,RAJASTHAN ROYALS,field,RAJASTHAN ROYALS,WICKETS,8.0,110.0,20.0,N,NORMAL,BR Doctrove,SK Tarapore,2011
501226,2011,CHENNAI,2011-04-25,League,MEK HUSSEY,"MA CHIDAMBARAM STADIUM, CHEPAUK",CHENNAI SUPER KINGS,PUNE WARRIORS,PUNE WARRIORS,field,CHENNAI SUPER KINGS,RUNS,25.0,143.0,20.0,N,NORMAL,Aleem Dar,RB Tiffin,2011
501227,2011,DELHI,2011-04-26,League,V KOHLI,FEROZ SHAH KOTLA,DELHI DAREDEVILS,ROYAL CHALLENGERS BANGALORE,ROYAL CHALLENGERS BANGALORE,field,ROYAL CHALLENGERS BANGALORE,WICKETS,3.0,161.0,20.0,N,NORMAL,S Asnani,RJ Tucker,2011
501228,2011,MUMBAI,2011-04-27,League,DE BOLLINGER,DR DY PATIL SPORTS ACADEMY,PUNE WARRIORS,CHENNAI SUPER KINGS,PUNE WARRIORS,bat,CHENNAI SUPER KINGS,WICKETS,8.0,142.0,20.0,N,NORMAL,Asad Rauf,SL Shastri,2011
501229,2011,KOCHI,2011-04-27,League,I SHARMA,NEHRU STADIUM,KOCHI TUSKERS KERALA,DECCAN CHARGERS,KOCHI TUSKERS KERALA,field,DECCAN CHARGERS,RUNS,55.0,130.0,20.0,N,NORMAL,HDPK Dharmasena,AL Hill,2011
501230,2011,DELHI,2011-04-28,League,MK TIWARY,FEROZ SHAH KOTLA,DELHI DAREDEVILS,KOLKATA KNIGHT RIDERS,DELHI DAREDEVILS,field,KOLKATA KNIGHT RIDERS,RUNS,17.0,149.0,20.0,N,NORMAL,PR Reiffel,RJ Tucker,2011
501231,2011,JAIPUR,2011-04-29,League,J BOTHA,SAWAI MANSINGH STADIUM,RAJASTHAN ROYALS,MUMBAI INDIANS,RAJASTHAN ROYALS,field,RAJASTHAN ROYALS,WICKETS,7.0,95.0,20.0,N,NORMAL,Asad Rauf,SK Tarapore,2011
501232,2011,BANGALORE,2011-04-29,League,V KOHLI,M CHINNASWAMY STADIUM,ROYAL CHALLENGERS BANGALORE,PUNE WARRIORS,PUNE WARRIORS,field,ROYAL CHALLENGERS BANGALORE,RUNS,26.0,182.0,20.0,N,NORMAL,Aleem Dar,SS Hazare,2011
501233,2011,KOCHI,2011-04-30,League,V SEHWAG,NEHRU STADIUM,KOCHI TUSKERS KERALA,DELHI DAREDEVILS,DELHI DAREDEVILS,bat,DELHI DAREDEVILS,RUNS,38.0,158.0,20.0,N,NORMAL,HDPK Dharmasena,AL Hill,2011
501234,2011,KOLKATA,2011-04-30,League,IQBAL ABDULLA,EDEN GARDENS,KOLKATA KNIGHT RIDERS,KINGS XI PUNJAB,KOLKATA KNIGHT RIDERS,field,KOLKATA KNIGHT RIDERS,WICKETS,8.0,120.0,20.0,N,NORMAL,AM Saheba,SL Shastri,2011
501235,2011,JAIPUR,2011-05-01,League,LRPL TAYLOR,SAWAI MANSINGH STADIUM,RAJASTHAN ROYALS,PUNE WARRIORS,RAJASTHAN ROYALS,field,RAJASTHAN ROYALS,WICKETS,6.0,144.0,20.0,N,NORMAL,SK Tarapore,SJA Taufel,2011
501236,2011,CHENNAI,2011-05-01,League,JA MORKEL,"MA CHIDAMBARAM STADIUM, CHEPAUK",CHENNAI SUPER KINGS,DECCAN CHARGERS,CHENNAI SUPER KINGS,bat,CHENNAI SUPER KINGS,RUNS,19.0,166.0,20.0,N,NORMAL,Aleem Dar,RB Tiffin,2011
501237,2011,MUMBAI,2011-05-02,League,KA POLLARD,WANKHEDE STADIUM,MUMBAI INDIANS,KINGS XI PUNJAB,KINGS XI PUNJAB,field,MUMBAI INDIANS,RUNS,23.0,160.0,20.0,N,NORMAL,HDPK Dharmasena,PR Reiffel,2011
501238,2011,DELHI,2011-05-02,League,P PARAMESWARAN,FEROZ SHAH KOTLA,DELHI DAREDEVILS,KOCHI TUSKERS KERALA,KOCHI TUSKERS KERALA,field,KOCHI TUSKERS KERALA,WICKETS,7.0,141.0,20.0,N,NORMAL,Asad Rauf,SL Shastri,2011
501239,2011,HYDERABAD,2011-05-03,League,YK PATHAN,"RAJIV GANDHI INTERNATIONAL STADIUM, UPPAL",DECCAN CHARGERS,KOLKATA KNIGHT RIDERS,DECCAN CHARGERS,field,KOLKATA KNIGHT RIDERS,RUNS,20.0,170.0,20.0,N,NORMAL,S Asnani,RJ Tucker,2011
501240,2011,CHENNAI,2011-05-04,League,MEK HUSSEY,"MA CHIDAMBARAM STADIUM, CHEPAUK",CHENNAI SUPER KINGS,RAJASTHAN ROYALS,RAJASTHAN ROYALS,bat,CHENNAI SUPER KINGS,WICKETS,8.0,148.0,20.0,N,NORMAL,SS Hazare,RB Tiffin,2011
501241,2011,MUMBAI,2011-05-04,League,R SHARMA,DR DY PATIL SPORTS ACADEMY,PUNE WARRIORS,MUMBAI INDIANS,PUNE WARRIORS,field,MUMBAI INDIANS,RUNS,21.0,161.0,20.0,N,NORMAL,HDPK Dharmasena,SJA Taufel,2011
501242,2011,KOCHI,2011-05-05,League,BJ HODGE,NEHRU STADIUM,KOCHI TUSKERS KERALA,KOLKATA KNIGHT RIDERS,KOLKATA KNIGHT RIDERS,field,KOCHI TUSKERS KERALA,RUNS,17.0,157.0,20.0,N,NORMAL,S Ravi,RJ Tucker,2011
501243,2011,HYDERABAD,2011-05-05,League,V SEHWAG,"RAJIV GANDHI INTERNATIONAL STADIUM, UPPAL",DECCAN CHARGERS,DELHI DAREDEVILS,DELHI DAREDEVILS,field,DELHI DAREDEVILS,WICKETS,4.0,176.0,20.0,N,NORMAL,Asad Rauf,AM Saheba,2011
501244,2011,BANGALORE,2011-05-06,League,CH GAYLE,M CHINNASWAMY STADIUM,ROYAL CHALLENGERS BANGALORE,KINGS XI PUNJAB,KINGS XI PUNJAB,field,ROYAL CHALLENGERS BANGALORE,RUNS,85.0,206.0,20.0,N,NORMAL,Aleem Dar,RB Tiffin,2011
501245,2011,KOLKATA,2011-05-07,League,IQBAL ABDULLA,EDEN GARDENS,KOLKATA KNIGHT RIDERS,CHENNAI SUPER KINGS,CHENNAI SUPER KINGS,bat,KOLKATA KNIGHT RIDERS,RUNS,10.0,52.0,10.0,N,D/L,Asad Rauf,PR Reiffel,2011
501246,2011,MUMBAI,2011-05-07,League,AT RAYUDU,WANKHEDE STADIUM,MUMBAI INDIANS,DELHI DAREDEVILS,DELHI DAREDEVILS,field,MUMBAI INDIANS,RUNS,32.0,179.0,20.0,N,NORMAL,K Hariharan,SJA Taufel,2011
501247,2011,BANGALORE,2011-05-08,League,CH GAYLE,M CHINNASWAMY STADIUM,ROYAL CHALLENGERS BANGALORE,KOCHI TUSKERS KERALA,KOCHI TUSKERS KERALA,bat,ROYAL CHALLENGERS BANGALORE,WICKETS,9.0,126.0,20.0,N,NORMAL,Aleem Dar,SS Hazare,2011
501248,2011,CHANDIGARH,2011-05-08,League,R SHARMA,"PUNJAB CRICKET ASSOCIATION STADIUM, MOHALI",KINGS XI PUNJAB,PUNE WARRIORS,KINGS XI PUNJAB,bat,PUNE WARRIORS,WICKETS,5.0,120.0,20.0,N,NORMAL,SK Tarapore,RJ Tucker,2011
501249,2011,JAIPUR,2011-05-09,League,M VIJAY,SAWAI MANSINGH STADIUM,RAJASTHAN ROYALS,CHENNAI SUPER KINGS,RAJASTHAN ROYALS,field,CHENNAI SUPER KINGS,RUNS,63.0,197.0,20.0,N,NORMAL,K Hariharan,SJA Taufel,2011
501250,2011,HYDERABAD,2011-05-10,League,MR MARSH,"RAJIV GANDHI INTERNATIONAL STADIUM, UPPAL",DECCAN CHARGERS,PUNE WARRIORS,DECCAN CHARGERS,bat,PUNE WARRIORS,WICKETS,6.0,137.0,20.0,N,NORMAL,Asad Rauf,AM Saheba,2011
501251,2011,CHANDIGARH,2011-05-10,League,BA BHATT,"PUNJAB CRICKET ASSOCIATION STADIUM, MOHALI",KINGS XI PUNJAB,MUMBAI INDIANS,MUMBAI INDIANS,field,KINGS XI PUNJAB,RUNS,76.0,164.0,20.0,N,NORMAL,SK Tarapore,RJ Tucker,2011
501252,2011,JAIPUR,2011-05-11,League,S ARAVIND,SAWAI MANSINGH STADIUM,RAJASTHAN ROYALS,ROYAL CHALLENGERS BANGALORE,ROYAL CHALLENGERS BANGALORE,field,ROYAL CHALLENGERS BANGALORE,WICKETS,9.0,147.0,20.0,N,NORMAL,HDPK Dharmasena,K Hariharan,2011
501253,2011,CHENNAI,2011-05-12,League,MS DHONI,"MA CHIDAMBARAM STADIUM, CHEPAUK",CHENNAI SUPER KINGS,DELHI DAREDEVILS,CHENNAI SUPER KINGS,bat,CHENNAI SUPER KINGS,RUNS,18.0,177.0,20.0,N,NORMAL,AM Saheba,SL Shastri,2011
501254,2011,INDORE,2011-05-13,League,KD KARTHIK,HOLKAR CRICKET STADIUM,KOCHI TUSKERS KERALA,KINGS XI PUNJAB,KINGS XI PUNJAB,field,KINGS XI PUNJAB,WICKETS,6.0,179.0,20.0,N,NORMAL,S Asnani,RJ Tucker,2011
501255,2011,BANGALORE,2011-05-14,League,CH GAYLE,M CHINNASWAMY STADIUM,ROYAL CHALLENGERS BANGALORE,KOLKATA KNIGHT RIDERS,ROYAL CHALLENGERS BANGALORE,field,ROYAL CHALLENGERS BANGALORE,WICKETS,4.0,102.0,13.0,N,D/L,RE Koertzen,RB Tiffin,2011
501256,2011,MUMBAI,2011-05-14,League,A MISHRA,WANKHEDE STADIUM,MUMBAI INDIANS,DECCAN CHARGERS,DECCAN CHARGERS,bat,DECCAN CHARGERS,RUNS,10.0,136.0,20.0,N,NORMAL,S Ravi,SK Tarapore,2011
501257,2011,DHARAMSALA,2011-05-15,League,PP CHAWLA,HIMACHAL PRADESH CRICKET ASSOCIATION STADIUM,KINGS XI PUNJAB,DELHI DAREDEVILS,DELHI DAREDEVILS,field,KINGS XI PUNJAB,RUNS,29.0,171.0,20.0,N,NORMAL,Asad Rauf,SL Shastri,2011
501258,2011,INDORE,2011-05-15,League,BJ HODGE,HOLKAR CRICKET STADIUM,KOCHI TUSKERS KERALA,RAJASTHAN ROYALS,KOCHI TUSKERS KERALA,field,KOCHI TUSKERS KERALA,WICKETS,8.0,98.0,20.0,N,NORMAL,PR Reiffel,RJ Tucker,2011
501259,2011,MUMBAI,2011-05-16,League,A MISHRA,DR DY PATIL SPORTS ACADEMY,PUNE WARRIORS,DECCAN CHARGERS,DECCAN CHARGERS,field,DECCAN CHARGERS,WICKETS,6.0,137.0,20.0,N,NORMAL,S Ravi,SK Tarapore,2011
501260,2011,DHARAMSALA,2011-05-17,League,AC GILCHRIST,HIMACHAL PRADESH CRICKET ASSOCIATION STADIUM,KINGS XI PUNJAB,ROYAL CHALLENGERS BANGALORE,KINGS XI PUNJAB,bat,KINGS XI PUNJAB,RUNS,111.0,233.0,20.0,N,NORMAL,Asad Rauf,AM Saheba,2011
501261,2011,CHENNAI,2011-05-18,League,WP SAHA,"MA CHIDAMBARAM STADIUM, CHEPAUK",CHENNAI SUPER KINGS,KOCHI TUSKERS KERALA,CHENNAI SUPER KINGS,bat,CHENNAI SUPER KINGS,RUNS,11.0,153.0,20.0,N,NORMAL,HDPK Dharmasena,RE Koertzen,2011
501262,2011,MUMBAI,2011-05-19,League,YK PATHAN,DR DY PATIL SPORTS ACADEMY,PUNE WARRIORS,KOLKATA KNIGHT RIDERS,KOLKATA KNIGHT RIDERS,field,KOLKATA KNIGHT RIDERS,WICKETS,7.0,119.0,20.0,N,NORMAL,S Ravi,SJA Taufel,2011
501263,2011,MUMBAI,2011-05-20,League,SR WATSON,WANKHEDE STADIUM,MUMBAI INDIANS,RAJASTHAN ROYALS,MUMBAI INDIANS,bat,RAJASTHAN ROYALS,WICKETS,10.0,134.0,20.0,N,NORMAL,RE Koertzen,PR Reiffel,2011
501264,2011,DHARAMSALA,2011-05-21,League,S DHAWAN,HIMACHAL PRADESH CRICKET ASSOCIATION STADIUM,KINGS XI PUNJAB,DECCAN CHARGERS,KINGS XI PUNJAB,field,DECCAN CHARGERS,RUNS,82.0,199.0,20.0,N,NORMAL,Asad Rauf,AM Saheba,2011
501265,2011,DELHI,2011-05-21,League,NO AWARD,FEROZ SHAH KOTLA,DELHI DAREDEVILS,PUNE WARRIORS,DELHI DAREDEVILS,bat,NO RESULT,NO RESULT,0.0,0.0,0.0,N,NORMAL,SS Hazare,RJ Tucker,2011
501266,2011,BANGALORE,2011-05-22,League,CH GAYLE,M CHINNASWAMY STADIUM,ROYAL CHALLENGERS BANGALORE,CHENNAI SUPER KINGS,ROYAL CHALLENGERS BANGALORE,field,ROYAL CHALLENGERS BANGALORE,WICKETS,8.0,129.0,20.0,N,NORMAL,K Hariharan,RE Koertzen,2011
501267,2011,KOLKATA,2011-05-22,League,JEC FRANKLIN,EDEN GARDENS,KOLKATA KNIGHT RIDERS,MUMBAI INDIANS,MUMBAI INDIANS,field,MUMBAI INDIANS,WICKETS,5.0,176.0,20.0,N,NORMAL,SK Tarapore,SJA Taufel,2011
501268,2011,MUMBAI,2011-05-24,Qualifier 1,SK RAINA,WANKHEDE STADIUM,ROYAL CHALLENGERS BANGALORE,CHENNAI SUPER KINGS,CHENNAI SUPER KINGS,field,CHENNAI SUPER KINGS,WICKETS,6.0,176.0,20.0,N,NORMAL,Asad Rauf,SJA Taufel,2011
501269,2011,MUMBAI,2011-05-25,Elimination Final,MM PATEL,WANKHEDE STADIUM,MUMBAI INDIANS,KOLKATA KNIGHT RIDERS,MUMBAI INDIANS,field,MUMBAI INDIANS,WICKETS,4.0,148.0,20.0,N,NORMAL,Asad Rauf,SJA Taufel,2011
501270,2011,CHENNAI,2011-05-27,Qualifier 2,CH GAYLE,"MA CHIDAMBARAM STADIUM, CHEPAUK",ROYAL CHALLENGERS BANGALORE,MUMBAI INDIANS,MUMBAI INDIANS,field,ROYAL CHALLENGERS BANGALORE,RUNS,43.0,186.0,20.0,N,NORMAL,Asad Rauf,SJA Taufel,2011
501271,2011,CHENNAI,2011-05-28,Final,M VIJAY,"MA CHIDAMBARAM STADIUM, CHEPAUK",CHENNAI SUPER KINGS,ROYAL CHALLENGERS BANGALORE,CHENNAI SUPER KINGS,bat,CHENNAI SUPER KINGS,RUNS,58.0,206.0,20.0,N,NORMAL,Asad Rauf,SJA Taufel,2011
548306,2012,CHENNAI,2012-04-04,League,RE LEVI,"MA CHIDAMBARAM STADIUM, CHEPAUK",CHENNAI SUPER KINGS,MUMBAI INDIANS,MUMBAI INDIANS,field,MUMBAI INDIANS,WICKETS,8.0,113.0,20.0,N,NORMAL,JD Cloete,SJA Taufel,2012
548307,2012,KOLKATA,2012-04-05,League,IK PATHAN,EDEN GARDENS,KOLKATA KNIGHT RIDERS,DELHI DAREDEVILS,DELHI DAREDEVILS,field,DELHI DAREDEVILS,WICKETS,8.0,98.0,12.0,N,NORMAL,S Asnani,HDPK Dharmasena,2012
548308,2012,MUMBAI,2012-04-06,League,SPD SMITH,WANKHEDE STADIUM,MUMBAI INDIANS,PUNE WARRIORS,MUMBAI INDIANS,field,PUNE WARRIORS,RUNS,28.0,130.0,20.0,N,NORMAL,AK Chaudhary,SJA Taufel,2012
548309,2012,JAIPUR,2012-04-06,League,AM RAHANE,SAWAI MANSINGH STADIUM,RAJASTHAN ROYALS,KINGS XI PUNJAB,KINGS XI PUNJAB,field,RAJASTHAN ROYALS,RUNS,31.0,192.0,20.0,N,NORMAL,BF Bowden,SK Tarapore,2012
548310,2012,BANGALORE,2012-04-07,League,AB DE VILLIERS,M CHINNASWAMY STADIUM,ROYAL CHALLENGERS BANGALORE,DELHI DAREDEVILS,DELHI DAREDEVILS,field,ROYAL CHALLENGERS BANGALORE,RUNS,20.0,158.0,20.0,N,NORMAL,S Asnani,S Ravi,2012
548311,2012,VISAKHAPATNAM,2012-04-07,League,RA JADEJA,DR. Y.S. RAJASEKHARA REDDY ACA-VDCA CRICKET STADIUM,DECCAN CHARGERS,CHENNAI SUPER KINGS,DECCAN CHARGERS,field,CHENNAI SUPER KINGS,RUNS,74.0,194.0,20.0,N,NORMAL,JD Cloete,HDPK Dharmasena,2012
548312,2012,JAIPUR,2012-04-08,League,BJ HODGE,SAWAI MANSINGH STADIUM,RAJASTHAN ROYALS,KOLKATA KNIGHT RIDERS,KOLKATA KNIGHT RIDERS,field,RAJASTHAN ROYALS,RUNS,22.0,165.0,20.0,N,NORMAL,BF Bowden,VA Kulkarni,2012
548313,2012,PUNE,2012-04-08,League,MN SAMUELS,SUBRATA ROY SAHARA STADIUM,PUNE WARRIORS,KINGS XI PUNJAB,PUNE WARRIORS,bat,PUNE WARRIORS,RUNS,22.0,167.0,20.0,N,NORMAL,S Das,SJA Taufel,2012
548314,2012,VISAKHAPATNAM,2012-04-09,League,RG SHARMA,DR. Y.S. RAJASEKHARA REDDY ACA-VDCA CRICKET STADIUM,DECCAN CHARGERS,MUMBAI INDIANS,DECCAN CHARGERS,bat,MUMBAI INDIANS,WICKETS,5.0,139.0,20.0,N,NORMAL,AK Chaudhary,JD Cloete,2012
548315,2012,BANGALORE,2012-04-10,League,L BALAJI,M CHINNASWAMY STADIUM,ROYAL CHALLENGERS BANGALORE,KOLKATA KNIGHT RIDERS,ROYAL CHALLENGERS BANGALORE,field,KOLKATA KNIGHT RIDERS,RUNS,42.0,166.0,20.0,N,NORMAL,S Ravi,RJ Tucker,2012
548316,2012,DELHI,2012-04-10,League,M MORKEL,FEROZ SHAH KOTLA,DELHI DAREDEVILS,CHENNAI SUPER KINGS,DELHI DAREDEVILS,field,DELHI DAREDEVILS,WICKETS,8.0,111.0,20.0,N,NORMAL,Asad Rauf,SK Tarapore,2012
548317,2012,MUMBAI,2012-04-11,League,KA POLLARD,WANKHEDE STADIUM,MUMBAI INDIANS,RAJASTHAN ROYALS,RAJASTHAN ROYALS,field,MUMBAI INDIANS,RUNS,27.0,198.0,20.0,N,NORMAL,Aleem Dar,BNJ Oxenford,2012
548318,2012,CHENNAI,2012-04-12,League,F DU PLESSIS,"MA CHIDAMBARAM STADIUM, CHEPAUK",CHENNAI SUPER KINGS,ROYAL CHALLENGERS BANGALORE,ROYAL CHALLENGERS BANGALORE,bat,CHENNAI SUPER KINGS,WICKETS,5.0,206.0,20.0,N,NORMAL,HDPK Dharmasena,RJ Tucker,2012
548319,2012,CHANDIGARH,2012-04-12,League,AD MASCARENHAS,"PUNJAB CRICKET ASSOCIATION STADIUM, MOHALI",KINGS XI PUNJAB,PUNE WARRIORS,KINGS XI PUNJAB,field,KINGS XI PUNJAB,WICKETS,7.0,116.0,20.0,N,NORMAL,VA Kulkarni,SK Tarapore,2012
548320,2012,KOLKATA,2012-04-13,League,SHAKIB AL HASAN,EDEN GARDENS,KOLKATA KNIGHT RIDERS,RAJASTHAN ROYALS,RAJASTHAN ROYALS,bat,KOLKATA KNIGHT RIDERS,WICKETS,5.0,132.0,20.0,N,NORMAL,Asad Rauf,S Asnani,2012
548322,2012,PUNE,2012-04-14,League,JD RYDER,SUBRATA ROY SAHARA STADIUM,PUNE WARRIORS,CHENNAI SUPER KINGS,CHENNAI SUPER KINGS,bat,PUNE WARRIORS,WICKETS,7.0,156.0,20.0,N,NORMAL,Aleem Dar,BNJ Oxenford,2012
548323,2012,KOLKATA,2012-04-15,League,SP NARINE,EDEN GARDENS,KOLKATA KNIGHT RIDERS,KINGS XI PUNJAB,KOLKATA KNIGHT RIDERS,field,KINGS XI PUNJAB,RUNS,2.0,135.0,20.0,N,NORMAL,Asad Rauf,S Asnani,2012
548324,2012,BANGALORE,2012-04-15,League,AM RAHANE,M CHINNASWAMY STADIUM,ROYAL CHALLENGERS BANGALORE,RAJASTHAN ROYALS,RAJASTHAN ROYALS,bat,RAJASTHAN ROYALS,RUNS,59.0,196.0,20.0,N,NORMAL,JD Cloete,RJ Tucker,2012
548325,2012,MUMBAI,2012-04-16,League,S NADEEM,WANKHEDE STADIUM,MUMBAI INDIANS,DELHI DAREDEVILS,DELHI DAREDEVILS,field,DELHI DAREDEVILS,WICKETS,7.0,93.0,20.0,N,NORMAL,BF Bowden,SK Tarapore,2012
548326,2012,JAIPUR,2012-04-17,League,BJ HODGE,SAWAI MANSINGH STADIUM,RAJASTHAN ROYALS,DECCAN CHARGERS,DECCAN CHARGERS,bat,RAJASTHAN ROYALS,WICKETS,5.0,197.0,20.0,N,NORMAL,Aleem Dar,BNJ Oxenford,2012
548327,2012,BANGALORE,2012-04-17,League,CH GAYLE,M CHINNASWAMY STADIUM,ROYAL CHALLENGERS BANGALORE,PUNE WARRIORS,PUNE WARRIORS,bat,ROYAL CHALLENGERS BANGALORE,WICKETS,6.0,183.0,20.0,N,NORMAL,S Asnani,S Das,2012
548328,2012,CHANDIGARH,2012-04-18,League,G GAMBHIR,"PUNJAB CRICKET ASSOCIATION STADIUM, MOHALI",KINGS XI PUNJAB,KOLKATA KNIGHT RIDERS,KINGS XI PUNJAB,bat,KOLKATA KNIGHT RIDERS,WICKETS,8.0,125.0,20.0,N,NORMAL,JD Cloete,RJ Tucker,2012
548321,2012,DELHI,2012-04-19,League,KP PIETERSEN,FEROZ SHAH KOTLA,DELHI DAREDEVILS,DECCAN CHARGERS,DECCAN CHARGERS,bat,DELHI DAREDEVILS,WICKETS,5.0,158.0,20.0,N,NORMAL,BF Bowden,SK Tarapore,2012
548330,2012,CHENNAI,2012-04-19,League,KMDN KULASEKARA,"MA CHIDAMBARAM STADIUM, CHEPAUK",CHENNAI SUPER KINGS,PUNE WARRIORS,PUNE WARRIORS,field,CHENNAI SUPER KINGS,RUNS,13.0,165.0,20.0,N,NORMAL,Asad Rauf,S Das,2012
548331,2012,CHANDIGARH,2012-04-20,League,CH GAYLE,"PUNJAB CRICKET ASSOCIATION STADIUM, MOHALI",KINGS XI PUNJAB,ROYAL CHALLENGERS BANGALORE,ROYAL CHALLENGERS BANGALORE,field,ROYAL CHALLENGERS BANGALORE,WICKETS,5.0,164.0,20.0,N,NORMAL,S Ravi,RJ Tucker,2012
548332,2012,CHENNAI,2012-04-21,League,F DU PLESSIS,"MA CHIDAMBARAM STADIUM, CHEPAUK",CHENNAI SUPER KINGS,RAJASTHAN ROYALS,RAJASTHAN ROYALS,bat,CHENNAI SUPER KINGS,WICKETS,7.0,147.0,20.0,N,NORMAL,Aleem Dar,BNJ Oxenford,2012
548333,2012,DELHI,2012-04-21,League,SC GANGULY,FEROZ SHAH KOTLA,DELHI DAREDEVILS,PUNE WARRIORS,DELHI DAREDEVILS,field,PUNE WARRIORS,RUNS,20.0,193.0,20.0,N,NORMAL,Asad Rauf,S Das,2012
548334,2012,MUMBAI,2012-04-22,League,SE MARSH,WANKHEDE STADIUM,MUMBAI INDIANS,KINGS XI PUNJAB,MUMBAI INDIANS,bat,KINGS XI PUNJAB,WICKETS,6.0,164.0,20.0,N,NORMAL,S Ravi,RJ Tucker,2012
548335,2012,CUTTACK,2012-04-22,League,B LEE,BARABATI STADIUM,DECCAN CHARGERS,KOLKATA KNIGHT RIDERS,KOLKATA KNIGHT RIDERS,field,KOLKATA KNIGHT RIDERS,WICKETS,5.0,127.0,20.0,N,NORMAL,BF Bowden,SK Tarapore,2012
548336,2012,JAIPUR,2012-04-23,League,AB DE VILLIERS,SAWAI MANSINGH STADIUM,RAJASTHAN ROYALS,ROYAL CHALLENGERS BANGALORE,RAJASTHAN ROYALS,field,ROYAL CHALLENGERS BANGALORE,RUNS,46.0,190.0,20.0,N,NORMAL,Asad Rauf,S Asnani,2012
548337,2012,PUNE,2012-04-24,League,V SEHWAG,SUBRATA ROY SAHARA STADIUM,PUNE WARRIORS,DELHI DAREDEVILS,PUNE WARRIORS,bat,DELHI DAREDEVILS,WICKETS,8.0,147.0,20.0,N,NORMAL,S Ravi,RJ Tucker,2012
548339,2012,CHANDIGARH,2012-04-25,League,AT RAYUDU,"PUNJAB CRICKET ASSOCIATION STADIUM, MOHALI",KINGS XI PUNJAB,MUMBAI INDIANS,KINGS XI PUNJAB,bat,MUMBAI INDIANS,WICKETS,4.0,169.0,20.0,N,NORMAL,Aleem Dar,BNJ Oxenford,2012
548341,2012,PUNE,2012-04-26,League,CL WHITE,SUBRATA ROY SAHARA STADIUM,PUNE WARRIORS,DECCAN CHARGERS,DECCAN CHARGERS,bat,DECCAN CHARGERS,RUNS,18.0,178.0,20.0,N,NORMAL,S Ravi,RJ Tucker,2012
548342,2012,DELHI,2012-04-27,League,V SEHWAG,FEROZ SHAH KOTLA,DELHI DAREDEVILS,MUMBAI INDIANS,MUMBAI INDIANS,field,DELHI DAREDEVILS,RUNS,37.0,208.0,20.0,N,NORMAL,Aleem Dar,BNJ Oxenford,2012
548343,2012,CHENNAI,2012-04-28,League,MANDEEP SINGH,"MA CHIDAMBARAM STADIUM, CHEPAUK",CHENNAI SUPER KINGS,KINGS XI PUNJAB,KINGS XI PUNJAB,bat,KINGS XI PUNJAB,RUNS,7.0,157.0,20.0,N,NORMAL,BF Bowden,SK Tarapore,2012
548344,2012,KOLKATA,2012-04-28,League,G GAMBHIR,EDEN GARDENS,KOLKATA KNIGHT RIDERS,ROYAL CHALLENGERS BANGALORE,KOLKATA KNIGHT RIDERS,bat,KOLKATA KNIGHT RIDERS,RUNS,47.0,191.0,20.0,N,NORMAL,Asad Rauf,BR Doctrove,2012
548345,2012,DELHI,2012-04-29,League,V SEHWAG,FEROZ SHAH KOTLA,DELHI DAREDEVILS,RAJASTHAN ROYALS,DELHI DAREDEVILS,bat,DELHI DAREDEVILS,RUNS,1.0,153.0,20.0,N,NORMAL,S Ravi,RJ Tucker,2012
548346,2012,MUMBAI,2012-04-29,League,DW STEYN,WANKHEDE STADIUM,MUMBAI INDIANS,DECCAN CHARGERS,MUMBAI INDIANS,field,MUMBAI INDIANS,WICKETS,5.0,101.0,20.0,N,NORMAL,AK Chaudhary,BNJ Oxenford,2012
548347,2012,CHENNAI,2012-04-30,League,G GAMBHIR,"MA CHIDAMBARAM STADIUM, CHEPAUK",CHENNAI SUPER KINGS,KOLKATA KNIGHT RIDERS,CHENNAI SUPER KINGS,bat,KOLKATA KNIGHT RIDERS,WICKETS,5.0,140.0,20.0,N,NORMAL,BF Bowden,C Shamshuddin,2012
548348,2012,CUTTACK,2012-05-01,League,KC SANGAKKARA,BARABATI STADIUM,DECCAN CHARGERS,PUNE WARRIORS,DECCAN CHARGERS,bat,DECCAN CHARGERS,RUNS,13.0,187.0,20.0,N,NORMAL,Aleem Dar,AK Chaudhary,2012
548349,2012,JAIPUR,2012-05-01,League,P NEGI,SAWAI MANSINGH STADIUM,RAJASTHAN ROYALS,DELHI DAREDEVILS,RAJASTHAN ROYALS,bat,DELHI DAREDEVILS,WICKETS,6.0,142.0,20.0,N,NORMAL,JD Cloete,SJA Taufel,2012
548350,2012,BANGALORE,2012-05-02,League,AZHAR MAHMOOD,M CHINNASWAMY STADIUM,ROYAL CHALLENGERS BANGALORE,KINGS XI PUNJAB,KINGS XI PUNJAB,field,KINGS XI PUNJAB,WICKETS,4.0,159.0,20.0,N,NORMAL,BF Bowden,C Shamshuddin,2012
548351,2012,PUNE,2012-05-03,League,SL MALINGA,SUBRATA ROY SAHARA STADIUM,PUNE WARRIORS,MUMBAI INDIANS,MUMBAI INDIANS,bat,MUMBAI INDIANS,RUNS,1.0,121.0,20.0,N,NORMAL,Asad Rauf,S Asnani,2012
548352,2012,CHENNAI,2012-05-04,League,SK RAINA,"MA CHIDAMBARAM STADIUM, CHEPAUK",CHENNAI SUPER KINGS,DECCAN CHARGERS,CHENNAI SUPER KINGS,bat,CHENNAI SUPER KINGS,RUNS,10.0,161.0,20.0,N,NORMAL,HDPK Dharmasena,BNJ Oxenford,2012
548353,2012,KOLKATA,2012-05-05,League,SP NARINE,EDEN GARDENS,KOLKATA KNIGHT RIDERS,PUNE WARRIORS,KOLKATA KNIGHT RIDERS,bat,KOLKATA KNIGHT RIDERS,RUNS,7.0,151.0,20.0,N,NORMAL,BF Bowden,SK Tarapore,2012
548354,2012,CHANDIGARH,2012-05-05,League,SR WATSON,"PUNJAB CRICKET ASSOCIATION STADIUM, MOHALI",KINGS XI PUNJAB,RAJASTHAN ROYALS,RAJASTHAN ROYALS,bat,RAJASTHAN ROYALS,RUNS,43.0,178.0,20.0,N,NORMAL,JD Cloete,SJA Taufel,2012
548355,2012,MUMBAI,2012-05-06,League,DR SMITH,WANKHEDE STADIUM,MUMBAI INDIANS,CHENNAI SUPER KINGS,MUMBAI INDIANS,field,MUMBAI INDIANS,WICKETS,2.0,174.0,20.0,N,NORMAL,Asad Rauf,S Asnani,2012
548356,2012,BANGALORE,2012-05-06,League,AB DE VILLIERS,M CHINNASWAMY STADIUM,ROYAL CHALLENGERS BANGALORE,DECCAN CHARGERS,ROYAL CHALLENGERS BANGALORE,field,ROYAL CHALLENGERS BANGALORE,WICKETS,5.0,182.0,20.0,N,NORMAL,HDPK Dharmasena,BNJ Oxenford,2012
548357,2012,DELHI,2012-05-07,League,JH KALLIS,FEROZ SHAH KOTLA,DELHI DAREDEVILS,KOLKATA KNIGHT RIDERS,DELHI DAREDEVILS,bat,KOLKATA KNIGHT RIDERS,WICKETS,6.0,154.0,20.0,N,NORMAL,JD Cloete,S Ravi,2012
548358,2012,PUNE,2012-05-08,League,SR WATSON,SUBRATA ROY SAHARA STADIUM,PUNE WARRIORS,RAJASTHAN ROYALS,PUNE WARRIORS,bat,RAJASTHAN ROYALS,WICKETS,7.0,126.0,20.0,N,NORMAL,Asad Rauf,BR Doctrove,2012
548359,2012,HYDERABAD,2012-05-08,League,MANDEEP SINGH,"RAJIV GANDHI INTERNATIONAL STADIUM, UPPAL",DECCAN CHARGERS,KINGS XI PUNJAB,DECCAN CHARGERS,field,KINGS XI PUNJAB,RUNS,25.0,171.0,20.0,N,NORMAL,HDPK Dharmasena,BNJ Oxenford,2012
548360,2012,MUMBAI,2012-05-09,League,CH GAYLE,WANKHEDE STADIUM,MUMBAI INDIANS,ROYAL CHALLENGERS BANGALORE,ROYAL CHALLENGERS BANGALORE,field,ROYAL CHALLENGERS BANGALORE,WICKETS,9.0,142.0,20.0,N,NORMAL,BF Bowden,VA Kulkarni,2012
548329,2012,HYDERABAD,2012-05-10,League,DA WARNER,"RAJIV GANDHI INTERNATIONAL STADIUM, UPPAL",DECCAN CHARGERS,DELHI DAREDEVILS,DECCAN CHARGERS,bat,DELHI DAREDEVILS,WICKETS,9.0,188.0,20.0,N,NORMAL,JD Cloete,SJA Taufel,2012
548361,2012,JAIPUR,2012-05-10,League,BW HILFENHAUS,SAWAI MANSINGH STADIUM,RAJASTHAN ROYALS,CHENNAI SUPER KINGS,CHENNAI SUPER KINGS,field,CHENNAI SUPER KINGS,WICKETS,4.0,127.0,20.0,N,NORMAL,BNJ Oxenford,C Shamshuddin,2012
548362,2012,PUNE,2012-05-11,League,CH GAYLE,SUBRATA ROY SAHARA STADIUM,PUNE WARRIORS,ROYAL CHALLENGERS BANGALORE,PUNE WARRIORS,field,ROYAL CHALLENGERS BANGALORE,RUNS,35.0,174.0,20.0,N,NORMAL,BF Bowden,SK Tarapore,2012
548363,2012,KOLKATA,2012-05-12,League,RG SHARMA,EDEN GARDENS,KOLKATA KNIGHT RIDERS,MUMBAI INDIANS,MUMBAI INDIANS,bat,MUMBAI INDIANS,RUNS,27.0,183.0,20.0,N,NORMAL,S Ravi,SJA Taufel,2012
548364,2012,CHENNAI,2012-05-12,League,BW HILFENHAUS,"MA CHIDAMBARAM STADIUM, CHEPAUK",CHENNAI SUPER KINGS,DELHI DAREDEVILS,CHENNAI SUPER KINGS,field,CHENNAI SUPER KINGS,WICKETS,9.0,115.0,20.0,N,NORMAL,S Das,BR Doctrove,2012
548365,2012,JAIPUR,2012-05-13,League,A CHANDILA,SAWAI MANSINGH STADIUM,RAJASTHAN ROYALS,PUNE WARRIORS,RAJASTHAN ROYALS,bat,RAJASTHAN ROYALS,RUNS,45.0,171.0,20.0,N,NORMAL,BF Bowden,SK Tarapore,2012
548366,2012,CHANDIGARH,2012-05-13,League,DJ HUSSEY,"PUNJAB CRICKET ASSOCIATION STADIUM, MOHALI",KINGS XI PUNJAB,DECCAN CHARGERS,DECCAN CHARGERS,bat,KINGS XI PUNJAB,WICKETS,4.0,191.0,20.0,N,NORMAL,HDPK Dharmasena,BNJ Oxenford,2012
548367,2012,BANGALORE,2012-05-14,League,AT RAYUDU,M CHINNASWAMY STADIUM,ROYAL CHALLENGERS BANGALORE,MUMBAI INDIANS,MUMBAI INDIANS,field,MUMBAI INDIANS,WICKETS,5.0,172.0,20.0,N,NORMAL,S Das,BR Doctrove,2012
548368,2012,KOLKATA,2012-05-14,League,MEK HUSSEY,EDEN GARDENS,KOLKATA KNIGHT RIDERS,CHENNAI SUPER KINGS,CHENNAI SUPER KINGS,field,CHENNAI SUPER KINGS,WICKETS,5.0,159.0,20.0,N,NORMAL,JD Cloete,SJA Taufel,2012
548369,2012,DELHI,2012-05-15,League,UT YADAV,FEROZ SHAH KOTLA,DELHI DAREDEVILS,KINGS XI PUNJAB,KINGS XI PUNJAB,bat,DELHI DAREDEVILS,WICKETS,5.0,137.0,20.0,N,NORMAL,HDPK Dharmasena,BNJ Oxenford,2012
548370,2012,MUMBAI,2012-05-16,League,SP NARINE,WANKHEDE STADIUM,MUMBAI INDIANS,KOLKATA KNIGHT RIDERS,MUMBAI INDIANS,field,KOLKATA KNIGHT RIDERS,RUNS,32.0,141.0,20.0,N,NORMAL,S Das,BR Doctrove,2012
548371,2012,DHARAMSALA,2012-05-17,League,AC GILCHRIST,HIMACHAL PRADESH CRICKET ASSOCIATION STADIUM,KINGS XI PUNJAB,CHENNAI SUPER KINGS,KINGS XI PUNJAB,field,KINGS XI PUNJAB,WICKETS,6.0,121.0,20.0,N,NORMAL,VA Kulkarni,SK Tarapore,2012
548372,2012,DELHI,2012-05-17,League,CH GAYLE,FEROZ SHAH KOTLA,DELHI DAREDEVILS,ROYAL CHALLENGERS BANGALORE,DELHI DAREDEVILS,field,ROYAL CHALLENGERS BANGALORE,RUNS,21.0,216.0,20.0,N,NORMAL,HDPK Dharmasena,C Shamshuddin,2012
548373,2012,HYDERABAD,2012-05-18,League,DW STEYN,"RAJIV GANDHI INTERNATIONAL STADIUM, UPPAL",DECCAN CHARGERS,RAJASTHAN ROYALS,RAJASTHAN ROYALS,bat,DECCAN CHARGERS,WICKETS,5.0,127.0,20.0,N,NORMAL,S Ravi,SJA Taufel,2012
548374,2012,DHARAMSALA,2012-05-19,League,UT YADAV,HIMACHAL PRADESH CRICKET ASSOCIATION STADIUM,KINGS XI PUNJAB,DELHI DAREDEVILS,DELHI DAREDEVILS,field,DELHI DAREDEVILS,WICKETS,6.0,142.0,20.0,N,NORMAL,BF Bowden,VA Kulkarni,2012
548375,2012,PUNE,2012-05-19,League,SHAKIB AL HASAN,SUBRATA ROY SAHARA STADIUM,PUNE WARRIORS,KOLKATA KNIGHT RIDERS,KOLKATA KNIGHT RIDERS,bat,KOLKATA KNIGHT RIDERS,RUNS,34.0,137.0,20.0,N,NORMAL,S Asnani,BR Doctrove,2012
548376,2012,HYDERABAD,2012-05-20,League,DW STEYN,"RAJIV GANDHI INTERNATIONAL STADIUM, UPPAL",DECCAN CHARGERS,ROYAL CHALLENGERS BANGALORE,ROYAL CHALLENGERS BANGALORE,field,DECCAN CHARGERS,RUNS,9.0,133.0,20.0,N,NORMAL,S Ravi,SJA Taufel,2012
548377,2012,JAIPUR,2012-05-20,League,DR SMITH,SAWAI MANSINGH STADIUM,RAJASTHAN ROYALS,MUMBAI INDIANS,RAJASTHAN ROYALS,bat,MUMBAI INDIANS,WICKETS,10.0,163.0,20.0,N,NORMAL,HDPK Dharmasena,C Shamshuddin,2012
548378,2012,PUNE,2012-05-22,Qualifier 1,YK PATHAN,SUBRATA ROY SAHARA STADIUM,DELHI DAREDEVILS,KOLKATA KNIGHT RIDERS,KOLKATA KNIGHT RIDERS,bat,KOLKATA KNIGHT RIDERS,RUNS,18.0,163.0,20.0,N,NORMAL,BR Doctrove,SJA Taufel,2012
548379,2012,BANGALORE,2012-05-23,Elimination Final,MS DHONI,M CHINNASWAMY STADIUM,CHENNAI SUPER KINGS,MUMBAI INDIANS,MUMBAI INDIANS,field,CHENNAI SUPER KINGS,RUNS,38.0,188.0,20.0,N,NORMAL,BF Bowden,HDPK Dharmasena,2012
548380,2012,CHENNAI,2012-05-25,Qualifier 2,M VIJAY,"MA CHIDAMBARAM STADIUM, CHEPAUK",DELHI DAREDEVILS,CHENNAI SUPER KINGS,DELHI DAREDEVILS,field,CHENNAI SUPER KINGS,RUNS,86.0,223.0,20.0,N,NORMAL,BR Doctrove,SJA Taufel,2012
548381,2012,CHENNAI,2012-05-27,Final,MS BISLA,"MA CHIDAMBARAM STADIUM, CHEPAUK",KOLKATA KNIGHT RIDERS,CHENNAI SUPER KINGS,CHENNAI SUPER KINGS,bat,KOLKATA KNIGHT RIDERS,WICKETS,5.0,191.0,20.0,N,NORMAL,BF Bowden,SJA Taufel,2012
597998,2013,KOLKATA,2013-04-03,League,SP NARINE,EDEN GARDENS,KOLKATA KNIGHT RIDERS,DELHI DAREDEVILS,KOLKATA KNIGHT RIDERS,field,KOLKATA KNIGHT RIDERS,WICKETS,6.0,129.0,20.0,N,NORMAL,S Ravi,SJA Taufel,2013
597999,2013,BANGALORE,2013-04-04,League,CH GAYLE,M CHINNASWAMY STADIUM,ROYAL CHALLENGERS BANGALORE,MUMBAI INDIANS,MUMBAI INDIANS,field,ROYAL CHALLENGERS BANGALORE,RUNS,2.0,157.0,20.0,N,NORMAL,VA Kulkarni,C Shamshuddin,2013
598000,2013,HYDERABAD,2013-04-05,League,A MISHRA,"RAJIV GANDHI INTERNATIONAL STADIUM, UPPAL",SUNRISERS HYDERABAD,PUNE WARRIORS,PUNE WARRIORS,field,SUNRISERS HYDERABAD,RUNS,22.0,127.0,20.0,N,NORMAL,S Ravi,SJA Taufel,2013
598001,2013,DELHI,2013-04-06,League,R DRAVID,FEROZ SHAH KOTLA,DELHI DAREDEVILS,RAJASTHAN ROYALS,RAJASTHAN ROYALS,bat,RAJASTHAN ROYALS,RUNS,5.0,166.0,20.0,N,NORMAL,S Das,C Shamshuddin,2013
598002,2013,CHENNAI,2013-04-06,League,KA POLLARD,"MA CHIDAMBARAM STADIUM, CHEPAUK",CHENNAI SUPER KINGS,MUMBAI INDIANS,MUMBAI INDIANS,bat,MUMBAI INDIANS,RUNS,9.0,149.0,20.0,N,NORMAL,M Erasmus,VA Kulkarni,2013
598003,2013,PUNE,2013-04-07,League,M VOHRA,SUBRATA ROY SAHARA STADIUM,PUNE WARRIORS,KINGS XI PUNJAB,PUNE WARRIORS,bat,KINGS XI PUNJAB,WICKETS,8.0,100.0,20.0,N,NORMAL,S Asnani,SJA Taufel,2013
598004,2013,HYDERABAD,2013-04-07,League,GH VIHARI,"RAJIV GANDHI INTERNATIONAL STADIUM, UPPAL",SUNRISERS HYDERABAD,ROYAL CHALLENGERS BANGALORE,ROYAL CHALLENGERS BANGALORE,bat,SUNRISERS HYDERABAD,TIE,0.0,131.0,20.0,Y,NORMAL,AK Chaudhary,S Ravi,2013
598005,2013,JAIPUR,2013-04-08,League,SK TRIVEDI,SAWAI MANSINGH STADIUM,RAJASTHAN ROYALS,KOLKATA KNIGHT RIDERS,KOLKATA KNIGHT RIDERS,field,RAJASTHAN ROYALS,RUNS,19.0,145.0,20.0,N,NORMAL,Aleem Dar,S Das,2013
598006,2013,MUMBAI,2013-04-09,League,KD KARTHIK,WANKHEDE STADIUM,MUMBAI INDIANS,DELHI DAREDEVILS,MUMBAI INDIANS,bat,MUMBAI INDIANS,RUNS,44.0,210.0,20.0,N,NORMAL,M Erasmus,VA Kulkarni,2013
598048,2013,BANGALORE,2013-04-09,League,V KOHLI,M CHINNASWAMY STADIUM,ROYAL CHALLENGERS BANGALORE,SUNRISERS HYDERABAD,SUNRISERS HYDERABAD,bat,ROYAL CHALLENGERS BANGALORE,WICKETS,7.0,162.0,20.0,N,NORMAL,S Ravi,SJA Taufel,2013
598007,2013,CHANDIGARH,2013-04-10,League,MEK HUSSEY,"PUNJAB CRICKET ASSOCIATION STADIUM, MOHALI",KINGS XI PUNJAB,CHENNAI SUPER KINGS,CHENNAI SUPER KINGS,field,CHENNAI SUPER KINGS,WICKETS,10.0,139.0,20.0,N,NORMAL,Aleem Dar,C Shamshuddin,2013
598008,2013,BANGALORE,2013-04-11,League,CH GAYLE,M CHINNASWAMY STADIUM,ROYAL CHALLENGERS BANGALORE,KOLKATA KNIGHT RIDERS,ROYAL CHALLENGERS BANGALORE,field,ROYAL CHALLENGERS BANGALORE,WICKETS,8.0,155.0,20.0,N,NORMAL,Asad Rauf,AK Chaudhary,2013
598009,2013,PUNE,2013-04-11,League,AJ FINCH,SUBRATA ROY SAHARA STADIUM,PUNE WARRIORS,RAJASTHAN ROYALS,RAJASTHAN ROYALS,bat,PUNE WARRIORS,WICKETS,7.0,146.0,20.0,N,NORMAL,M Erasmus,K Srinath,2013
598010,2013,DELHI,2013-04-12,League,A MISHRA,FEROZ SHAH KOTLA,DELHI DAREDEVILS,SUNRISERS HYDERABAD,DELHI DAREDEVILS,bat,SUNRISERS HYDERABAD,WICKETS,3.0,115.0,20.0,N,NORMAL,Aleem Dar,Subroto Das,2013
598011,2013,MUMBAI,2013-04-13,League,RG SHARMA,WANKHEDE STADIUM,MUMBAI INDIANS,PUNE WARRIORS,MUMBAI INDIANS,bat,MUMBAI INDIANS,RUNS,41.0,184.0,20.0,N,NORMAL,S Ravi,SJA Taufel,2013
598012,2013,CHENNAI,2013-04-13,League,RA JADEJA,"MA CHIDAMBARAM STADIUM, CHEPAUK",CHENNAI SUPER KINGS,ROYAL CHALLENGERS BANGALORE,CHENNAI SUPER KINGS,field,CHENNAI SUPER KINGS,WICKETS,4.0,166.0,20.0,N,NORMAL,Asad Rauf,AK Chaudhary,2013
598013,2013,KOLKATA,2013-04-14,League,G GAMBHIR,EDEN GARDENS,KOLKATA KNIGHT RIDERS,SUNRISERS HYDERABAD,KOLKATA KNIGHT RIDERS,bat,KOLKATA KNIGHT RIDERS,RUNS,48.0,181.0,20.0,N,NORMAL,M Erasmus,VA Kulkarni,2013
598014,2013,JAIPUR,2013-04-14,League,JP FAULKNER,SAWAI MANSINGH STADIUM,RAJASTHAN ROYALS,KINGS XI PUNJAB,RAJASTHAN ROYALS,field,RAJASTHAN ROYALS,WICKETS,6.0,125.0,20.0,N,NORMAL,Aleem Dar,C Shamshuddin,2013
598015,2013,CHENNAI,2013-04-15,League,SPD SMITH,"MA CHIDAMBARAM STADIUM, CHEPAUK",CHENNAI SUPER KINGS,PUNE WARRIORS,PUNE WARRIORS,bat,PUNE WARRIORS,RUNS,24.0,160.0,20.0,N,NORMAL,Asad Rauf,AK Chaudhary,2013
598016,2013,CHANDIGARH,2013-04-16,League,MS GONY,"PUNJAB CRICKET ASSOCIATION STADIUM, MOHALI",KINGS XI PUNJAB,KOLKATA KNIGHT RIDERS,KOLKATA KNIGHT RIDERS,field,KINGS XI PUNJAB,RUNS,4.0,158.0,20.0,N,NORMAL,CK Nandan,SJA Taufel,2013
598017,2013,BANGALORE,2013-04-16,League,V KOHLI,M CHINNASWAMY STADIUM,ROYAL CHALLENGERS BANGALORE,DELHI DAREDEVILS,ROYAL CHALLENGERS BANGALORE,field,ROYAL CHALLENGERS BANGALORE,TIE,0.0,153.0,20.0,Y,NORMAL,M Erasmus,VA Kulkarni,2013
598018,2013,PUNE,2013-04-17,League,A MISHRA,MAHARASHTRA CRICKET ASSOCIATION STADIUM,PUNE WARRIORS,SUNRISERS HYDERABAD,PUNE WARRIORS,field,SUNRISERS HYDERABAD,RUNS,11.0,120.0,20.0,N,NORMAL,Asad Rauf,AK Chaudhary,2013
598019,2013,JAIPUR,2013-04-17,League,AM RAHANE,SAWAI MANSINGH STADIUM,RAJASTHAN ROYALS,MUMBAI INDIANS,RAJASTHAN ROYALS,bat,RAJASTHAN ROYALS,RUNS,87.0,180.0,20.0,N,NORMAL,Aleem Dar,C Shamshuddin,2013
598020,2013,DELHI,2013-04-18,League,MEK HUSSEY,FEROZ SHAH KOTLA,DELHI DAREDEVILS,CHENNAI SUPER KINGS,CHENNAI SUPER KINGS,bat,CHENNAI SUPER KINGS,RUNS,86.0,170.0,20.0,N,NORMAL,M Erasmus,VA Kulkarni,2013
598021,2013,HYDERABAD,2013-04-19,League,GH VIHARI,"RAJIV GANDHI INTERNATIONAL STADIUM, UPPAL",SUNRISERS HYDERABAD,KINGS XI PUNJAB,KINGS XI PUNJAB,bat,SUNRISERS HYDERABAD,WICKETS,5.0,124.0,20.0,N,NORMAL,HDPK Dharmasena,CK Nandan,2013
598022,2013,KOLKATA,2013-04-20,League,RA JADEJA,EDEN GARDENS,KOLKATA KNIGHT RIDERS,CHENNAI SUPER KINGS,KOLKATA KNIGHT RIDERS,bat,CHENNAI SUPER KINGS,WICKETS,4.0,120.0,20.0,N,NORMAL,Asad Rauf,AK Chaudhary,2013
598023,2013,BANGALORE,2013-04-20,League,R VINAY KUMAR,M CHINNASWAMY STADIUM,ROYAL CHALLENGERS BANGALORE,RAJASTHAN ROYALS,ROYAL CHALLENGERS BANGALORE,field,ROYAL CHALLENGERS BANGALORE,WICKETS,7.0,118.0,20.0,N,NORMAL,Aleem Dar,C Shamshuddin,2013
598024,2013,DELHI,2013-04-21,League,V SEHWAG,FEROZ SHAH KOTLA,DELHI DAREDEVILS,MUMBAI INDIANS,MUMBAI INDIANS,bat,DELHI DAREDEVILS,WICKETS,9.0,162.0,20.0,N,NORMAL,HDPK Dharmasena,S Ravi,2013
598025,2013,CHANDIGARH,2013-04-21,League,DA MILLER,"PUNJAB CRICKET ASSOCIATION STADIUM, MOHALI",KINGS XI PUNJAB,PUNE WARRIORS,KINGS XI PUNJAB,field,KINGS XI PUNJAB,WICKETS,7.0,186.0,20.0,N,NORMAL,M Erasmus,K Srinath,2013
598026,2013,CHENNAI,2013-04-22,League,MEK HUSSEY,"MA CHIDAMBARAM STADIUM, CHEPAUK",CHENNAI SUPER KINGS,RAJASTHAN ROYALS,RAJASTHAN ROYALS,bat,CHENNAI SUPER KINGS,WICKETS,5.0,186.0,20.0,N,NORMAL,S Asnani,AK Chaudhary,2013
598027,2013,BANGALORE,2013-04-23,League,CH GAYLE,M CHINNASWAMY STADIUM,ROYAL CHALLENGERS BANGALORE,PUNE WARRIORS,PUNE WARRIORS,field,ROYAL CHALLENGERS BANGALORE,RUNS,130.0,264.0,20.0,N,NORMAL,Aleem Dar,C Shamshuddin,2013
598059,2013,DELHI,2013-04-23,League,HARMEET SINGH,FEROZ SHAH KOTLA,DELHI DAREDEVILS,KINGS XI PUNJAB,KINGS XI PUNJAB,field,KINGS XI PUNJAB,WICKETS,5.0,121.0,20.0,N,NORMAL,VA Kulkarni,K Srinath,2013
598029,2013,KOLKATA,2013-04-24,League,DR SMITH,EDEN GARDENS,KOLKATA KNIGHT RIDERS,MUMBAI INDIANS,KOLKATA KNIGHT RIDERS,bat,MUMBAI INDIANS,WICKETS,5.0,160.0,20.0,N,NORMAL,HDPK Dharmasena,S Ravi,2013
598030,2013,CHENNAI,2013-04-25,League,MS DHONI,"MA CHIDAMBARAM STADIUM, CHEPAUK",CHENNAI SUPER KINGS,SUNRISERS HYDERABAD,SUNRISERS HYDERABAD,bat,CHENNAI SUPER KINGS,WICKETS,5.0,160.0,20.0,N,NORMAL,Aleem Dar,S Das,2013
598031,2013,KOLKATA,2013-04-26,League,JH KALLIS,EDEN GARDENS,KOLKATA KNIGHT RIDERS,KINGS XI PUNJAB,KINGS XI PUNJAB,bat,KOLKATA KNIGHT RIDERS,WICKETS,6.0,150.0,20.0,N,NORMAL,CK Nandan,S Ravi,2013
598032,2013,JAIPUR,2013-04-27,League,JP FAULKNER,SAWAI MANSINGH STADIUM,RAJASTHAN ROYALS,SUNRISERS HYDERABAD,SUNRISERS HYDERABAD,bat,RAJASTHAN ROYALS,WICKETS,8.0,145.0,20.0,N,NORMAL,VA Kulkarni,K Srinath,2013
598033,2013,MUMBAI,2013-04-27,League,DR SMITH,WANKHEDE STADIUM,MUMBAI INDIANS,ROYAL CHALLENGERS BANGALORE,MUMBAI INDIANS,bat,MUMBAI INDIANS,RUNS,58.0,195.0,20.0,N,NORMAL,Asad Rauf,S Asnani,2013
598034,2013,CHENNAI,2013-04-28,League,MEK HUSSEY,"MA CHIDAMBARAM STADIUM, CHEPAUK",CHENNAI SUPER KINGS,KOLKATA KNIGHT RIDERS,KOLKATA KNIGHT RIDERS,field,CHENNAI SUPER KINGS,RUNS,14.0,201.0,20.0,N,NORMAL,Aleem Dar,SJA Taufel,2013
598035,2013,RAIPUR,2013-04-28,League,DA WARNER,SHAHEED VEER NARAYAN SINGH INTERNATIONAL STADIUM,DELHI DAREDEVILS,PUNE WARRIORS,PUNE WARRIORS,field,DELHI DAREDEVILS,RUNS,15.0,165.0,20.0,N,NORMAL,CK Nandan,S Ravi,2013
598036,2013,JAIPUR,2013-04-29,League,SV SAMSON,SAWAI MANSINGH STADIUM,RAJASTHAN ROYALS,ROYAL CHALLENGERS BANGALORE,RAJASTHAN ROYALS,field,RAJASTHAN ROYALS,WICKETS,4.0,172.0,20.0,N,NORMAL,M Erasmus,K Srinath,2013
598037,2013,MUMBAI,2013-04-29,League,RG SHARMA,WANKHEDE STADIUM,MUMBAI INDIANS,KINGS XI PUNJAB,MUMBAI INDIANS,bat,MUMBAI INDIANS,RUNS,4.0,175.0,20.0,N,NORMAL,Asad Rauf,AK Chaudhary,2013
598038,2013,PUNE,2013-04-30,League,MS DHONI,SUBRATA ROY SAHARA STADIUM,PUNE WARRIORS,CHENNAI SUPER KINGS,CHENNAI SUPER KINGS,bat,CHENNAI SUPER KINGS,RUNS,37.0,165.0,20.0,N,NORMAL,S Das,SJA Taufel,2013
598039,2013,HYDERABAD,2013-05-01,League,I SHARMA,"RAJIV GANDHI INTERNATIONAL STADIUM, UPPAL",SUNRISERS HYDERABAD,MUMBAI INDIANS,MUMBAI INDIANS,bat,SUNRISERS HYDERABAD,WICKETS,7.0,130.0,20.0,N,NORMAL,Asad Rauf,S Asnani,2013
598040,2013,RAIPUR,2013-05-01,League,DA WARNER,SHAHEED VEER NARAYAN SINGH INTERNATIONAL STADIUM,DELHI DAREDEVILS,KOLKATA KNIGHT RIDERS,KOLKATA KNIGHT RIDERS,bat,DELHI DAREDEVILS,WICKETS,7.0,137.0,20.0,N,NORMAL,HDPK Dharmasena,CK Nandan,2013
598041,2013,CHENNAI,2013-05-02,League,SK RAINA,"MA CHIDAMBARAM STADIUM, CHEPAUK",CHENNAI SUPER KINGS,KINGS XI PUNJAB,CHENNAI SUPER KINGS,bat,CHENNAI SUPER KINGS,RUNS,15.0,187.0,20.0,N,NORMAL,M Erasmus,VA Kulkarni,2013
598042,2013,PUNE,2013-05-02,League,AB DE VILLIERS,SUBRATA ROY SAHARA STADIUM,PUNE WARRIORS,ROYAL CHALLENGERS BANGALORE,ROYAL CHALLENGERS BANGALORE,bat,ROYAL CHALLENGERS BANGALORE,RUNS,17.0,188.0,20.0,N,NORMAL,Aleem Dar,C Shamshuddin,2013
598043,2013,KOLKATA,2013-05-03,League,YK PATHAN,EDEN GARDENS,KOLKATA KNIGHT RIDERS,RAJASTHAN ROYALS,RAJASTHAN ROYALS,bat,KOLKATA KNIGHT RIDERS,WICKETS,8.0,133.0,20.0,N,NORMAL,HDPK Dharmasena,CK Nandan,2013
598044,2013,HYDERABAD,2013-05-04,League,DJG SAMMY,"RAJIV GANDHI INTERNATIONAL STADIUM, UPPAL",SUNRISERS HYDERABAD,DELHI DAREDEVILS,DELHI DAREDEVILS,bat,SUNRISERS HYDERABAD,WICKETS,6.0,81.0,20.0,N,NORMAL,Asad Rauf,S Asnani,2013
598046,2013,MUMBAI,2013-05-05,League,MG JOHNSON,WANKHEDE STADIUM,MUMBAI INDIANS,CHENNAI SUPER KINGS,MUMBAI INDIANS,bat,MUMBAI INDIANS,RUNS,60.0,140.0,20.0,N,NORMAL,HDPK Dharmasena,CK Nandan,2013
598047,2013,JAIPUR,2013-05-05,League,AM RAHANE,SAWAI MANSINGH STADIUM,RAJASTHAN ROYALS,PUNE WARRIORS,PUNE WARRIORS,bat,RAJASTHAN ROYALS,WICKETS,5.0,179.0,20.0,N,NORMAL,C Shamshuddin,RJ Tucker,2013
598064,2013,CHANDIGARH,2013-05-06,League,DA MILLER,"PUNJAB CRICKET ASSOCIATION STADIUM, MOHALI",KINGS XI PUNJAB,ROYAL CHALLENGERS BANGALORE,KINGS XI PUNJAB,field,KINGS XI PUNJAB,WICKETS,6.0,191.0,20.0,N,NORMAL,VA Kulkarni,NJ Llong,2013
598049,2013,JAIPUR,2013-05-07,League,AM RAHANE,SAWAI MANSINGH STADIUM,RAJASTHAN ROYALS,DELHI DAREDEVILS,DELHI DAREDEVILS,bat,RAJASTHAN ROYALS,WICKETS,9.0,155.0,20.0,N,NORMAL,Aleem Dar,RJ Tucker,2013
598050,2013,MUMBAI,2013-05-07,League,SR TENDULKAR,WANKHEDE STADIUM,MUMBAI INDIANS,KOLKATA KNIGHT RIDERS,MUMBAI INDIANS,bat,MUMBAI INDIANS,RUNS,65.0,171.0,20.0,N,NORMAL,HDPK Dharmasena,S Ravi,2013
598051,2013,HYDERABAD,2013-05-08,League,SK RAINA,"RAJIV GANDHI INTERNATIONAL STADIUM, UPPAL",SUNRISERS HYDERABAD,CHENNAI SUPER KINGS,SUNRISERS HYDERABAD,field,CHENNAI SUPER KINGS,RUNS,77.0,224.0,20.0,N,NORMAL,S Das,NJ Llong,2013
598052,2013,CHANDIGARH,2013-05-09,League,KK COOPER,"PUNJAB CRICKET ASSOCIATION STADIUM, MOHALI",KINGS XI PUNJAB,RAJASTHAN ROYALS,RAJASTHAN ROYALS,field,RAJASTHAN ROYALS,WICKETS,8.0,146.0,20.0,N,NORMAL,HDPK Dharmasena,S Ravi,2013
598053,2013,PUNE,2013-05-09,League,G GAMBHIR,SUBRATA ROY SAHARA STADIUM,PUNE WARRIORS,KOLKATA KNIGHT RIDERS,KOLKATA KNIGHT RIDERS,bat,KOLKATA KNIGHT RIDERS,RUNS,46.0,153.0,20.0,N,NORMAL,Asad Rauf,S Asnani,2013
598054,2013,DELHI,2013-05-10,League,JD UNADKAT,FEROZ SHAH KOTLA,DELHI DAREDEVILS,ROYAL CHALLENGERS BANGALORE,DELHI DAREDEVILS,field,ROYAL CHALLENGERS BANGALORE,RUNS,4.0,184.0,20.0,N,NORMAL,NJ Llong,K Srinath,2013
598055,2013,PUNE,2013-05-11,League,MG JOHNSON,SUBRATA ROY SAHARA STADIUM,PUNE WARRIORS,MUMBAI INDIANS,PUNE WARRIORS,bat,MUMBAI INDIANS,WICKETS,5.0,113.0,20.0,N,NORMAL,Asad Rauf,AK Chaudhary,2013
598056,2013,CHANDIGARH,2013-05-11,League,PA PATEL,"PUNJAB CRICKET ASSOCIATION STADIUM, MOHALI",KINGS XI PUNJAB,SUNRISERS HYDERABAD,KINGS XI PUNJAB,field,SUNRISERS HYDERABAD,RUNS,30.0,151.0,20.0,N,NORMAL,S Das,RJ Tucker,2013
598057,2013,RANCHI,2013-05-12,League,JH KALLIS,JSCA INTERNATIONAL STADIUM COMPLEX,KOLKATA KNIGHT RIDERS,ROYAL CHALLENGERS BANGALORE,KOLKATA KNIGHT RIDERS,field,KOLKATA KNIGHT RIDERS,WICKETS,5.0,116.0,20.0,N,NORMAL,NJ Llong,K Srinath,2013
598058,2013,JAIPUR,2013-05-12,League,SR WATSON,SAWAI MANSINGH STADIUM,RAJASTHAN ROYALS,CHENNAI SUPER KINGS,RAJASTHAN ROYALS,field,RAJASTHAN ROYALS,WICKETS,5.0,142.0,20.0,N,NORMAL,HDPK Dharmasena,CK Nandan,2013
598060,2013,MUMBAI,2013-05-13,League,KA POLLARD,WANKHEDE STADIUM,MUMBAI INDIANS,SUNRISERS HYDERABAD,SUNRISERS HYDERABAD,bat,MUMBAI INDIANS,WICKETS,7.0,179.0,20.0,N,NORMAL,AK Chaudhary,SJA Taufel,2013
598045,2013,BANGALORE,2013-05-14,League,AC GILCHRIST,M CHINNASWAMY STADIUM,ROYAL CHALLENGERS BANGALORE,KINGS XI PUNJAB,KINGS XI PUNJAB,field,KINGS XI PUNJAB,WICKETS,7.0,175.0,20.0,N,NORMAL,HDPK Dharmasena,S Ravi,2013
598062,2013,CHENNAI,2013-05-14,League,MS DHONI,"MA CHIDAMBARAM STADIUM, CHEPAUK",CHENNAI SUPER KINGS,DELHI DAREDEVILS,CHENNAI SUPER KINGS,bat,CHENNAI SUPER KINGS,RUNS,33.0,169.0,20.0,N,NORMAL,C Shamshuddin,RJ Tucker,2013
598061,2013,RANCHI,2013-05-15,League,MK PANDEY,JSCA INTERNATIONAL STADIUM COMPLEX,KOLKATA KNIGHT RIDERS,PUNE WARRIORS,KOLKATA KNIGHT RIDERS,field,PUNE WARRIORS,RUNS,7.0,171.0,20.0,N,NORMAL,NJ Llong,K Srinath,2013
598063,2013,MUMBAI,2013-05-15,League,AP TARE,WANKHEDE STADIUM,MUMBAI INDIANS,RAJASTHAN ROYALS,RAJASTHAN ROYALS,field,MUMBAI INDIANS,RUNS,14.0,167.0,20.0,N,NORMAL,Asad Rauf,S Asnani,2013
598028,2013,DHARAMSALA,2013-05-16,League,DA MILLER,HIMACHAL PRADESH CRICKET ASSOCIATION STADIUM,KINGS XI PUNJAB,DELHI DAREDEVILS,DELHI DAREDEVILS,field,KINGS XI PUNJAB,RUNS,7.0,172.0,20.0,N,NORMAL,HDPK Dharmasena,S Ravi,2013
598065,2013,HYDERABAD,2013-05-17,League,A MISHRA,"RAJIV GANDHI INTERNATIONAL STADIUM, UPPAL",SUNRISERS HYDERABAD,RAJASTHAN ROYALS,SUNRISERS HYDERABAD,bat,SUNRISERS HYDERABAD,RUNS,23.0,137.0,20.0,N,NORMAL,Asad Rauf,AK Chaudhary,2013
598066,2013,DHARAMSALA,2013-05-18,League,AZHAR MAHMOOD,HIMACHAL PRADESH CRICKET ASSOCIATION STADIUM,KINGS XI PUNJAB,MUMBAI INDIANS,MUMBAI INDIANS,field,KINGS XI PUNJAB,RUNS,50.0,184.0,20.0,N,NORMAL,HDPK Dharmasena,CK Nandan,2013
598068,2013,BANGALORE,2013-05-18,League,V KOHLI,M CHINNASWAMY STADIUM,ROYAL CHALLENGERS BANGALORE,CHENNAI SUPER KINGS,CHENNAI SUPER KINGS,field,ROYAL CHALLENGERS BANGALORE,RUNS,24.0,107.0,8.0,N,NORMAL,C Shamshuddin,RJ Tucker,2013
598067,2013,PUNE,2013-05-19,League,LJ WRIGHT,SUBRATA ROY SAHARA STADIUM,PUNE WARRIORS,DELHI DAREDEVILS,PUNE WARRIORS,bat,PUNE WARRIORS,RUNS,38.0,173.0,20.0,N,NORMAL,NJ Llong,SJA Taufel,2013
598069,2013,HYDERABAD,2013-05-19,League,PA PATEL,"RAJIV GANDHI INTERNATIONAL STADIUM, UPPAL",SUNRISERS HYDERABAD,KOLKATA KNIGHT RIDERS,KOLKATA KNIGHT RIDERS,bat,SUNRISERS HYDERABAD,WICKETS,5.0,131.0,20.0,N,NORMAL,Asad Rauf,S Asnani,2013
598070,2013,DELHI,2013-05-21,Qualifier 1,MEK HUSSEY,FEROZ SHAH KOTLA,CHENNAI SUPER KINGS,MUMBAI INDIANS,CHENNAI SUPER KINGS,bat,CHENNAI SUPER KINGS,RUNS,48.0,193.0,20.0,N,NORMAL,NJ Llong,RJ Tucker,2013
598071,2013,DELHI,2013-05-22,Eliminator,BJ HODGE,FEROZ SHAH KOTLA,RAJASTHAN ROYALS,SUNRISERS HYDERABAD,SUNRISERS HYDERABAD,bat,RAJASTHAN ROYALS,WICKETS,4.0,133.0,20.0,N,NORMAL,S Ravi,RJ Tucker,2013
598072,2013,KOLKATA,2013-05-24,Qualifier 2,HARBHAJAN SINGH,EDEN GARDENS,MUMBAI INDIANS,RAJASTHAN ROYALS,RAJASTHAN ROYALS,bat,MUMBAI INDIANS,WICKETS,4.0,166.0,20.0,N,NORMAL,C Shamshuddin,SJA Taufel,2013
598073,2013,KOLKATA,2013-05-26,Final,KA POLLARD,EDEN GARDENS,CHENNAI SUPER KINGS,MUMBAI INDIANS,MUMBAI INDIANS,bat,MUMBAI INDIANS,RUNS,23.0,149.0,20.0,N,NORMAL,HDPK Dharmasena,SJA Taufel,2013
729279,2014,ABU DHABI,2014-04-16,League,JH KALLIS,SHEIKH ZAYED STADIUM,MUMBAI INDIANS,KOLKATA KNIGHT RIDERS,KOLKATA KNIGHT RIDERS,bat,KOLKATA KNIGHT RIDERS,RUNS,41.0,164.0,20.0,N,NORMAL,M Erasmus,RK Illingworth,2014
729281,2014,UNKNOWN,2014-04-17,League,YS CHAHAL,SHARJAH CRICKET STADIUM,DELHI DAREDEVILS,ROYAL CHALLENGERS BANGALORE,ROYAL CHALLENGERS BANGALORE,field,ROYAL CHALLENGERS BANGALORE,WICKETS,8.0,146.0,20.0,N,NORMAL,Aleem Dar,S Ravi,2014
729283,2014,ABU DHABI,2014-04-18,League,GJ MAXWELL,SHEIKH ZAYED STADIUM,CHENNAI SUPER KINGS,KINGS XI PUNJAB,CHENNAI SUPER KINGS,bat,KINGS XI PUNJAB,WICKETS,6.0,206.0,20.0,N,NORMAL,RK Illingworth,C Shamshuddin,2014
729285,2014,ABU DHABI,2014-04-18,League,AM RAHANE,SHEIKH ZAYED STADIUM,SUNRISERS HYDERABAD,RAJASTHAN ROYALS,RAJASTHAN ROYALS,field,RAJASTHAN ROYALS,WICKETS,4.0,134.0,20.0,N,NORMAL,BF Bowden,RK Illingworth,2014
729287,2014,UNKNOWN,2014-04-19,League,PA PATEL,DUBAI INTERNATIONAL CRICKET STADIUM,ROYAL CHALLENGERS BANGALORE,MUMBAI INDIANS,ROYAL CHALLENGERS BANGALORE,field,ROYAL CHALLENGERS BANGALORE,WICKETS,7.0,116.0,20.0,N,NORMAL,Aleem Dar,AK Chaudhary,2014
729289,2014,UNKNOWN,2014-04-19,League,JP DUMINY,DUBAI INTERNATIONAL CRICKET STADIUM,KOLKATA KNIGHT RIDERS,DELHI DAREDEVILS,KOLKATA KNIGHT RIDERS,bat,DELHI DAREDEVILS,WICKETS,4.0,167.0,20.0,N,NORMAL,Aleem Dar,VA Kulkarni,2014
729291,2014,UNKNOWN,2014-04-20,League,GJ MAXWELL,SHARJAH CRICKET STADIUM,RAJASTHAN ROYALS,KINGS XI PUNJAB,KINGS XI PUNJAB,field,KINGS XI PUNJAB,WICKETS,7.0,192.0,20.0,N,NORMAL,BF Bowden,M Erasmus,2014
729293,2014,ABU DHABI,2014-04-21,League,SK RAINA,SHEIKH ZAYED STADIUM,CHENNAI SUPER KINGS,DELHI DAREDEVILS,CHENNAI SUPER KINGS,bat,CHENNAI SUPER KINGS,RUNS,93.0,178.0,20.0,N,NORMAL,RK Illingworth,C Shamshuddin,2014
729295,2014,UNKNOWN,2014-04-22,League,GJ MAXWELL,SHARJAH CRICKET STADIUM,KINGS XI PUNJAB,SUNRISERS HYDERABAD,SUNRISERS HYDERABAD,field,KINGS XI PUNJAB,RUNS,72.0,194.0,20.0,N,NORMAL,M Erasmus,S Ravi,2014
729297,2014,UNKNOWN,2014-04-23,League,RA JADEJA,DUBAI INTERNATIONAL CRICKET STADIUM,RAJASTHAN ROYALS,CHENNAI SUPER KINGS,RAJASTHAN ROYALS,field,CHENNAI SUPER KINGS,RUNS,7.0,141.0,20.0,N,NORMAL,HDPK Dharmasena,RK Illingworth,2014
729299,2014,UNKNOWN,2014-04-24,League,CA LYNN,SHARJAH CRICKET STADIUM,ROYAL CHALLENGERS BANGALORE,KOLKATA KNIGHT RIDERS,ROYAL CHALLENGERS BANGALORE,field,KOLKATA KNIGHT RIDERS,RUNS,2.0,151.0,20.0,N,NORMAL,Aleem Dar,VA Kulkarni,2014
729301,2014,UNKNOWN,2014-04-25,League,AJ FINCH,DUBAI INTERNATIONAL CRICKET STADIUM,SUNRISERS HYDERABAD,DELHI DAREDEVILS,SUNRISERS HYDERABAD,bat,SUNRISERS HYDERABAD,RUNS,4.0,185.0,20.0,N,NORMAL,M Erasmus,S Ravi,2014
729303,2014,UNKNOWN,2014-04-25,League,MM SHARMA,DUBAI INTERNATIONAL CRICKET STADIUM,CHENNAI SUPER KINGS,MUMBAI INDIANS,MUMBAI INDIANS,bat,CHENNAI SUPER KINGS,WICKETS,7.0,142.0,20.0,N,NORMAL,BF Bowden,M Erasmus,2014
729305,2014,ABU DHABI,2014-04-26,League,PV TAMBE,SHEIKH ZAYED STADIUM,RAJASTHAN ROYALS,ROYAL CHALLENGERS BANGALORE,RAJASTHAN ROYALS,field,RAJASTHAN ROYALS,WICKETS,6.0,71.0,20.0,N,NORMAL,HDPK Dharmasena,C Shamshuddin,2014
729307,2014,ABU DHABI,2014-04-26,League,SANDEEP SHARMA,SHEIKH ZAYED STADIUM,KOLKATA KNIGHT RIDERS,KINGS XI PUNJAB,KOLKATA KNIGHT RIDERS,field,KINGS XI PUNJAB,RUNS,23.0,133.0,20.0,N,NORMAL,HDPK Dharmasena,RK Illingworth,2014
729309,2014,UNKNOWN,2014-04-27,League,M VIJAY,SHARJAH CRICKET STADIUM,DELHI DAREDEVILS,MUMBAI INDIANS,MUMBAI INDIANS,bat,DELHI DAREDEVILS,WICKETS,6.0,126.0,20.0,N,NORMAL,Aleem Dar,VA Kulkarni,2014
729311,2014,UNKNOWN,2014-04-27,League,DR SMITH,SHARJAH CRICKET STADIUM,SUNRISERS HYDERABAD,CHENNAI SUPER KINGS,SUNRISERS HYDERABAD,bat,CHENNAI SUPER KINGS,WICKETS,5.0,146.0,20.0,N,NORMAL,AK Chaudhary,VA Kulkarni,2014
729313,2014,UNKNOWN,2014-04-28,League,SANDEEP SHARMA,DUBAI INTERNATIONAL CRICKET STADIUM,KINGS XI PUNJAB,ROYAL CHALLENGERS BANGALORE,KINGS XI PUNJAB,field,KINGS XI PUNJAB,WICKETS,5.0,125.0,20.0,N,NORMAL,BF Bowden,S Ravi,2014
729315,2014,ABU DHABI,2014-04-29,League,JP FAULKNER,SHEIKH ZAYED STADIUM,KOLKATA KNIGHT RIDERS,RAJASTHAN ROYALS,RAJASTHAN ROYALS,bat,RAJASTHAN ROYALS,TIE,0.0,153.0,20.0,Y,NORMAL,Aleem Dar,AK Chaudhary,2014
729317,2014,UNKNOWN,2014-04-30,League,B KUMAR,DUBAI INTERNATIONAL CRICKET STADIUM,MUMBAI INDIANS,SUNRISERS HYDERABAD,MUMBAI INDIANS,field,SUNRISERS HYDERABAD,RUNS,15.0,173.0,20.0,N,NORMAL,HDPK Dharmasena,M Erasmus,2014
733971,2014,RANCHI,2014-05-02,League,RA JADEJA,JSCA INTERNATIONAL STADIUM COMPLEX,CHENNAI SUPER KINGS,KOLKATA KNIGHT RIDERS,CHENNAI SUPER KINGS,bat,CHENNAI SUPER KINGS,RUNS,34.0,149.0,17.0,N,NORMAL,AK Chaudhary,NJ Llong,2014
733973,2014,MUMBAI,2014-05-03,League,CJ ANDERSON,WANKHEDE STADIUM,MUMBAI INDIANS,KINGS XI PUNJAB,KINGS XI PUNJAB,bat,MUMBAI INDIANS,WICKETS,5.0,169.0,20.0,N,NORMAL,BNJ Oxenford,C Shamshuddin,2014
733975,2014,DELHI,2014-05-03,League,KK NAIR,FEROZ SHAH KOTLA,DELHI DAREDEVILS,RAJASTHAN ROYALS,RAJASTHAN ROYALS,field,RAJASTHAN ROYALS,WICKETS,7.0,153.0,20.0,N,NORMAL,SS Hazare,S Ravi,2014
733977,2014,BANGALORE,2014-05-04,League,AB DE VILLIERS,M CHINNASWAMY STADIUM,ROYAL CHALLENGERS BANGALORE,SUNRISERS HYDERABAD,ROYAL CHALLENGERS BANGALORE,field,ROYAL CHALLENGERS BANGALORE,WICKETS,4.0,156.0,20.0,N,NORMAL,HDPK Dharmasena,VA Kulkarni,2014
733979,2014,AHMEDABAD,2014-05-05,League,PV TAMBE,"SARDAR PATEL STADIUM, MOTERA",RAJASTHAN ROYALS,KOLKATA KNIGHT RIDERS,KOLKATA KNIGHT RIDERS,field,RAJASTHAN ROYALS,RUNS,10.0,171.0,20.0,N,NORMAL,NJ Llong,CK Nandan,2014
733981,2014,DELHI,2014-05-05,League,DR SMITH,FEROZ SHAH KOTLA,DELHI DAREDEVILS,CHENNAI SUPER KINGS,CHENNAI SUPER KINGS,field,CHENNAI SUPER KINGS,WICKETS,8.0,179.0,20.0,N,NORMAL,RM Deshpande,BNJ Oxenford,2014
733983,2014,MUMBAI,2014-05-06,League,RG SHARMA,WANKHEDE STADIUM,MUMBAI INDIANS,ROYAL CHALLENGERS BANGALORE,ROYAL CHALLENGERS BANGALORE,field,MUMBAI INDIANS,RUNS,19.0,188.0,20.0,N,NORMAL,S Ravi,K Srinath,2014
733985,2014,DELHI,2014-05-07,League,G GAMBHIR,FEROZ SHAH KOTLA,DELHI DAREDEVILS,KOLKATA KNIGHT RIDERS,DELHI DAREDEVILS,bat,KOLKATA KNIGHT RIDERS,WICKETS,8.0,161.0,20.0,N,NORMAL,BNJ Oxenford,C Shamshuddin,2014
733987,2014,CUTTACK,2014-05-07,League,GJ MAXWELL,BARABATI STADIUM,KINGS XI PUNJAB,CHENNAI SUPER KINGS,CHENNAI SUPER KINGS,field,KINGS XI PUNJAB,RUNS,44.0,232.0,20.0,N,NORMAL,HDPK Dharmasena,PG Pathak,2014
733989,2014,AHMEDABAD,2014-05-08,League,B KUMAR,"SARDAR PATEL STADIUM, MOTERA",RAJASTHAN ROYALS,SUNRISERS HYDERABAD,RAJASTHAN ROYALS,field,SUNRISERS HYDERABAD,RUNS,32.0,135.0,20.0,N,NORMAL,AK Chaudhary,NJ Llong,2014
733991,2014,BANGALORE,2014-05-09,League,SANDEEP SHARMA,M CHINNASWAMY STADIUM,ROYAL CHALLENGERS BANGALORE,KINGS XI PUNJAB,ROYAL CHALLENGERS BANGALORE,field,KINGS XI PUNJAB,RUNS,32.0,199.0,20.0,N,NORMAL,S Ravi,K Srinath,2014
733993,2014,DELHI,2014-05-10,League,DW STEYN,FEROZ SHAH KOTLA,DELHI DAREDEVILS,SUNRISERS HYDERABAD,SUNRISERS HYDERABAD,field,SUNRISERS HYDERABAD,WICKETS,8.0,43.0,5.0,N,D/L,RM Deshpande,BNJ Oxenford,2014
733995,2014,MUMBAI,2014-05-10,League,DR SMITH,WANKHEDE STADIUM,MUMBAI INDIANS,CHENNAI SUPER KINGS,CHENNAI SUPER KINGS,field,CHENNAI SUPER KINGS,WICKETS,4.0,158.0,20.0,N,NORMAL,HDPK Dharmasena,VA Kulkarni,2014
733997,2014,CUTTACK,2014-05-11,League,G GAMBHIR,BARABATI STADIUM,KINGS XI PUNJAB,KOLKATA KNIGHT RIDERS,KOLKATA KNIGHT RIDERS,field,KOLKATA KNIGHT RIDERS,WICKETS,9.0,150.0,20.0,N,NORMAL,NJ Llong,CK Nandan,2014
733999,2014,BANGALORE,2014-05-11,League,JP FAULKNER,M CHINNASWAMY STADIUM,ROYAL CHALLENGERS BANGALORE,RAJASTHAN ROYALS,ROYAL CHALLENGERS BANGALORE,bat,RAJASTHAN ROYALS,WICKETS,5.0,191.0,20.0,N,NORMAL,S Ravi,RJ Tucker,2014
734001,2014,HYDERABAD,2014-05-12,League,AT RAYUDU,"RAJIV GANDHI INTERNATIONAL STADIUM, UPPAL",SUNRISERS HYDERABAD,MUMBAI INDIANS,SUNRISERS HYDERABAD,bat,MUMBAI INDIANS,WICKETS,7.0,158.0,20.0,N,NORMAL,HDPK Dharmasena,VA Kulkarni,2014
734003,2014,RANCHI,2014-05-13,League,RA JADEJA,JSCA INTERNATIONAL STADIUM COMPLEX,CHENNAI SUPER KINGS,RAJASTHAN ROYALS,RAJASTHAN ROYALS,bat,CHENNAI SUPER KINGS,WICKETS,5.0,149.0,20.0,N,NORMAL,BNJ Oxenford,C Shamshuddin,2014
734005,2014,BANGALORE,2014-05-13,League,YUVRAJ SINGH,M CHINNASWAMY STADIUM,ROYAL CHALLENGERS BANGALORE,DELHI DAREDEVILS,DELHI DAREDEVILS,field,ROYAL CHALLENGERS BANGALORE,RUNS,16.0,187.0,20.0,N,NORMAL,K Srinath,RJ Tucker,2014
734007,2014,HYDERABAD,2014-05-14,League,WP SAHA,"RAJIV GANDHI INTERNATIONAL STADIUM, UPPAL",SUNRISERS HYDERABAD,KINGS XI PUNJAB,KINGS XI PUNJAB,field,KINGS XI PUNJAB,WICKETS,6.0,206.0,20.0,N,NORMAL,VA Kulkarni,PG Pathak,2014
734009,2014,CUTTACK,2014-05-14,League,RV UTHAPPA,BARABATI STADIUM,KOLKATA KNIGHT RIDERS,MUMBAI INDIANS,KOLKATA KNIGHT RIDERS,field,KOLKATA KNIGHT RIDERS,WICKETS,6.0,142.0,20.0,N,NORMAL,AK Chaudhary,NJ Llong,2014
734011,2014,AHMEDABAD,2014-05-15,League,AM RAHANE,"SARDAR PATEL STADIUM, MOTERA",RAJASTHAN ROYALS,DELHI DAREDEVILS,DELHI DAREDEVILS,field,RAJASTHAN ROYALS,RUNS,62.0,202.0,20.0,N,NORMAL,S Ravi,RJ Tucker,2014
734013,2014,RANCHI,2014-05-18,League,AB DE VILLIERS,JSCA INTERNATIONAL STADIUM COMPLEX,CHENNAI SUPER KINGS,ROYAL CHALLENGERS BANGALORE,CHENNAI SUPER KINGS,bat,ROYAL CHALLENGERS BANGALORE,WICKETS,5.0,139.0,20.0,N,NORMAL,BNJ Oxenford,C Shamshuddin,2014
734015,2014,HYDERABAD,2014-05-18,League,UT YADAV,"RAJIV GANDHI INTERNATIONAL STADIUM, UPPAL",SUNRISERS HYDERABAD,KOLKATA KNIGHT RIDERS,SUNRISERS HYDERABAD,bat,KOLKATA KNIGHT RIDERS,WICKETS,7.0,143.0,20.0,N,NORMAL,NJ Llong,CK Nandan,2014
734017,2014,AHMEDABAD,2014-05-19,League,MEK HUSSEY,"SARDAR PATEL STADIUM, MOTERA",RAJASTHAN ROYALS,MUMBAI INDIANS,MUMBAI INDIANS,bat,MUMBAI INDIANS,RUNS,25.0,179.0,20.0,N,NORMAL,S Ravi,RJ Tucker,2014
734019,2014,DELHI,2014-05-19,League,AR PATEL,FEROZ SHAH KOTLA,DELHI DAREDEVILS,KINGS XI PUNJAB,KINGS XI PUNJAB,field,KINGS XI PUNJAB,WICKETS,4.0,165.0,20.0,N,NORMAL,HDPK Dharmasena,PG Pathak,2014
734021,2014,HYDERABAD,2014-05-20,League,DA WARNER,"RAJIV GANDHI INTERNATIONAL STADIUM, UPPAL",SUNRISERS HYDERABAD,ROYAL CHALLENGERS BANGALORE,ROYAL CHALLENGERS BANGALORE,bat,SUNRISERS HYDERABAD,WICKETS,7.0,161.0,20.0,N,NORMAL,AK Chaudhary,NJ Llong,2014
734023,2014,KOLKATA,2014-05-20,League,RV UTHAPPA,EDEN GARDENS,KOLKATA KNIGHT RIDERS,CHENNAI SUPER KINGS,KOLKATA KNIGHT RIDERS,field,KOLKATA KNIGHT RIDERS,WICKETS,8.0,155.0,20.0,N,NORMAL,RM Deshpande,C Shamshuddin,2014
734025,2014,CHANDIGARH,2014-05-21,League,LMP SIMMONS,"PUNJAB CRICKET ASSOCIATION STADIUM, MOHALI",KINGS XI PUNJAB,MUMBAI INDIANS,MUMBAI INDIANS,field,MUMBAI INDIANS,WICKETS,7.0,157.0,20.0,N,NORMAL,HDPK Dharmasena,VA Kulkarni,2014
734027,2014,KOLKATA,2014-05-22,League,RV UTHAPPA,EDEN GARDENS,KOLKATA KNIGHT RIDERS,ROYAL CHALLENGERS BANGALORE,ROYAL CHALLENGERS BANGALORE,field,KOLKATA KNIGHT RIDERS,RUNS,30.0,196.0,20.0,N,NORMAL,AK Chaudhary,CK Nandan,2014
734029,2014,RANCHI,2014-05-22,League,DA WARNER,JSCA INTERNATIONAL STADIUM COMPLEX,CHENNAI SUPER KINGS,SUNRISERS HYDERABAD,SUNRISERS HYDERABAD,field,SUNRISERS HYDERABAD,WICKETS,6.0,186.0,20.0,N,NORMAL,BNJ Oxenford,C Shamshuddin,2014
734031,2014,MUMBAI,2014-05-23,League,MEK HUSSEY,WANKHEDE STADIUM,MUMBAI INDIANS,DELHI DAREDEVILS,DELHI DAREDEVILS,field,MUMBAI INDIANS,RUNS,15.0,174.0,20.0,N,NORMAL,S Ravi,RJ Tucker,2014
734033,2014,CHANDIGARH,2014-05-23,League,SE MARSH,"PUNJAB CRICKET ASSOCIATION STADIUM, MOHALI",KINGS XI PUNJAB,RAJASTHAN ROYALS,RAJASTHAN ROYALS,field,KINGS XI PUNJAB,RUNS,16.0,180.0,20.0,N,NORMAL,HDPK Dharmasena,PG Pathak,2014
734035,2014,BANGALORE,2014-05-24,League,MS DHONI,M CHINNASWAMY STADIUM,ROYAL CHALLENGERS BANGALORE,CHENNAI SUPER KINGS,CHENNAI SUPER KINGS,field,CHENNAI SUPER KINGS,WICKETS,8.0,155.0,20.0,N,NORMAL,AK Chaudhary,NJ Llong,2014
734037,2014,KOLKATA,2014-05-24,League,YK PATHAN,EDEN GARDENS,KOLKATA KNIGHT RIDERS,SUNRISERS HYDERABAD,KOLKATA KNIGHT RIDERS,field,KOLKATA KNIGHT RIDERS,WICKETS,4.0,161.0,20.0,N,NORMAL,RM Deshpande,BNJ Oxenford,2014
734039,2014,CHANDIGARH,2014-05-25,League,M VOHRA,"PUNJAB CRICKET ASSOCIATION STADIUM, MOHALI",KINGS XI PUNJAB,DELHI DAREDEVILS,KINGS XI PUNJAB,field,KINGS XI PUNJAB,WICKETS,7.0,116.0,20.0,N,NORMAL,HDPK Dharmasena,VA Kulkarni,2014
734041,2014,MUMBAI,2014-05-25,League,CJ ANDERSON,WANKHEDE STADIUM,MUMBAI INDIANS,RAJASTHAN ROYALS,MUMBAI INDIANS,field,MUMBAI INDIANS,WICKETS,5.0,190.0,20.0,N,NORMAL,K Srinath,RJ Tucker,2014
734043,2014,KOLKATA,2014-05-27,Qualifier 1,UT YADAV,EDEN GARDENS,KINGS XI PUNJAB,KOLKATA KNIGHT RIDERS,KINGS XI PUNJAB,field,KOLKATA KNIGHT RIDERS,RUNS,28.0,164.0,20.0,N,NORMAL,NJ Llong,S Ravi,2014
734045,2014,MUMBAI,2014-05-28,Eliminator,SK RAINA,BRABOURNE STADIUM,CHENNAI SUPER KINGS,MUMBAI INDIANS,CHENNAI SUPER KINGS,field,CHENNAI SUPER KINGS,WICKETS,7.0,174.0,20.0,N,NORMAL,VA Kulkarni,BNJ Oxenford,2014
734047,2014,MUMBAI,2014-05-30,Qualifier 2,V SEHWAG,WANKHEDE STADIUM,CHENNAI SUPER KINGS,KINGS XI PUNJAB,CHENNAI SUPER KINGS,field,KINGS XI PUNJAB,RUNS,24.0,227.0,20.0,N,NORMAL,HDPK Dharmasena,RJ Tucker,2014
734049,2014,BANGALORE,2014-06-01,Final,MK PANDEY,M CHINNASWAMY STADIUM,KOLKATA KNIGHT RIDERS,KINGS XI PUNJAB,KOLKATA KNIGHT RIDERS,field,KOLKATA KNIGHT RIDERS,WICKETS,3.0,200.0,20.0,N,NORMAL,HDPK Dharmasena,BNJ Oxenford,2014
829705,2015,KOLKATA,2015-04-08,League,M MORKEL,EDEN GARDENS,KOLKATA KNIGHT RIDERS,MUMBAI INDIANS,KOLKATA KNIGHT RIDERS,field,KOLKATA KNIGHT RIDERS,WICKETS,7.0,169.0,20.0,N,NORMAL,S Ravi,C Shamshuddin,2015
829707,2015,CHENNAI,2015-04-09,League,A NEHRA,"MA CHIDAMBARAM STADIUM, CHEPAUK",CHENNAI SUPER KINGS,DELHI DAREDEVILS,DELHI DAREDEVILS,field,CHENNAI SUPER KINGS,RUNS,1.0,151.0,20.0,N,NORMAL,RK Illingworth,VA Kulkarni,2015
829709,2015,PUNE,2015-04-10,League,JP FAULKNER,MAHARASHTRA CRICKET ASSOCIATION STADIUM,KINGS XI PUNJAB,RAJASTHAN ROYALS,KINGS XI PUNJAB,field,RAJASTHAN ROYALS,RUNS,26.0,163.0,20.0,N,NORMAL,SD Fry,CB Gaffaney,2015
829711,2015,CHENNAI,2015-04-11,League,BB MCCULLUM,"MA CHIDAMBARAM STADIUM, CHEPAUK",CHENNAI SUPER KINGS,SUNRISERS HYDERABAD,CHENNAI SUPER KINGS,bat,CHENNAI SUPER KINGS,RUNS,45.0,210.0,20.0,N,NORMAL,RK Illingworth,VA Kulkarni,2015
829713,2015,KOLKATA,2015-04-11,League,CH GAYLE,EDEN GARDENS,KOLKATA KNIGHT RIDERS,ROYAL CHALLENGERS BANGALORE,ROYAL CHALLENGERS BANGALORE,field,ROYAL CHALLENGERS BANGALORE,WICKETS,3.0,178.0,20.0,N,NORMAL,S Ravi,C Shamshuddin,2015
829715,2015,DELHI,2015-04-12,League,DJ HOODA,FEROZ SHAH KOTLA,DELHI DAREDEVILS,RAJASTHAN ROYALS,RAJASTHAN ROYALS,field,RAJASTHAN ROYALS,WICKETS,3.0,185.0,20.0,N,NORMAL,SD Fry,CB Gaffaney,2015
829717,2015,MUMBAI,2015-04-12,League,GJ BAILEY,WANKHEDE STADIUM,MUMBAI INDIANS,KINGS XI PUNJAB,MUMBAI INDIANS,field,KINGS XI PUNJAB,RUNS,18.0,178.0,20.0,N,NORMAL,AK Chaudhary,K Srinivasan,2015
829719,2015,BANGALORE,2015-04-13,League,DA WARNER,M CHINNASWAMY STADIUM,ROYAL CHALLENGERS BANGALORE,SUNRISERS HYDERABAD,SUNRISERS HYDERABAD,field,SUNRISERS HYDERABAD,WICKETS,8.0,167.0,20.0,N,NORMAL,RM Deshpande,RK Illingworth,2015
829721,2015,AHMEDABAD,2015-04-14,League,SPD SMITH,"SARDAR PATEL STADIUM, MOTERA",RAJASTHAN ROYALS,MUMBAI INDIANS,MUMBAI INDIANS,bat,RAJASTHAN ROYALS,WICKETS,7.0,165.0,20.0,N,NORMAL,AK Chaudhary,SD Fry,2015
829725,2015,PUNE,2015-04-15,League,MA AGARWAL,MAHARASHTRA CRICKET ASSOCIATION STADIUM,KINGS XI PUNJAB,DELHI DAREDEVILS,KINGS XI PUNJAB,bat,DELHI DAREDEVILS,WICKETS,5.0,166.0,20.0,N,NORMAL,CB Gaffaney,K Srinath,2015
829727,2015,VISAKHAPATNAM,2015-04-16,League,AM RAHANE,DR. Y.S. RAJASEKHARA REDDY ACA-VDCA CRICKET STADIUM,SUNRISERS HYDERABAD,RAJASTHAN ROYALS,RAJASTHAN ROYALS,field,RAJASTHAN ROYALS,WICKETS,6.0,128.0,20.0,N,NORMAL,PG Pathak,S Ravi,2015
829729,2015,MUMBAI,2015-04-17,League,A NEHRA,WANKHEDE STADIUM,MUMBAI INDIANS,CHENNAI SUPER KINGS,MUMBAI INDIANS,bat,CHENNAI SUPER KINGS,WICKETS,6.0,184.0,20.0,N,NORMAL,AK Chaudhary,M Erasmus,2015
829731,2015,VISAKHAPATNAM,2015-04-18,League,JP DUMINY,DR. Y.S. RAJASEKHARA REDDY ACA-VDCA CRICKET STADIUM,SUNRISERS HYDERABAD,DELHI DAREDEVILS,DELHI DAREDEVILS,bat,DELHI DAREDEVILS,RUNS,4.0,168.0,20.0,N,NORMAL,PG Pathak,S Ravi,2015
829733,2015,PUNE,2015-04-18,League,AD RUSSELL,MAHARASHTRA CRICKET ASSOCIATION STADIUM,KINGS XI PUNJAB,KOLKATA KNIGHT RIDERS,KOLKATA KNIGHT RIDERS,field,KOLKATA KNIGHT RIDERS,WICKETS,4.0,156.0,20.0,N,NORMAL,SD Fry,CK Nandan,2015
829735,2015,AHMEDABAD,2015-04-19,League,AM RAHANE,"SARDAR PATEL STADIUM, MOTERA",RAJASTHAN ROYALS,CHENNAI SUPER KINGS,CHENNAI SUPER KINGS,bat,RAJASTHAN ROYALS,WICKETS,8.0,157.0,20.0,N,NORMAL,AK Chaudhary,M Erasmus,2015
829737,2015,BANGALORE,2015-04-19,League,HARBHAJAN SINGH,M CHINNASWAMY STADIUM,ROYAL CHALLENGERS BANGALORE,MUMBAI INDIANS,ROYAL CHALLENGERS BANGALORE,field,MUMBAI INDIANS,RUNS,18.0,210.0,20.0,N,NORMAL,RK Illingworth,VA Kulkarni,2015
829739,2015,DELHI,2015-04-20,League,UT YADAV,FEROZ SHAH KOTLA,DELHI DAREDEVILS,KOLKATA KNIGHT RIDERS,KOLKATA KNIGHT RIDERS,field,KOLKATA KNIGHT RIDERS,WICKETS,6.0,147.0,20.0,N,NORMAL,SD Fry,CB Gaffaney,2015
829741,2015,AHMEDABAD,2015-04-21,League,SE MARSH,"SARDAR PATEL STADIUM, MOTERA",RAJASTHAN ROYALS,KINGS XI PUNJAB,KINGS XI PUNJAB,field,KINGS XI PUNJAB,TIE,0.0,192.0,20.0,Y,NORMAL,M Erasmus,S Ravi,2015
829743,2015,VISAKHAPATNAM,2015-04-22,League,DA WARNER,DR. Y.S. RAJASEKHARA REDDY ACA-VDCA CRICKET STADIUM,SUNRISERS HYDERABAD,KOLKATA KNIGHT RIDERS,KOLKATA KNIGHT RIDERS,field,SUNRISERS HYDERABAD,RUNS,16.0,118.0,12.0,N,D/L,RK Illingworth,VA Kulkarni,2015
829745,2015,BANGALORE,2015-04-22,League,SK RAINA,M CHINNASWAMY STADIUM,ROYAL CHALLENGERS BANGALORE,CHENNAI SUPER KINGS,ROYAL CHALLENGERS BANGALORE,field,CHENNAI SUPER KINGS,RUNS,27.0,182.0,20.0,N,NORMAL,JD Cloete,C Shamshuddin,2015
829747,2015,DELHI,2015-04-23,League,SS IYER,FEROZ SHAH KOTLA,DELHI DAREDEVILS,MUMBAI INDIANS,MUMBAI INDIANS,field,DELHI DAREDEVILS,RUNS,37.0,191.0,20.0,N,NORMAL,SD Fry,CK Nandan,2015
829749,2015,AHMEDABAD,2015-04-24,League,MA STARC,"SARDAR PATEL STADIUM, MOTERA",RAJASTHAN ROYALS,ROYAL CHALLENGERS BANGALORE,ROYAL CHALLENGERS BANGALORE,field,ROYAL CHALLENGERS BANGALORE,WICKETS,9.0,131.0,20.0,N,NORMAL,M Erasmus,S Ravi,2015
829751,2015,MUMBAI,2015-04-25,League,SL MALINGA,WANKHEDE STADIUM,MUMBAI INDIANS,SUNRISERS HYDERABAD,MUMBAI INDIANS,bat,MUMBAI INDIANS,RUNS,20.0,158.0,20.0,N,NORMAL,HDPK Dharmasena,CB Gaffaney,2015
829753,2015,CHENNAI,2015-04-25,League,BB MCCULLUM,"MA CHIDAMBARAM STADIUM, CHEPAUK",CHENNAI SUPER KINGS,KINGS XI PUNJAB,CHENNAI SUPER KINGS,bat,CHENNAI SUPER KINGS,RUNS,97.0,193.0,20.0,N,NORMAL,JD Cloete,C Shamshuddin,2015
829757,2015,DELHI,2015-04-26,League,VR AARON,FEROZ SHAH KOTLA,DELHI DAREDEVILS,ROYAL CHALLENGERS BANGALORE,ROYAL CHALLENGERS BANGALORE,field,ROYAL CHALLENGERS BANGALORE,WICKETS,10.0,96.0,20.0,N,NORMAL,M Erasmus,S Ravi,2015
829759,2015,CHANDIGARH,2015-04-27,League,TA BOULT,"PUNJAB CRICKET ASSOCIATION STADIUM, MOHALI",KINGS XI PUNJAB,SUNRISERS HYDERABAD,KINGS XI PUNJAB,field,SUNRISERS HYDERABAD,RUNS,20.0,151.0,20.0,N,NORMAL,HDPK Dharmasena,CB Gaffaney,2015
829765,2015,CHENNAI,2015-04-28,League,DJ BRAVO,"MA CHIDAMBARAM STADIUM, CHEPAUK",CHENNAI SUPER KINGS,KOLKATA KNIGHT RIDERS,KOLKATA KNIGHT RIDERS,field,CHENNAI SUPER KINGS,RUNS,2.0,135.0,20.0,N,NORMAL,RM Deshpande,VA Kulkarni,2015
829763,2015,BANGALORE,2015-04-29,League,NO AWARD,M CHINNASWAMY STADIUM,ROYAL CHALLENGERS BANGALORE,RAJASTHAN ROYALS,RAJASTHAN ROYALS,field,NO RESULT,NO RESULT,0.0,0.0,0.0,N,NORMAL,JD Cloete,PG Pathak,2015
829723,2015,KOLKATA,2015-04-30,League,AD RUSSELL,EDEN GARDENS,KOLKATA KNIGHT RIDERS,CHENNAI SUPER KINGS,KOLKATA KNIGHT RIDERS,field,KOLKATA KNIGHT RIDERS,WICKETS,7.0,166.0,20.0,N,NORMAL,AK Chaudhary,M Erasmus,2015
829767,2015,DELHI,2015-05-01,League,NM COULTER-NILE,FEROZ SHAH KOTLA,DELHI DAREDEVILS,KINGS XI PUNJAB,DELHI DAREDEVILS,field,DELHI DAREDEVILS,WICKETS,9.0,119.0,20.0,N,NORMAL,RK Illingworth,S Ravi,2015
829769,2015,MUMBAI,2015-05-01,League,AT RAYUDU,WANKHEDE STADIUM,MUMBAI INDIANS,RAJASTHAN ROYALS,RAJASTHAN ROYALS,field,MUMBAI INDIANS,RUNS,8.0,188.0,20.0,N,NORMAL,HDPK Dharmasena,CK Nandan,2015
829771,2015,BANGALORE,2015-05-02,League,MANDEEP SINGH,M CHINNASWAMY STADIUM,ROYAL CHALLENGERS BANGALORE,KOLKATA KNIGHT RIDERS,ROYAL CHALLENGERS BANGALORE,field,ROYAL CHALLENGERS BANGALORE,WICKETS,7.0,112.0,10.0,N,NORMAL,JD Cloete,PG Pathak,2015
829773,2015,HYDERABAD,2015-05-02,League,DA WARNER,"RAJIV GANDHI INTERNATIONAL STADIUM, UPPAL",SUNRISERS HYDERABAD,CHENNAI SUPER KINGS,CHENNAI SUPER KINGS,field,SUNRISERS HYDERABAD,RUNS,22.0,193.0,20.0,N,NORMAL,AK Chaudhary,K Srinivasan,2015
829775,2015,CHANDIGARH,2015-05-03,League,LMP SIMMONS,"PUNJAB CRICKET ASSOCIATION STADIUM, MOHALI",KINGS XI PUNJAB,MUMBAI INDIANS,MUMBAI INDIANS,bat,MUMBAI INDIANS,RUNS,23.0,173.0,20.0,N,NORMAL,RK Illingworth,VA Kulkarni,2015
829777,2015,MUMBAI,2015-05-03,League,AM RAHANE,BRABOURNE STADIUM,RAJASTHAN ROYALS,DELHI DAREDEVILS,DELHI DAREDEVILS,field,RAJASTHAN ROYALS,RUNS,14.0,190.0,20.0,N,NORMAL,HDPK Dharmasena,CB Gaffaney,2015
829779,2015,CHENNAI,2015-05-04,League,SK RAINA,"MA CHIDAMBARAM STADIUM, CHEPAUK",CHENNAI SUPER KINGS,ROYAL CHALLENGERS BANGALORE,CHENNAI SUPER KINGS,bat,CHENNAI SUPER KINGS,RUNS,24.0,149.0,20.0,N,NORMAL,C Shamshuddin,K Srinath,2015
829781,2015,KOLKATA,2015-05-04,League,UT YADAV,EDEN GARDENS,KOLKATA KNIGHT RIDERS,SUNRISERS HYDERABAD,SUNRISERS HYDERABAD,field,KOLKATA KNIGHT RIDERS,RUNS,35.0,168.0,20.0,N,NORMAL,AK Chaudhary,M Erasmus,2015
829783,2015,MUMBAI,2015-05-05,League,HARBHAJAN SINGH,WANKHEDE STADIUM,MUMBAI INDIANS,DELHI DAREDEVILS,DELHI DAREDEVILS,bat,MUMBAI INDIANS,WICKETS,5.0,153.0,20.0,N,NORMAL,HDPK Dharmasena,CB Gaffaney,2015
829785,2015,BANGALORE,2015-05-06,League,CH GAYLE,M CHINNASWAMY STADIUM,ROYAL CHALLENGERS BANGALORE,KINGS XI PUNJAB,KINGS XI PUNJAB,field,ROYAL CHALLENGERS BANGALORE,RUNS,138.0,227.0,20.0,N,NORMAL,RK Illingworth,VA Kulkarni,2015
829761,2015,KOLKATA,2015-05-07,League,PP CHAWLA,EDEN GARDENS,KOLKATA KNIGHT RIDERS,DELHI DAREDEVILS,KOLKATA KNIGHT RIDERS,bat,KOLKATA KNIGHT RIDERS,RUNS,13.0,172.0,20.0,N,NORMAL,AK Chaudhary,M Erasmus,2015
829787,2015,MUMBAI,2015-05-07,League,EJG MORGAN,BRABOURNE STADIUM,RAJASTHAN ROYALS,SUNRISERS HYDERABAD,RAJASTHAN ROYALS,field,SUNRISERS HYDERABAD,RUNS,7.0,202.0,20.0,N,NORMAL,JD Cloete,C Shamshuddin,2015
829789,2015,CHENNAI,2015-05-08,League,HH PANDYA,"MA CHIDAMBARAM STADIUM, CHEPAUK",CHENNAI SUPER KINGS,MUMBAI INDIANS,CHENNAI SUPER KINGS,bat,MUMBAI INDIANS,WICKETS,6.0,159.0,20.0,N,NORMAL,CB Gaffaney,CK Nandan,2015
829791,2015,KOLKATA,2015-05-09,League,AD RUSSELL,EDEN GARDENS,KOLKATA KNIGHT RIDERS,KINGS XI PUNJAB,KINGS XI PUNJAB,bat,KOLKATA KNIGHT RIDERS,WICKETS,1.0,184.0,20.0,N,NORMAL,AK Chaudhary,HDPK Dharmasena,2015
829793,2015,RAIPUR,2015-05-09,League,MC HENRIQUES,SHAHEED VEER NARAYAN SINGH INTERNATIONAL STADIUM,DELHI DAREDEVILS,SUNRISERS HYDERABAD,SUNRISERS HYDERABAD,bat,SUNRISERS HYDERABAD,RUNS,6.0,164.0,20.0,N,NORMAL,VA Kulkarni,S Ravi,2015
829795,2015,MUMBAI,2015-05-10,League,AB DE VILLIERS,WANKHEDE STADIUM,MUMBAI INDIANS,ROYAL CHALLENGERS BANGALORE,ROYAL CHALLENGERS BANGALORE,bat,ROYAL CHALLENGERS BANGALORE,RUNS,39.0,236.0,20.0,N,NORMAL,JD Cloete,C Shamshuddin,2015
829797,2015,CHENNAI,2015-05-10,League,RA JADEJA,"MA CHIDAMBARAM STADIUM, CHEPAUK",CHENNAI SUPER KINGS,RAJASTHAN ROYALS,CHENNAI SUPER KINGS,bat,CHENNAI SUPER KINGS,RUNS,12.0,158.0,20.0,N,NORMAL,M Erasmus,CK Nandan,2015
829799,2015,HYDERABAD,2015-05-11,League,DA WARNER,"RAJIV GANDHI INTERNATIONAL STADIUM, UPPAL",SUNRISERS HYDERABAD,KINGS XI PUNJAB,SUNRISERS HYDERABAD,bat,SUNRISERS HYDERABAD,RUNS,5.0,186.0,20.0,N,NORMAL,AK Chaudhary,HDPK Dharmasena,2015
829801,2015,RAIPUR,2015-05-12,League,Z KHAN,SHAHEED VEER NARAYAN SINGH INTERNATIONAL STADIUM,DELHI DAREDEVILS,CHENNAI SUPER KINGS,CHENNAI SUPER KINGS,bat,DELHI DAREDEVILS,WICKETS,6.0,120.0,20.0,N,NORMAL,RK Illingworth,VA Kulkarni,2015
829803,2015,CHANDIGARH,2015-05-13,League,AR PATEL,"PUNJAB CRICKET ASSOCIATION STADIUM, MOHALI",KINGS XI PUNJAB,ROYAL CHALLENGERS BANGALORE,ROYAL CHALLENGERS BANGALORE,field,KINGS XI PUNJAB,RUNS,22.0,107.0,10.0,N,NORMAL,JD Cloete,C Shamshuddin,2015
829805,2015,MUMBAI,2015-05-14,League,HH PANDYA,WANKHEDE STADIUM,MUMBAI INDIANS,KOLKATA KNIGHT RIDERS,KOLKATA KNIGHT RIDERS,field,MUMBAI INDIANS,RUNS,5.0,172.0,20.0,N,NORMAL,RK Illingworth,VA Kulkarni,2015
829807,2015,HYDERABAD,2015-05-15,League,V KOHLI,"RAJIV GANDHI INTERNATIONAL STADIUM, UPPAL",SUNRISERS HYDERABAD,ROYAL CHALLENGERS BANGALORE,SUNRISERS HYDERABAD,bat,ROYAL CHALLENGERS BANGALORE,WICKETS,6.0,81.0,6.0,N,D/L,AK Chaudhary,HDPK Dharmasena,2015
829809,2015,CHANDIGARH,2015-05-16,League,P NEGI,"PUNJAB CRICKET ASSOCIATION STADIUM, MOHALI",KINGS XI PUNJAB,CHENNAI SUPER KINGS,KINGS XI PUNJAB,bat,CHENNAI SUPER KINGS,WICKETS,7.0,131.0,20.0,N,NORMAL,CK Nandan,C Shamshuddin,2015
829811,2015,MUMBAI,2015-05-16,League,SR WATSON,BRABOURNE STADIUM,RAJASTHAN ROYALS,KOLKATA KNIGHT RIDERS,RAJASTHAN ROYALS,bat,RAJASTHAN ROYALS,RUNS,9.0,200.0,20.0,N,NORMAL,RM Deshpande,RK Illingworth,2015
829813,2015,BANGALORE,2015-05-17,League,NO AWARD,M CHINNASWAMY STADIUM,ROYAL CHALLENGERS BANGALORE,DELHI DAREDEVILS,ROYAL CHALLENGERS BANGALORE,field,NO RESULT,NO RESULT,0.0,188.0,20.0,N,NORMAL,HDPK Dharmasena,K Srinivasan,2015
829815,2015,HYDERABAD,2015-05-17,League,MJ MCCLENAGHAN,"RAJIV GANDHI INTERNATIONAL STADIUM, UPPAL",SUNRISERS HYDERABAD,MUMBAI INDIANS,SUNRISERS HYDERABAD,bat,MUMBAI INDIANS,WICKETS,9.0,114.0,20.0,N,NORMAL,CB Gaffaney,K Srinath,2015
829817,2015,MUMBAI,2015-05-19,Qualifier 1,KA POLLARD,WANKHEDE STADIUM,CHENNAI SUPER KINGS,MUMBAI INDIANS,MUMBAI INDIANS,bat,MUMBAI INDIANS,RUNS,25.0,188.0,20.0,N,NORMAL,HDPK Dharmasena,RK Illingworth,2015
829819,2015,PUNE,2015-05-20,Eliminator,AB DE VILLIERS,MAHARASHTRA CRICKET ASSOCIATION STADIUM,ROYAL CHALLENGERS BANGALORE,RAJASTHAN ROYALS,ROYAL CHALLENGERS BANGALORE,bat,ROYAL CHALLENGERS BANGALORE,RUNS,71.0,181.0,20.0,N,NORMAL,AK Chaudhary,C Shamshuddin,2015
829821,2015,RANCHI,2015-05-22,Qualifier 2,A NEHRA,JSCA INTERNATIONAL STADIUM COMPLEX,CHENNAI SUPER KINGS,ROYAL CHALLENGERS BANGALORE,CHENNAI SUPER KINGS,field,CHENNAI SUPER KINGS,WICKETS,3.0,140.0,20.0,N,NORMAL,AK Chaudhary,CB Gaffaney,2015
829823,2015,KOLKATA,2015-05-24,Final,RG SHARMA,EDEN GARDENS,MUMBAI INDIANS,CHENNAI SUPER KINGS,CHENNAI SUPER KINGS,field,MUMBAI INDIANS,RUNS,41.0,203.0,20.0,N,NORMAL,HDPK Dharmasena,RK Illingworth,2015
980901,2016,MUMBAI,2016-04-09,League,AM RAHANE,WANKHEDE STADIUM,MUMBAI INDIANS,RISING PUNE SUPERGIANTS,MUMBAI INDIANS,bat,RISING PUNE SUPERGIANTS,WICKETS,9.0,122.0,20.0,N,NORMAL,HDPK Dharmasena,CK Nandan,2016
980903,2016,KOLKATA,2016-04-10,League,AD RUSSELL,EDEN GARDENS,KOLKATA KNIGHT RIDERS,DELHI DAREDEVILS,KOLKATA KNIGHT RIDERS,field,KOLKATA KNIGHT RIDERS,WICKETS,9.0,99.0,20.0,N,NORMAL,S Ravi,C Shamshuddin,2016
980905,2016,CHANDIGARH,2016-04-11,League,AJ FINCH,"PUNJAB CRICKET ASSOCIATION IS BINDRA STADIUM, MOHALI",KINGS XI PUNJAB,GUJARAT LIONS,GUJARAT LIONS,field,GUJARAT LIONS,WICKETS,5.0,162.0,20.0,N,NORMAL,AK Chaudhary,VA Kulkarni,2016
980907,2016,BANGALORE,2016-04-12,League,AB DE VILLIERS,M CHINNASWAMY STADIUM,ROYAL CHALLENGERS BANGALORE,SUNRISERS HYDERABAD,SUNRISERS HYDERABAD,field,ROYAL CHALLENGERS BANGALORE,RUNS,45.0,228.0,20.0,N,NORMAL,HDPK Dharmasena,VK Sharma,2016
980909,2016,KOLKATA,2016-04-13,League,RG SHARMA,EDEN GARDENS,KOLKATA KNIGHT RIDERS,MUMBAI INDIANS,MUMBAI INDIANS,field,MUMBAI INDIANS,WICKETS,6.0,188.0,20.0,N,NORMAL,Nitin Menon,S Ravi,2016
980911,2016,RAJKOT,2016-04-14,League,AJ FINCH,SAURASHTRA CRICKET ASSOCIATION STADIUM,GUJARAT LIONS,RISING PUNE SUPERGIANTS,RISING PUNE SUPERGIANTS,bat,GUJARAT LIONS,WICKETS,7.0,164.0,20.0,N,NORMAL,VA Kulkarni,CK Nandan,2016
980913,2016,DELHI,2016-04-15,League,A MISHRA,FEROZ SHAH KOTLA,DELHI DAREDEVILS,KINGS XI PUNJAB,DELHI DAREDEVILS,field,DELHI DAREDEVILS,WICKETS,8.0,112.0,20.0,N,NORMAL,S Ravi,C Shamshuddin,2016
980915,2016,HYDERABAD,2016-04-16,League,G GAMBHIR,"RAJIV GANDHI INTERNATIONAL STADIUM, UPPAL",SUNRISERS HYDERABAD,KOLKATA KNIGHT RIDERS,SUNRISERS HYDERABAD,bat,KOLKATA KNIGHT RIDERS,WICKETS,8.0,143.0,20.0,N,NORMAL,AK Chaudhary,CK Nandan,2016
980917,2016,MUMBAI,2016-04-16,League,AJ FINCH,WANKHEDE STADIUM,MUMBAI INDIANS,GUJARAT LIONS,GUJARAT LIONS,field,GUJARAT LIONS,WICKETS,3.0,144.0,20.0,N,NORMAL,HDPK Dharmasena,VK Sharma,2016
980919,2016,CHANDIGARH,2016-04-17,League,M VOHRA,"PUNJAB CRICKET ASSOCIATION IS BINDRA STADIUM, MOHALI",KINGS XI PUNJAB,RISING PUNE SUPERGIANTS,RISING PUNE SUPERGIANTS,bat,KINGS XI PUNJAB,WICKETS,6.0,153.0,20.0,N,NORMAL,S Ravi,C Shamshuddin,2016
980921,2016,BANGALORE,2016-04-17,League,Q DE KOCK,M CHINNASWAMY STADIUM,ROYAL CHALLENGERS BANGALORE,DELHI DAREDEVILS,DELHI DAREDEVILS,field,DELHI DAREDEVILS,WICKETS,7.0,192.0,20.0,N,NORMAL,VA Kulkarni,A Nand Kishore,2016
980923,2016,HYDERABAD,2016-04-18,League,DA WARNER,"RAJIV GANDHI INTERNATIONAL STADIUM, UPPAL",SUNRISERS HYDERABAD,MUMBAI INDIANS,SUNRISERS HYDERABAD,field,SUNRISERS HYDERABAD,WICKETS,7.0,143.0,20.0,N,NORMAL,HDPK Dharmasena,VK Sharma,2016
980925,2016,CHANDIGARH,2016-04-19,League,RV UTHAPPA,"PUNJAB CRICKET ASSOCIATION IS BINDRA STADIUM, MOHALI",KINGS XI PUNJAB,KOLKATA KNIGHT RIDERS,KOLKATA KNIGHT RIDERS,field,KOLKATA KNIGHT RIDERS,WICKETS,6.0,139.0,20.0,N,NORMAL,S Ravi,C Shamshuddin,2016
980927,2016,MUMBAI,2016-04-20,League,RG SHARMA,WANKHEDE STADIUM,MUMBAI INDIANS,ROYAL CHALLENGERS BANGALORE,MUMBAI INDIANS,field,MUMBAI INDIANS,WICKETS,6.0,171.0,20.0,N,NORMAL,AK Chaudhary,CK Nandan,2016
980929,2016,RAJKOT,2016-04-21,League,B KUMAR,SAURASHTRA CRICKET ASSOCIATION STADIUM,GUJARAT LIONS,SUNRISERS HYDERABAD,SUNRISERS HYDERABAD,field,SUNRISERS HYDERABAD,WICKETS,10.0,136.0,20.0,N,NORMAL,K Bharatan,HDPK Dharmasena,2016
980931,2016,PUNE,2016-04-22,League,AB DE VILLIERS,MAHARASHTRA CRICKET ASSOCIATION STADIUM,RISING PUNE SUPERGIANTS,ROYAL CHALLENGERS BANGALORE,RISING PUNE SUPERGIANTS,field,ROYAL CHALLENGERS BANGALORE,RUNS,13.0,186.0,20.0,N,NORMAL,CB Gaffaney,VK Sharma,2016
980933,2016,DELHI,2016-04-23,League,SV SAMSON,FEROZ SHAH KOTLA,DELHI DAREDEVILS,MUMBAI INDIANS,MUMBAI INDIANS,field,DELHI DAREDEVILS,RUNS,10.0,165.0,20.0,N,NORMAL,S Ravi,C Shamshuddin,2016
980935,2016,HYDERABAD,2016-04-23,League,MUSTAFIZUR RAHMAN,"RAJIV GANDHI INTERNATIONAL STADIUM, UPPAL",SUNRISERS HYDERABAD,KINGS XI PUNJAB,SUNRISERS HYDERABAD,field,SUNRISERS HYDERABAD,WICKETS,5.0,144.0,20.0,N,NORMAL,AK Chaudhary,CK Nandan,2016
980937,2016,RAJKOT,2016-04-24,League,V KOHLI,SAURASHTRA CRICKET ASSOCIATION STADIUM,GUJARAT LIONS,ROYAL CHALLENGERS BANGALORE,ROYAL CHALLENGERS BANGALORE,bat,GUJARAT LIONS,WICKETS,6.0,181.0,20.0,N,NORMAL,K Bharatan,BNJ Oxenford,2016
980939,2016,PUNE,2016-04-24,League,SA YADAV,MAHARASHTRA CRICKET ASSOCIATION STADIUM,RISING PUNE SUPERGIANTS,KOLKATA KNIGHT RIDERS,KOLKATA KNIGHT RIDERS,field,KOLKATA KNIGHT RIDERS,WICKETS,2.0,161.0,20.0,N,NORMAL,CB Gaffaney,A Nand Kishore,2016
980941,2016,CHANDIGARH,2016-04-25,League,PA PATEL,"PUNJAB CRICKET ASSOCIATION IS BINDRA STADIUM, MOHALI",KINGS XI PUNJAB,MUMBAI INDIANS,KINGS XI PUNJAB,field,MUMBAI INDIANS,RUNS,25.0,190.0,20.0,N,NORMAL,Nitin Menon,RJ Tucker,2016
980943,2016,HYDERABAD,2016-04-26,League,AB DINDA,"RAJIV GANDHI INTERNATIONAL STADIUM, UPPAL",SUNRISERS HYDERABAD,RISING PUNE SUPERGIANTS,RISING PUNE SUPERGIANTS,field,RISING PUNE SUPERGIANTS,RUNS,34.0,61.0,11.0,N,D/L,AY Dandekar,CK Nandan,2016
980945,2016,DELHI,2016-04-27,League,CH MORRIS,FEROZ SHAH KOTLA,DELHI DAREDEVILS,GUJARAT LIONS,DELHI DAREDEVILS,field,GUJARAT LIONS,RUNS,1.0,173.0,20.0,N,NORMAL,M Erasmus,S Ravi,2016
980947,2016,MUMBAI,2016-04-28,League,RG SHARMA,WANKHEDE STADIUM,MUMBAI INDIANS,KOLKATA KNIGHT RIDERS,MUMBAI INDIANS,field,MUMBAI INDIANS,WICKETS,6.0,175.0,20.0,N,NORMAL,Nitin Menon,RJ Tucker,2016
980949,2016,PUNE,2016-04-29,League,DR SMITH,MAHARASHTRA CRICKET ASSOCIATION STADIUM,RISING PUNE SUPERGIANTS,GUJARAT LIONS,GUJARAT LIONS,field,GUJARAT LIONS,WICKETS,3.0,196.0,20.0,N,NORMAL,CB Gaffaney,BNJ Oxenford,2016
980951,2016,DELHI,2016-04-30,League,CR BRATHWAITE,FEROZ SHAH KOTLA,DELHI DAREDEVILS,KOLKATA KNIGHT RIDERS,KOLKATA KNIGHT RIDERS,field,DELHI DAREDEVILS,RUNS,27.0,187.0,20.0,N,NORMAL,KN Ananthapadmanabhan,M Erasmus,2016
980953,2016,HYDERABAD,2016-04-30,League,DA WARNER,"RAJIV GANDHI INTERNATIONAL STADIUM, UPPAL",SUNRISERS HYDERABAD,ROYAL CHALLENGERS BANGALORE,ROYAL CHALLENGERS BANGALORE,field,SUNRISERS HYDERABAD,RUNS,15.0,195.0,20.0,N,NORMAL,AK Chaudhary,HDPK Dharmasena,2016
980955,2016,RAJKOT,2016-05-01,League,AR PATEL,SAURASHTRA CRICKET ASSOCIATION STADIUM,GUJARAT LIONS,KINGS XI PUNJAB,GUJARAT LIONS,field,KINGS XI PUNJAB,RUNS,23.0,155.0,20.0,N,NORMAL,BNJ Oxenford,VK Sharma,2016
980957,2016,PUNE,2016-05-01,League,RG SHARMA,MAHARASHTRA CRICKET ASSOCIATION STADIUM,RISING PUNE SUPERGIANTS,MUMBAI INDIANS,MUMBAI INDIANS,field,MUMBAI INDIANS,WICKETS,8.0,160.0,20.0,N,NORMAL,AY Dandekar,RJ Tucker,2016
980959,2016,BANGALORE,2016-05-02,League,AD RUSSELL,M CHINNASWAMY STADIUM,ROYAL CHALLENGERS BANGALORE,KOLKATA KNIGHT RIDERS,KOLKATA KNIGHT RIDERS,field,KOLKATA KNIGHT RIDERS,WICKETS,5.0,186.0,20.0,N,NORMAL,M Erasmus,S Ravi,2016
980961,2016,RAJKOT,2016-05-03,League,RR PANT,SAURASHTRA CRICKET ASSOCIATION STADIUM,GUJARAT LIONS,DELHI DAREDEVILS,DELHI DAREDEVILS,field,DELHI DAREDEVILS,WICKETS,8.0,150.0,20.0,N,NORMAL,CB Gaffaney,BNJ Oxenford,2016
980963,2016,KOLKATA,2016-05-04,League,AD RUSSELL,EDEN GARDENS,KOLKATA KNIGHT RIDERS,KINGS XI PUNJAB,KINGS XI PUNJAB,field,KOLKATA KNIGHT RIDERS,RUNS,7.0,165.0,20.0,N,NORMAL,AK Chaudhary,HDPK Dharmasena,2016
980965,2016,DELHI,2016-05-05,League,AM RAHANE,FEROZ SHAH KOTLA,DELHI DAREDEVILS,RISING PUNE SUPERGIANTS,RISING PUNE SUPERGIANTS,field,RISING PUNE SUPERGIANTS,WICKETS,7.0,163.0,20.0,N,NORMAL,C Shamshuddin,RJ Tucker,2016
980967,2016,HYDERABAD,2016-05-06,League,B KUMAR,"RAJIV GANDHI INTERNATIONAL STADIUM, UPPAL",SUNRISERS HYDERABAD,GUJARAT LIONS,SUNRISERS HYDERABAD,field,SUNRISERS HYDERABAD,WICKETS,5.0,127.0,20.0,N,NORMAL,M Erasmus,S Ravi,2016
980969,2016,BANGALORE,2016-05-07,League,V KOHLI,M CHINNASWAMY STADIUM,ROYAL CHALLENGERS BANGALORE,RISING PUNE SUPERGIANTS,ROYAL CHALLENGERS BANGALORE,field,ROYAL CHALLENGERS BANGALORE,WICKETS,7.0,192.0,20.0,N,NORMAL,CB Gaffaney,BNJ Oxenford,2016
980971,2016,CHANDIGARH,2016-05-07,League,MP STOINIS,"PUNJAB CRICKET ASSOCIATION IS BINDRA STADIUM, MOHALI",KINGS XI PUNJAB,DELHI DAREDEVILS,DELHI DAREDEVILS,field,KINGS XI PUNJAB,RUNS,9.0,182.0,20.0,N,NORMAL,HDPK Dharmasena,CK Nandan,2016
980973,2016,VISAKHAPATNAM,2016-05-08,League,A NEHRA,DR. Y.S. RAJASEKHARA REDDY ACA-VDCA CRICKET STADIUM,MUMBAI INDIANS,SUNRISERS HYDERABAD,MUMBAI INDIANS,field,SUNRISERS HYDERABAD,RUNS,85.0,178.0,20.0,N,NORMAL,S Ravi,C Shamshuddin,2016
980975,2016,KOLKATA,2016-05-08,League,P KUMAR,EDEN GARDENS,KOLKATA KNIGHT RIDERS,GUJARAT LIONS,GUJARAT LIONS,field,GUJARAT LIONS,WICKETS,5.0,159.0,20.0,N,NORMAL,M Erasmus,RJ Tucker,2016
980977,2016,CHANDIGARH,2016-05-09,League,SR WATSON,"PUNJAB CRICKET ASSOCIATION IS BINDRA STADIUM, MOHALI",KINGS XI PUNJAB,ROYAL CHALLENGERS BANGALORE,KINGS XI PUNJAB,field,ROYAL CHALLENGERS BANGALORE,RUNS,1.0,176.0,20.0,N,NORMAL,AK Chaudhary,HDPK Dharmasena,2016
980979,2016,VISAKHAPATNAM,2016-05-10,League,A ZAMPA,DR. Y.S. RAJASEKHARA REDDY ACA-VDCA CRICKET STADIUM,RISING PUNE SUPERGIANTS,SUNRISERS HYDERABAD,SUNRISERS HYDERABAD,bat,SUNRISERS HYDERABAD,RUNS,4.0,138.0,20.0,N,NORMAL,CB Gaffaney,VK Sharma,2016
980981,2016,BANGALORE,2016-05-11,League,KH PANDYA,M CHINNASWAMY STADIUM,ROYAL CHALLENGERS BANGALORE,MUMBAI INDIANS,MUMBAI INDIANS,field,MUMBAI INDIANS,WICKETS,6.0,152.0,20.0,N,NORMAL,AY Dandekar,C Shamshuddin,2016
980983,2016,HYDERABAD,2016-05-12,League,CH MORRIS,"RAJIV GANDHI INTERNATIONAL STADIUM, UPPAL",SUNRISERS HYDERABAD,DELHI DAREDEVILS,DELHI DAREDEVILS,field,DELHI DAREDEVILS,WICKETS,7.0,147.0,20.0,N,NORMAL,K Bharatan,M Erasmus,2016
980985,2016,VISAKHAPATNAM,2016-05-13,League,MP STOINIS,DR. Y.S. RAJASEKHARA REDDY ACA-VDCA CRICKET STADIUM,MUMBAI INDIANS,KINGS XI PUNJAB,MUMBAI INDIANS,bat,KINGS XI PUNJAB,WICKETS,7.0,125.0,20.0,N,NORMAL,HDPK Dharmasena,CK Nandan,2016
980987,2016,BANGALORE,2016-05-14,League,AB DE VILLIERS,M CHINNASWAMY STADIUM,ROYAL CHALLENGERS BANGALORE,GUJARAT LIONS,GUJARAT LIONS,field,ROYAL CHALLENGERS BANGALORE,RUNS,144.0,249.0,20.0,N,NORMAL,AY Dandekar,VK Sharma,2016
980989,2016,KOLKATA,2016-05-14,League,YK PATHAN,EDEN GARDENS,KOLKATA KNIGHT RIDERS,RISING PUNE SUPERGIANTS,RISING PUNE SUPERGIANTS,bat,KOLKATA KNIGHT RIDERS,WICKETS,8.0,66.0,9.0,N,D/L,A Nand Kishore,BNJ Oxenford,2016
980991,2016,CHANDIGARH,2016-05-15,League,HM AMLA,"PUNJAB CRICKET ASSOCIATION IS BINDRA STADIUM, MOHALI",KINGS XI PUNJAB,SUNRISERS HYDERABAD,KINGS XI PUNJAB,bat,SUNRISERS HYDERABAD,WICKETS,7.0,180.0,20.0,N,NORMAL,KN Ananthapadmanabhan,M Erasmus,2016
980993,2016,VISAKHAPATNAM,2016-05-15,League,KH PANDYA,DR. Y.S. RAJASEKHARA REDDY ACA-VDCA CRICKET STADIUM,MUMBAI INDIANS,DELHI DAREDEVILS,DELHI DAREDEVILS,field,MUMBAI INDIANS,RUNS,80.0,207.0,20.0,N,NORMAL,Nitin Menon,CK Nandan,2016
980995,2016,KOLKATA,2016-05-16,League,V KOHLI,EDEN GARDENS,KOLKATA KNIGHT RIDERS,ROYAL CHALLENGERS BANGALORE,ROYAL CHALLENGERS BANGALORE,field,ROYAL CHALLENGERS BANGALORE,WICKETS,9.0,184.0,20.0,N,NORMAL,CB Gaffaney,A Nand Kishore,2016
980997,2016,VISAKHAPATNAM,2016-05-17,League,AB DINDA,DR. Y.S. RAJASEKHARA REDDY ACA-VDCA CRICKET STADIUM,RISING PUNE SUPERGIANTS,DELHI DAREDEVILS,RISING PUNE SUPERGIANTS,field,RISING PUNE SUPERGIANTS,RUNS,19.0,58.0,11.0,N,D/L,Nitin Menon,C Shamshuddin,2016
980999,2016,BANGALORE,2016-05-18,League,V KOHLI,M CHINNASWAMY STADIUM,ROYAL CHALLENGERS BANGALORE,KINGS XI PUNJAB,KINGS XI PUNJAB,field,ROYAL CHALLENGERS BANGALORE,RUNS,82.0,203.0,14.0,N,D/L,KN Ananthapadmanabhan,M Erasmus,2016
981001,2016,KANPUR,2016-05-19,League,DR SMITH,GREEN PARK,GUJARAT LIONS,KOLKATA KNIGHT RIDERS,GUJARAT LIONS,field,GUJARAT LIONS,WICKETS,6.0,125.0,20.0,N,NORMAL,AK Chaudhary,CK Nandan,2016
981003,2016,RAIPUR,2016-05-20,League,KK NAIR,SHAHEED VEER NARAYAN SINGH INTERNATIONAL STADIUM,DELHI DAREDEVILS,SUNRISERS HYDERABAD,DELHI DAREDEVILS,field,DELHI DAREDEVILS,WICKETS,6.0,159.0,20.0,N,NORMAL,A Nand Kishore,BNJ Oxenford,2016
981005,2016,VISAKHAPATNAM,2016-05-21,League,MS DHONI,DR. Y.S. RAJASEKHARA REDDY ACA-VDCA CRICKET STADIUM,RISING PUNE SUPERGIANTS,KINGS XI PUNJAB,KINGS XI PUNJAB,bat,RISING PUNE SUPERGIANTS,WICKETS,4.0,173.0,20.0,N,NORMAL,HDPK Dharmasena,Nitin Menon,2016
981007,2016,KANPUR,2016-05-21,League,SK RAINA,GREEN PARK,GUJARAT LIONS,MUMBAI INDIANS,GUJARAT LIONS,field,GUJARAT LIONS,WICKETS,6.0,173.0,20.0,N,NORMAL,AK Chaudhary,CK Nandan,2016
981009,2016,KOLKATA,2016-05-22,League,YK PATHAN,EDEN GARDENS,KOLKATA KNIGHT RIDERS,SUNRISERS HYDERABAD,SUNRISERS HYDERABAD,field,KOLKATA KNIGHT RIDERS,RUNS,22.0,172.0,20.0,N,NORMAL,KN Ananthapadmanabhan,M Erasmus,2016
981011,2016,RAIPUR,2016-05-22,League,V KOHLI,SHAHEED VEER NARAYAN SINGH INTERNATIONAL STADIUM,DELHI DAREDEVILS,ROYAL CHALLENGERS BANGALORE,ROYAL CHALLENGERS BANGALORE,field,ROYAL CHALLENGERS BANGALORE,WICKETS,6.0,139.0,20.0,N,NORMAL,A Nand Kishore,BNJ Oxenford,2016
981013,2016,BANGALORE,2016-05-24,Qualifier 1,AB DE VILLIERS,M CHINNASWAMY STADIUM,GUJARAT LIONS,ROYAL CHALLENGERS BANGALORE,ROYAL CHALLENGERS BANGALORE,field,ROYAL CHALLENGERS BANGALORE,WICKETS,4.0,159.0,20.0,N,NORMAL,AK Chaudhary,HDPK Dharmasena,2016
981015,2016,DELHI,2016-05-25,Elimination Final,MC HENRIQUES,FEROZ SHAH KOTLA,SUNRISERS HYDERABAD,KOLKATA KNIGHT RIDERS,KOLKATA KNIGHT RIDERS,field,SUNRISERS HYDERABAD,RUNS,22.0,163.0,20.0,N,NORMAL,M Erasmus,C Shamshuddin,2016
981017,2016,DELHI,2016-05-27,Qualifier 2,DA WARNER,FEROZ SHAH KOTLA,GUJARAT LIONS,SUNRISERS HYDERABAD,SUNRISERS HYDERABAD,field,SUNRISERS HYDERABAD,WICKETS,4.0,163.0,20.0,N,NORMAL,M Erasmus,CK Nandan,2016
981019,2016,BANGALORE,2016-05-29,Final,BCJ CUTTING,M CHINNASWAMY STADIUM,ROYAL CHALLENGERS BANGALORE,SUNRISERS HYDERABAD,SUNRISERS HYDERABAD,bat,SUNRISERS HYDERABAD,RUNS,8.0,209.0,20.0,N,NORMAL,HDPK Dharmasena,BNJ Oxenford,2016
1082591,2017,HYDERABAD,2017-04-05,League,YUVRAJ SINGH,"RAJIV GANDHI INTERNATIONAL STADIUM, UPPAL",SUNRISERS HYDERABAD,ROYAL CHALLENGERS BANGALORE,ROYAL CHALLENGERS BANGALORE,field,SUNRISERS HYDERABAD,RUNS,35.0,208.0,20.0,N,NORMAL,AY Dandekar,NJ Llong,2017
1082592,2017,PUNE,2017-04-06,League,SPD SMITH,MAHARASHTRA CRICKET ASSOCIATION STADIUM,RISING PUNE SUPERGIANT,MUMBAI INDIANS,RISING PUNE SUPERGIANT,field,RISING PUNE SUPERGIANT,WICKETS,7.0,185.0,20.0,N,NORMAL,A Nand Kishore,S Ravi,2017
1082593,2017,RAJKOT,2017-04-07,League,CA LYNN,SAURASHTRA CRICKET ASSOCIATION STADIUM,GUJARAT LIONS,KOLKATA KNIGHT RIDERS,KOLKATA KNIGHT RIDERS,field,KOLKATA KNIGHT RIDERS,WICKETS,10.0,184.0,20.0,N,NORMAL,Nitin Menon,CK Nandan,2017
1082594,2017,INDORE,2017-04-08,League,GJ MAXWELL,HOLKAR CRICKET STADIUM,KINGS XI PUNJAB,RISING PUNE SUPERGIANT,KINGS XI PUNJAB,field,KINGS XI PUNJAB,WICKETS,6.0,164.0,20.0,N,NORMAL,AK Chaudhary,C Shamshuddin,2017
1082595,2017,BENGALURU,2017-04-08,League,KM JADHAV,M.CHINNASWAMY STADIUM,ROYAL CHALLENGERS BANGALORE,DELHI DAREDEVILS,ROYAL CHALLENGERS BANGALORE,bat,ROYAL CHALLENGERS BANGALORE,RUNS,15.0,158.0,20.0,N,NORMAL,S Ravi,VK Sharma,2017
1082596,2017,HYDERABAD,2017-04-09,League,RASHID KHAN,"RAJIV GANDHI INTERNATIONAL STADIUM, UPPAL",SUNRISERS HYDERABAD,GUJARAT LIONS,SUNRISERS HYDERABAD,field,SUNRISERS HYDERABAD,WICKETS,9.0,136.0,20.0,N,NORMAL,A Deshmukh,NJ Llong,2017
1082597,2017,MUMBAI,2017-04-09,League,N RANA,WANKHEDE STADIUM,MUMBAI INDIANS,KOLKATA KNIGHT RIDERS,MUMBAI INDIANS,field,MUMBAI INDIANS,WICKETS,4.0,179.0,20.0,N,NORMAL,Nitin Menon,CK Nandan,2017
1082598,2017,INDORE,2017-04-10,League,AR PATEL,HOLKAR CRICKET STADIUM,KINGS XI PUNJAB,ROYAL CHALLENGERS BANGALORE,ROYAL CHALLENGERS BANGALORE,bat,KINGS XI PUNJAB,WICKETS,8.0,149.0,20.0,N,NORMAL,AK Chaudhary,C Shamshuddin,2017
1082599,2017,PUNE,2017-04-11,League,SV SAMSON,MAHARASHTRA CRICKET ASSOCIATION STADIUM,RISING PUNE SUPERGIANT,DELHI DAREDEVILS,RISING PUNE SUPERGIANT,field,DELHI DAREDEVILS,RUNS,97.0,206.0,20.0,N,NORMAL,AY Dandekar,S Ravi,2017
1082600,2017,MUMBAI,2017-04-12,League,JJ BUMRAH,WANKHEDE STADIUM,MUMBAI INDIANS,SUNRISERS HYDERABAD,MUMBAI INDIANS,field,MUMBAI INDIANS,WICKETS,4.0,159.0,20.0,N,NORMAL,Nitin Menon,CK Nandan,2017
1082601,2017,KOLKATA,2017-04-13,League,SP NARINE,EDEN GARDENS,KOLKATA KNIGHT RIDERS,KINGS XI PUNJAB,KOLKATA KNIGHT RIDERS,field,KOLKATA KNIGHT RIDERS,WICKETS,8.0,171.0,20.0,N,NORMAL,A Deshmukh,NJ Llong,2017
1082602,2017,BANGALORE,2017-04-14,League,KA POLLARD,M CHINNASWAMY STADIUM,ROYAL CHALLENGERS BANGALORE,MUMBAI INDIANS,MUMBAI INDIANS,field,MUMBAI INDIANS,WICKETS,4.0,143.0,20.0,N,NORMAL,KN Ananthapadmanabhan,AK Chaudhary,2017
1082603,2017,RAJKOT,2017-04-14,League,AJ TYE,SAURASHTRA CRICKET ASSOCIATION STADIUM,GUJARAT LIONS,RISING PUNE SUPERGIANT,GUJARAT LIONS,field,GUJARAT LIONS,WICKETS,7.0,172.0,20.0,N,NORMAL,A Nand Kishore,S Ravi,2017
1082604,2017,KOLKATA,2017-04-15,League,RV UTHAPPA,EDEN GARDENS,KOLKATA KNIGHT RIDERS,SUNRISERS HYDERABAD,SUNRISERS HYDERABAD,field,KOLKATA KNIGHT RIDERS,RUNS,17.0,173.0,20.0,N,NORMAL,AY Dandekar,NJ Llong,2017
1082605,2017,DELHI,2017-04-15,League,CJ ANDERSON,FEROZ SHAH KOTLA,DELHI DAREDEVILS,KINGS XI PUNJAB,DELHI DAREDEVILS,bat,DELHI DAREDEVILS,RUNS,51.0,189.0,20.0,N,NORMAL,YC Barde,Nitin Menon,2017
1082606,2017,MUMBAI,2017-04-16,League,N RANA,WANKHEDE STADIUM,MUMBAI INDIANS,GUJARAT LIONS,MUMBAI INDIANS,field,MUMBAI INDIANS,WICKETS,6.0,177.0,20.0,N,NORMAL,A Nand Kishore,S Ravi,2017
1082607,2017,BANGALORE,2017-04-16,League,BA STOKES,M CHINNASWAMY STADIUM,ROYAL CHALLENGERS BANGALORE,RISING PUNE SUPERGIANT,ROYAL CHALLENGERS BANGALORE,field,RISING PUNE SUPERGIANT,RUNS,27.0,162.0,20.0,N,NORMAL,KN Ananthapadmanabhan,C Shamshuddin,2017
1082608,2017,DELHI,2017-04-17,League,NM COULTER-NILE,FEROZ SHAH KOTLA,DELHI DAREDEVILS,KOLKATA KNIGHT RIDERS,DELHI DAREDEVILS,bat,KOLKATA KNIGHT RIDERS,WICKETS,4.0,169.0,20.0,N,NORMAL,Nitin Menon,CK Nandan,2017
1082609,2017,HYDERABAD,2017-04-17,League,B KUMAR,"RAJIV GANDHI INTERNATIONAL STADIUM, UPPAL",SUNRISERS HYDERABAD,KINGS XI PUNJAB,KINGS XI PUNJAB,field,SUNRISERS HYDERABAD,RUNS,5.0,160.0,20.0,N,NORMAL,AY Dandekar,A Deshmukh,2017
1082610,2017,RAJKOT,2017-04-18,League,CH GAYLE,SAURASHTRA CRICKET ASSOCIATION STADIUM,GUJARAT LIONS,ROYAL CHALLENGERS BANGALORE,GUJARAT LIONS,field,ROYAL CHALLENGERS BANGALORE,RUNS,21.0,214.0,20.0,N,NORMAL,S Ravi,VK Sharma,2017
1082611,2017,HYDERABAD,2017-04-19,League,KS WILLIAMSON,"RAJIV GANDHI INTERNATIONAL STADIUM, UPPAL",SUNRISERS HYDERABAD,DELHI DAREDEVILS,SUNRISERS HYDERABAD,bat,SUNRISERS HYDERABAD,RUNS,15.0,192.0,20.0,N,NORMAL,CB Gaffaney,NJ Llong,2017
1082612,2017,INDORE,2017-04-20,League,JC BUTTLER,HOLKAR CRICKET STADIUM,KINGS XI PUNJAB,MUMBAI INDIANS,MUMBAI INDIANS,field,MUMBAI INDIANS,WICKETS,8.0,199.0,20.0,N,NORMAL,M Erasmus,C Shamshuddin,2017
1082613,2017,KOLKATA,2017-04-21,League,SK RAINA,EDEN GARDENS,KOLKATA KNIGHT RIDERS,GUJARAT LIONS,GUJARAT LIONS,field,GUJARAT LIONS,WICKETS,4.0,188.0,20.0,N,NORMAL,CB Gaffaney,Nitin Menon,2017
1082614,2017,MUMBAI,2017-04-22,League,MJ MCCLENAGHAN,WANKHEDE STADIUM,MUMBAI INDIANS,DELHI DAREDEVILS,DELHI DAREDEVILS,field,MUMBAI INDIANS,RUNS,14.0,143.0,20.0,N,NORMAL,A Nand Kishore,S Ravi,2017
1082615,2017,PUNE,2017-04-22,League,MS DHONI,MAHARASHTRA CRICKET ASSOCIATION STADIUM,RISING PUNE SUPERGIANT,SUNRISERS HYDERABAD,RISING PUNE SUPERGIANT,field,RISING PUNE SUPERGIANT,WICKETS,6.0,177.0,20.0,N,NORMAL,AY Dandekar,A Deshmukh,2017
1082616,2017,RAJKOT,2017-04-23,League,HM AMLA,SAURASHTRA CRICKET ASSOCIATION STADIUM,GUJARAT LIONS,KINGS XI PUNJAB,GUJARAT LIONS,field,KINGS XI PUNJAB,RUNS,26.0,189.0,20.0,N,NORMAL,AK Chaudhary,M Erasmus,2017
1082617,2017,KOLKATA,2017-04-23,League,NM COULTER-NILE,EDEN GARDENS,KOLKATA KNIGHT RIDERS,ROYAL CHALLENGERS BANGALORE,ROYAL CHALLENGERS BANGALORE,field,KOLKATA KNIGHT RIDERS,RUNS,82.0,132.0,20.0,N,NORMAL,CB Gaffaney,CK Nandan,2017
1082618,2017,MUMBAI,2017-04-24,League,BA STOKES,WANKHEDE STADIUM,MUMBAI INDIANS,RISING PUNE SUPERGIANT,MUMBAI INDIANS,field,RISING PUNE SUPERGIANT,RUNS,3.0,161.0,20.0,N,NORMAL,A Nand Kishore,S Ravi,2017
1082620,2017,PUNE,2017-04-26,League,RV UTHAPPA,MAHARASHTRA CRICKET ASSOCIATION STADIUM,RISING PUNE SUPERGIANT,KOLKATA KNIGHT RIDERS,KOLKATA KNIGHT RIDERS,field,KOLKATA KNIGHT RIDERS,WICKETS,7.0,183.0,20.0,N,NORMAL,AY Dandekar,NJ Llong,2017
1082621,2017,BANGALORE,2017-04-27,League,AJ TYE,M CHINNASWAMY STADIUM,ROYAL CHALLENGERS BANGALORE,GUJARAT LIONS,GUJARAT LIONS,field,GUJARAT LIONS,WICKETS,7.0,135.0,20.0,N,NORMAL,AK Chaudhary,C Shamshuddin,2017
1082622,2017,KOLKATA,2017-04-28,League,G GAMBHIR,EDEN GARDENS,KOLKATA KNIGHT RIDERS,DELHI DAREDEVILS,KOLKATA KNIGHT RIDERS,field,KOLKATA KNIGHT RIDERS,WICKETS,7.0,161.0,20.0,N,NORMAL,NJ Llong,S Ravi,2017
1082623,2017,CHANDIGARH,2017-04-28,League,RASHID KHAN,"PUNJAB CRICKET ASSOCIATION IS BINDRA STADIUM, MOHALI",KINGS XI PUNJAB,SUNRISERS HYDERABAD,KINGS XI PUNJAB,field,SUNRISERS HYDERABAD,RUNS,26.0,208.0,20.0,N,NORMAL,Nitin Menon,CK Nandan,2017
1082624,2017,PUNE,2017-04-29,League,LH FERGUSON,MAHARASHTRA CRICKET ASSOCIATION STADIUM,RISING PUNE SUPERGIANT,ROYAL CHALLENGERS BANGALORE,ROYAL CHALLENGERS BANGALORE,field,RISING PUNE SUPERGIANT,RUNS,61.0,158.0,20.0,N,NORMAL,KN Ananthapadmanabhan,M Erasmus,2017
1082625,2017,RAJKOT,2017-04-29,League,KH PANDYA,SAURASHTRA CRICKET ASSOCIATION STADIUM,GUJARAT LIONS,MUMBAI INDIANS,GUJARAT LIONS,bat,MUMBAI INDIANS,TIE,0.0,154.0,20.0,Y,NORMAL,AK Chaudhary,CB Gaffaney,2017
1082626,2017,CHANDIGARH,2017-04-30,League,SANDEEP SHARMA,"PUNJAB CRICKET ASSOCIATION IS BINDRA STADIUM, MOHALI",KINGS XI PUNJAB,DELHI DAREDEVILS,KINGS XI PUNJAB,field,KINGS XI PUNJAB,WICKETS,10.0,68.0,20.0,N,NORMAL,YC Barde,CK Nandan,2017
1082627,2017,HYDERABAD,2017-04-30,League,DA WARNER,"RAJIV GANDHI INTERNATIONAL STADIUM, UPPAL",SUNRISERS HYDERABAD,KOLKATA KNIGHT RIDERS,KOLKATA KNIGHT RIDERS,field,SUNRISERS HYDERABAD,RUNS,48.0,210.0,20.0,N,NORMAL,AY Dandekar,S Ravi,2017
1082628,2017,MUMBAI,2017-05-01,League,RG SHARMA,WANKHEDE STADIUM,MUMBAI INDIANS,ROYAL CHALLENGERS BANGALORE,ROYAL CHALLENGERS BANGALORE,bat,MUMBAI INDIANS,WICKETS,5.0,163.0,20.0,N,NORMAL,AK Chaudhary,CB Gaffaney,2017
1082629,2017,PUNE,2017-05-01,League,BA STOKES,MAHARASHTRA CRICKET ASSOCIATION STADIUM,RISING PUNE SUPERGIANT,GUJARAT LIONS,RISING PUNE SUPERGIANT,field,RISING PUNE SUPERGIANT,WICKETS,5.0,162.0,20.0,N,NORMAL,M Erasmus,C Shamshuddin,2017
1082630,2017,DELHI,2017-05-02,League,MOHAMMED SHAMI,FEROZ SHAH KOTLA,DELHI DAREDEVILS,SUNRISERS HYDERABAD,DELHI DAREDEVILS,field,DELHI DAREDEVILS,WICKETS,6.0,186.0,20.0,N,NORMAL,YC Barde,Nitin Menon,2017
1082631,2017,KOLKATA,2017-05-03,League,RA TRIPATHI,EDEN GARDENS,KOLKATA KNIGHT RIDERS,RISING PUNE SUPERGIANT,RISING PUNE SUPERGIANT,field,RISING PUNE SUPERGIANT,WICKETS,4.0,156.0,20.0,N,NORMAL,KN Ananthapadmanabhan,A Nand Kishore,2017
1082632,2017,DELHI,2017-05-04,League,RR PANT,FEROZ SHAH KOTLA,DELHI DAREDEVILS,GUJARAT LIONS,DELHI DAREDEVILS,field,DELHI DAREDEVILS,WICKETS,7.0,209.0,20.0,N,NORMAL,M Erasmus,Nitin Menon,2017
1082633,2017,BANGALORE,2017-05-05,League,SANDEEP SHARMA,M CHINNASWAMY STADIUM,ROYAL CHALLENGERS BANGALORE,KINGS XI PUNJAB,ROYAL CHALLENGERS BANGALORE,field,KINGS XI PUNJAB,RUNS,19.0,139.0,20.0,N,NORMAL,CB Gaffaney,C Shamshuddin,2017
1082634,2017,HYDERABAD,2017-05-06,League,JD UNADKAT,"RAJIV GANDHI INTERNATIONAL STADIUM, UPPAL",SUNRISERS HYDERABAD,RISING PUNE SUPERGIANT,SUNRISERS HYDERABAD,field,RISING PUNE SUPERGIANT,RUNS,12.0,149.0,20.0,N,NORMAL,KN Ananthapadmanabhan,AK Chaudhary,2017
1082635,2017,DELHI,2017-05-06,League,LMP SIMMONS,FEROZ SHAH KOTLA,DELHI DAREDEVILS,MUMBAI INDIANS,DELHI DAREDEVILS,field,MUMBAI INDIANS,RUNS,146.0,213.0,20.0,N,NORMAL,Nitin Menon,CK Nandan,2017
1082636,2017,BANGALORE,2017-05-07,League,SP NARINE,M CHINNASWAMY STADIUM,ROYAL CHALLENGERS BANGALORE,KOLKATA KNIGHT RIDERS,KOLKATA KNIGHT RIDERS,field,KOLKATA KNIGHT RIDERS,WICKETS,6.0,159.0,20.0,N,NORMAL,AY Dandekar,C Shamshuddin,2017
1082637,2017,CHANDIGARH,2017-05-07,League,DR SMITH,"PUNJAB CRICKET ASSOCIATION IS BINDRA STADIUM, MOHALI",KINGS XI PUNJAB,GUJARAT LIONS,GUJARAT LIONS,field,GUJARAT LIONS,WICKETS,6.0,190.0,20.0,N,NORMAL,A Nand Kishore,VK Sharma,2017
1082638,2017,HYDERABAD,2017-05-08,League,S DHAWAN,"RAJIV GANDHI INTERNATIONAL STADIUM, UPPAL",SUNRISERS HYDERABAD,MUMBAI INDIANS,MUMBAI INDIANS,bat,SUNRISERS HYDERABAD,WICKETS,7.0,139.0,20.0,N,NORMAL,KN Ananthapadmanabhan,M Erasmus,2017
1082639,2017,CHANDIGARH,2017-05-09,League,MM SHARMA,"PUNJAB CRICKET ASSOCIATION IS BINDRA STADIUM, MOHALI",KINGS XI PUNJAB,KOLKATA KNIGHT RIDERS,KOLKATA KNIGHT RIDERS,field,KINGS XI PUNJAB,RUNS,14.0,168.0,20.0,N,NORMAL,A Nand Kishore,S Ravi,2017
1082640,2017,KANPUR,2017-05-10,League,SS IYER,GREEN PARK,GUJARAT LIONS,DELHI DAREDEVILS,DELHI DAREDEVILS,field,DELHI DAREDEVILS,WICKETS,2.0,196.0,20.0,N,NORMAL,YC Barde,AK Chaudhary,2017
1082641,2017,MUMBAI,2017-05-11,League,WP SAHA,WANKHEDE STADIUM,MUMBAI INDIANS,KINGS XI PUNJAB,MUMBAI INDIANS,field,KINGS XI PUNJAB,RUNS,7.0,231.0,20.0,N,NORMAL,A Deshmukh,A Nand Kishore,2017
1082642,2017,DELHI,2017-05-12,League,KK NAIR,FEROZ SHAH KOTLA,DELHI DAREDEVILS,RISING PUNE SUPERGIANT,DELHI DAREDEVILS,bat,DELHI DAREDEVILS,RUNS,7.0,169.0,20.0,N,NORMAL,KN Ananthapadmanabhan,CK Nandan,2017
1082643,2017,KANPUR,2017-05-13,League,MOHAMMED SIRAJ,GREEN PARK,GUJARAT LIONS,SUNRISERS HYDERABAD,SUNRISERS HYDERABAD,field,SUNRISERS HYDERABAD,WICKETS,8.0,155.0,20.0,N,NORMAL,AK Chaudhary,Nitin Menon,2017
1082644,2017,KOLKATA,2017-05-13,League,AT RAYUDU,EDEN GARDENS,KOLKATA KNIGHT RIDERS,MUMBAI INDIANS,KOLKATA KNIGHT RIDERS,field,MUMBAI INDIANS,RUNS,9.0,174.0,20.0,N,NORMAL,A Nand Kishore,S Ravi,2017
1082645,2017,PUNE,2017-05-14,League,JD UNADKAT,MAHARASHTRA CRICKET ASSOCIATION STADIUM,RISING PUNE SUPERGIANT,KINGS XI PUNJAB,RISING PUNE SUPERGIANT,field,RISING PUNE SUPERGIANT,WICKETS,9.0,74.0,20.0,N,NORMAL,AY Dandekar,A Deshmukh,2017
1082646,2017,DELHI,2017-05-14,League,HV PATEL,FEROZ SHAH KOTLA,DELHI DAREDEVILS,ROYAL CHALLENGERS BANGALORE,ROYAL CHALLENGERS BANGALORE,bat,ROYAL CHALLENGERS BANGALORE,RUNS,10.0,162.0,20.0,N,NORMAL,CK Nandan,C Shamshuddin,2017
1082647,2017,MUMBAI,2017-05-16,Qualifier 1,WASHINGTON SUNDAR,WANKHEDE STADIUM,MUMBAI INDIANS,RISING PUNE SUPERGIANT,MUMBAI INDIANS,field,RISING PUNE SUPERGIANT,RUNS,20.0,163.0,20.0,N,NORMAL,S Ravi,C Shamshuddin,2017
1082648,2017,BANGALORE,2017-05-17,Eliminator,NM COULTER-NILE,M CHINNASWAMY STADIUM,SUNRISERS HYDERABAD,KOLKATA KNIGHT RIDERS,KOLKATA KNIGHT RIDERS,field,KOLKATA KNIGHT RIDERS,WICKETS,7.0,48.0,6.0,N,D/L,AK Chaudhary,Nitin Menon,2017
1082649,2017,BANGALORE,2017-05-19,Qualifier 2,KV SHARMA,M CHINNASWAMY STADIUM,MUMBAI INDIANS,KOLKATA KNIGHT RIDERS,MUMBAI INDIANS,field,MUMBAI INDIANS,WICKETS,6.0,108.0,20.0,N,NORMAL,NJ Llong,Nitin Menon,2017
1082650,2017,HYDERABAD,2017-05-21,Final,KH PANDYA,"RAJIV GANDHI INTERNATIONAL STADIUM, UPPAL",MUMBAI INDIANS,RISING PUNE SUPERGIANT,MUMBAI INDIANS,bat,MUMBAI INDIANS,RUNS,1.0,130.0,20.0,N,NORMAL,NJ Llong,S Ravi,2017
1136561,2018,MUMBAI,2018-04-07,League,DJ BRAVO,WANKHEDE STADIUM,MUMBAI INDIANS,CHENNAI SUPER KINGS,CHENNAI SUPER KINGS,field,CHENNAI SUPER KINGS,WICKETS,1.0,166.0,20.0,N,NORMAL,CB Gaffaney,A Nand Kishore,2018
1136562,2018,CHANDIGARH,2018-04-08,League,KL RAHUL,PUNJAB CRICKET ASSOCIATION IS BINDRA STADIUM,DELHI DAREDEVILS,KINGS XI PUNJAB,KINGS XI PUNJAB,field,KINGS XI PUNJAB,WICKETS,6.0,167.0,20.0,N,NORMAL,KN Ananthapadmanabhan,RJ Tucker,2018
1136563,2018,KOLKATA,2018-04-08,League,SP NARINE,EDEN GARDENS,ROYAL CHALLENGERS BANGALORE,KOLKATA KNIGHT RIDERS,KOLKATA KNIGHT RIDERS,field,KOLKATA KNIGHT RIDERS,WICKETS,4.0,177.0,20.0,N,NORMAL,A Deshmukh,C Shamshuddin,2018
1136564,2018,HYDERABAD,2018-04-09,League,S DHAWAN,RAJIV GANDHI INTERNATIONAL STADIUM,RAJASTHAN ROYALS,SUNRISERS HYDERABAD,SUNRISERS HYDERABAD,field,SUNRISERS HYDERABAD,WICKETS,9.0,126.0,20.0,N,NORMAL,NJ Llong,VA Kulkarni,2018
1136565,2018,CHENNAI,2018-04-10,League,SW BILLINGS,MA CHIDAMBARAM STADIUM,KOLKATA KNIGHT RIDERS,CHENNAI SUPER KINGS,CHENNAI SUPER KINGS,field,CHENNAI SUPER KINGS,WICKETS,5.0,203.0,20.0,N,NORMAL,AK Chaudhary,CB Gaffaney,2018
1136566,2018,JAIPUR,2018-04-11,League,SV SAMSON,SAWAI MANSINGH STADIUM,RAJASTHAN ROYALS,DELHI DAREDEVILS,DELHI DAREDEVILS,field,RAJASTHAN ROYALS,RUNS,10.0,71.0,6.0,N,D/L,KN Ananthapadmanabhan,Nitin Menon,2018
1136567,2018,HYDERABAD,2018-04-12,League,RASHID KHAN,RAJIV GANDHI INTERNATIONAL STADIUM,MUMBAI INDIANS,SUNRISERS HYDERABAD,SUNRISERS HYDERABAD,field,SUNRISERS HYDERABAD,WICKETS,1.0,148.0,20.0,N,NORMAL,CK Nandan,NJ Llong,2018
1136568,2018,BENGALURU,2018-04-13,League,UT YADAV,M.CHINNASWAMY STADIUM,KINGS XI PUNJAB,ROYAL CHALLENGERS BANGALORE,ROYAL CHALLENGERS BANGALORE,field,ROYAL CHALLENGERS BANGALORE,WICKETS,4.0,156.0,20.0,N,NORMAL,A Deshmukh,S Ravi,2018
1136569,2018,MUMBAI,2018-04-14,League,JJ ROY,WANKHEDE STADIUM,MUMBAI INDIANS,DELHI DAREDEVILS,DELHI DAREDEVILS,field,DELHI DAREDEVILS,WICKETS,7.0,195.0,20.0,N,NORMAL,KN Ananthapadmanabhan,Nitin Menon,2018
1136570,2018,KOLKATA,2018-04-14,League,B STANLAKE,EDEN GARDENS,KOLKATA KNIGHT RIDERS,SUNRISERS HYDERABAD,SUNRISERS HYDERABAD,field,SUNRISERS HYDERABAD,WICKETS,5.0,139.0,20.0,N,NORMAL,AK Chaudhary,A Nand Kishore,2018
1136571,2018,BENGALURU,2018-04-15,League,SV SAMSON,M.CHINNASWAMY STADIUM,RAJASTHAN ROYALS,ROYAL CHALLENGERS BANGALORE,ROYAL CHALLENGERS BANGALORE,field,RAJASTHAN ROYALS,RUNS,19.0,218.0,20.0,N,NORMAL,C Shamshuddin,S Ravi,2018
1136572,2018,CHANDIGARH,2018-04-15,League,CH GAYLE,PUNJAB CRICKET ASSOCIATION IS BINDRA STADIUM,KINGS XI PUNJAB,CHENNAI SUPER KINGS,CHENNAI SUPER KINGS,field,KINGS XI PUNJAB,RUNS,4.0,198.0,20.0,N,NORMAL,CK Nandan,VA Kulkarni,2018
1136573,2018,KOLKATA,2018-04-16,League,N RANA,EDEN GARDENS,KOLKATA KNIGHT RIDERS,DELHI DAREDEVILS,DELHI DAREDEVILS,field,KOLKATA KNIGHT RIDERS,RUNS,71.0,201.0,20.0,N,NORMAL,AK Chaudhary,A Nand Kishore,2018
1136574,2018,MUMBAI,2018-04-17,League,RG SHARMA,WANKHEDE STADIUM,MUMBAI INDIANS,ROYAL CHALLENGERS BANGALORE,ROYAL CHALLENGERS BANGALORE,field,MUMBAI INDIANS,RUNS,46.0,214.0,20.0,N,NORMAL,Nitin Menon,RJ Tucker,2018
1136575,2018,JAIPUR,2018-04-18,League,N RANA,SAWAI MANSINGH STADIUM,RAJASTHAN ROYALS,KOLKATA KNIGHT RIDERS,KOLKATA KNIGHT RIDERS,field,KOLKATA KNIGHT RIDERS,WICKETS,7.0,161.0,20.0,N,NORMAL,A Deshmukh,S Ravi,2018
1136576,2018,CHANDIGARH,2018-04-19,League,CH GAYLE,PUNJAB CRICKET ASSOCIATION IS BINDRA STADIUM,KINGS XI PUNJAB,SUNRISERS HYDERABAD,KINGS XI PUNJAB,bat,KINGS XI PUNJAB,RUNS,15.0,194.0,20.0,N,NORMAL,AK Chaudhary,NJ Llong,2018
1136577,2018,PUNE,2018-04-20,League,SR WATSON,MAHARASHTRA CRICKET ASSOCIATION STADIUM,CHENNAI SUPER KINGS,RAJASTHAN ROYALS,RAJASTHAN ROYALS,field,CHENNAI SUPER KINGS,RUNS,64.0,205.0,20.0,N,NORMAL,KN Ananthapadmanabhan,Nitin Menon,2018
1136578,2018,KOLKATA,2018-04-21,League,KL RAHUL,EDEN GARDENS,KOLKATA KNIGHT RIDERS,KINGS XI PUNJAB,KINGS XI PUNJAB,field,KINGS XI PUNJAB,WICKETS,9.0,125.0,13.0,N,D/L,A Deshmukh,C Shamshuddin,2018
1136579,2018,BENGALURU,2018-04-21,League,AB DE VILLIERS,M.CHINNASWAMY STADIUM,DELHI DAREDEVILS,ROYAL CHALLENGERS BANGALORE,ROYAL CHALLENGERS BANGALORE,field,ROYAL CHALLENGERS BANGALORE,WICKETS,6.0,175.0,20.0,N,NORMAL,CB Gaffaney,CK Nandan,2018
1136580,2018,HYDERABAD,2018-04-22,League,AT RAYUDU,RAJIV GANDHI INTERNATIONAL STADIUM,CHENNAI SUPER KINGS,SUNRISERS HYDERABAD,SUNRISERS HYDERABAD,field,CHENNAI SUPER KINGS,RUNS,4.0,183.0,20.0,N,NORMAL,AK Chaudhary,VA Kulkarni,2018
1136581,2018,JAIPUR,2018-04-22,League,JC ARCHER,SAWAI MANSINGH STADIUM,MUMBAI INDIANS,RAJASTHAN ROYALS,MUMBAI INDIANS,bat,RAJASTHAN ROYALS,WICKETS,3.0,168.0,20.0,N,NORMAL,KN Ananthapadmanabhan,RJ Tucker,2018
1136582,2018,DELHI,2018-04-23,League,AS RAJPOOT,ARUN JAITLEY STADIUM,KINGS XI PUNJAB,DELHI DAREDEVILS,DELHI DAREDEVILS,field,KINGS XI PUNJAB,RUNS,4.0,144.0,20.0,N,NORMAL,A Nand Kishore,CK Nandan,2018
1136583,2018,MUMBAI,2018-04-24,League,RASHID KHAN,WANKHEDE STADIUM,SUNRISERS HYDERABAD,MUMBAI INDIANS,MUMBAI INDIANS,field,SUNRISERS HYDERABAD,RUNS,31.0,119.0,20.0,N,NORMAL,C Shamshuddin,S Ravi,2018
1136584,2018,BENGALURU,2018-04-25,League,MS DHONI,M.CHINNASWAMY STADIUM,ROYAL CHALLENGERS BANGALORE,CHENNAI SUPER KINGS,CHENNAI SUPER KINGS,field,CHENNAI SUPER KINGS,WICKETS,5.0,206.0,20.0,N,NORMAL,NJ Llong,VK Sharma,2018
1136585,2018,HYDERABAD,2018-04-26,League,AS RAJPOOT,RAJIV GANDHI INTERNATIONAL STADIUM,SUNRISERS HYDERABAD,KINGS XI PUNJAB,KINGS XI PUNJAB,field,SUNRISERS HYDERABAD,RUNS,13.0,133.0,20.0,N,NORMAL,CK Nandan,YC Barde,2018
1136586,2018,DELHI,2018-04-27,League,SS IYER,ARUN JAITLEY STADIUM,DELHI DAREDEVILS,KOLKATA KNIGHT RIDERS,KOLKATA KNIGHT RIDERS,field,DELHI DAREDEVILS,RUNS,55.0,220.0,20.0,N,NORMAL,C Shamshuddin,S Ravi,2018
1136587,2018,PUNE,2018-04-28,League,RG SHARMA,MAHARASHTRA CRICKET ASSOCIATION STADIUM,CHENNAI SUPER KINGS,MUMBAI INDIANS,MUMBAI INDIANS,field,MUMBAI INDIANS,WICKETS,8.0,170.0,20.0,N,NORMAL,CB Gaffaney,Nitin Menon,2018
1136588,2018,JAIPUR,2018-04-29,League,KS WILLIAMSON,SAWAI MANSINGH STADIUM,SUNRISERS HYDERABAD,RAJASTHAN ROYALS,SUNRISERS HYDERABAD,bat,SUNRISERS HYDERABAD,RUNS,11.0,152.0,20.0,N,NORMAL,BNJ Oxenford,A Nand Kishore,2018
1136589,2018,BENGALURU,2018-04-29,League,CA LYNN,M.CHINNASWAMY STADIUM,ROYAL CHALLENGERS BANGALORE,KOLKATA KNIGHT RIDERS,KOLKATA KNIGHT RIDERS,field,KOLKATA KNIGHT RIDERS,WICKETS,6.0,176.0,20.0,N,NORMAL,AK Chaudhary,NJ Llong,2018
1136590,2018,PUNE,2018-04-30,League,SR WATSON,MAHARASHTRA CRICKET ASSOCIATION STADIUM,CHENNAI SUPER KINGS,DELHI DAREDEVILS,DELHI DAREDEVILS,field,CHENNAI SUPER KINGS,RUNS,13.0,212.0,20.0,N,NORMAL,AY Dandekar,C Shamshuddin,2018
1136591,2018,BENGALURU,2018-05-01,League,TG SOUTHEE,M.CHINNASWAMY STADIUM,ROYAL CHALLENGERS BANGALORE,MUMBAI INDIANS,MUMBAI INDIANS,field,ROYAL CHALLENGERS BANGALORE,RUNS,14.0,168.0,20.0,N,NORMAL,M Erasmus,Nitin Menon,2018
1136592,2018,DELHI,2018-05-02,League,RR PANT,ARUN JAITLEY STADIUM,DELHI DAREDEVILS,RAJASTHAN ROYALS,RAJASTHAN ROYALS,field,DELHI DAREDEVILS,RUNS,4.0,151.0,12.0,N,D/L,CK Nandan,VK Sharma,2018
1136593,2018,KOLKATA,2018-05-03,League,SP NARINE,EDEN GARDENS,CHENNAI SUPER KINGS,KOLKATA KNIGHT RIDERS,KOLKATA KNIGHT RIDERS,field,KOLKATA KNIGHT RIDERS,WICKETS,6.0,178.0,20.0,N,NORMAL,A Deshmukh,HDPK Dharmasena,2018
1136594,2018,INDORE,2018-05-04,League,SA YADAV,HOLKAR CRICKET STADIUM,KINGS XI PUNJAB,MUMBAI INDIANS,MUMBAI INDIANS,field,MUMBAI INDIANS,WICKETS,6.0,175.0,20.0,N,NORMAL,AY Dandekar,S Ravi,2018
1136595,2018,PUNE,2018-05-05,League,RA JADEJA,MAHARASHTRA CRICKET ASSOCIATION STADIUM,ROYAL CHALLENGERS BANGALORE,CHENNAI SUPER KINGS,CHENNAI SUPER KINGS,field,CHENNAI SUPER KINGS,WICKETS,6.0,128.0,20.0,N,NORMAL,Nitin Menon,YC Barde,2018
1136596,2018,HYDERABAD,2018-05-05,League,RASHID KHAN,RAJIV GANDHI INTERNATIONAL STADIUM,DELHI DAREDEVILS,SUNRISERS HYDERABAD,DELHI DAREDEVILS,bat,SUNRISERS HYDERABAD,WICKETS,7.0,164.0,20.0,N,NORMAL,BNJ Oxenford,CK Nandan,2018
1136597,2018,MUMBAI,2018-05-06,League,HH PANDYA,WANKHEDE STADIUM,MUMBAI INDIANS,KOLKATA KNIGHT RIDERS,KOLKATA KNIGHT RIDERS,field,MUMBAI INDIANS,RUNS,13.0,182.0,20.0,N,NORMAL,A Deshmukh,HDPK Dharmasena,2018
1136598,2018,INDORE,2018-05-06,League,MUJEEB UR RAHMAN,HOLKAR CRICKET STADIUM,RAJASTHAN ROYALS,KINGS XI PUNJAB,KINGS XI PUNJAB,field,KINGS XI PUNJAB,WICKETS,6.0,153.0,20.0,N,NORMAL,C Shamshuddin,S Ravi,2018
1136599,2018,HYDERABAD,2018-05-07,League,KS WILLIAMSON,RAJIV GANDHI INTERNATIONAL STADIUM,SUNRISERS HYDERABAD,ROYAL CHALLENGERS BANGALORE,ROYAL CHALLENGERS BANGALORE,field,SUNRISERS HYDERABAD,RUNS,5.0,147.0,20.0,N,NORMAL,BNJ Oxenford,VK Sharma,2018
1136600,2018,JAIPUR,2018-05-08,League,JC BUTTLER,SAWAI MANSINGH STADIUM,RAJASTHAN ROYALS,KINGS XI PUNJAB,RAJASTHAN ROYALS,bat,RAJASTHAN ROYALS,RUNS,15.0,159.0,20.0,N,NORMAL,M Erasmus,Nitin Menon,2018
1136601,2018,KOLKATA,2018-05-09,League,ISHAN KISHAN,EDEN GARDENS,MUMBAI INDIANS,KOLKATA KNIGHT RIDERS,KOLKATA KNIGHT RIDERS,field,MUMBAI INDIANS,RUNS,102.0,211.0,20.0,N,NORMAL,KN Ananthapadmanabhan,AK Chaudhary,2018
1136602,2018,DELHI,2018-05-10,League,S DHAWAN,ARUN JAITLEY STADIUM,DELHI DAREDEVILS,SUNRISERS HYDERABAD,DELHI DAREDEVILS,bat,SUNRISERS HYDERABAD,WICKETS,9.0,188.0,20.0,N,NORMAL,AY Dandekar,C Shamshuddin,2018
1136603,2018,JAIPUR,2018-05-11,League,JC BUTTLER,SAWAI MANSINGH STADIUM,CHENNAI SUPER KINGS,RAJASTHAN ROYALS,CHENNAI SUPER KINGS,bat,RAJASTHAN ROYALS,WICKETS,4.0,177.0,20.0,N,NORMAL,M Erasmus,YC Barde,2018
1136604,2018,INDORE,2018-05-12,League,SP NARINE,HOLKAR CRICKET STADIUM,KOLKATA KNIGHT RIDERS,KINGS XI PUNJAB,KINGS XI PUNJAB,field,KOLKATA KNIGHT RIDERS,RUNS,31.0,246.0,20.0,N,NORMAL,CK Nandan,VK Sharma,2018
1136605,2018,DELHI,2018-05-12,League,AB DE VILLIERS,ARUN JAITLEY STADIUM,DELHI DAREDEVILS,ROYAL CHALLENGERS BANGALORE,ROYAL CHALLENGERS BANGALORE,field,ROYAL CHALLENGERS BANGALORE,WICKETS,5.0,182.0,20.0,N,NORMAL,KN Ananthapadmanabhan,HDPK Dharmasena,2018
1136606,2018,PUNE,2018-05-13,League,AT RAYUDU,MAHARASHTRA CRICKET ASSOCIATION STADIUM,SUNRISERS HYDERABAD,CHENNAI SUPER KINGS,CHENNAI SUPER KINGS,field,CHENNAI SUPER KINGS,WICKETS,8.0,180.0,20.0,N,NORMAL,M Erasmus,YC Barde,2018
1136607,2018,MUMBAI,2018-05-13,League,JC BUTTLER,WANKHEDE STADIUM,MUMBAI INDIANS,RAJASTHAN ROYALS,RAJASTHAN ROYALS,field,RAJASTHAN ROYALS,WICKETS,7.0,169.0,20.0,N,NORMAL,Nitin Menon,S Ravi,2018
1136608,2018,INDORE,2018-05-14,League,UT YADAV,HOLKAR CRICKET STADIUM,KINGS XI PUNJAB,ROYAL CHALLENGERS BANGALORE,ROYAL CHALLENGERS BANGALORE,field,ROYAL CHALLENGERS BANGALORE,WICKETS,10.0,89.0,20.0,N,NORMAL,BNJ Oxenford,VK Sharma,2018
1136609,2018,KOLKATA,2018-05-15,League,KULDEEP YADAV,EDEN GARDENS,RAJASTHAN ROYALS,KOLKATA KNIGHT RIDERS,KOLKATA KNIGHT RIDERS,field,KOLKATA KNIGHT RIDERS,WICKETS,6.0,143.0,20.0,N,NORMAL,AK Chaudhary,HDPK Dharmasena,2018
1136610,2018,MUMBAI,2018-05-16,League,JJ BUMRAH,WANKHEDE STADIUM,MUMBAI INDIANS,KINGS XI PUNJAB,KINGS XI PUNJAB,field,MUMBAI INDIANS,RUNS,3.0,187.0,20.0,N,NORMAL,M Erasmus,Nitin Menon,2018
1136611,2018,BENGALURU,2018-05-17,League,AB DE VILLIERS,M.CHINNASWAMY STADIUM,ROYAL CHALLENGERS BANGALORE,SUNRISERS HYDERABAD,SUNRISERS HYDERABAD,field,ROYAL CHALLENGERS BANGALORE,RUNS,14.0,219.0,20.0,N,NORMAL,AY Dandekar,S Ravi,2018
1136612,2018,DELHI,2018-05-18,League,HV PATEL,ARUN JAITLEY STADIUM,DELHI DAREDEVILS,CHENNAI SUPER KINGS,CHENNAI SUPER KINGS,field,DELHI DAREDEVILS,RUNS,34.0,163.0,20.0,N,NORMAL,HDPK Dharmasena,VA Kulkarni,2018
1136613,2018,JAIPUR,2018-05-19,League,S GOPAL,SAWAI MANSINGH STADIUM,RAJASTHAN ROYALS,ROYAL CHALLENGERS BANGALORE,RAJASTHAN ROYALS,bat,RAJASTHAN ROYALS,RUNS,30.0,165.0,20.0,N,NORMAL,BNJ Oxenford,VK Sharma,2018
1136614,2018,HYDERABAD,2018-05-19,League,CA LYNN,RAJIV GANDHI INTERNATIONAL STADIUM,SUNRISERS HYDERABAD,KOLKATA KNIGHT RIDERS,SUNRISERS HYDERABAD,bat,KOLKATA KNIGHT RIDERS,WICKETS,5.0,173.0,20.0,N,NORMAL,AK Chaudhary,S Ravi,2018
1136615,2018,DELHI,2018-05-20,League,A MISHRA,ARUN JAITLEY STADIUM,DELHI DAREDEVILS,MUMBAI INDIANS,DELHI DAREDEVILS,bat,DELHI DAREDEVILS,RUNS,11.0,175.0,20.0,N,NORMAL,HDPK Dharmasena,CK Nandan,2018
1136616,2018,PUNE,2018-05-20,League,L NGIDI,MAHARASHTRA CRICKET ASSOCIATION STADIUM,KINGS XI PUNJAB,CHENNAI SUPER KINGS,CHENNAI SUPER KINGS,field,CHENNAI SUPER KINGS,WICKETS,5.0,154.0,20.0,N,NORMAL,Nitin Menon,YC Barde,2018
1136617,2018,MUMBAI,2018-05-22,Qualifier 1,F DU PLESSIS,WANKHEDE STADIUM,SUNRISERS HYDERABAD,CHENNAI SUPER KINGS,CHENNAI SUPER KINGS,field,CHENNAI SUPER KINGS,WICKETS,2.0,140.0,20.0,N,NORMAL,C Shamshuddin,M Erasmus,2018
1136618,2018,KOLKATA,2018-05-23,Eliminator,AD RUSSELL,EDEN GARDENS,KOLKATA KNIGHT RIDERS,RAJASTHAN ROYALS,RAJASTHAN ROYALS,field,KOLKATA KNIGHT RIDERS,RUNS,25.0,170.0,20.0,N,NORMAL,AK Chaudhary,Nitin Menon,2018
1136619,2018,KOLKATA,2018-05-25,Qualifier 2,RASHID KHAN,EDEN GARDENS,SUNRISERS HYDERABAD,KOLKATA KNIGHT RIDERS,KOLKATA KNIGHT RIDERS,field,SUNRISERS HYDERABAD,RUNS,14.0,175.0,20.0,N,NORMAL,HDPK Dharmasena,Nitin Menon,2018
1136620,2018,MUMBAI,2018-05-27,Final,SR WATSON,WANKHEDE STADIUM,SUNRISERS HYDERABAD,CHENNAI SUPER KINGS,CHENNAI SUPER KINGS,field,CHENNAI SUPER KINGS,WICKETS,8.0,179.0,20.0,N,NORMAL,M Erasmus,S Ravi,2018
1175356,2019,CHENNAI,2019-03-23,League,HARBHAJAN SINGH,MA CHIDAMBARAM STADIUM,ROYAL CHALLENGERS BANGALORE,CHENNAI SUPER KINGS,CHENNAI SUPER KINGS,field,CHENNAI SUPER KINGS,WICKETS,7.0,71.0,20.0,N,NORMAL,AY Dandekar,BNJ Oxenford,2019
1175357,2019,KOLKATA,2019-03-24,League,AD RUSSELL,EDEN GARDENS,SUNRISERS HYDERABAD,KOLKATA KNIGHT RIDERS,KOLKATA KNIGHT RIDERS,field,KOLKATA KNIGHT RIDERS,WICKETS,6.0,182.0,20.0,N,NORMAL,AK Chaudhary,CB Gaffaney,2019
1175358,2019,MUMBAI,2019-03-24,League,RR PANT,WANKHEDE STADIUM,DELHI CAPITALS,MUMBAI INDIANS,MUMBAI INDIANS,field,DELHI CAPITALS,RUNS,37.0,214.0,20.0,N,NORMAL,S Ravi,YC Barde,2019
1175359,2019,JAIPUR,2019-03-25,League,CH GAYLE,SAWAI MANSINGH STADIUM,KINGS XI PUNJAB,RAJASTHAN ROYALS,RAJASTHAN ROYALS,field,KINGS XI PUNJAB,RUNS,14.0,185.0,20.0,N,NORMAL,C Shamshuddin,KN Ananthapadmanabhan,2019
1175360,2019,DELHI,2019-03-26,League,SR WATSON,ARUN JAITLEY STADIUM,DELHI CAPITALS,CHENNAI SUPER KINGS,DELHI CAPITALS,bat,CHENNAI SUPER KINGS,WICKETS,6.0,148.0,20.0,N,NORMAL,M Erasmus,Nitin Menon,2019
1175361,2019,KOLKATA,2019-03-27,League,AD RUSSELL,EDEN GARDENS,KOLKATA KNIGHT RIDERS,KINGS XI PUNJAB,KINGS XI PUNJAB,field,KOLKATA KNIGHT RIDERS,RUNS,28.0,219.0,20.0,N,NORMAL,AK Chaudhary,VA Kulkarni,2019
1175362,2019,BENGALURU,2019-03-28,League,JJ BUMRAH,M.CHINNASWAMY STADIUM,MUMBAI INDIANS,ROYAL CHALLENGERS BANGALORE,ROYAL CHALLENGERS BANGALORE,field,MUMBAI INDIANS,RUNS,6.0,188.0,20.0,N,NORMAL,CK Nandan,S Ravi,2019
1175363,2019,HYDERABAD,2019-03-29,League,RASHID KHAN,RAJIV GANDHI INTERNATIONAL STADIUM,RAJASTHAN ROYALS,SUNRISERS HYDERABAD,RAJASTHAN ROYALS,bat,SUNRISERS HYDERABAD,WICKETS,5.0,199.0,20.0,N,NORMAL,BNJ Oxenford,C Shamshuddin,2019
1175364,2019,CHANDIGARH,2019-03-30,League,MA AGARWAL,PUNJAB CRICKET ASSOCIATION IS BINDRA STADIUM,MUMBAI INDIANS,KINGS XI PUNJAB,KINGS XI PUNJAB,field,KINGS XI PUNJAB,WICKETS,8.0,177.0,20.0,N,NORMAL,CB Gaffaney,VA Kulkarni,2019
1175365,2019,DELHI,2019-03-30,League,PP SHAW,ARUN JAITLEY STADIUM,KOLKATA KNIGHT RIDERS,DELHI CAPITALS,DELHI CAPITALS,field,DELHI CAPITALS,TIE,0.0,186.0,20.0,Y,NORMAL,AY Dandekar,Nitin Menon,2019
1175366,2019,HYDERABAD,2019-03-31,League,JM BAIRSTOW,RAJIV GANDHI INTERNATIONAL STADIUM,SUNRISERS HYDERABAD,ROYAL CHALLENGERS BANGALORE,ROYAL CHALLENGERS BANGALORE,field,SUNRISERS HYDERABAD,RUNS,118.0,232.0,20.0,N,NORMAL,KN Ananthapadmanabhan,S Ravi,2019
1175367,2019,CHENNAI,2019-03-31,League,MS DHONI,MA CHIDAMBARAM STADIUM,CHENNAI SUPER KINGS,RAJASTHAN ROYALS,RAJASTHAN ROYALS,field,CHENNAI SUPER KINGS,RUNS,8.0,176.0,20.0,N,NORMAL,CK Nandan,YC Barde,2019
1175368,2019,CHANDIGARH,2019-04-01,League,SM CURRAN,PUNJAB CRICKET ASSOCIATION IS BINDRA STADIUM,KINGS XI PUNJAB,DELHI CAPITALS,DELHI CAPITALS,field,KINGS XI PUNJAB,RUNS,14.0,167.0,20.0,N,NORMAL,AK Chaudhary,CB Gaffaney,2019
1175369,2019,JAIPUR,2019-04-02,League,S GOPAL,SAWAI MANSINGH STADIUM,ROYAL CHALLENGERS BANGALORE,RAJASTHAN ROYALS,RAJASTHAN ROYALS,field,RAJASTHAN ROYALS,WICKETS,7.0,159.0,20.0,N,NORMAL,AY Dandekar,M Erasmus,2019
1175370,2019,MUMBAI,2019-04-03,League,HH PANDYA,WANKHEDE STADIUM,MUMBAI INDIANS,CHENNAI SUPER KINGS,CHENNAI SUPER KINGS,field,MUMBAI INDIANS,RUNS,37.0,171.0,20.0,N,NORMAL,BNJ Oxenford,RJ Tucker,2019
1175371,2019,DELHI,2019-04-04,League,JM BAIRSTOW,ARUN JAITLEY STADIUM,DELHI CAPITALS,SUNRISERS HYDERABAD,SUNRISERS HYDERABAD,field,SUNRISERS HYDERABAD,WICKETS,5.0,130.0,20.0,N,NORMAL,C Shamshuddin,KN Ananthapadmanabhan,2019
1175372,2019,BENGALURU,2019-04-05,League,AD RUSSELL,M.CHINNASWAMY STADIUM,ROYAL CHALLENGERS BANGALORE,KOLKATA KNIGHT RIDERS,KOLKATA KNIGHT RIDERS,field,KOLKATA KNIGHT RIDERS,WICKETS,5.0,206.0,20.0,N,NORMAL,AK Chaudhary,CB Gaffaney,2019
1178393,2019,CHENNAI,2019-04-06,League,HARBHAJAN SINGH,MA CHIDAMBARAM STADIUM,CHENNAI SUPER KINGS,KINGS XI PUNJAB,CHENNAI SUPER KINGS,bat,CHENNAI SUPER KINGS,RUNS,22.0,161.0,20.0,N,NORMAL,KN Ananthapadmanabhan,RJ Tucker,2019
1178394,2019,HYDERABAD,2019-04-06,League,AS JOSEPH,RAJIV GANDHI INTERNATIONAL STADIUM,MUMBAI INDIANS,SUNRISERS HYDERABAD,SUNRISERS HYDERABAD,field,MUMBAI INDIANS,RUNS,40.0,137.0,20.0,N,NORMAL,AY Dandekar,Nitin Menon,2019
1178395,2019,BENGALURU,2019-04-07,League,K RABADA,M.CHINNASWAMY STADIUM,ROYAL CHALLENGERS BANGALORE,DELHI CAPITALS,DELHI CAPITALS,field,DELHI CAPITALS,WICKETS,4.0,150.0,20.0,N,NORMAL,S Ravi,YC Barde,2019
1178396,2019,JAIPUR,2019-04-07,League,HF GURNEY,SAWAI MANSINGH STADIUM,RAJASTHAN ROYALS,KOLKATA KNIGHT RIDERS,KOLKATA KNIGHT RIDERS,field,KOLKATA KNIGHT RIDERS,WICKETS,8.0,140.0,20.0,N,NORMAL,AK Chaudhary,CB Gaffaney,2019
1178397,2019,CHANDIGARH,2019-04-08,League,KL RAHUL,PUNJAB CRICKET ASSOCIATION IS BINDRA STADIUM,SUNRISERS HYDERABAD,KINGS XI PUNJAB,KINGS XI PUNJAB,field,KINGS XI PUNJAB,WICKETS,6.0,151.0,20.0,N,NORMAL,AY Dandekar,M Erasmus,2019
1178398,2019,CHENNAI,2019-04-09,League,DL CHAHAR,MA CHIDAMBARAM STADIUM,KOLKATA KNIGHT RIDERS,CHENNAI SUPER KINGS,CHENNAI SUPER KINGS,field,CHENNAI SUPER KINGS,WICKETS,7.0,109.0,20.0,N,NORMAL,C Shamshuddin,RJ Tucker,2019
1178399,2019,MUMBAI,2019-04-10,League,KA POLLARD,WANKHEDE STADIUM,KINGS XI PUNJAB,MUMBAI INDIANS,MUMBAI INDIANS,field,MUMBAI INDIANS,WICKETS,3.0,198.0,20.0,N,NORMAL,S Ravi,YC Barde,2019
1178400,2019,JAIPUR,2019-04-11,League,MS DHONI,SAWAI MANSINGH STADIUM,RAJASTHAN ROYALS,CHENNAI SUPER KINGS,CHENNAI SUPER KINGS,field,CHENNAI SUPER KINGS,WICKETS,4.0,152.0,20.0,N,NORMAL,BNJ Oxenford,UV Gandhe,2019
1178401,2019,KOLKATA,2019-04-12,League,S DHAWAN,EDEN GARDENS,KOLKATA KNIGHT RIDERS,DELHI CAPITALS,DELHI CAPITALS,field,DELHI CAPITALS,WICKETS,7.0,179.0,20.0,N,NORMAL,CK Nandan,YC Barde,2019
1178402,2019,MUMBAI,2019-04-13,League,JC BUTTLER,WANKHEDE STADIUM,MUMBAI INDIANS,RAJASTHAN ROYALS,RAJASTHAN ROYALS,field,RAJASTHAN ROYALS,WICKETS,4.0,188.0,20.0,N,NORMAL,A Nand Kishore,Nitin Menon,2019
1178403,2019,CHANDIGARH,2019-04-13,League,AB DE VILLIERS,PUNJAB CRICKET ASSOCIATION IS BINDRA STADIUM,KINGS XI PUNJAB,ROYAL CHALLENGERS BANGALORE,ROYAL CHALLENGERS BANGALORE,field,ROYAL CHALLENGERS BANGALORE,WICKETS,8.0,174.0,20.0,N,NORMAL,S Ravi,UV Gandhe,2019
1178404,2019,KOLKATA,2019-04-14,League,IMRAN TAHIR,EDEN GARDENS,KOLKATA KNIGHT RIDERS,CHENNAI SUPER KINGS,CHENNAI SUPER KINGS,field,CHENNAI SUPER KINGS,WICKETS,5.0,162.0,20.0,N,NORMAL,CK Nandan,RJ Tucker,2019
1178405,2019,HYDERABAD,2019-04-14,League,KMA PAUL,RAJIV GANDHI INTERNATIONAL STADIUM,DELHI CAPITALS,SUNRISERS HYDERABAD,SUNRISERS HYDERABAD,field,DELHI CAPITALS,RUNS,39.0,156.0,20.0,N,NORMAL,AK Chaudhary,BNJ Oxenford,2019
1178406,2019,MUMBAI,2019-04-15,League,SL MALINGA,WANKHEDE STADIUM,ROYAL CHALLENGERS BANGALORE,MUMBAI INDIANS,MUMBAI INDIANS,field,MUMBAI INDIANS,WICKETS,5.0,172.0,20.0,N,NORMAL,M Erasmus,Nitin Menon,2019
1178407,2019,CHANDIGARH,2019-04-16,League,R ASHWIN,PUNJAB CRICKET ASSOCIATION IS BINDRA STADIUM,KINGS XI PUNJAB,RAJASTHAN ROYALS,RAJASTHAN ROYALS,field,KINGS XI PUNJAB,RUNS,12.0,183.0,20.0,N,NORMAL,AK Chaudhary,VA Kulkarni,2019
1178408,2019,HYDERABAD,2019-04-17,League,DA WARNER,RAJIV GANDHI INTERNATIONAL STADIUM,CHENNAI SUPER KINGS,SUNRISERS HYDERABAD,CHENNAI SUPER KINGS,bat,SUNRISERS HYDERABAD,WICKETS,6.0,133.0,20.0,N,NORMAL,IJ Gould,UV Gandhe,2019
1178409,2019,DELHI,2019-04-18,League,HH PANDYA,ARUN JAITLEY STADIUM,MUMBAI INDIANS,DELHI CAPITALS,MUMBAI INDIANS,bat,MUMBAI INDIANS,RUNS,40.0,169.0,20.0,N,NORMAL,BNJ Oxenford,NJ Llong,2019
1178410,2019,KOLKATA,2019-04-19,League,V KOHLI,EDEN GARDENS,ROYAL CHALLENGERS BANGALORE,KOLKATA KNIGHT RIDERS,KOLKATA KNIGHT RIDERS,field,ROYAL CHALLENGERS BANGALORE,RUNS,10.0,214.0,20.0,N,NORMAL,IJ Gould,Nitin Menon,2019
1178411,2019,JAIPUR,2019-04-20,League,SPD SMITH,SAWAI MANSINGH STADIUM,MUMBAI INDIANS,RAJASTHAN ROYALS,RAJASTHAN ROYALS,field,RAJASTHAN ROYALS,WICKETS,5.0,162.0,20.0,N,NORMAL,S Ravi,YC Barde,2019
1178412,2019,DELHI,2019-04-20,League,SS IYER,ARUN JAITLEY STADIUM,KINGS XI PUNJAB,DELHI CAPITALS,DELHI CAPITALS,field,DELHI CAPITALS,WICKETS,5.0,164.0,20.0,N,NORMAL,C Shamshuddin,UV Gandhe,2019
1178413,2019,HYDERABAD,2019-04-21,League,KK AHMED,RAJIV GANDHI INTERNATIONAL STADIUM,KOLKATA KNIGHT RIDERS,SUNRISERS HYDERABAD,SUNRISERS HYDERABAD,field,SUNRISERS HYDERABAD,WICKETS,9.0,160.0,20.0,N,NORMAL,NJ Llong,Nitin Menon,2019
1178414,2019,BENGALURU,2019-04-21,League,PA PATEL,M.CHINNASWAMY STADIUM,ROYAL CHALLENGERS BANGALORE,CHENNAI SUPER KINGS,CHENNAI SUPER KINGS,field,ROYAL CHALLENGERS BANGALORE,RUNS,1.0,162.0,20.0,N,NORMAL,RJ Tucker,VA Kulkarni,2019
1178415,2019,JAIPUR,2019-04-22,League,RR PANT,SAWAI MANSINGH STADIUM,RAJASTHAN ROYALS,DELHI CAPITALS,DELHI CAPITALS,field,DELHI CAPITALS,WICKETS,6.0,192.0,20.0,N,NORMAL,A Nand Kishore,S Ravi,2019
1178416,2019,CHENNAI,2019-04-23,League,SR WATSON,MA CHIDAMBARAM STADIUM,SUNRISERS HYDERABAD,CHENNAI SUPER KINGS,CHENNAI SUPER KINGS,field,CHENNAI SUPER KINGS,WICKETS,6.0,176.0,20.0,N,NORMAL,AK Chaudhary,NJ Llong,2019
1178417,2019,BENGALURU,2019-04-24,League,AB DE VILLIERS,M.CHINNASWAMY STADIUM,ROYAL CHALLENGERS BANGALORE,KINGS XI PUNJAB,KINGS XI PUNJAB,field,ROYAL CHALLENGERS BANGALORE,RUNS,17.0,203.0,20.0,N,NORMAL,BNJ Oxenford,C Shamshuddin,2019
1178418,2019,KOLKATA,2019-04-25,League,VR AARON,EDEN GARDENS,KOLKATA KNIGHT RIDERS,RAJASTHAN ROYALS,RAJASTHAN ROYALS,field,RAJASTHAN ROYALS,WICKETS,3.0,176.0,20.0,N,NORMAL,AY Dandekar,IJ Gould,2019
1178419,2019,CHENNAI,2019-04-26,League,RG SHARMA,MA CHIDAMBARAM STADIUM,MUMBAI INDIANS,CHENNAI SUPER KINGS,CHENNAI SUPER KINGS,field,MUMBAI INDIANS,RUNS,46.0,156.0,20.0,N,NORMAL,AK Chaudhary,NJ Llong,2019
1178420,2019,JAIPUR,2019-04-27,League,JD UNADKAT,SAWAI MANSINGH STADIUM,SUNRISERS HYDERABAD,RAJASTHAN ROYALS,RAJASTHAN ROYALS,field,RAJASTHAN ROYALS,WICKETS,7.0,161.0,20.0,N,NORMAL,A Nand Kishore,YC Barde,2019
1178421,2019,DELHI,2019-04-28,League,S DHAWAN,ARUN JAITLEY STADIUM,DELHI CAPITALS,ROYAL CHALLENGERS BANGALORE,DELHI CAPITALS,bat,DELHI CAPITALS,RUNS,16.0,188.0,20.0,N,NORMAL,BNJ Oxenford,KN Ananthapadmanabhan,2019
1178422,2019,KOLKATA,2019-04-28,League,AD RUSSELL,EDEN GARDENS,KOLKATA KNIGHT RIDERS,MUMBAI INDIANS,MUMBAI INDIANS,field,KOLKATA KNIGHT RIDERS,RUNS,34.0,233.0,20.0,N,NORMAL,IJ Gould,Nitin Menon,2019
1178423,2019,HYDERABAD,2019-04-29,League,DA WARNER,RAJIV GANDHI INTERNATIONAL STADIUM,SUNRISERS HYDERABAD,KINGS XI PUNJAB,KINGS XI PUNJAB,field,SUNRISERS HYDERABAD,RUNS,45.0,213.0,20.0,N,NORMAL,CK Nandan,S Ravi,2019
1178424,2019,BENGALURU,2019-04-30,League,NO AWARD,M.CHINNASWAMY STADIUM,ROYAL CHALLENGERS BANGALORE,RAJASTHAN ROYALS,RAJASTHAN ROYALS,field,NO RESULT,NO RESULT,0.0,63.0,5.0,N,NORMAL,NJ Llong,UV Gandhe,2019
1178425,2019,CHENNAI,2019-05-01,League,MS DHONI,MA CHIDAMBARAM STADIUM,CHENNAI SUPER KINGS,DELHI CAPITALS,DELHI CAPITALS,field,CHENNAI SUPER KINGS,RUNS,80.0,180.0,20.0,N,NORMAL,AY Dandekar,Nitin Menon,2019
1178426,2019,MUMBAI,2019-05-02,League,JJ BUMRAH,WANKHEDE STADIUM,MUMBAI INDIANS,SUNRISERS HYDERABAD,MUMBAI INDIANS,bat,MUMBAI INDIANS,TIE,0.0,163.0,20.0,Y,NORMAL,CK Nandan,S Ravi,2019
1178427,2019,CHANDIGARH,2019-05-03,League,SHUBMAN GILL,PUNJAB CRICKET ASSOCIATION IS BINDRA STADIUM,KINGS XI PUNJAB,KOLKATA KNIGHT RIDERS,KOLKATA KNIGHT RIDERS,field,KOLKATA KNIGHT RIDERS,WICKETS,7.0,184.0,20.0,N,NORMAL,BNJ Oxenford,C Shamshuddin,2019
1178428,2019,DELHI,2019-05-04,League,A MISHRA,ARUN JAITLEY STADIUM,RAJASTHAN ROYALS,DELHI CAPITALS,RAJASTHAN ROYALS,bat,DELHI CAPITALS,WICKETS,5.0,116.0,20.0,N,NORMAL,AY Dandekar,IJ Gould,2019
1178429,2019,BENGALURU,2019-05-04,League,SO HETMYER,M.CHINNASWAMY STADIUM,SUNRISERS HYDERABAD,ROYAL CHALLENGERS BANGALORE,ROYAL CHALLENGERS BANGALORE,field,ROYAL CHALLENGERS BANGALORE,WICKETS,4.0,176.0,20.0,N,NORMAL,AK Chaudhary,NJ Llong,2019
1178430,2019,CHANDIGARH,2019-05-05,League,KL RAHUL,PUNJAB CRICKET ASSOCIATION IS BINDRA STADIUM,CHENNAI SUPER KINGS,KINGS XI PUNJAB,KINGS XI PUNJAB,field,KINGS XI PUNJAB,WICKETS,6.0,171.0,20.0,N,NORMAL,C Shamshuddin,KN Ananthapadmanabhan,2019
1178431,2019,MUMBAI,2019-05-05,League,HH PANDYA,WANKHEDE STADIUM,KOLKATA KNIGHT RIDERS,MUMBAI INDIANS,MUMBAI INDIANS,field,MUMBAI INDIANS,WICKETS,9.0,134.0,20.0,N,NORMAL,A Nand Kishore,CK Nandan,2019
1181764,2019,CHENNAI,2019-05-07,Qualifier 1,SA YADAV,MA CHIDAMBARAM STADIUM,CHENNAI SUPER KINGS,MUMBAI INDIANS,CHENNAI SUPER KINGS,bat,MUMBAI INDIANS,WICKETS,6.0,132.0,20.0,N,NORMAL,NJ Llong,Nitin Menon,2019
1181766,2019,VISAKHAPATNAM,2019-05-08,Eliminator,RR PANT,DR. Y.S. RAJASEKHARA REDDY ACA-VDCA CRICKET STADIUM,SUNRISERS HYDERABAD,DELHI CAPITALS,DELHI CAPITALS,field,DELHI CAPITALS,WICKETS,2.0,163.0,20.0,N,NORMAL,BNJ Oxenford,S Ravi,2019
1181767,2019,VISAKHAPATNAM,2019-05-10,Qualifier 2,F DU PLESSIS,DR. Y.S. RAJASEKHARA REDDY ACA-VDCA CRICKET STADIUM,DELHI CAPITALS,CHENNAI SUPER KINGS,CHENNAI SUPER KINGS,field,CHENNAI SUPER KINGS,WICKETS,6.0,148.0,20.0,N,NORMAL,BNJ Oxenford,S Ravi,2019
1181768,2019,HYDERABAD,2019-05-12,Final,JJ BUMRAH,RAJIV GANDHI INTERNATIONAL STADIUM,MUMBAI INDIANS,CHENNAI SUPER KINGS,MUMBAI INDIANS,bat,MUMBAI INDIANS,RUNS,1.0,150.0,20.0,N,NORMAL,IJ Gould,Nitin Menon,2019
1216492,2020/21,ABU DHABI,2020-09-19,League,AT RAYUDU,SHEIKH ZAYED STADIUM,MUMBAI INDIANS,CHENNAI SUPER KINGS,CHENNAI SUPER KINGS,field,CHENNAI SUPER KINGS,WICKETS,5.0,163.0,20.0,N,NORMAL,CB Gaffaney,VK Sharma,2020
1216493,2020/21,UNKNOWN,2020-09-20,League,MP STOINIS,DUBAI INTERNATIONAL CRICKET STADIUM,DELHI CAPITALS,KINGS XI PUNJAB,KINGS XI PUNJAB,field,DELHI CAPITALS,TIE,0.0,158.0,20.0,Y,NORMAL,AK Chaudhary,Nitin Menon,2020
1216534,2020/21,UNKNOWN,2020-09-21,League,YS CHAHAL,DUBAI INTERNATIONAL CRICKET STADIUM,ROYAL CHALLENGERS BANGALORE,SUNRISERS HYDERABAD,SUNRISERS HYDERABAD,field,ROYAL CHALLENGERS BANGALORE,RUNS,10.0,164.0,20.0,N,NORMAL,AY Dandekar,Nitin Menon,2020
1216496,2020/21,UNKNOWN,2020-09-22,League,SV SAMSON,SHARJAH CRICKET STADIUM,RAJASTHAN ROYALS,CHENNAI SUPER KINGS,CHENNAI SUPER KINGS,field,RAJASTHAN ROYALS,RUNS,16.0,217.0,20.0,N,NORMAL,C Shamshuddin,VA Kulkarni,2020
1216508,2020/21,ABU DHABI,2020-09-23,League,RG SHARMA,SHEIKH ZAYED STADIUM,MUMBAI INDIANS,KOLKATA KNIGHT RIDERS,KOLKATA KNIGHT RIDERS,field,MUMBAI INDIANS,RUNS,49.0,196.0,20.0,N,NORMAL,CB Gaffaney,S Ravi,2020
1216510,2020/21,UNKNOWN,2020-09-24,League,KL RAHUL,DUBAI INTERNATIONAL CRICKET STADIUM,KINGS XI PUNJAB,ROYAL CHALLENGERS BANGALORE,ROYAL CHALLENGERS BANGALORE,field,KINGS XI PUNJAB,RUNS,97.0,207.0,20.0,N,NORMAL,AK Chaudhary,PR Reiffel,2020
1216539,2020/21,UNKNOWN,2020-09-25,League,PP SHAW,DUBAI INTERNATIONAL CRICKET STADIUM,DELHI CAPITALS,CHENNAI SUPER KINGS,CHENNAI SUPER KINGS,field,DELHI CAPITALS,RUNS,44.0,176.0,20.0,N,NORMAL,KN Ananthapadmanabhan,RK Illingworth,2020
1216545,2020/21,ABU DHABI,2020-09-26,League,SHUBMAN GILL,SHEIKH ZAYED STADIUM,SUNRISERS HYDERABAD,KOLKATA KNIGHT RIDERS,SUNRISERS HYDERABAD,bat,KOLKATA KNIGHT RIDERS,WICKETS,7.0,143.0,20.0,N,NORMAL,CB Gaffaney,VK Sharma,2020
1216527,2020/21,UNKNOWN,2020-09-27,League,SV SAMSON,SHARJAH CRICKET STADIUM,KINGS XI PUNJAB,RAJASTHAN ROYALS,RAJASTHAN ROYALS,field,RAJASTHAN ROYALS,WICKETS,4.0,224.0,20.0,N,NORMAL,RK Illingworth,K Srinivasan,2020
1216547,2020/21,UNKNOWN,2020-09-28,League,AB DE VILLIERS,DUBAI INTERNATIONAL CRICKET STADIUM,ROYAL CHALLENGERS BANGALORE,MUMBAI INDIANS,MUMBAI INDIANS,field,ROYAL CHALLENGERS BANGALORE,TIE,0.0,202.0,20.0,Y,NORMAL,Nitin Menon,PR Reiffel,2020
1216532,2020/21,ABU DHABI,2020-09-29,League,RASHID KHAN,SHEIKH ZAYED STADIUM,SUNRISERS HYDERABAD,DELHI CAPITALS,DELHI CAPITALS,field,SUNRISERS HYDERABAD,RUNS,15.0,163.0,20.0,N,NORMAL,VK Sharma,S Ravi,2020
1216504,2020/21,UNKNOWN,2020-09-30,League,SHIVAM MAVI,DUBAI INTERNATIONAL CRICKET STADIUM,KOLKATA KNIGHT RIDERS,RAJASTHAN ROYALS,RAJASTHAN ROYALS,field,KOLKATA KNIGHT RIDERS,RUNS,37.0,175.0,20.0,N,NORMAL,KN Ananthapadmanabhan,C Shamshuddin,2020
1216503,2020/21,ABU DHABI,2020-10-01,League,KA POLLARD,SHEIKH ZAYED STADIUM,MUMBAI INDIANS,KINGS XI PUNJAB,KINGS XI PUNJAB,field,MUMBAI INDIANS,RUNS,48.0,192.0,20.0,N,NORMAL,VK Sharma,S Ravi,2020
1216516,2020/21,UNKNOWN,2020-10-02,League,PK GARG,DUBAI INTERNATIONAL CRICKET STADIUM,SUNRISERS HYDERABAD,CHENNAI SUPER KINGS,SUNRISERS HYDERABAD,bat,SUNRISERS HYDERABAD,RUNS,7.0,165.0,20.0,N,NORMAL,AK Chaudhary,PR Reiffel,2020
1216514,2020/21,ABU DHABI,2020-10-03,League,YS CHAHAL,SHEIKH ZAYED STADIUM,RAJASTHAN ROYALS,ROYAL CHALLENGERS BANGALORE,RAJASTHAN ROYALS,bat,ROYAL CHALLENGERS BANGALORE,WICKETS,8.0,155.0,20.0,N,NORMAL,CB Gaffaney,S Ravi,2020
1216515,2020/21,UNKNOWN,2020-10-03,League,SS IYER,SHARJAH CRICKET STADIUM,DELHI CAPITALS,KOLKATA KNIGHT RIDERS,KOLKATA KNIGHT RIDERS,field,DELHI CAPITALS,RUNS,18.0,229.0,20.0,N,NORMAL,VA Kulkarni,RK Illingworth,2020
1216513,2020/21,UNKNOWN,2020-10-04,League,SR WATSON,DUBAI INTERNATIONAL CRICKET STADIUM,KINGS XI PUNJAB,CHENNAI SUPER KINGS,KINGS XI PUNJAB,bat,CHENNAI SUPER KINGS,WICKETS,10.0,179.0,20.0,N,NORMAL,AY Dandekar,Nitin Menon,2020
1216538,2020/21,UNKNOWN,2020-10-04,League,TA BOULT,SHARJAH CRICKET STADIUM,MUMBAI INDIANS,SUNRISERS HYDERABAD,MUMBAI INDIANS,bat,MUMBAI INDIANS,RUNS,34.0,209.0,20.0,N,NORMAL,KN Ananthapadmanabhan,RK Illingworth,2020
1216519,2020/21,UNKNOWN,2020-10-05,League,AR PATEL,DUBAI INTERNATIONAL CRICKET STADIUM,DELHI CAPITALS,ROYAL CHALLENGERS BANGALORE,ROYAL CHALLENGERS BANGALORE,field,DELHI CAPITALS,RUNS,59.0,197.0,20.0,N,NORMAL,Nitin Menon,YC Barde,2020
1216511,2020/21,ABU DHABI,2020-10-06,League,SA YADAV,SHEIKH ZAYED STADIUM,MUMBAI INDIANS,RAJASTHAN ROYALS,MUMBAI INDIANS,bat,MUMBAI INDIANS,RUNS,57.0,194.0,20.0,N,NORMAL,VK Sharma,S Ravi,2020
1216501,2020/21,ABU DHABI,2020-10-07,League,RA TRIPATHI,SHEIKH ZAYED STADIUM,KOLKATA KNIGHT RIDERS,CHENNAI SUPER KINGS,KOLKATA KNIGHT RIDERS,bat,KOLKATA KNIGHT RIDERS,RUNS,10.0,168.0,20.0,N,NORMAL,KN Ananthapadmanabhan,RK Illingworth,2020
1216542,2020/21,UNKNOWN,2020-10-08,League,JM BAIRSTOW,DUBAI INTERNATIONAL CRICKET STADIUM,SUNRISERS HYDERABAD,KINGS XI PUNJAB,SUNRISERS HYDERABAD,bat,SUNRISERS HYDERABAD,RUNS,69.0,202.0,20.0,N,NORMAL,AK Chaudhary,Nitin Menon,2020
1216500,2020/21,UNKNOWN,2020-10-09,League,R ASHWIN,SHARJAH CRICKET STADIUM,DELHI CAPITALS,RAJASTHAN ROYALS,RAJASTHAN ROYALS,field,DELHI CAPITALS,RUNS,46.0,185.0,20.0,N,NORMAL,KN Ananthapadmanabhan,C Shamshuddin,2020
1216523,2020/21,ABU DHABI,2020-10-10,League,KD KARTHIK,SHEIKH ZAYED STADIUM,KOLKATA KNIGHT RIDERS,KINGS XI PUNJAB,KOLKATA KNIGHT RIDERS,bat,KOLKATA KNIGHT RIDERS,RUNS,2.0,165.0,20.0,N,NORMAL,UV Gandhe,CB Gaffaney,2020
1216525,2020/21,UNKNOWN,2020-10-10,League,V KOHLI,DUBAI INTERNATIONAL CRICKET STADIUM,ROYAL CHALLENGERS BANGALORE,CHENNAI SUPER KINGS,ROYAL CHALLENGERS BANGALORE,bat,ROYAL CHALLENGERS BANGALORE,RUNS,37.0,170.0,20.0,N,NORMAL,AK Chaudhary,PR Reiffel,2020
1216507,2020/21,UNKNOWN,2020-10-11,League,R TEWATIA,DUBAI INTERNATIONAL CRICKET STADIUM,SUNRISERS HYDERABAD,RAJASTHAN ROYALS,SUNRISERS HYDERABAD,bat,RAJASTHAN ROYALS,WICKETS,5.0,159.0,20.0,N,NORMAL,YC Barde,PR Reiffel,2020
1216529,2020/21,ABU DHABI,2020-10-11,League,Q DE KOCK,SHEIKH ZAYED STADIUM,DELHI CAPITALS,MUMBAI INDIANS,DELHI CAPITALS,bat,MUMBAI INDIANS,WICKETS,5.0,163.0,20.0,N,NORMAL,CB Gaffaney,S Ravi,2020
1216540,2020/21,UNKNOWN,2020-10-12,League,AB DE VILLIERS,SHARJAH CRICKET STADIUM,ROYAL CHALLENGERS BANGALORE,KOLKATA KNIGHT RIDERS,ROYAL CHALLENGERS BANGALORE,bat,ROYAL CHALLENGERS BANGALORE,RUNS,82.0,195.0,20.0,N,NORMAL,RK Illingworth,K Srinivasan,2020
1216528,2020/21,UNKNOWN,2020-10-13,League,RA JADEJA,DUBAI INTERNATIONAL CRICKET STADIUM,CHENNAI SUPER KINGS,SUNRISERS HYDERABAD,CHENNAI SUPER KINGS,bat,CHENNAI SUPER KINGS,RUNS,20.0,168.0,20.0,N,NORMAL,AK Chaudhary,PR Reiffel,2020
1216543,2020/21,UNKNOWN,2020-10-14,League,A NORTJE,DUBAI INTERNATIONAL CRICKET STADIUM,DELHI CAPITALS,RAJASTHAN ROYALS,DELHI CAPITALS,bat,DELHI CAPITALS,RUNS,13.0,162.0,20.0,N,NORMAL,AK Chaudhary,Nitin Menon,2020
1216531,2020/21,UNKNOWN,2020-10-15,League,KL RAHUL,SHARJAH CRICKET STADIUM,ROYAL CHALLENGERS BANGALORE,KINGS XI PUNJAB,ROYAL CHALLENGERS BANGALORE,bat,KINGS XI PUNJAB,WICKETS,8.0,172.0,20.0,N,NORMAL,KN Ananthapadmanabhan,C Shamshuddin,2020
1216526,2020/21,ABU DHABI,2020-10-16,League,Q DE KOCK,SHEIKH ZAYED STADIUM,KOLKATA KNIGHT RIDERS,MUMBAI INDIANS,KOLKATA KNIGHT RIDERS,bat,MUMBAI INDIANS,WICKETS,8.0,149.0,20.0,N,NORMAL,CB Gaffaney,VK Sharma,2020
1216509,2020/21,UNKNOWN,2020-10-17,League,S DHAWAN,SHARJAH CRICKET STADIUM,CHENNAI SUPER KINGS,DELHI CAPITALS,CHENNAI SUPER KINGS,bat,DELHI CAPITALS,WICKETS,5.0,180.0,20.0,N,NORMAL,KN Ananthapadmanabhan,RK Illingworth,2020
1216522,2020/21,UNKNOWN,2020-10-17,League,AB DE VILLIERS,DUBAI INTERNATIONAL CRICKET STADIUM,RAJASTHAN ROYALS,ROYAL CHALLENGERS BANGALORE,RAJASTHAN ROYALS,bat,ROYAL CHALLENGERS BANGALORE,WICKETS,7.0,178.0,20.0,N,NORMAL,AK Chaudhary,Nitin Menon,2020
1216512,2020/21,ABU DHABI,2020-10-18,League,LH FERGUSON,SHEIKH ZAYED STADIUM,KOLKATA KNIGHT RIDERS,SUNRISERS HYDERABAD,SUNRISERS HYDERABAD,field,KOLKATA KNIGHT RIDERS,TIE,0.0,164.0,20.0,Y,NORMAL,PG Pathak,S Ravi,2020
1216517,2020/21,UNKNOWN,2020-10-18,League,KL RAHUL,DUBAI INTERNATIONAL CRICKET STADIUM,MUMBAI INDIANS,KINGS XI PUNJAB,MUMBAI INDIANS,bat,KINGS XI PUNJAB,TIE,0.0,177.0,20.0,Y,NORMAL,Nitin Menon,PR Reiffel,2020
1216533,2020/21,ABU DHABI,2020-10-19,League,JC BUTTLER,SHEIKH ZAYED STADIUM,CHENNAI SUPER KINGS,RAJASTHAN ROYALS,CHENNAI SUPER KINGS,bat,RAJASTHAN ROYALS,WICKETS,7.0,126.0,20.0,N,NORMAL,CB Gaffaney,VK Sharma,2020
1216546,2020/21,UNKNOWN,2020-10-20,League,S DHAWAN,DUBAI INTERNATIONAL CRICKET STADIUM,DELHI CAPITALS,KINGS XI PUNJAB,DELHI CAPITALS,bat,KINGS XI PUNJAB,WICKETS,5.0,165.0,20.0,N,NORMAL,C Shamshuddin,RK Illingworth,2020
1216494,2020/21,ABU DHABI,2020-10-21,League,MOHAMMED SIRAJ,SHEIKH ZAYED STADIUM,KOLKATA KNIGHT RIDERS,ROYAL CHALLENGERS BANGALORE,KOLKATA KNIGHT RIDERS,bat,ROYAL CHALLENGERS BANGALORE,WICKETS,8.0,85.0,20.0,N,NORMAL,VK Sharma,S Ravi,2020
1216518,2020/21,UNKNOWN,2020-10-22,League,MK PANDEY,DUBAI INTERNATIONAL CRICKET STADIUM,RAJASTHAN ROYALS,SUNRISERS HYDERABAD,SUNRISERS HYDERABAD,field,SUNRISERS HYDERABAD,WICKETS,8.0,155.0,20.0,N,NORMAL,Nitin Menon,PR Reiffel,2020
1216521,2020/21,UNKNOWN,2020-10-23,League,TA BOULT,SHARJAH CRICKET STADIUM,CHENNAI SUPER KINGS,MUMBAI INDIANS,MUMBAI INDIANS,field,MUMBAI INDIANS,WICKETS,10.0,115.0,20.0,N,NORMAL,C Shamshuddin,VA Kulkarni,2020
1216497,2020/21,ABU DHABI,2020-10-24,League,CV VARUN,SHEIKH ZAYED STADIUM,KOLKATA KNIGHT RIDERS,DELHI CAPITALS,DELHI CAPITALS,field,KOLKATA KNIGHT RIDERS,RUNS,59.0,195.0,20.0,N,NORMAL,CB Gaffaney,PG Pathak,2020
1216498,2020/21,UNKNOWN,2020-10-24,League,CJ JORDAN,DUBAI INTERNATIONAL CRICKET STADIUM,KINGS XI PUNJAB,SUNRISERS HYDERABAD,SUNRISERS HYDERABAD,field,KINGS XI PUNJAB,RUNS,12.0,127.0,20.0,N,NORMAL,AY Dandekar,PR Reiffel,2020
1216541,2020/21,ABU DHABI,2020-10-25,League,BA STOKES,SHEIKH ZAYED STADIUM,MUMBAI INDIANS,RAJASTHAN ROYALS,MUMBAI INDIANS,bat,RAJASTHAN ROYALS,WICKETS,8.0,196.0,20.0,N,NORMAL,UV Gandhe,VK Sharma,2020
1216544,2020/21,UNKNOWN,2020-10-25,League,RD GAIKWAD,DUBAI INTERNATIONAL CRICKET STADIUM,ROYAL CHALLENGERS BANGALORE,CHENNAI SUPER KINGS,ROYAL CHALLENGERS BANGALORE,bat,CHENNAI SUPER KINGS,WICKETS,8.0,146.0,20.0,N,NORMAL,C Shamshuddin,RK Illingworth,2020
1216520,2020/21,UNKNOWN,2020-10-26,League,CH GAYLE,SHARJAH CRICKET STADIUM,KOLKATA KNIGHT RIDERS,KINGS XI PUNJAB,KINGS XI PUNJAB,field,KINGS XI PUNJAB,WICKETS,8.0,150.0,20.0,N,NORMAL,KN Ananthapadmanabhan,RK Illingworth,2020
1216524,2020/21,UNKNOWN,2020-10-27,League,WP SAHA,DUBAI INTERNATIONAL CRICKET STADIUM,SUNRISERS HYDERABAD,DELHI CAPITALS,DELHI CAPITALS,field,SUNRISERS HYDERABAD,RUNS,88.0,220.0,20.0,N,NORMAL,AK Chaudhary,Nitin Menon,2020
1216499,2020/21,ABU DHABI,2020-10-28,League,SA YADAV,SHEIKH ZAYED STADIUM,ROYAL CHALLENGERS BANGALORE,MUMBAI INDIANS,MUMBAI INDIANS,field,MUMBAI INDIANS,WICKETS,5.0,165.0,20.0,N,NORMAL,UV Gandhe,CB Gaffaney,2020
1216536,2020/21,UNKNOWN,2020-10-29,League,RD GAIKWAD,DUBAI INTERNATIONAL CRICKET STADIUM,KOLKATA KNIGHT RIDERS,CHENNAI SUPER KINGS,CHENNAI SUPER KINGS,field,CHENNAI SUPER KINGS,WICKETS,6.0,173.0,20.0,N,NORMAL,C Shamshuddin,RK Illingworth,2020
1216537,2020/21,ABU DHABI,2020-10-30,League,BA STOKES,SHEIKH ZAYED STADIUM,KINGS XI PUNJAB,RAJASTHAN ROYALS,RAJASTHAN ROYALS,field,RAJASTHAN ROYALS,WICKETS,7.0,186.0,20.0,N,NORMAL,CB Gaffaney,S Ravi,2020
1216502,2020/21,UNKNOWN,2020-10-31,League,SANDEEP SHARMA,SHARJAH CRICKET STADIUM,ROYAL CHALLENGERS BANGALORE,SUNRISERS HYDERABAD,SUNRISERS HYDERABAD,field,SUNRISERS HYDERABAD,WICKETS,5.0,121.0,20.0,N,NORMAL,KN Ananthapadmanabhan,K Srinivasan,2020
1216535,2020/21,UNKNOWN,2020-10-31,League,ISHAN KISHAN,DUBAI INTERNATIONAL CRICKET STADIUM,DELHI CAPITALS,MUMBAI INDIANS,MUMBAI INDIANS,field,MUMBAI INDIANS,WICKETS,9.0,111.0,20.0,N,NORMAL,YC Barde,PR Reiffel,2020
1216506,2020/21,ABU DHABI,2020-11-01,League,RD GAIKWAD,SHEIKH ZAYED STADIUM,KINGS XI PUNJAB,CHENNAI SUPER KINGS,CHENNAI SUPER KINGS,field,CHENNAI SUPER KINGS,WICKETS,9.0,154.0,20.0,N,NORMAL,PG Pathak,VK Sharma,2020
1216530,2020/21,UNKNOWN,2020-11-01,League,PJ CUMMINS,DUBAI INTERNATIONAL CRICKET STADIUM,KOLKATA KNIGHT RIDERS,RAJASTHAN ROYALS,RAJASTHAN ROYALS,field,KOLKATA KNIGHT RIDERS,RUNS,60.0,192.0,20.0,N,NORMAL,Nitin Menon,PR Reiffel,2020
1216505,2020/21,ABU DHABI,2020-11-02,League,A NORTJE,SHEIKH ZAYED STADIUM,ROYAL CHALLENGERS BANGALORE,DELHI CAPITALS,DELHI CAPITALS,field,DELHI CAPITALS,WICKETS,6.0,153.0,20.0,N,NORMAL,CB Gaffaney,S Ravi,2020
1216495,2020/21,UNKNOWN,2020-11-03,League,S NADEEM,SHARJAH CRICKET STADIUM,MUMBAI INDIANS,SUNRISERS HYDERABAD,SUNRISERS HYDERABAD,field,SUNRISERS HYDERABAD,WICKETS,10.0,150.0,20.0,N,NORMAL,C Shamshuddin,RK Illingworth,2020
1237177,2020/21,UNKNOWN,2020-11-05,Qualifier 1,JJ BUMRAH,DUBAI INTERNATIONAL CRICKET STADIUM,MUMBAI INDIANS,DELHI CAPITALS,DELHI CAPITALS,field,MUMBAI INDIANS,RUNS,57.0,201.0,20.0,N,NORMAL,CB Gaffaney,Nitin Menon,2020
1237178,2020/21,ABU DHABI,2020-11-06,Eliminator,KS WILLIAMSON,SHEIKH ZAYED STADIUM,ROYAL CHALLENGERS BANGALORE,SUNRISERS HYDERABAD,SUNRISERS HYDERABAD,field,SUNRISERS HYDERABAD,WICKETS,6.0,132.0,20.0,N,NORMAL,PR Reiffel,S Ravi,2020
1237180,2020/21,ABU DHABI,2020-11-08,Qualifier 2,MP STOINIS,SHEIKH ZAYED STADIUM,DELHI CAPITALS,SUNRISERS HYDERABAD,DELHI CAPITALS,bat,DELHI CAPITALS,RUNS,17.0,190.0,20.0,N,NORMAL,PR Reiffel,S Ravi,2020
1237181,2020/21,UNKNOWN,2020-11-10,Final,TA BOULT,DUBAI INTERNATIONAL CRICKET STADIUM,DELHI CAPITALS,MUMBAI INDIANS,DELHI CAPITALS,bat,MUMBAI INDIANS,WICKETS,5.0,157.0,20.0,N,NORMAL,CB Gaffaney,Nitin Menon,2020
1254058,2021,CHENNAI,2021-04-09,League,HV PATEL,"MA CHIDAMBARAM STADIUM, CHEPAUK, CHENNAI",MUMBAI INDIANS,ROYAL CHALLENGERS BANGALORE,ROYAL CHALLENGERS BANGALORE,field,ROYAL CHALLENGERS BANGALORE,WICKETS,2.0,160.0,20.0,N,NORMAL,KN Ananthapadmanabhan,Nitin Menon,2021
1254059,2021,MUMBAI,2021-04-10,League,S DHAWAN,"WANKHEDE STADIUM, MUMBAI",CHENNAI SUPER KINGS,DELHI CAPITALS,DELHI CAPITALS,field,DELHI CAPITALS,WICKETS,7.0,189.0,20.0,N,NORMAL,AK Chaudhary,VK Sharma,2021
1254060,2021,CHENNAI,2021-04-11,League,N RANA,"MA CHIDAMBARAM STADIUM, CHEPAUK, CHENNAI",KOLKATA KNIGHT RIDERS,SUNRISERS HYDERABAD,SUNRISERS HYDERABAD,field,KOLKATA KNIGHT RIDERS,RUNS,10.0,188.0,20.0,N,NORMAL,KN Ananthapadmanabhan,Nitin Menon,2021
1254061,2021,MUMBAI,2021-04-12,League,SV SAMSON,"WANKHEDE STADIUM, MUMBAI",PUNJAB KINGS,RAJASTHAN ROYALS,RAJASTHAN ROYALS,field,PUNJAB KINGS,RUNS,4.0,222.0,20.0,N,NORMAL,AK Chaudhary,S Ravi,2021
1254062,2021,CHENNAI,2021-04-13,League,RD CHAHAR,"MA CHIDAMBARAM STADIUM, CHEPAUK, CHENNAI",MUMBAI INDIANS,KOLKATA KNIGHT RIDERS,KOLKATA KNIGHT RIDERS,field,MUMBAI INDIANS,RUNS,10.0,153.0,20.0,N,NORMAL,C Shamshuddin,CB Gaffaney,2021
1254063,2021,CHENNAI,2021-04-14,League,GJ MAXWELL,"MA CHIDAMBARAM STADIUM, CHEPAUK, CHENNAI",ROYAL CHALLENGERS BANGALORE,SUNRISERS HYDERABAD,SUNRISERS HYDERABAD,field,ROYAL CHALLENGERS BANGALORE,RUNS,6.0,150.0,20.0,N,NORMAL,Nitin Menon,UV Gandhe,2021
1254064,2021,MUMBAI,2021-04-15,League,JD UNADKAT,"WANKHEDE STADIUM, MUMBAI",DELHI CAPITALS,RAJASTHAN ROYALS,RAJASTHAN ROYALS,field,RAJASTHAN ROYALS,WICKETS,3.0,148.0,20.0,N,NORMAL,S Ravi,VK Sharma,2021
1254065,2021,MUMBAI,2021-04-16,League,DL CHAHAR,"WANKHEDE STADIUM, MUMBAI",PUNJAB KINGS,CHENNAI SUPER KINGS,CHENNAI SUPER KINGS,field,CHENNAI SUPER KINGS,WICKETS,6.0,107.0,20.0,N,NORMAL,AK Chaudhary,AY Dandekar,2021
1254066,2021,CHENNAI,2021-04-17,League,KA POLLARD,"MA CHIDAMBARAM STADIUM, CHEPAUK, CHENNAI",MUMBAI INDIANS,SUNRISERS HYDERABAD,MUMBAI INDIANS,bat,MUMBAI INDIANS,RUNS,13.0,151.0,20.0,N,NORMAL,CB Gaffaney,K Srinivasan,2021
1254067,2021,CHENNAI,2021-04-18,League,AB DE VILLIERS,"MA CHIDAMBARAM STADIUM, CHEPAUK, CHENNAI",ROYAL CHALLENGERS BANGALORE,KOLKATA KNIGHT RIDERS,ROYAL CHALLENGERS BANGALORE,bat,ROYAL CHALLENGERS BANGALORE,RUNS,38.0,205.0,20.0,N,NORMAL,C Shamshuddin,Nitin Menon,2021
1254068,2021,MUMBAI,2021-04-18,League,S DHAWAN,"WANKHEDE STADIUM, MUMBAI",PUNJAB KINGS,DELHI CAPITALS,DELHI CAPITALS,field,DELHI CAPITALS,WICKETS,6.0,196.0,20.0,N,NORMAL,AK Chaudhary,PR Reiffel,2021
1254069,2021,MUMBAI,2021-04-19,League,MM ALI,"WANKHEDE STADIUM, MUMBAI",CHENNAI SUPER KINGS,RAJASTHAN ROYALS,RAJASTHAN ROYALS,field,CHENNAI SUPER KINGS,RUNS,45.0,189.0,20.0,N,NORMAL,PR Reiffel,VK Sharma,2021
1254070,2021,CHENNAI,2021-04-20,League,A MISHRA,"MA CHIDAMBARAM STADIUM, CHEPAUK, CHENNAI",MUMBAI INDIANS,DELHI CAPITALS,MUMBAI INDIANS,bat,DELHI CAPITALS,WICKETS,6.0,138.0,20.0,N,NORMAL,C Shamshuddin,CB Gaffaney,2021
1254071,2021,CHENNAI,2021-04-21,League,JM BAIRSTOW,"MA CHIDAMBARAM STADIUM, CHEPAUK, CHENNAI",PUNJAB KINGS,SUNRISERS HYDERABAD,PUNJAB KINGS,bat,SUNRISERS HYDERABAD,WICKETS,9.0,121.0,20.0,N,NORMAL,K Srinivasan,Nitin Menon,2021
1254072,2021,MUMBAI,2021-04-21,League,F DU PLESSIS,"WANKHEDE STADIUM, MUMBAI",CHENNAI SUPER KINGS,KOLKATA KNIGHT RIDERS,KOLKATA KNIGHT RIDERS,field,CHENNAI SUPER KINGS,RUNS,18.0,221.0,20.0,N,NORMAL,AY Dandekar,PR Reiffel,2021
1254073,2021,MUMBAI,2021-04-22,League,D PADIKKAL,"WANKHEDE STADIUM, MUMBAI",RAJASTHAN ROYALS,ROYAL CHALLENGERS BANGALORE,ROYAL CHALLENGERS BANGALORE,field,ROYAL CHALLENGERS BANGALORE,WICKETS,10.0,178.0,20.0,N,NORMAL,J Madanagopal,S Ravi,2021
1254074,2021,CHENNAI,2021-04-23,League,KL RAHUL,"MA CHIDAMBARAM STADIUM, CHEPAUK, CHENNAI",MUMBAI INDIANS,PUNJAB KINGS,PUNJAB KINGS,field,PUNJAB KINGS,WICKETS,9.0,132.0,20.0,N,NORMAL,C Shamshuddin,Nitin Menon,2021
1254075,2021,MUMBAI,2021-04-24,League,CH MORRIS,"WANKHEDE STADIUM, MUMBAI",KOLKATA KNIGHT RIDERS,RAJASTHAN ROYALS,RAJASTHAN ROYALS,field,RAJASTHAN ROYALS,WICKETS,6.0,134.0,20.0,N,NORMAL,Navdeep Singh,S Ravi,2021
1254076,2021,MUMBAI,2021-04-25,League,RA JADEJA,"WANKHEDE STADIUM, MUMBAI",CHENNAI SUPER KINGS,ROYAL CHALLENGERS BANGALORE,CHENNAI SUPER KINGS,bat,CHENNAI SUPER KINGS,RUNS,69.0,192.0,20.0,N,NORMAL,AK Chaudhary,VK Sharma,2021
1254077,2021,CHENNAI,2021-04-25,League,PP SHAW,"MA CHIDAMBARAM STADIUM, CHEPAUK, CHENNAI",DELHI CAPITALS,SUNRISERS HYDERABAD,DELHI CAPITALS,bat,DELHI CAPITALS,TIE,0.0,160.0,20.0,Y,NORMAL,CB Gaffaney,KN Ananthapadmanabhan,2021
1254078,2021,AHMEDABAD,2021-04-26,League,EJG MORGAN,"NARENDRA MODI STADIUM, AHMEDABAD",PUNJAB KINGS,KOLKATA KNIGHT RIDERS,KOLKATA KNIGHT RIDERS,field,KOLKATA KNIGHT RIDERS,WICKETS,5.0,124.0,20.0,N,NORMAL,PR Reiffel,YC Barde,2021
1254079,2021,AHMEDABAD,2021-04-27,League,AB DE VILLIERS,"NARENDRA MODI STADIUM, AHMEDABAD",ROYAL CHALLENGERS BANGALORE,DELHI CAPITALS,DELHI CAPITALS,field,ROYAL CHALLENGERS BANGALORE,RUNS,1.0,172.0,20.0,N,NORMAL,S Ravi,VK Sharma,2021
1254080,2021,DELHI,2021-04-28,League,RD GAIKWAD,"ARUN JAITLEY STADIUM, DELHI",SUNRISERS HYDERABAD,CHENNAI SUPER KINGS,SUNRISERS HYDERABAD,bat,CHENNAI SUPER KINGS,WICKETS,7.0,172.0,20.0,N,NORMAL,C Shamshuddin,CK Nandan,2021
1254081,2021,DELHI,2021-04-29,League,Q DE KOCK,"ARUN JAITLEY STADIUM, DELHI",RAJASTHAN ROYALS,MUMBAI INDIANS,MUMBAI INDIANS,field,MUMBAI INDIANS,WICKETS,7.0,172.0,20.0,N,NORMAL,CB Gaffaney,KN Ananthapadmanabhan,2021
1254082,2021,AHMEDABAD,2021-04-29,League,PP SHAW,"NARENDRA MODI STADIUM, AHMEDABAD",KOLKATA KNIGHT RIDERS,DELHI CAPITALS,DELHI CAPITALS,field,DELHI CAPITALS,WICKETS,7.0,155.0,20.0,N,NORMAL,AK Chaudhary,YC Barde,2021
1254083,2021,AHMEDABAD,2021-04-30,League,HARPREET BRAR,"NARENDRA MODI STADIUM, AHMEDABAD",PUNJAB KINGS,ROYAL CHALLENGERS BANGALORE,ROYAL CHALLENGERS BANGALORE,field,PUNJAB KINGS,RUNS,34.0,180.0,20.0,N,NORMAL,S Ravi,VK Sharma,2021
1254084,2021,DELHI,2021-05-01,League,KA POLLARD,"ARUN JAITLEY STADIUM, DELHI",CHENNAI SUPER KINGS,MUMBAI INDIANS,MUMBAI INDIANS,field,MUMBAI INDIANS,WICKETS,4.0,219.0,20.0,N,NORMAL,KN Ananthapadmanabhan,CK Nandan,2021
1254085,2021,DELHI,2021-05-02,League,JC BUTTLER,"ARUN JAITLEY STADIUM, DELHI",RAJASTHAN ROYALS,SUNRISERS HYDERABAD,SUNRISERS HYDERABAD,field,RAJASTHAN ROYALS,RUNS,55.0,221.0,20.0,N,NORMAL,C Shamshuddin,CB Gaffaney,2021
1254086,2021,AHMEDABAD,2021-05-02,League,MA AGARWAL,"NARENDRA MODI STADIUM, AHMEDABAD",PUNJAB KINGS,DELHI CAPITALS,DELHI CAPITALS,field,DELHI CAPITALS,WICKETS,7.0,167.0,20.0,N,NORMAL,AK Chaudhary,AY Dandekar,2021
1254104,2021,DUBAI,2021-09-19,League,RD GAIKWAD,DUBAI INTERNATIONAL CRICKET STADIUM,CHENNAI SUPER KINGS,MUMBAI INDIANS,CHENNAI SUPER KINGS,bat,CHENNAI SUPER KINGS,RUNS,20.0,157.0,20.0,N,NORMAL,Nitin Menon,RK Illingworth,2021
1254087,2021,ABU DHABI,2021-09-20,League,CV VARUN,"ZAYED CRICKET STADIUM, ABU DHABI",ROYAL CHALLENGERS BANGALORE,KOLKATA KNIGHT RIDERS,ROYAL CHALLENGERS BANGALORE,bat,KOLKATA KNIGHT RIDERS,WICKETS,9.0,93.0,20.0,N,NORMAL,CB Gaffaney,S Ravi,2021
1254111,2021,DUBAI,2021-09-21,League,KARTIK TYAGI,DUBAI INTERNATIONAL CRICKET STADIUM,RAJASTHAN ROYALS,PUNJAB KINGS,PUNJAB KINGS,field,RAJASTHAN ROYALS,RUNS,2.0,186.0,20.0,N,NORMAL,AK Chaudhary,MA Gough,2021
1254105,2021,DUBAI,2021-09-22,League,A NORTJE,DUBAI INTERNATIONAL CRICKET STADIUM,SUNRISERS HYDERABAD,DELHI CAPITALS,SUNRISERS HYDERABAD,bat,DELHI CAPITALS,WICKETS,8.0,135.0,20.0,N,NORMAL,KN Ananthapadmanabhan,RK Illingworth,2021
1254096,2021,ABU DHABI,2021-09-23,League,SP NARINE,"ZAYED CRICKET STADIUM, ABU DHABI",MUMBAI INDIANS,KOLKATA KNIGHT RIDERS,KOLKATA KNIGHT RIDERS,field,KOLKATA KNIGHT RIDERS,WICKETS,7.0,156.0,20.0,N,NORMAL,S Ravi,VK Sharma,2021
1254113,2021,SHARJAH,2021-09-24,League,DJ BRAVO,SHARJAH CRICKET STADIUM,ROYAL CHALLENGERS BANGALORE,CHENNAI SUPER KINGS,CHENNAI SUPER KINGS,field,CHENNAI SUPER KINGS,WICKETS,6.0,157.0,20.0,N,NORMAL,AK Chaudhary,Nitin Menon,2021
1254097,2021,ABU DHABI,2021-09-25,League,SS IYER,"ZAYED CRICKET STADIUM, ABU DHABI",DELHI CAPITALS,RAJASTHAN ROYALS,RAJASTHAN ROYALS,field,DELHI CAPITALS,RUNS,33.0,155.0,20.0,N,NORMAL,CB Gaffaney,UV Gandhe,2021
1254107,2021,SHARJAH,2021-09-25,League,JO HOLDER,SHARJAH CRICKET STADIUM,PUNJAB KINGS,SUNRISERS HYDERABAD,SUNRISERS HYDERABAD,field,PUNJAB KINGS,RUNS,5.0,126.0,20.0,N,NORMAL,RK Illingworth,YC Barde,2021
1254098,2021,ABU DHABI,2021-09-26,League,RA JADEJA,"ZAYED CRICKET STADIUM, ABU DHABI",KOLKATA KNIGHT RIDERS,CHENNAI SUPER KINGS,KOLKATA KNIGHT RIDERS,bat,CHENNAI SUPER KINGS,WICKETS,2.0,172.0,20.0,N,NORMAL,CB Gaffaney,Tapan Sharma,2021
1254108,2021,DUBAI,2021-09-26,League,GJ MAXWELL,DUBAI INTERNATIONAL CRICKET STADIUM,ROYAL CHALLENGERS BANGALORE,MUMBAI INDIANS,MUMBAI INDIANS,field,ROYAL CHALLENGERS BANGALORE,RUNS,54.0,166.0,20.0,N,NORMAL,AK Chaudhary,MA Gough,2021
1254100,2021,DUBAI,2021-09-27,League,JJ ROY,DUBAI INTERNATIONAL CRICKET STADIUM,RAJASTHAN ROYALS,SUNRISERS HYDERABAD,RAJASTHAN ROYALS,bat,SUNRISERS HYDERABAD,WICKETS,7.0,165.0,20.0,N,NORMAL,KN Ananthapadmanabhan,Navdeep Singh,2021
1254092,2021,SHARJAH,2021-09-28,League,SP NARINE,SHARJAH CRICKET STADIUM,DELHI CAPITALS,KOLKATA KNIGHT RIDERS,KOLKATA KNIGHT RIDERS,field,KOLKATA KNIGHT RIDERS,WICKETS,3.0,128.0,20.0,N,NORMAL,Nitin Menon,HAS Khalid,2021
1254099,2021,ABU DHABI,2021-09-28,League,KA POLLARD,"ZAYED CRICKET STADIUM, ABU DHABI",PUNJAB KINGS,MUMBAI INDIANS,MUMBAI INDIANS,field,MUMBAI INDIANS,WICKETS,6.0,136.0,20.0,N,NORMAL,S Ravi,VK Sharma,2021
1254103,2021,DUBAI,2021-09-29,League,YS CHAHAL,DUBAI INTERNATIONAL CRICKET STADIUM,RAJASTHAN ROYALS,ROYAL CHALLENGERS BANGALORE,ROYAL CHALLENGERS BANGALORE,field,ROYAL CHALLENGERS BANGALORE,WICKETS,7.0,150.0,20.0,N,NORMAL,AY Dandekar,KN Ananthapadmanabhan,2021
1254091,2021,SHARJAH,2021-09-30,League,JR HAZLEWOOD,SHARJAH CRICKET STADIUM,SUNRISERS HYDERABAD,CHENNAI SUPER KINGS,CHENNAI SUPER KINGS,field,CHENNAI SUPER KINGS,WICKETS,6.0,135.0,20.0,N,NORMAL,Nitin Menon,YC Barde,2021
1254102,2021,DUBAI,2021-10-01,League,KL RAHUL,DUBAI INTERNATIONAL CRICKET STADIUM,KOLKATA KNIGHT RIDERS,PUNJAB KINGS,PUNJAB KINGS,field,PUNJAB KINGS,WICKETS,5.0,166.0,20.0,N,NORMAL,KN Ananthapadmanabhan,RK Illingworth,2021
1254089,2021,ABU DHABI,2021-10-02,League,RD GAIKWAD,"ZAYED CRICKET STADIUM, ABU DHABI",CHENNAI SUPER KINGS,RAJASTHAN ROYALS,RAJASTHAN ROYALS,field,RAJASTHAN ROYALS,WICKETS,7.0,190.0,20.0,N,NORMAL,CB Gaffaney,VK Sharma,2021
1254112,2021,SHARJAH,2021-10-02,League,AR PATEL,SHARJAH CRICKET STADIUM,MUMBAI INDIANS,DELHI CAPITALS,DELHI CAPITALS,field,DELHI CAPITALS,WICKETS,4.0,130.0,20.0,N,NORMAL,AK Chaudhary,MA Gough,2021
1254090,2021,SHARJAH,2021-10-03,League,GJ MAXWELL,SHARJAH CRICKET STADIUM,ROYAL CHALLENGERS BANGALORE,PUNJAB KINGS,ROYAL CHALLENGERS BANGALORE,bat,ROYAL CHALLENGERS BANGALORE,RUNS,6.0,165.0,20.0,N,NORMAL,KN Ananthapadmanabhan,RK Illingworth,2021
1254109,2021,DUBAI,2021-10-03,League,SHUBMAN GILL,DUBAI INTERNATIONAL CRICKET STADIUM,SUNRISERS HYDERABAD,KOLKATA KNIGHT RIDERS,SUNRISERS HYDERABAD,bat,KOLKATA KNIGHT RIDERS,WICKETS,6.0,116.0,20.0,N,NORMAL,J Madanagopal,MA Gough,2021
1254110,2021,DUBAI,2021-10-04,League,AR PATEL,DUBAI INTERNATIONAL CRICKET STADIUM,CHENNAI SUPER KINGS,DELHI CAPITALS,DELHI CAPITALS,field,DELHI CAPITALS,WICKETS,3.0,137.0,20.0,N,NORMAL,AK Chaudhary,Nitin Menon,2021
1254093,2021,SHARJAH,2021-10-05,League,NM COULTER-NILE,SHARJAH CRICKET STADIUM,RAJASTHAN ROYALS,MUMBAI INDIANS,MUMBAI INDIANS,field,MUMBAI INDIANS,WICKETS,8.0,91.0,20.0,N,NORMAL,AK Chaudhary,MA Gough,2021
1254095,2021,ABU DHABI,2021-10-06,League,KS WILLIAMSON,"ZAYED CRICKET STADIUM, ABU DHABI",SUNRISERS HYDERABAD,ROYAL CHALLENGERS BANGALORE,ROYAL CHALLENGERS BANGALORE,field,SUNRISERS HYDERABAD,RUNS,4.0,142.0,20.0,N,NORMAL,S Ravi,UV Gandhe,2021
1254094,2021,DUBAI,2021-10-07,League,KL RAHUL,DUBAI INTERNATIONAL CRICKET STADIUM,CHENNAI SUPER KINGS,PUNJAB KINGS,PUNJAB KINGS,field,PUNJAB KINGS,WICKETS,6.0,135.0,20.0,N,NORMAL,K Srinivasan,RK Illingworth,2021
1254106,2021,SHARJAH,2021-10-07,League,SHIVAM MAVI,SHARJAH CRICKET STADIUM,KOLKATA KNIGHT RIDERS,RAJASTHAN ROYALS,RAJASTHAN ROYALS,field,KOLKATA KNIGHT RIDERS,RUNS,86.0,172.0,20.0,N,NORMAL,MA Gough,HAS Khalid,2021
1254088,2021,ABU DHABI,2021-10-08,League,ISHAN KISHAN,"ZAYED CRICKET STADIUM, ABU DHABI",MUMBAI INDIANS,SUNRISERS HYDERABAD,MUMBAI INDIANS,bat,MUMBAI INDIANS,RUNS,42.0,236.0,20.0,N,NORMAL,Tapan Sharma,VK Sharma,2021
1254101,2021,DUBAI,2021-10-08,League,KS BHARAT,DUBAI INTERNATIONAL CRICKET STADIUM,DELHI CAPITALS,ROYAL CHALLENGERS BANGALORE,ROYAL CHALLENGERS BANGALORE,field,ROYAL CHALLENGERS BANGALORE,WICKETS,7.0,165.0,20.0,N,NORMAL,KN Ananthapadmanabhan,Nitin Menon,2021
1254114,2021,DUBAI,2021-10-10,Qualifier 1,RD GAIKWAD,DUBAI INTERNATIONAL CRICKET STADIUM,DELHI CAPITALS,CHENNAI SUPER KINGS,CHENNAI SUPER KINGS,field,CHENNAI SUPER KINGS,WICKETS,4.0,173.0,20.0,N,NORMAL,Nitin Menon,RK Illingworth,2021
1254115,2021,SHARJAH,2021-10-11,Eliminator,SP NARINE,SHARJAH CRICKET STADIUM,ROYAL CHALLENGERS BANGALORE,KOLKATA KNIGHT RIDERS,ROYAL CHALLENGERS BANGALORE,bat,KOLKATA KNIGHT RIDERS,WICKETS,4.0,139.0,20.0,N,NORMAL,CB Gaffaney,VK Sharma,2021
1254116,2021,SHARJAH,2021-10-13,Qualifier 2,VR IYER,SHARJAH CRICKET STADIUM,DELHI CAPITALS,KOLKATA KNIGHT RIDERS,KOLKATA KNIGHT RIDERS,field,KOLKATA KNIGHT RIDERS,WICKETS,3.0,136.0,20.0,N,NORMAL,KN Ananthapadmanabhan,MA Gough,2021
1254117,2021,DUBAI,2021-10-15,Final,F DU PLESSIS,DUBAI INTERNATIONAL CRICKET STADIUM,CHENNAI SUPER KINGS,KOLKATA KNIGHT RIDERS,KOLKATA KNIGHT RIDERS,field,CHENNAI SUPER KINGS,RUNS,27.0,193.0,20.0,N,NORMAL,Nitin Menon,RK Illingworth,2021
1304047,2022,MUMBAI,2022-03-26,League,UT YADAV,"WANKHEDE STADIUM, MUMBAI",CHENNAI SUPER KINGS,KOLKATA KNIGHT RIDERS,KOLKATA KNIGHT RIDERS,field,KOLKATA KNIGHT RIDERS,WICKETS,6.0,132.0,20.0,N,NORMAL,AK Chaudhary,Nitin Menon,2022
1304048,2022,MUMBAI,2022-03-27,League,KULDEEP YADAV,"BRABOURNE STADIUM, MUMBAI",MUMBAI INDIANS,DELHI CAPITALS,DELHI CAPITALS,field,DELHI CAPITALS,WICKETS,4.0,178.0,20.0,N,NORMAL,RJ Tucker,HAS Khalid,2022
1304049,2022,MUMBAI,2022-03-27,League,OF SMITH,"DR DY PATIL SPORTS ACADEMY, MUMBAI",ROYAL CHALLENGERS BANGALORE,PUNJAB KINGS,PUNJAB KINGS,field,PUNJAB KINGS,WICKETS,5.0,206.0,20.0,N,NORMAL,Nitin Menon,YC Barde,2022
1304050,2022,MUMBAI,2022-03-28,League,MOHAMMED SHAMI,"WANKHEDE STADIUM, MUMBAI",LUCKNOW SUPER GIANTS,GUJARAT TITANS,GUJARAT TITANS,field,GUJARAT TITANS,WICKETS,5.0,159.0,20.0,N,NORMAL,PG Pathak,VK Sharma,2022
1304051,2022,PUNE,2022-03-29,League,SV SAMSON,"MAHARASHTRA CRICKET ASSOCIATION STADIUM, PUNE",RAJASTHAN ROYALS,SUNRISERS HYDERABAD,SUNRISERS HYDERABAD,field,RAJASTHAN ROYALS,RUNS,61.0,211.0,20.0,N,NORMAL,BNJ Oxenford,UV Gandhe,2022
1304052,2022,MUMBAI,2022-03-30,League,PWH DE SILVA,"DR DY PATIL SPORTS ACADEMY, MUMBAI",KOLKATA KNIGHT RIDERS,ROYAL CHALLENGERS BANGALORE,ROYAL CHALLENGERS BANGALORE,field,ROYAL CHALLENGERS BANGALORE,WICKETS,3.0,129.0,20.0,N,NORMAL,J Madanagopal,Navdeep Singh,2022
1304053,2022,MUMBAI,2022-03-31,League,E LEWIS,"BRABOURNE STADIUM, MUMBAI",CHENNAI SUPER KINGS,LUCKNOW SUPER GIANTS,LUCKNOW SUPER GIANTS,field,LUCKNOW SUPER GIANTS,WICKETS,6.0,211.0,20.0,N,NORMAL,RJ Tucker,VK Sharma,2022
1304054,2022,MUMBAI,2022-04-01,League,UT YADAV,"WANKHEDE STADIUM, MUMBAI",PUNJAB KINGS,KOLKATA KNIGHT RIDERS,KOLKATA KNIGHT RIDERS,field,KOLKATA KNIGHT RIDERS,WICKETS,6.0,138.0,20.0,N,NORMAL,AK Chaudhary,HAS Khalid,2022
1304055,2022,MUMBAI,2022-04-02,League,JC BUTTLER,"DR DY PATIL SPORTS ACADEMY, MUMBAI",RAJASTHAN ROYALS,MUMBAI INDIANS,MUMBAI INDIANS,field,RAJASTHAN ROYALS,RUNS,23.0,194.0,20.0,N,NORMAL,Nitin Menon,PG Pathak,2022
1304056,2022,PUNE,2022-04-02,League,LH FERGUSON,"MAHARASHTRA CRICKET ASSOCIATION STADIUM, PUNE",GUJARAT TITANS,DELHI CAPITALS,DELHI CAPITALS,field,GUJARAT TITANS,RUNS,14.0,172.0,20.0,N,NORMAL,KN Ananthapadmanabhan,UV Gandhe,2022
1304057,2022,MUMBAI,2022-04-03,League,LS LIVINGSTONE,"BRABOURNE STADIUM, MUMBAI",PUNJAB KINGS,CHENNAI SUPER KINGS,CHENNAI SUPER KINGS,field,PUNJAB KINGS,RUNS,54.0,181.0,20.0,N,NORMAL,RJ Tucker,YC Barde,2022
1304058,2022,MUMBAI,2022-04-04,League,AVESH KHAN,"DR DY PATIL SPORTS ACADEMY, MUMBAI",LUCKNOW SUPER GIANTS,SUNRISERS HYDERABAD,SUNRISERS HYDERABAD,field,LUCKNOW SUPER GIANTS,RUNS,12.0,170.0,20.0,N,NORMAL,J Madanagopal,Navdeep Singh,2022
1304059,2022,MUMBAI,2022-04-05,League,KD KARTHIK,"WANKHEDE STADIUM, MUMBAI",RAJASTHAN ROYALS,ROYAL CHALLENGERS BANGALORE,ROYAL CHALLENGERS BANGALORE,field,ROYAL CHALLENGERS BANGALORE,WICKETS,4.0,170.0,20.0,N,NORMAL,AK Chaudhary,HAS Khalid,2022
1304060,2022,PUNE,2022-04-06,League,PJ CUMMINS,"MAHARASHTRA CRICKET ASSOCIATION STADIUM, PUNE",MUMBAI INDIANS,KOLKATA KNIGHT RIDERS,KOLKATA KNIGHT RIDERS,field,KOLKATA KNIGHT RIDERS,WICKETS,5.0,162.0,20.0,N,NORMAL,BNJ Oxenford,KN Ananthapadmanabhan,2022
1304061,2022,MUMBAI,2022-04-07,League,Q DE KOCK,"DR DY PATIL SPORTS ACADEMY, MUMBAI",DELHI CAPITALS,LUCKNOW SUPER GIANTS,LUCKNOW SUPER GIANTS,field,LUCKNOW SUPER GIANTS,WICKETS,6.0,150.0,20.0,N,NORMAL,RJ Tucker,Tapan Sharma,2022
1304062,2022,MUMBAI,2022-04-08,League,SHUBMAN GILL,"BRABOURNE STADIUM, MUMBAI",PUNJAB KINGS,GUJARAT TITANS,GUJARAT TITANS,field,GUJARAT TITANS,WICKETS,6.0,190.0,20.0,N,NORMAL,AK Chaudhary,VK Sharma,2022
1304063,2022,MUMBAI,2022-04-09,League,ABHISHEK SHARMA,"DR DY PATIL SPORTS ACADEMY, MUMBAI",CHENNAI SUPER KINGS,SUNRISERS HYDERABAD,SUNRISERS HYDERABAD,field,SUNRISERS HYDERABAD,WICKETS,8.0,155.0,20.0,N,NORMAL,Navdeep Singh,Nitin Menon,2022
1304064,2022,PUNE,2022-04-09,League,ANUJ RAWAT,"MAHARASHTRA CRICKET ASSOCIATION STADIUM, PUNE",MUMBAI INDIANS,ROYAL CHALLENGERS BANGALORE,ROYAL CHALLENGERS BANGALORE,field,ROYAL CHALLENGERS BANGALORE,WICKETS,7.0,152.0,20.0,N,NORMAL,BNJ Oxenford,KN Ananthapadmanabhan,2022
1304065,2022,MUMBAI,2022-04-10,League,KULDEEP YADAV,"BRABOURNE STADIUM, MUMBAI",DELHI CAPITALS,KOLKATA KNIGHT RIDERS,KOLKATA KNIGHT RIDERS,field,DELHI CAPITALS,RUNS,44.0,216.0,20.0,N,NORMAL,CB Gaffaney,J Madanagopal,2022
1304066,2022,MUMBAI,2022-04-10,League,YS CHAHAL,"WANKHEDE STADIUM, MUMBAI",RAJASTHAN ROYALS,LUCKNOW SUPER GIANTS,LUCKNOW SUPER GIANTS,field,RAJASTHAN ROYALS,RUNS,3.0,166.0,20.0,N,NORMAL,AK Chaudhary,Tapan Sharma,2022
1304067,2022,MUMBAI,2022-04-11,League,KS WILLIAMSON,"DR DY PATIL SPORTS ACADEMY, MUMBAI",GUJARAT TITANS,SUNRISERS HYDERABAD,SUNRISERS HYDERABAD,field,SUNRISERS HYDERABAD,WICKETS,8.0,163.0,20.0,N,NORMAL,Chirra Ravikanthreddy,RJ Tucker,2022
1304068,2022,MUMBAI,2022-04-12,League,S DUBE,"DR DY PATIL SPORTS ACADEMY, MUMBAI",CHENNAI SUPER KINGS,ROYAL CHALLENGERS BANGALORE,ROYAL CHALLENGERS BANGALORE,field,CHENNAI SUPER KINGS,RUNS,23.0,217.0,20.0,N,NORMAL,Nitin Menon,N Pandit,2022
1304069,2022,PUNE,2022-04-13,League,MA AGARWAL,"MAHARASHTRA CRICKET ASSOCIATION STADIUM, PUNE",PUNJAB KINGS,MUMBAI INDIANS,MUMBAI INDIANS,field,PUNJAB KINGS,RUNS,12.0,199.0,20.0,N,NORMAL,BNJ Oxenford,UV Gandhe,2022
1304070,2022,MUMBAI,2022-04-14,League,HH PANDYA,"DR DY PATIL SPORTS ACADEMY, MUMBAI",GUJARAT TITANS,RAJASTHAN ROYALS,RAJASTHAN ROYALS,field,GUJARAT TITANS,RUNS,37.0,193.0,20.0,N,NORMAL,CB Gaffaney,R Pandit,2022
1304071,2022,MUMBAI,2022-04-15,League,RA TRIPATHI,"BRABOURNE STADIUM, MUMBAI",KOLKATA KNIGHT RIDERS,SUNRISERS HYDERABAD,SUNRISERS HYDERABAD,field,SUNRISERS HYDERABAD,WICKETS,7.0,176.0,20.0,N,NORMAL,GR Sadashiv Iyer,VK Sharma,2022
1304072,2022,MUMBAI,2022-04-16,League,KL RAHUL,"BRABOURNE STADIUM, MUMBAI",LUCKNOW SUPER GIANTS,MUMBAI INDIANS,MUMBAI INDIANS,field,LUCKNOW SUPER GIANTS,RUNS,18.0,200.0,20.0,N,NORMAL,AK Chaudhary,NA Patwardhan,2022
1304073,2022,MUMBAI,2022-04-16,League,KD KARTHIK,"WANKHEDE STADIUM, MUMBAI",ROYAL CHALLENGERS BANGALORE,DELHI CAPITALS,DELHI CAPITALS,field,ROYAL CHALLENGERS BANGALORE,RUNS,16.0,190.0,20.0,N,NORMAL,Chirra Ravikanthreddy,J Madanagopal,2022
1304074,2022,MUMBAI,2022-04-17,League,UMRAN MALIK,"DR DY PATIL SPORTS ACADEMY, MUMBAI",PUNJAB KINGS,SUNRISERS HYDERABAD,SUNRISERS HYDERABAD,field,SUNRISERS HYDERABAD,WICKETS,7.0,152.0,20.0,N,NORMAL,PG Pathak,R Pandit,2022
1304075,2022,PUNE,2022-04-17,League,DA MILLER,"MAHARASHTRA CRICKET ASSOCIATION STADIUM, PUNE",CHENNAI SUPER KINGS,GUJARAT TITANS,GUJARAT TITANS,field,GUJARAT TITANS,WICKETS,3.0,170.0,20.0,N,NORMAL,KN Ananthapadmanabhan,UV Gandhe,2022
1304076,2022,MUMBAI,2022-04-18,League,YS CHAHAL,"BRABOURNE STADIUM, MUMBAI",RAJASTHAN ROYALS,KOLKATA KNIGHT RIDERS,KOLKATA KNIGHT RIDERS,field,RAJASTHAN ROYALS,RUNS,7.0,218.0,20.0,N,NORMAL,GR Sadashiv Iyer,VK Sharma,2022
1304077,2022,MUMBAI,2022-04-19,League,F DU PLESSIS,"DR DY PATIL SPORTS ACADEMY, MUMBAI",ROYAL CHALLENGERS BANGALORE,LUCKNOW SUPER GIANTS,LUCKNOW SUPER GIANTS,field,ROYAL CHALLENGERS BANGALORE,RUNS,18.0,182.0,20.0,N,NORMAL,CB Gaffaney,N Pandit,2022
1304078,2022,MUMBAI,2022-04-20,League,KULDEEP YADAV,"BRABOURNE STADIUM, MUMBAI",PUNJAB KINGS,DELHI CAPITALS,DELHI CAPITALS,field,DELHI CAPITALS,WICKETS,9.0,116.0,20.0,N,NORMAL,RJ Tucker,Tapan Sharma,2022
1304079,2022,NAVI MUMBAI,2022-04-21,League,MUKESH CHOUDHARY,"DR DY PATIL SPORTS ACADEMY, MUMBAI",MUMBAI INDIANS,CHENNAI SUPER KINGS,CHENNAI SUPER KINGS,field,CHENNAI SUPER KINGS,WICKETS,3.0,156.0,20.0,N,NORMAL,BNJ Oxenford,UV Gandhe,2022
1304080,2022,MUMBAI,2022-04-22,League,JC BUTTLER,"WANKHEDE STADIUM, MUMBAI",RAJASTHAN ROYALS,DELHI CAPITALS,DELHI CAPITALS,field,RAJASTHAN ROYALS,RUNS,15.0,223.0,20.0,N,NORMAL,NA Patwardhan,Nitin Menon,2022
1304081,2022,NAVI MUMBAI,2022-04-23,League,RASHID KHAN,"DR DY PATIL SPORTS ACADEMY, MUMBAI",GUJARAT TITANS,KOLKATA KNIGHT RIDERS,GUJARAT TITANS,bat,GUJARAT TITANS,RUNS,8.0,157.0,20.0,N,NORMAL,KN Ananthapadmanabhan,UV Gandhe,2022
1304082,2022,MUMBAI,2022-04-23,League,M JANSEN,"BRABOURNE STADIUM, MUMBAI",ROYAL CHALLENGERS BANGALORE,SUNRISERS HYDERABAD,SUNRISERS HYDERABAD,field,SUNRISERS HYDERABAD,WICKETS,9.0,69.0,20.0,N,NORMAL,Chirra Ravikanthreddy,J Madanagopal,2022
1304083,2022,MUMBAI,2022-04-24,League,KL RAHUL,"WANKHEDE STADIUM, MUMBAI",LUCKNOW SUPER GIANTS,MUMBAI INDIANS,MUMBAI INDIANS,field,LUCKNOW SUPER GIANTS,RUNS,36.0,169.0,20.0,N,NORMAL,M Erasmus,HAS Khalid,2022
1304084,2022,MUMBAI,2022-04-25,League,S DHAWAN,"WANKHEDE STADIUM, MUMBAI",PUNJAB KINGS,CHENNAI SUPER KINGS,CHENNAI SUPER KINGS,field,PUNJAB KINGS,RUNS,11.0,188.0,20.0,N,NORMAL,M Erasmus,Tapan Sharma,2022
1304085,2022,PUNE,2022-04-26,League,R PARAG,"MAHARASHTRA CRICKET ASSOCIATION STADIUM, PUNE",RAJASTHAN ROYALS,ROYAL CHALLENGERS BANGALORE,ROYAL CHALLENGERS BANGALORE,field,RAJASTHAN ROYALS,RUNS,29.0,145.0,20.0,N,NORMAL,BNJ Oxenford,KN Ananthapadmanabhan,2022
1304086,2022,MUMBAI,2022-04-27,League,UMRAN MALIK,"WANKHEDE STADIUM, MUMBAI",SUNRISERS HYDERABAD,GUJARAT TITANS,GUJARAT TITANS,field,GUJARAT TITANS,WICKETS,5.0,196.0,20.0,N,NORMAL,CB Gaffaney,Navdeep Singh,2022
1304087,2022,MUMBAI,2022-04-28,League,KULDEEP YADAV,"WANKHEDE STADIUM, MUMBAI",KOLKATA KNIGHT RIDERS,DELHI CAPITALS,DELHI CAPITALS,field,DELHI CAPITALS,WICKETS,4.0,147.0,20.0,N,NORMAL,AK Chaudhary,PG Pathak,2022
1304088,2022,PUNE,2022-04-29,League,KH PANDYA,"MAHARASHTRA CRICKET ASSOCIATION STADIUM, PUNE",LUCKNOW SUPER GIANTS,PUNJAB KINGS,PUNJAB KINGS,field,LUCKNOW SUPER GIANTS,RUNS,20.0,154.0,20.0,N,NORMAL,MA Gough,UV Gandhe,2022
1304089,2022,MUMBAI,2022-04-30,League,R TEWATIA,"BRABOURNE STADIUM, MUMBAI",ROYAL CHALLENGERS BANGALORE,GUJARAT TITANS,ROYAL CHALLENGERS BANGALORE,bat,GUJARAT TITANS,WICKETS,6.0,171.0,20.0,N,NORMAL,HAS Khalid,VK Sharma,2022
1304090,2022,NAVI MUMBAI,2022-04-30,League,SA YADAV,"DR DY PATIL SPORTS ACADEMY, MUMBAI",RAJASTHAN ROYALS,MUMBAI INDIANS,MUMBAI INDIANS,field,MUMBAI INDIANS,WICKETS,5.0,159.0,20.0,N,NORMAL,BNJ Oxenford,YC Barde,2022
1304091,2022,MUMBAI,2022-05-01,League,MOHSIN KHAN,"WANKHEDE STADIUM, MUMBAI",LUCKNOW SUPER GIANTS,DELHI CAPITALS,LUCKNOW SUPER GIANTS,bat,LUCKNOW SUPER GIANTS,RUNS,6.0,196.0,20.0,N,NORMAL,Chirra Ravikanthreddy,CB Gaffaney,2022
1304092,2022,PUNE,2022-05-01,League,RD GAIKWAD,"MAHARASHTRA CRICKET ASSOCIATION STADIUM, PUNE",CHENNAI SUPER KINGS,SUNRISERS HYDERABAD,SUNRISERS HYDERABAD,field,CHENNAI SUPER KINGS,RUNS,13.0,203.0,20.0,N,NORMAL,AK Chaudhary,KN Ananthapadmanabhan,2022
1304093,2022,MUMBAI,2022-05-02,League,RK SINGH,"WANKHEDE STADIUM, MUMBAI",RAJASTHAN ROYALS,KOLKATA KNIGHT RIDERS,KOLKATA KNIGHT RIDERS,field,KOLKATA KNIGHT RIDERS,WICKETS,7.0,153.0,20.0,N,NORMAL,J Madanagopal,N Pandit,2022
1304094,2022,NAVI MUMBAI,2022-05-03,League,K RABADA,"DR DY PATIL SPORTS ACADEMY, MUMBAI",GUJARAT TITANS,PUNJAB KINGS,GUJARAT TITANS,bat,PUNJAB KINGS,WICKETS,8.0,144.0,20.0,N,NORMAL,R Pandit,VK Sharma,2022
1304095,2022,PUNE,2022-05-04,League,HV PATEL,"MAHARASHTRA CRICKET ASSOCIATION STADIUM, PUNE",ROYAL CHALLENGERS BANGALORE,CHENNAI SUPER KINGS,CHENNAI SUPER KINGS,field,ROYAL CHALLENGERS BANGALORE,RUNS,13.0,174.0,20.0,N,NORMAL,KN Ananthapadmanabhan,MA Gough,2022
1304096,2022,MUMBAI,2022-05-05,League,DA WARNER,"BRABOURNE STADIUM, MUMBAI",DELHI CAPITALS,SUNRISERS HYDERABAD,SUNRISERS HYDERABAD,field,DELHI CAPITALS,RUNS,21.0,208.0,20.0,N,NORMAL,Navdeep Singh,NA Patwardhan,2022
1304097,2022,MUMBAI,2022-05-06,League,TH DAVID,"BRABOURNE STADIUM, MUMBAI",MUMBAI INDIANS,GUJARAT TITANS,GUJARAT TITANS,field,MUMBAI INDIANS,RUNS,5.0,178.0,20.0,N,NORMAL,J Madanagopal,GR Sadashiv Iyer,2022
1304098,2022,MUMBAI,2022-05-07,League,YBK JAISWAL,"WANKHEDE STADIUM, MUMBAI",PUNJAB KINGS,RAJASTHAN ROYALS,PUNJAB KINGS,bat,RAJASTHAN ROYALS,WICKETS,6.0,190.0,20.0,N,NORMAL,Chirra Ravikanthreddy,YC Barde,2022
1304099,2022,PUNE,2022-05-07,League,AVESH KHAN,"MAHARASHTRA CRICKET ASSOCIATION STADIUM, PUNE",LUCKNOW SUPER GIANTS,KOLKATA KNIGHT RIDERS,KOLKATA KNIGHT RIDERS,field,LUCKNOW SUPER GIANTS,RUNS,75.0,177.0,20.0,N,NORMAL,AK Chaudhary,MA Gough,2022
1304100,2022,MUMBAI,2022-05-08,League,PWH DE SILVA,"WANKHEDE STADIUM, MUMBAI",ROYAL CHALLENGERS BANGALORE,SUNRISERS HYDERABAD,ROYAL CHALLENGERS BANGALORE,bat,ROYAL CHALLENGERS BANGALORE,RUNS,67.0,193.0,20.0,N,NORMAL,BNJ Oxenford,N Pandit,2022
1304101,2022,NAVI MUMBAI,2022-05-08,League,DP CONWAY,"DR DY PATIL SPORTS ACADEMY, MUMBAI",CHENNAI SUPER KINGS,DELHI CAPITALS,DELHI CAPITALS,field,CHENNAI SUPER KINGS,RUNS,91.0,209.0,20.0,N,NORMAL,Nitin Menon,R Pandit,2022
1304102,2022,NAVI MUMBAI,2022-05-09,League,JJ BUMRAH,"DR DY PATIL SPORTS ACADEMY, MUMBAI",KOLKATA KNIGHT RIDERS,MUMBAI INDIANS,MUMBAI INDIANS,field,KOLKATA KNIGHT RIDERS,RUNS,52.0,166.0,20.0,N,NORMAL,CB Gaffaney,GR Sadashiv Iyer,2022
1304103,2022,PUNE,2022-05-10,League,SHUBMAN GILL,"MAHARASHTRA CRICKET ASSOCIATION STADIUM, PUNE",GUJARAT TITANS,LUCKNOW SUPER GIANTS,GUJARAT TITANS,bat,GUJARAT TITANS,RUNS,62.0,145.0,20.0,N,NORMAL,KN Ananthapadmanabhan,MA Gough,2022
1304104,2022,NAVI MUMBAI,2022-05-11,League,MR MARSH,"DR DY PATIL SPORTS ACADEMY, MUMBAI",RAJASTHAN ROYALS,DELHI CAPITALS,DELHI CAPITALS,field,DELHI CAPITALS,WICKETS,8.0,161.0,20.0,N,NORMAL,NA Patwardhan,Nitin Menon,2022
1304105,2022,MUMBAI,2022-05-12,League,DR SAMS,"WANKHEDE STADIUM, MUMBAI",CHENNAI SUPER KINGS,MUMBAI INDIANS,MUMBAI INDIANS,field,MUMBAI INDIANS,WICKETS,5.0,98.0,20.0,N,NORMAL,Chirra Ravikanthreddy,CB Gaffaney,2022
1304106,2022,MUMBAI,2022-05-13,League,JM BAIRSTOW,"BRABOURNE STADIUM, MUMBAI",PUNJAB KINGS,ROYAL CHALLENGERS BANGALORE,ROYAL CHALLENGERS BANGALORE,field,PUNJAB KINGS,RUNS,54.0,210.0,20.0,N,NORMAL,J Madanagopal,N Pandit,2022
1304107,2022,PUNE,2022-05-14,League,AD RUSSELL,"MAHARASHTRA CRICKET ASSOCIATION STADIUM, PUNE",KOLKATA KNIGHT RIDERS,SUNRISERS HYDERABAD,KOLKATA KNIGHT RIDERS,bat,KOLKATA KNIGHT RIDERS,RUNS,54.0,178.0,20.0,N,NORMAL,AK Chaudhary,KN Ananthapadmanabhan,2022
1304108,2022,MUMBAI,2022-05-15,League,WP SAHA,"WANKHEDE STADIUM, MUMBAI",CHENNAI SUPER KINGS,GUJARAT TITANS,CHENNAI SUPER KINGS,bat,GUJARAT TITANS,WICKETS,7.0,134.0,20.0,N,NORMAL,R Pandit,VK Sharma,2022
1304109,2022,MUMBAI,2022-05-15,League,TA BOULT,"BRABOURNE STADIUM, MUMBAI",RAJASTHAN ROYALS,LUCKNOW SUPER GIANTS,RAJASTHAN ROYALS,bat,RAJASTHAN ROYALS,RUNS,24.0,179.0,20.0,N,NORMAL,PG Pathak,Tapan Sharma,2022
1304110,2022,NAVI MUMBAI,2022-05-16,League,SN THAKUR,"DR DY PATIL SPORTS ACADEMY, MUMBAI",DELHI CAPITALS,PUNJAB KINGS,PUNJAB KINGS,field,DELHI CAPITALS,RUNS,17.0,160.0,20.0,N,NORMAL,GR Sadashiv Iyer,Nitin Menon,2022
1304111,2022,MUMBAI,2022-05-17,League,RA TRIPATHI,"WANKHEDE STADIUM, MUMBAI",SUNRISERS HYDERABAD,MUMBAI INDIANS,MUMBAI INDIANS,field,SUNRISERS HYDERABAD,RUNS,3.0,194.0,20.0,N,NORMAL,CB Gaffaney,N Pandit,2022
1304112,2022,NAVI MUMBAI,2022-05-18,League,Q DE KOCK,"DR DY PATIL SPORTS ACADEMY, MUMBAI",LUCKNOW SUPER GIANTS,KOLKATA KNIGHT RIDERS,LUCKNOW SUPER GIANTS,bat,LUCKNOW SUPER GIANTS,RUNS,2.0,211.0,20.0,N,NORMAL,R Pandit,YC Barde,2022
1304113,2022,MUMBAI,2022-05-19,League,V KOHLI,"WANKHEDE STADIUM, MUMBAI",GUJARAT TITANS,ROYAL CHALLENGERS BANGALORE,GUJARAT TITANS,bat,ROYAL CHALLENGERS BANGALORE,WICKETS,8.0,169.0,20.0,N,NORMAL,KN Ananthapadmanabhan,GR Sadashiv Iyer,2022
1304114,2022,MUMBAI,2022-05-20,League,R ASHWIN,"BRABOURNE STADIUM, MUMBAI",CHENNAI SUPER KINGS,RAJASTHAN ROYALS,CHENNAI SUPER KINGS,bat,RAJASTHAN ROYALS,WICKETS,5.0,151.0,20.0,N,NORMAL,CB Gaffaney,NA Patwardhan,2022
1304115,2022,MUMBAI,2022-05-21,League,JJ BUMRAH,"WANKHEDE STADIUM, MUMBAI",DELHI CAPITALS,MUMBAI INDIANS,MUMBAI INDIANS,field,MUMBAI INDIANS,WICKETS,5.0,160.0,20.0,N,NORMAL,Nitin Menon,Tapan Sharma,2022
1304116,2022,MUMBAI,2022-05-22,League,HARPREET BRAR,"WANKHEDE STADIUM, MUMBAI",SUNRISERS HYDERABAD,PUNJAB KINGS,SUNRISERS HYDERABAD,bat,PUNJAB KINGS,WICKETS,5.0,158.0,20.0,N,NORMAL,AK Chaudhary,NA Patwardhan,2022
1312197,2022,KOLKATA,2022-05-24,Qualifier 1,DA MILLER,"EDEN GARDENS, KOLKATA",RAJASTHAN ROYALS,GUJARAT TITANS,GUJARAT TITANS,field,GUJARAT TITANS,WICKETS,7.0,189.0,20.0,N,NORMAL,BNJ Oxenford,VK Sharma,2022
1312198,2022,KOLKATA,2022-05-25,Eliminator,RM PATIDAR,"EDEN GARDENS, KOLKATA",ROYAL CHALLENGERS BANGALORE,LUCKNOW SUPER GIANTS,LUCKNOW SUPER GIANTS,field,ROYAL CHALLENGERS BANGALORE,RUNS,14.0,208.0,20.0,N,NORMAL,J Madanagopal,MA Gough,2022
1312199,2022,AHMEDABAD,2022-05-27,Qualifier 2,JC BUTTLER,"NARENDRA MODI STADIUM, AHMEDABAD",ROYAL CHALLENGERS BANGALORE,RAJASTHAN ROYALS,RAJASTHAN ROYALS,field,RAJASTHAN ROYALS,WICKETS,7.0,158.0,20.0,N,NORMAL,CB Gaffaney,Nitin Menon,2022
1312200,2022,AHMEDABAD,2022-05-29,Final,HH PANDYA,"NARENDRA MODI STADIUM, AHMEDABAD",RAJASTHAN ROYALS,GUJARAT TITANS,RAJASTHAN ROYALS,bat,GUJARAT TITANS,WICKETS,7.0,131.0,20.0,N,NORMAL,CB Gaffaney,Nitin Menon,2022
1359475,2023,AHMEDABAD,2023-03-31,League,RASHID KHAN,"NARENDRA MODI STADIUM, AHMEDABAD",CHENNAI SUPER KINGS,GUJARAT TITANS,GUJARAT TITANS,field,GUJARAT TITANS,WICKETS,5.0,179.0,20.0,N,NORMAL,Nitin Menon,HAS Khalid,2023
1359476,2023,CHANDIGARH,2023-04-01,League,ARSHDEEP SINGH,"PUNJAB CRICKET ASSOCIATION IS BINDRA STADIUM, MOHALI, CHANDIGARH",PUNJAB KINGS,KOLKATA KNIGHT RIDERS,KOLKATA KNIGHT RIDERS,field,PUNJAB KINGS,RUNS,7.0,154.0,16.0,N,D/L,BNJ Oxenford,YC Barde,2023
1359477,2023,LUCKNOW,2023-04-01,League,MA WOOD,"BHARAT RATNA SHRI ATAL BIHARI VAJPAYEE EKANA CRICKET STADIUM, LUCKNOW",LUCKNOW SUPER GIANTS,DELHI CAPITALS,DELHI CAPITALS,field,LUCKNOW SUPER GIANTS,RUNS,50.0,194.0,20.0,N,NORMAL,AK Chaudhary,NA Patwardhan,2023
1359478,2023,HYDERABAD,2023-04-02,League,JC BUTTLER,"RAJIV GANDHI INTERNATIONAL STADIUM, UPPAL, HYDERABAD",RAJASTHAN ROYALS,SUNRISERS HYDERABAD,SUNRISERS HYDERABAD,field,RAJASTHAN ROYALS,RUNS,72.0,204.0,20.0,N,NORMAL,KN Ananthapadmanabhan,R Pandit,2023
1359479,2023,BENGALURU,2023-04-02,League,F DU PLESSIS,"M CHINNASWAMY STADIUM, BENGALURU",MUMBAI INDIANS,ROYAL CHALLENGERS BANGALORE,ROYAL CHALLENGERS BANGALORE,field,ROYAL CHALLENGERS BANGALORE,WICKETS,8.0,172.0,20.0,N,NORMAL,Nitin Menon,Tapan Sharma,2023
1359480,2023,CHENNAI,2023-04-03,League,MM ALI,"MA CHIDAMBARAM STADIUM, CHEPAUK, CHENNAI",CHENNAI SUPER KINGS,LUCKNOW SUPER GIANTS,LUCKNOW SUPER GIANTS,field,CHENNAI SUPER KINGS,RUNS,12.0,218.0,20.0,N,NORMAL,A Totre,BNJ Oxenford,2023
1359481,2023,DELHI,2023-04-04,League,B SAI SUDHARSAN,"ARUN JAITLEY STADIUM, DELHI",DELHI CAPITALS,GUJARAT TITANS,GUJARAT TITANS,field,GUJARAT TITANS,WICKETS,6.0,163.0,20.0,N,NORMAL,A Nand Kishore,GR Sadashiv Iyer,2023
1359482,2023,GUWAHATI,2023-04-05,League,NT ELLIS,"BARSAPARA CRICKET STADIUM, GUWAHATI",PUNJAB KINGS,RAJASTHAN ROYALS,RAJASTHAN ROYALS,field,PUNJAB KINGS,RUNS,5.0,198.0,20.0,N,NORMAL,KN Ananthapadmanabhan,MV Saidharshan Kumar,2023
1359483,2023,KOLKATA,2023-04-06,League,SN THAKUR,"EDEN GARDENS, KOLKATA",KOLKATA KNIGHT RIDERS,ROYAL CHALLENGERS BANGALORE,ROYAL CHALLENGERS BANGALORE,field,KOLKATA KNIGHT RIDERS,RUNS,81.0,205.0,20.0,N,NORMAL,Vinod Seshan,VK Sharma,2023
1359484,2023,LUCKNOW,2023-04-07,League,KH PANDYA,"BHARAT RATNA SHRI ATAL BIHARI VAJPAYEE EKANA CRICKET STADIUM, LUCKNOW",SUNRISERS HYDERABAD,LUCKNOW SUPER GIANTS,SUNRISERS HYDERABAD,bat,LUCKNOW SUPER GIANTS,WICKETS,5.0,122.0,20.0,N,NORMAL,J Madanagopal,YC Barde,2023
1359485,2023,GUWAHATI,2023-04-08,League,YBK JAISWAL,"BARSAPARA CRICKET STADIUM, GUWAHATI",RAJASTHAN ROYALS,DELHI CAPITALS,DELHI CAPITALS,field,RAJASTHAN ROYALS,RUNS,57.0,200.0,20.0,N,NORMAL,Navdeep Singh,MV Saidharshan Kumar,2023
1359486,2023,MUMBAI,2023-04-08,League,RA JADEJA,"WANKHEDE STADIUM, MUMBAI",MUMBAI INDIANS,CHENNAI SUPER KINGS,CHENNAI SUPER KINGS,field,CHENNAI SUPER KINGS,WICKETS,7.0,158.0,20.0,N,NORMAL,CB Gaffaney,NA Patwardhan,2023
1359487,2023,AHMEDABAD,2023-04-09,League,RK SINGH,"NARENDRA MODI STADIUM, AHMEDABAD",GUJARAT TITANS,KOLKATA KNIGHT RIDERS,GUJARAT TITANS,bat,KOLKATA KNIGHT RIDERS,WICKETS,3.0,205.0,20.0,N,NORMAL,Nitin Menon,Tapan Sharma,2023
1359488,2023,HYDERABAD,2023-04-09,League,S DHAWAN,"RAJIV GANDHI INTERNATIONAL STADIUM, UPPAL, HYDERABAD",PUNJAB KINGS,SUNRISERS HYDERABAD,SUNRISERS HYDERABAD,field,SUNRISERS HYDERABAD,WICKETS,8.0,144.0,20.0,N,NORMAL,BNJ Oxenford,UV Gandhe,2023
1359489,2023,BENGALURU,2023-04-10,League,N POORAN,"M CHINNASWAMY STADIUM, BENGALURU",ROYAL CHALLENGERS BANGALORE,LUCKNOW SUPER GIANTS,LUCKNOW SUPER GIANTS,field,LUCKNOW SUPER GIANTS,WICKETS,1.0,213.0,20.0,N,NORMAL,AK Chaudhary,A Nand Kishore,2023
1359490,2023,DELHI,2023-04-11,League,RG SHARMA,"ARUN JAITLEY STADIUM, DELHI",DELHI CAPITALS,MUMBAI INDIANS,MUMBAI INDIANS,field,MUMBAI INDIANS,WICKETS,6.0,173.0,20.0,N,NORMAL,MA Gough,R Pandit,2023
1359491,2023,CHENNAI,2023-04-12,League,R ASHWIN,"MA CHIDAMBARAM STADIUM, CHEPAUK, CHENNAI",RAJASTHAN ROYALS,CHENNAI SUPER KINGS,CHENNAI SUPER KINGS,field,RAJASTHAN ROYALS,RUNS,3.0,176.0,20.0,N,NORMAL,Vinod Seshan,VK Sharma,2023
1359492,2023,CHANDIGARH,2023-04-13,League,MM SHARMA,"PUNJAB CRICKET ASSOCIATION IS BINDRA STADIUM, MOHALI, CHANDIGARH",PUNJAB KINGS,GUJARAT TITANS,GUJARAT TITANS,field,GUJARAT TITANS,WICKETS,6.0,154.0,20.0,N,NORMAL,A Totre,J Madanagopal,2023
1359493,2023,KOLKATA,2023-04-14,League,HC BROOK,"EDEN GARDENS, KOLKATA",SUNRISERS HYDERABAD,KOLKATA KNIGHT RIDERS,KOLKATA KNIGHT RIDERS,field,SUNRISERS HYDERABAD,RUNS,23.0,229.0,20.0,N,NORMAL,CB Gaffaney,GR Sadashiv Iyer,2023
1359494,2023,BENGALURU,2023-04-15,League,V KOHLI,"M CHINNASWAMY STADIUM, BENGALURU",ROYAL CHALLENGERS BANGALORE,DELHI CAPITALS,DELHI CAPITALS,field,ROYAL CHALLENGERS BANGALORE,RUNS,23.0,175.0,20.0,N,NORMAL,KN Ananthapadmanabhan,MV Saidharshan Kumar,2023
1359495,2023,LUCKNOW,2023-04-15,League,SIKANDAR RAZA,"BHARAT RATNA SHRI ATAL BIHARI VAJPAYEE EKANA CRICKET STADIUM, LUCKNOW",LUCKNOW SUPER GIANTS,PUNJAB KINGS,PUNJAB KINGS,field,PUNJAB KINGS,WICKETS,2.0,160.0,20.0,N,NORMAL,HAS Khalid,VK Sharma,2023
1359496,2023,MUMBAI,2023-04-16,League,VR IYER,"WANKHEDE STADIUM, MUMBAI",KOLKATA KNIGHT RIDERS,MUMBAI INDIANS,MUMBAI INDIANS,field,MUMBAI INDIANS,WICKETS,5.0,186.0,20.0,N,NORMAL,BNJ Oxenford,UV Gandhe,2023
1359497,2023,AHMEDABAD,2023-04-16,League,SO HETMYER,"NARENDRA MODI STADIUM, AHMEDABAD",GUJARAT TITANS,RAJASTHAN ROYALS,RAJASTHAN ROYALS,field,RAJASTHAN ROYALS,WICKETS,3.0,178.0,20.0,N,NORMAL,AK Chaudhary,CB Gaffaney,2023
1359498,2023,BENGALURU,2023-04-17,League,DP CONWAY,"M CHINNASWAMY STADIUM, BENGALURU",CHENNAI SUPER KINGS,ROYAL CHALLENGERS BANGALORE,ROYAL CHALLENGERS BANGALORE,field,CHENNAI SUPER KINGS,RUNS,8.0,227.0,20.0,N,NORMAL,KN Ananthapadmanabhan,Navdeep Singh,2023
1359499,2023,HYDERABAD,2023-04-18,League,C GREEN,"RAJIV GANDHI INTERNATIONAL STADIUM, UPPAL, HYDERABAD",MUMBAI INDIANS,SUNRISERS HYDERABAD,SUNRISERS HYDERABAD,field,MUMBAI INDIANS,RUNS,14.0,193.0,20.0,N,NORMAL,Nitin Menon,Vinod Seshan,2023
1359500,2023,JAIPUR,2023-04-19,League,MP STOINIS,"SAWAI MANSINGH STADIUM, JAIPUR",LUCKNOW SUPER GIANTS,RAJASTHAN ROYALS,RAJASTHAN ROYALS,field,LUCKNOW SUPER GIANTS,RUNS,10.0,155.0,20.0,N,NORMAL,J Madanagopal,YC Barde,2023
1359501,2023,CHANDIGARH,2023-04-20,League,MOHAMMED SIRAJ,"PUNJAB CRICKET ASSOCIATION IS BINDRA STADIUM, MOHALI, CHANDIGARH",ROYAL CHALLENGERS BANGALORE,PUNJAB KINGS,PUNJAB KINGS,field,ROYAL CHALLENGERS BANGALORE,RUNS,24.0,175.0,20.0,N,NORMAL,AK Chaudhary,GR Sadashiv Iyer,2023
1359502,2023,DELHI,2023-04-20,League,I SHARMA,"ARUN JAITLEY STADIUM, DELHI",KOLKATA KNIGHT RIDERS,DELHI CAPITALS,DELHI CAPITALS,field,DELHI CAPITALS,WICKETS,4.0,128.0,20.0,N,NORMAL,MA Gough,R Pandit,2023
1359503,2023,CHENNAI,2023-04-21,League,RA JADEJA,"MA CHIDAMBARAM STADIUM, CHEPAUK, CHENNAI",SUNRISERS HYDERABAD,CHENNAI SUPER KINGS,CHENNAI SUPER KINGS,field,CHENNAI SUPER KINGS,WICKETS,7.0,135.0,20.0,N,NORMAL,HAS Khalid,VK Sharma,2023
1359504,2023,LUCKNOW,2023-04-22,League,MM SHARMA,"BHARAT RATNA SHRI ATAL BIHARI VAJPAYEE EKANA CRICKET STADIUM, LUCKNOW",GUJARAT TITANS,LUCKNOW SUPER GIANTS,GUJARAT TITANS,bat,GUJARAT TITANS,RUNS,7.0,136.0,20.0,N,NORMAL,A Totre,RJ Tucker,2023
1359505,2023,MUMBAI,2023-04-22,League,SM CURRAN,"WANKHEDE STADIUM, MUMBAI",PUNJAB KINGS,MUMBAI INDIANS,MUMBAI INDIANS,field,PUNJAB KINGS,RUNS,13.0,215.0,20.0,N,NORMAL,CB Gaffaney,GR Sadashiv Iyer,2023
1359506,2023,BENGALURU,2023-04-23,League,GJ MAXWELL,"M CHINNASWAMY STADIUM, BENGALURU",ROYAL CHALLENGERS BANGALORE,RAJASTHAN ROYALS,RAJASTHAN ROYALS,field,ROYAL CHALLENGERS BANGALORE,RUNS,7.0,190.0,20.0,N,NORMAL,MA Gough,MV Saidharshan Kumar,2023
1359507,2023,KOLKATA,2023-04-23,League,AM RAHANE,"EDEN GARDENS, KOLKATA",CHENNAI SUPER KINGS,KOLKATA KNIGHT RIDERS,KOLKATA KNIGHT RIDERS,field,CHENNAI SUPER KINGS,RUNS,49.0,236.0,20.0,N,NORMAL,Nitin Menon,Tapan Sharma,2023
1359508,2023,HYDERABAD,2023-04-24,League,AR PATEL,"RAJIV GANDHI INTERNATIONAL STADIUM, UPPAL, HYDERABAD",DELHI CAPITALS,SUNRISERS HYDERABAD,DELHI CAPITALS,bat,DELHI CAPITALS,RUNS,7.0,145.0,20.0,N,NORMAL,J Madanagopal,RJ Tucker,2023
1359509,2023,AHMEDABAD,2023-04-25,League,A MANOHAR,"NARENDRA MODI STADIUM, AHMEDABAD",GUJARAT TITANS,MUMBAI INDIANS,MUMBAI INDIANS,field,GUJARAT TITANS,RUNS,55.0,208.0,20.0,N,NORMAL,AK Chaudhary,A Nand Kishore,2023
1359510,2023,BENGALURU,2023-04-26,League,CV VARUN,"M CHINNASWAMY STADIUM, BENGALURU",KOLKATA KNIGHT RIDERS,ROYAL CHALLENGERS BANGALORE,ROYAL CHALLENGERS BANGALORE,field,KOLKATA KNIGHT RIDERS,RUNS,21.0,201.0,20.0,N,NORMAL,KN Ananthapadmanabhan,R Pandit,2023
1359511,2023,JAIPUR,2023-04-27,League,YBK JAISWAL,"SAWAI MANSINGH STADIUM, JAIPUR",RAJASTHAN ROYALS,CHENNAI SUPER KINGS,RAJASTHAN ROYALS,bat,RAJASTHAN ROYALS,RUNS,32.0,203.0,20.0,N,NORMAL,A Totre,YC Barde,2023
1359512,2023,CHANDIGARH,2023-04-28,League,MP STOINIS,"PUNJAB CRICKET ASSOCIATION IS BINDRA STADIUM, MOHALI, CHANDIGARH",LUCKNOW SUPER GIANTS,PUNJAB KINGS,PUNJAB KINGS,field,LUCKNOW SUPER GIANTS,RUNS,56.0,258.0,20.0,N,NORMAL,Nitin Menon,Vinod Seshan,2023
1359513,2023,KOLKATA,2023-04-29,League,J LITTLE,"EDEN GARDENS, KOLKATA",KOLKATA KNIGHT RIDERS,GUJARAT TITANS,GUJARAT TITANS,field,GUJARAT TITANS,WICKETS,7.0,180.0,20.0,N,NORMAL,NA Patwardhan,GR Sadashiv Iyer,2023
1359514,2023,DELHI,2023-04-29,League,MR MARSH,"ARUN JAITLEY STADIUM, DELHI",SUNRISERS HYDERABAD,DELHI CAPITALS,SUNRISERS HYDERABAD,bat,SUNRISERS HYDERABAD,RUNS,9.0,198.0,20.0,N,NORMAL,MA Gough,Navdeep Singh,2023
1359515,2023,CHENNAI,2023-04-30,League,DP CONWAY,"MA CHIDAMBARAM STADIUM, CHEPAUK, CHENNAI",CHENNAI SUPER KINGS,PUNJAB KINGS,CHENNAI SUPER KINGS,bat,PUNJAB KINGS,WICKETS,4.0,201.0,20.0,N,NORMAL,RJ Tucker,UV Gandhe,2023
1359516,2023,MUMBAI,2023-04-30,League,YBK JAISWAL,"WANKHEDE STADIUM, MUMBAI",RAJASTHAN ROYALS,MUMBAI INDIANS,RAJASTHAN ROYALS,bat,MUMBAI INDIANS,WICKETS,6.0,213.0,20.0,N,NORMAL,Vinod Seshan,VK Sharma,2023
1359517,2023,LUCKNOW,2023-05-01,League,F DU PLESSIS,"BHARAT RATNA SHRI ATAL BIHARI VAJPAYEE EKANA CRICKET STADIUM, LUCKNOW",ROYAL CHALLENGERS BANGALORE,LUCKNOW SUPER GIANTS,ROYAL CHALLENGERS BANGALORE,bat,ROYAL CHALLENGERS BANGALORE,RUNS,18.0,127.0,20.0,N,NORMAL,AK Chaudhary,GR Sadashiv Iyer,2023
1359518,2023,AHMEDABAD,2023-05-02,League,MOHAMMED SHAMI,"NARENDRA MODI STADIUM, AHMEDABAD",DELHI CAPITALS,GUJARAT TITANS,DELHI CAPITALS,bat,DELHI CAPITALS,RUNS,5.0,131.0,20.0,N,NORMAL,MA Gough,R Pandit,2023
1359519,2023,LUCKNOW,2023-05-03,League,NO AWARD,"BHARAT RATNA SHRI ATAL BIHARI VAJPAYEE EKANA CRICKET STADIUM, LUCKNOW",LUCKNOW SUPER GIANTS,CHENNAI SUPER KINGS,CHENNAI SUPER KINGS,field,NO RESULT,NO RESULT,0.0,0.0,0.0,N,NORMAL,AK Chaudhary,NA Patwardhan,2023
1359520,2023,CHANDIGARH,2023-05-03,League,ISHAN KISHAN,"PUNJAB CRICKET ASSOCIATION IS BINDRA STADIUM, MOHALI, CHANDIGARH",PUNJAB KINGS,MUMBAI INDIANS,MUMBAI INDIANS,field,MUMBAI INDIANS,WICKETS,6.0,215.0,20.0,N,NORMAL,J Madanagopal,RJ Tucker,2023
1359521,2023,HYDERABAD,2023-05-04,League,CV VARUN,"RAJIV GANDHI INTERNATIONAL STADIUM, UPPAL, HYDERABAD",KOLKATA KNIGHT RIDERS,SUNRISERS HYDERABAD,KOLKATA KNIGHT RIDERS,bat,KOLKATA KNIGHT RIDERS,RUNS,5.0,172.0,20.0,N,NORMAL,KN Ananthapadmanabhan,MA Gough,2023
1359522,2023,JAIPUR,2023-05-05,League,RASHID KHAN,"SAWAI MANSINGH STADIUM, JAIPUR",RAJASTHAN ROYALS,GUJARAT TITANS,RAJASTHAN ROYALS,bat,GUJARAT TITANS,WICKETS,9.0,119.0,20.0,N,NORMAL,HAS Khalid,VK Sharma,2023
1359523,2023,CHENNAI,2023-05-06,League,M PATHIRANA,"MA CHIDAMBARAM STADIUM, CHEPAUK, CHENNAI",MUMBAI INDIANS,CHENNAI SUPER KINGS,CHENNAI SUPER KINGS,field,CHENNAI SUPER KINGS,WICKETS,6.0,140.0,20.0,N,NORMAL,BNJ Oxenford,Navdeep Singh,2023
1359524,2023,DELHI,2023-05-06,League,PD SALT,"ARUN JAITLEY STADIUM, DELHI",ROYAL CHALLENGERS BANGALORE,DELHI CAPITALS,ROYAL CHALLENGERS BANGALORE,bat,DELHI CAPITALS,WICKETS,7.0,182.0,20.0,N,NORMAL,RJ Tucker,YC Barde,2023
1359525,2023,AHMEDABAD,2023-05-07,League,SHUBMAN GILL,"NARENDRA MODI STADIUM, AHMEDABAD",GUJARAT TITANS,LUCKNOW SUPER GIANTS,LUCKNOW SUPER GIANTS,field,GUJARAT TITANS,RUNS,56.0,228.0,20.0,N,NORMAL,AK Chaudhary,A Nand Kishore,2023
1359526,2023,JAIPUR,2023-05-07,League,GD PHILLIPS,"SAWAI MANSINGH STADIUM, JAIPUR",RAJASTHAN ROYALS,SUNRISERS HYDERABAD,RAJASTHAN ROYALS,bat,SUNRISERS HYDERABAD,WICKETS,4.0,215.0,20.0,N,NORMAL,Nitin Menon,Vinod Seshan,2023
1359527,2023,KOLKATA,2023-05-08,League,AD RUSSELL,"EDEN GARDENS, KOLKATA",PUNJAB KINGS,KOLKATA KNIGHT RIDERS,PUNJAB KINGS,bat,KOLKATA KNIGHT RIDERS,WICKETS,5.0,180.0,20.0,N,NORMAL,A Totre,J Madanagopal,2023
1359528,2023,MUMBAI,2023-05-09,League,SA YADAV,"WANKHEDE STADIUM, MUMBAI",ROYAL CHALLENGERS BANGALORE,MUMBAI INDIANS,MUMBAI INDIANS,field,MUMBAI INDIANS,WICKETS,6.0,200.0,20.0,N,NORMAL,HAS Khalid,VK Sharma,2023
1359529,2023,CHENNAI,2023-05-10,League,RA JADEJA,"MA CHIDAMBARAM STADIUM, CHEPAUK, CHENNAI",CHENNAI SUPER KINGS,DELHI CAPITALS,CHENNAI SUPER KINGS,bat,CHENNAI SUPER KINGS,RUNS,27.0,168.0,20.0,N,NORMAL,CB Gaffaney,NA Patwardhan,2023
1359530,2023,KOLKATA,2023-05-11,League,YBK JAISWAL,"EDEN GARDENS, KOLKATA",KOLKATA KNIGHT RIDERS,RAJASTHAN ROYALS,RAJASTHAN ROYALS,field,RAJASTHAN ROYALS,WICKETS,9.0,150.0,20.0,N,NORMAL,RJ Tucker,MV Saidharshan Kumar,2023
1359531,2023,MUMBAI,2023-05-12,League,SA YADAV,"WANKHEDE STADIUM, MUMBAI",MUMBAI INDIANS,GUJARAT TITANS,GUJARAT TITANS,field,MUMBAI INDIANS,RUNS,27.0,219.0,20.0,N,NORMAL,Nitin Menon,Tapan Sharma,2023
1359532,2023,HYDERABAD,2023-05-13,League,PN MANKAD,"RAJIV GANDHI INTERNATIONAL STADIUM, UPPAL, HYDERABAD",SUNRISERS HYDERABAD,LUCKNOW SUPER GIANTS,SUNRISERS HYDERABAD,bat,LUCKNOW SUPER GIANTS,WICKETS,7.0,183.0,20.0,N,NORMAL,A Totre,J Madanagopal,2023
1359533,2023,DELHI,2023-05-13,League,P SIMRAN SINGH,"ARUN JAITLEY STADIUM, DELHI",PUNJAB KINGS,DELHI CAPITALS,DELHI CAPITALS,field,PUNJAB KINGS,RUNS,31.0,168.0,20.0,N,NORMAL,CB Gaffaney,NA Patwardhan,2023
1359534,2023,JAIPUR,2023-05-14,League,WD PARNELL,"SAWAI MANSINGH STADIUM, JAIPUR",ROYAL CHALLENGERS BANGALORE,RAJASTHAN ROYALS,ROYAL CHALLENGERS BANGALORE,bat,ROYAL CHALLENGERS BANGALORE,RUNS,112.0,172.0,20.0,N,NORMAL,KN Ananthapadmanabhan,Navdeep Singh,2023
1359535,2023,CHENNAI,2023-05-14,League,RK SINGH,"MA CHIDAMBARAM STADIUM, CHEPAUK, CHENNAI",CHENNAI SUPER KINGS,KOLKATA KNIGHT RIDERS,CHENNAI SUPER KINGS,bat,KOLKATA KNIGHT RIDERS,WICKETS,6.0,145.0,20.0,N,NORMAL,Tapan Sharma,Vinod Seshan,2023
1359536,2023,AHMEDABAD,2023-05-15,League,SHUBMAN GILL,"NARENDRA MODI STADIUM, AHMEDABAD",GUJARAT TITANS,SUNRISERS HYDERABAD,SUNRISERS HYDERABAD,field,GUJARAT TITANS,RUNS,34.0,189.0,20.0,N,NORMAL,J Madanagopal,UV Gandhe,2023
1359537,2023,LUCKNOW,2023-05-16,League,MP STOINIS,"BHARAT RATNA SHRI ATAL BIHARI VAJPAYEE EKANA CRICKET STADIUM, LUCKNOW",LUCKNOW SUPER GIANTS,MUMBAI INDIANS,MUMBAI INDIANS,field,LUCKNOW SUPER GIANTS,RUNS,5.0,178.0,20.0,N,NORMAL,AK Chaudhary,A Nand Kishore,2023
1359538,2023,DHARAMSALA,2023-05-17,League,RR ROSSOUW,"HIMACHAL PRADESH CRICKET ASSOCIATION STADIUM, DHARAMSALA",DELHI CAPITALS,PUNJAB KINGS,PUNJAB KINGS,field,DELHI CAPITALS,RUNS,15.0,214.0,20.0,N,NORMAL,KN Ananthapadmanabhan,MV Saidharshan Kumar,2023
1359539,2023,HYDERABAD,2023-05-18,League,V KOHLI,"RAJIV GANDHI INTERNATIONAL STADIUM, UPPAL, HYDERABAD",SUNRISERS HYDERABAD,ROYAL CHALLENGERS BANGALORE,ROYAL CHALLENGERS BANGALORE,field,ROYAL CHALLENGERS BANGALORE,WICKETS,8.0,187.0,20.0,N,NORMAL,BNJ Oxenford,VK Sharma,2023
1359540,2023,DHARAMSALA,2023-05-19,League,D PADIKKAL,"HIMACHAL PRADESH CRICKET ASSOCIATION STADIUM, DHARAMSALA",PUNJAB KINGS,RAJASTHAN ROYALS,RAJASTHAN ROYALS,field,RAJASTHAN ROYALS,WICKETS,4.0,188.0,20.0,N,NORMAL,A Nand Kishore,RJ Tucker,2023
1359541,2023,DELHI,2023-05-20,League,RD GAIKWAD,"ARUN JAITLEY STADIUM, DELHI",CHENNAI SUPER KINGS,DELHI CAPITALS,CHENNAI SUPER KINGS,bat,CHENNAI SUPER KINGS,RUNS,77.0,224.0,20.0,N,NORMAL,CB Gaffaney,NA Patwardhan,2023
1359542,2023,KOLKATA,2023-05-20,League,N POORAN,"EDEN GARDENS, KOLKATA",LUCKNOW SUPER GIANTS,KOLKATA KNIGHT RIDERS,KOLKATA KNIGHT RIDERS,field,LUCKNOW SUPER GIANTS,RUNS,1.0,177.0,20.0,N,NORMAL,J Madanagopal,UV Gandhe,2023
1359543,2023,MUMBAI,2023-05-21,League,C GREEN,"WANKHEDE STADIUM, MUMBAI",SUNRISERS HYDERABAD,MUMBAI INDIANS,MUMBAI INDIANS,field,MUMBAI INDIANS,WICKETS,8.0,201.0,20.0,N,NORMAL,KN Ananthapadmanabhan,RJ Tucker,2023
1359544,2023,BENGALURU,2023-05-21,League,SHUBMAN GILL,"M CHINNASWAMY STADIUM, BENGALURU",ROYAL CHALLENGERS BANGALORE,GUJARAT TITANS,GUJARAT TITANS,field,GUJARAT TITANS,WICKETS,6.0,198.0,20.0,N,NORMAL,Nitin Menon,VK Sharma,2023
1370350,2023,CHENNAI,2023-05-23,Qualifier 1,RD GAIKWAD,"MA CHIDAMBARAM STADIUM, CHEPAUK, CHENNAI",CHENNAI SUPER KINGS,GUJARAT TITANS,GUJARAT TITANS,field,CHENNAI SUPER KINGS,RUNS,15.0,173.0,20.0,N,NORMAL,AK Chaudhary,CB Gaffaney,2023
1370351,2023,CHENNAI,2023-05-24,Eliminator,AKASH MADHWAL,"MA CHIDAMBARAM STADIUM, CHEPAUK, CHENNAI",MUMBAI INDIANS,LUCKNOW SUPER GIANTS,MUMBAI INDIANS,bat,MUMBAI INDIANS,RUNS,81.0,183.0,20.0,N,NORMAL,BNJ Oxenford,VK Sharma,2023
1370352,2023,AHMEDABAD,2023-05-26,Qualifier 2,SHUBMAN GILL,"NARENDRA MODI STADIUM, AHMEDABAD",GUJARAT TITANS,MUMBAI INDIANS,MUMBAI INDIANS,field,GUJARAT TITANS,RUNS,62.0,234.0,20.0,N,NORMAL,Nitin Menon,RJ Tucker,2023
1370353,2023,AHMEDABAD,2023-05-29,Final,DP CONWAY,"NARENDRA MODI STADIUM, AHMEDABAD",GUJARAT TITANS,CHENNAI SUPER KINGS,CHENNAI SUPER KINGS,field,CHENNAI SUPER KINGS,WICKETS,5.0,171.0,15.0,N,D/L,Nitin Menon,RJ Tucker,2023
1422119,2024,CHENNAI,2024-03-22,League,MUSTAFIZUR RAHMAN,"MA CHIDAMBARAM STADIUM, CHEPAUK, CHENNAI",ROYAL CHALLENGERS BENGALURU,CHENNAI SUPER KINGS,ROYAL CHALLENGERS BENGALURU,bat,CHENNAI SUPER KINGS,WICKETS,6.0,174.0,20.0,N,NORMAL,HAS Khalid,VK Sharma,2024
1422120,2024,MOHALI,2024-03-23,League,SM CURRAN,"MAHARAJA YADAVINDRA SINGH INTERNATIONAL CRICKET STADIUM, MULLANPUR",DELHI CAPITALS,PUNJAB KINGS,PUNJAB KINGS,field,PUNJAB KINGS,WICKETS,4.0,175.0,20.0,N,NORMAL,J Madanagopal,NA Patwardhan,2024
1422121,2024,KOLKATA,2024-03-23,League,AD RUSSELL,"EDEN GARDENS, KOLKATA",KOLKATA KNIGHT RIDERS,SUNRISERS HYDERABAD,SUNRISERS HYDERABAD,field,KOLKATA KNIGHT RIDERS,RUNS,4.0,209.0,20.0,N,NORMAL,R Pandit,YC Barde,2024
1422122,2024,JAIPUR,2024-03-24,League,SV SAMSON,"SAWAI MANSINGH STADIUM, JAIPUR",RAJASTHAN ROYALS,LUCKNOW SUPER GIANTS,RAJASTHAN ROYALS,bat,RAJASTHAN ROYALS,RUNS,20.0,194.0,20.0,N,NORMAL,A Totre,HDPK Dharmasena,2024
1422123,2024,AHMEDABAD,2024-03-24,League,B SAI SUDHARSAN,"NARENDRA MODI STADIUM, AHMEDABAD",GUJARAT TITANS,MUMBAI INDIANS,MUMBAI INDIANS,field,GUJARAT TITANS,RUNS,6.0,169.0,20.0,N,NORMAL,VA Kulkarni,VK Sharma,2024
1422124,2024,BENGALURU,2024-03-25,League,V KOHLI,"M CHINNASWAMY STADIUM, BENGALURU",PUNJAB KINGS,ROYAL CHALLENGERS BENGALURU,ROYAL CHALLENGERS BENGALURU,field,ROYAL CHALLENGERS BENGALURU,WICKETS,4.0,177.0,20.0,N,NORMAL,AK Chaudhary,MV Saidharshan Kumar,2024
1422125,2024,CHENNAI,2024-03-26,League,S DUBE,"MA CHIDAMBARAM STADIUM, CHEPAUK, CHENNAI",CHENNAI SUPER KINGS,GUJARAT TITANS,GUJARAT TITANS,field,CHENNAI SUPER KINGS,RUNS,63.0,207.0,20.0,N,NORMAL,AG Wharf,Tapan Sharma,2024
1422126,2024,HYDERABAD,2024-03-27,League,ABHISHEK SHARMA,"RAJIV GANDHI INTERNATIONAL STADIUM, UPPAL, HYDERABAD",SUNRISERS HYDERABAD,MUMBAI INDIANS,MUMBAI INDIANS,field,SUNRISERS HYDERABAD,RUNS,31.0,278.0,20.0,N,NORMAL,KN Ananthapadmanabhan,UV Gandhe,2024
1422127,2024,JAIPUR,2024-03-28,League,R PARAG,"SAWAI MANSINGH STADIUM, JAIPUR",RAJASTHAN ROYALS,DELHI CAPITALS,DELHI CAPITALS,field,RAJASTHAN ROYALS,RUNS,12.0,186.0,20.0,N,NORMAL,A Nand Kishore,Nitin Menon,2024
1422128,2024,BENGALURU,2024-03-29,League,SP NARINE,"M CHINNASWAMY STADIUM, BENGALURU",ROYAL CHALLENGERS BENGALURU,KOLKATA KNIGHT RIDERS,KOLKATA KNIGHT RIDERS,field,KOLKATA KNIGHT RIDERS,WICKETS,7.0,183.0,20.0,N,NORMAL,AK Chaudhary,R Pandit,2024
1422129,2024,LUCKNOW,2024-03-30,League,MP YADAV,"BHARAT RATNA SHRI ATAL BIHARI VAJPAYEE EKANA CRICKET STADIUM, LUCKNOW",LUCKNOW SUPER GIANTS,PUNJAB KINGS,LUCKNOW SUPER GIANTS,bat,LUCKNOW SUPER GIANTS,RUNS,21.0,200.0,20.0,N,NORMAL,J Madanagopal,Navdeep Singh,2024
1422130,2024,AHMEDABAD,2024-03-31,League,MM SHARMA,"NARENDRA MODI STADIUM, AHMEDABAD",SUNRISERS HYDERABAD,GUJARAT TITANS,SUNRISERS HYDERABAD,bat,GUJARAT TITANS,WICKETS,7.0,163.0,20.0,N,NORMAL,HAS Khalid,VK Sharma,2024
1422131,2024,VISAKHAPATNAM,2024-03-31,League,KK AHMED,"DR. Y.S. RAJASEKHARA REDDY ACA-VDCA CRICKET STADIUM, VISAKHAPATNAM",DELHI CAPITALS,CHENNAI SUPER KINGS,DELHI CAPITALS,bat,DELHI CAPITALS,RUNS,20.0,192.0,20.0,N,NORMAL,HDPK Dharmasena,Vinod Seshan,2024
1422132,2024,MUMBAI,2024-04-01,League,TA BOULT,"WANKHEDE STADIUM, MUMBAI",MUMBAI INDIANS,RAJASTHAN ROYALS,RAJASTHAN ROYALS,field,RAJASTHAN ROYALS,WICKETS,6.0,126.0,20.0,N,NORMAL,MV Saidharshan Kumar,YC Barde,2024
1422133,2024,BENGALURU,2024-04-02,League,MP YADAV,"M CHINNASWAMY STADIUM, BENGALURU",LUCKNOW SUPER GIANTS,ROYAL CHALLENGERS BENGALURU,ROYAL CHALLENGERS BENGALURU,field,LUCKNOW SUPER GIANTS,RUNS,28.0,182.0,20.0,N,NORMAL,J Madanagopal,NA Patwardhan,2024
1422134,2024,VISAKHAPATNAM,2024-04-03,League,SP NARINE,"DR. Y.S. RAJASEKHARA REDDY ACA-VDCA CRICKET STADIUM, VISAKHAPATNAM",KOLKATA KNIGHT RIDERS,DELHI CAPITALS,KOLKATA KNIGHT RIDERS,bat,KOLKATA KNIGHT RIDERS,RUNS,106.0,273.0,20.0,N,NORMAL,A Totre,UV Gandhe,2024
1422135,2024,AHMEDABAD,2024-04-04,League,SHASHANK SINGH,"NARENDRA MODI STADIUM, AHMEDABAD",GUJARAT TITANS,PUNJAB KINGS,PUNJAB KINGS,field,PUNJAB KINGS,WICKETS,3.0,200.0,20.0,N,NORMAL,Nitin Menon,VA Kulkarni,2024
1422136,2024,HYDERABAD,2024-04-05,League,ABHISHEK SHARMA,"RAJIV GANDHI INTERNATIONAL STADIUM, UPPAL, HYDERABAD",CHENNAI SUPER KINGS,SUNRISERS HYDERABAD,SUNRISERS HYDERABAD,field,SUNRISERS HYDERABAD,WICKETS,6.0,166.0,20.0,N,NORMAL,R Pandit,YC Barde,2024
1422137,2024,JAIPUR,2024-04-06,League,JC BUTTLER,"SAWAI MANSINGH STADIUM, JAIPUR",ROYAL CHALLENGERS BENGALURU,RAJASTHAN ROYALS,RAJASTHAN ROYALS,field,RAJASTHAN ROYALS,WICKETS,6.0,184.0,20.0,N,NORMAL,AG Wharf,Tapan Sharma,2024
1422138,2024,MUMBAI,2024-04-07,League,R SHEPHERD,"WANKHEDE STADIUM, MUMBAI",MUMBAI INDIANS,DELHI CAPITALS,DELHI CAPITALS,field,MUMBAI INDIANS,RUNS,29.0,235.0,20.0,N,NORMAL,HDPK Dharmasena,UV Gandhe,2024
1422139,2024,LUCKNOW,2024-04-07,League,YASH THAKUR,"BHARAT RATNA SHRI ATAL BIHARI VAJPAYEE EKANA CRICKET STADIUM, LUCKNOW",LUCKNOW SUPER GIANTS,GUJARAT TITANS,LUCKNOW SUPER GIANTS,bat,LUCKNOW SUPER GIANTS,RUNS,33.0,164.0,20.0,N,NORMAL,A Nand Kishore,VK Sharma,2024
1426260,2024,CHENNAI,2024-04-08,League,RA JADEJA,"MA CHIDAMBARAM STADIUM, CHEPAUK, CHENNAI",KOLKATA KNIGHT RIDERS,CHENNAI SUPER KINGS,CHENNAI SUPER KINGS,field,CHENNAI SUPER KINGS,WICKETS,7.0,138.0,20.0,N,NORMAL,AK Chaudhary,MV Saidharshan Kumar,2024
1426261,2024,MOHALI,2024-04-09,League,NITHISH KUMAR REDDY,"MAHARAJA YADAVINDRA SINGH INTERNATIONAL CRICKET STADIUM, MULLANPUR",SUNRISERS HYDERABAD,PUNJAB KINGS,PUNJAB KINGS,field,SUNRISERS HYDERABAD,RUNS,2.0,183.0,20.0,N,NORMAL,Navdeep Singh,NA Patwardhan,2024
1426262,2024,JAIPUR,2024-04-10,League,RASHID KHAN,"SAWAI MANSINGH STADIUM, JAIPUR",RAJASTHAN ROYALS,GUJARAT TITANS,GUJARAT TITANS,field,GUJARAT TITANS,WICKETS,3.0,197.0,20.0,N,NORMAL,HDPK Dharmasena,Vinod Seshan,2024
1426263,2024,MUMBAI,2024-04-11,League,JJ BUMRAH,"WANKHEDE STADIUM, MUMBAI",ROYAL CHALLENGERS BENGALURU,MUMBAI INDIANS,MUMBAI INDIANS,field,MUMBAI INDIANS,WICKETS,7.0,197.0,20.0,N,NORMAL,Nitin Menon,VA Kulkarni,2024
1426264,2024,LUCKNOW,2024-04-12,League,KULDEEP YADAV,"BHARAT RATNA SHRI ATAL BIHARI VAJPAYEE EKANA CRICKET STADIUM, LUCKNOW",LUCKNOW SUPER GIANTS,DELHI CAPITALS,LUCKNOW SUPER GIANTS,bat,DELHI CAPITALS,WICKETS,6.0,168.0,20.0,N,NORMAL,R Pandit,YC Barde,2024
1426265,2024,MOHALI,2024-04-13,League,SO HETMYER,"MAHARAJA YADAVINDRA SINGH INTERNATIONAL CRICKET STADIUM, MULLANPUR",PUNJAB KINGS,RAJASTHAN ROYALS,RAJASTHAN ROYALS,field,RAJASTHAN ROYALS,WICKETS,3.0,148.0,20.0,N,NORMAL,AK Chaudhary,Tapan Sharma,2024
1426266,2024,KOLKATA,2024-04-14,League,PD SALT,"EDEN GARDENS, KOLKATA",LUCKNOW SUPER GIANTS,KOLKATA KNIGHT RIDERS,KOLKATA KNIGHT RIDERS,field,KOLKATA KNIGHT RIDERS,WICKETS,8.0,162.0,20.0,N,NORMAL,A Totre,Vinod Seshan,2024
1426267,2024,MUMBAI,2024-04-14,League,M PATHIRANA,"WANKHEDE STADIUM, MUMBAI",CHENNAI SUPER KINGS,MUMBAI INDIANS,MUMBAI INDIANS,field,CHENNAI SUPER KINGS,RUNS,20.0,207.0,20.0,N,NORMAL,Nitin Menon,HAS Khalid,2024
1426268,2024,BENGALURU,2024-04-15,League,TM HEAD,"M CHINNASWAMY STADIUM, BENGALURU",SUNRISERS HYDERABAD,ROYAL CHALLENGERS BENGALURU,ROYAL CHALLENGERS BENGALURU,field,SUNRISERS HYDERABAD,RUNS,25.0,288.0,20.0,N,NORMAL,AK Chaudhary,R Pandit,2024
1426269,2024,KOLKATA,2024-04-16,League,JC BUTTLER,"EDEN GARDENS, KOLKATA",KOLKATA KNIGHT RIDERS,RAJASTHAN ROYALS,RAJASTHAN ROYALS,field,RAJASTHAN ROYALS,WICKETS,2.0,224.0,20.0,N,NORMAL,MA Gough,UV Gandhe,2024
1426270,2024,AHMEDABAD,2024-04-17,League,RR PANT,"NARENDRA MODI STADIUM, AHMEDABAD",GUJARAT TITANS,DELHI CAPITALS,DELHI CAPITALS,field,DELHI CAPITALS,WICKETS,6.0,90.0,20.0,N,NORMAL,NA Patwardhan,VK Sharma,2024
1426271,2024,MOHALI,2024-04-18,League,JJ BUMRAH,"MAHARAJA YADAVINDRA SINGH INTERNATIONAL CRICKET STADIUM, MULLANPUR",MUMBAI INDIANS,PUNJAB KINGS,PUNJAB KINGS,field,MUMBAI INDIANS,RUNS,9.0,193.0,20.0,N,NORMAL,A Nand Kishore,VA Kulkarni,2024
1426272,2024,LUCKNOW,2024-04-19,League,KL RAHUL,"BHARAT RATNA SHRI ATAL BIHARI VAJPAYEE EKANA CRICKET STADIUM, LUCKNOW",CHENNAI SUPER KINGS,LUCKNOW SUPER GIANTS,LUCKNOW SUPER GIANTS,field,LUCKNOW SUPER GIANTS,WICKETS,8.0,177.0,20.0,N,NORMAL,AK Chaudhary,R Pandit,2024
1426273,2024,DELHI,2024-04-20,League,TM HEAD,"ARUN JAITLEY STADIUM, DELHI",SUNRISERS HYDERABAD,DELHI CAPITALS,DELHI CAPITALS,field,SUNRISERS HYDERABAD,RUNS,67.0,267.0,20.0,N,NORMAL,J Madanagopal,Navdeep Singh,2024
1426274,2024,KOLKATA,2024-04-21,League,AD RUSSELL,"EDEN GARDENS, KOLKATA",KOLKATA KNIGHT RIDERS,ROYAL CHALLENGERS BENGALURU,ROYAL CHALLENGERS BENGALURU,field,KOLKATA KNIGHT RIDERS,RUNS,1.0,223.0,20.0,N,NORMAL,A Totre,Vinod Seshan,2024
1426275,2024,MOHALI,2024-04-21,League,R SAI KISHORE,"MAHARAJA YADAVINDRA SINGH INTERNATIONAL CRICKET STADIUM, MULLANPUR",PUNJAB KINGS,GUJARAT TITANS,PUNJAB KINGS,bat,GUJARAT TITANS,WICKETS,3.0,143.0,20.0,N,NORMAL,A Nand Kishore,VA Kulkarni,2024
1426276,2024,JAIPUR,2024-04-22,League,SANDEEP SHARMA,"SAWAI MANSINGH STADIUM, JAIPUR",MUMBAI INDIANS,RAJASTHAN ROYALS,MUMBAI INDIANS,bat,RAJASTHAN ROYALS,WICKETS,9.0,180.0,20.0,N,NORMAL,AK Chaudhary,MV Saidharshan Kumar,2024
1426277,2024,CHENNAI,2024-04-23,League,MP STOINIS,"MA CHIDAMBARAM STADIUM, CHEPAUK, CHENNAI",CHENNAI SUPER KINGS,LUCKNOW SUPER GIANTS,LUCKNOW SUPER GIANTS,field,LUCKNOW SUPER GIANTS,WICKETS,6.0,211.0,20.0,N,NORMAL,NA Patwardhan,Tapan Sharma,2024
1426278,2024,DELHI,2024-04-24,League,RR PANT,"ARUN JAITLEY STADIUM, DELHI",DELHI CAPITALS,GUJARAT TITANS,GUJARAT TITANS,field,DELHI CAPITALS,RUNS,4.0,225.0,20.0,N,NORMAL,KN Ananthapadmanabhan,UV Gandhe,2024
1426279,2024,HYDERABAD,2024-04-25,League,RM PATIDAR,"RAJIV GANDHI INTERNATIONAL STADIUM, UPPAL, HYDERABAD",ROYAL CHALLENGERS BENGALURU,SUNRISERS HYDERABAD,ROYAL CHALLENGERS BENGALURU,bat,ROYAL CHALLENGERS BENGALURU,RUNS,35.0,207.0,20.0,N,NORMAL,Nitin Menon,HAS Khalid,2024
1426280,2024,KOLKATA,2024-04-26,League,JM BAIRSTOW,"EDEN GARDENS, KOLKATA",KOLKATA KNIGHT RIDERS,PUNJAB KINGS,PUNJAB KINGS,field,PUNJAB KINGS,WICKETS,8.0,262.0,20.0,N,NORMAL,AK Chaudhary,YC Barde,2024
1426281,2024,DELHI,2024-04-27,League,J FRASER-MCGURK,"ARUN JAITLEY STADIUM, DELHI",DELHI CAPITALS,MUMBAI INDIANS,MUMBAI INDIANS,field,DELHI CAPITALS,RUNS,10.0,258.0,20.0,N,NORMAL,Navdeep Singh,NA Patwardhan,2024
1426282,2024,LUCKNOW,2024-04-27,League,SV SAMSON,"BHARAT RATNA SHRI ATAL BIHARI VAJPAYEE EKANA CRICKET STADIUM, LUCKNOW",LUCKNOW SUPER GIANTS,RAJASTHAN ROYALS,RAJASTHAN ROYALS,field,RAJASTHAN ROYALS,WICKETS,7.0,197.0,20.0,N,NORMAL,KN Ananthapadmanabhan,MA Gough,2024
1426283,2024,AHMEDABAD,2024-04-28,League,WG JACKS,"NARENDRA MODI STADIUM, AHMEDABAD",GUJARAT TITANS,ROYAL CHALLENGERS BENGALURU,ROYAL CHALLENGERS BENGALURU,field,ROYAL CHALLENGERS BENGALURU,WICKETS,9.0,201.0,20.0,N,NORMAL,Nitin Menon,VK Sharma,2024
1426284,2024,CHENNAI,2024-04-28,League,RD GAIKWAD,"MA CHIDAMBARAM STADIUM, CHEPAUK, CHENNAI",CHENNAI SUPER KINGS,SUNRISERS HYDERABAD,SUNRISERS HYDERABAD,field,CHENNAI SUPER KINGS,RUNS,78.0,213.0,20.0,N,NORMAL,R Pandit,MV Saidharshan Kumar,2024
1426285,2024,KOLKATA,2024-04-29,League,CV VARUN,"EDEN GARDENS, KOLKATA",DELHI CAPITALS,KOLKATA KNIGHT RIDERS,DELHI CAPITALS,bat,KOLKATA KNIGHT RIDERS,WICKETS,7.0,154.0,20.0,N,NORMAL,Navdeep Singh,Tapan Sharma,2024
1426286,2024,LUCKNOW,2024-04-30,League,MP STOINIS,"BHARAT RATNA SHRI ATAL BIHARI VAJPAYEE EKANA CRICKET STADIUM, LUCKNOW",MUMBAI INDIANS,LUCKNOW SUPER GIANTS,LUCKNOW SUPER GIANTS,field,LUCKNOW SUPER GIANTS,WICKETS,4.0,145.0,20.0,N,NORMAL,MA Gough,UV Gandhe,2024
1426287,2024,CHENNAI,2024-05-01,League,HARPREET BRAR,"MA CHIDAMBARAM STADIUM, CHEPAUK, CHENNAI",CHENNAI SUPER KINGS,PUNJAB KINGS,PUNJAB KINGS,field,PUNJAB KINGS,WICKETS,7.0,163.0,20.0,N,NORMAL,HAS Khalid,VK Sharma,2024
1426288,2024,HYDERABAD,2024-05-02,League,B KUMAR,"RAJIV GANDHI INTERNATIONAL STADIUM, UPPAL, HYDERABAD",SUNRISERS HYDERABAD,RAJASTHAN ROYALS,SUNRISERS HYDERABAD,bat,SUNRISERS HYDERABAD,RUNS,1.0,202.0,20.0,N,NORMAL,AK Chaudhary,YC Barde,2024
1426289,2024,MUMBAI,2024-05-03,League,VR IYER,"WANKHEDE STADIUM, MUMBAI",KOLKATA KNIGHT RIDERS,MUMBAI INDIANS,MUMBAI INDIANS,field,KOLKATA KNIGHT RIDERS,RUNS,24.0,170.0,20.0,N,NORMAL,J Madanagopal,Tapan Sharma,2024
1426290,2024,BENGALURU,2024-05-04,League,MOHAMMED SIRAJ,"M CHINNASWAMY STADIUM, BENGALURU",GUJARAT TITANS,ROYAL CHALLENGERS BENGALURU,ROYAL CHALLENGERS BENGALURU,field,ROYAL CHALLENGERS BENGALURU,WICKETS,4.0,148.0,20.0,N,NORMAL,A Totre,Vinod Seshan,2024
1426291,2024,DHARAMSALA,2024-05-05,League,RA JADEJA,"HIMACHAL PRADESH CRICKET ASSOCIATION STADIUM, DHARAMSALA",CHENNAI SUPER KINGS,PUNJAB KINGS,PUNJAB KINGS,field,CHENNAI SUPER KINGS,RUNS,28.0,168.0,20.0,N,NORMAL,A Nand Kishore,VA Kulkarni,2024
1426292,2024,LUCKNOW,2024-05-05,League,SP NARINE,"BHARAT RATNA SHRI ATAL BIHARI VAJPAYEE EKANA CRICKET STADIUM, LUCKNOW",KOLKATA KNIGHT RIDERS,LUCKNOW SUPER GIANTS,LUCKNOW SUPER GIANTS,field,KOLKATA KNIGHT RIDERS,RUNS,98.0,236.0,20.0,N,NORMAL,MV Saidharshan Kumar,YC Barde,2024
1426293,2024,MUMBAI,2024-05-06,League,SA YADAV,"WANKHEDE STADIUM, MUMBAI",SUNRISERS HYDERABAD,MUMBAI INDIANS,MUMBAI INDIANS,field,MUMBAI INDIANS,WICKETS,7.0,174.0,20.0,N,NORMAL,Navdeep Singh,Tapan Sharma,2024
1426294,2024,DELHI,2024-05-07,League,KULDEEP YADAV,"ARUN JAITLEY STADIUM, DELHI",DELHI CAPITALS,RAJASTHAN ROYALS,RAJASTHAN ROYALS,field,DELHI CAPITALS,RUNS,20.0,222.0,20.0,N,NORMAL,KN Ananthapadmanabhan,UV Gandhe,2024
1426295,2024,HYDERABAD,2024-05-08,League,TM HEAD,"RAJIV GANDHI INTERNATIONAL STADIUM, UPPAL, HYDERABAD",LUCKNOW SUPER GIANTS,SUNRISERS HYDERABAD,LUCKNOW SUPER GIANTS,bat,SUNRISERS HYDERABAD,WICKETS,10.0,166.0,20.0,N,NORMAL,MV Saidharshan Kumar,YC Barde,2024
1426296,2024,DHARAMSALA,2024-05-09,League,V KOHLI,"HIMACHAL PRADESH CRICKET ASSOCIATION STADIUM, DHARAMSALA",ROYAL CHALLENGERS BENGALURU,PUNJAB KINGS,PUNJAB KINGS,field,ROYAL CHALLENGERS BENGALURU,RUNS,60.0,242.0,20.0,N,NORMAL,Nitin Menon,HAS Khalid,2024
1426297,2024,AHMEDABAD,2024-05-10,League,SHUBMAN GILL,"NARENDRA MODI STADIUM, AHMEDABAD",GUJARAT TITANS,CHENNAI SUPER KINGS,CHENNAI SUPER KINGS,field,GUJARAT TITANS,RUNS,35.0,232.0,20.0,N,NORMAL,KN Ananthapadmanabhan,NA Patwardhan,2024
1426298,2024,KOLKATA,2024-05-11,League,CV VARUN,"EDEN GARDENS, KOLKATA",KOLKATA KNIGHT RIDERS,MUMBAI INDIANS,MUMBAI INDIANS,field,KOLKATA KNIGHT RIDERS,RUNS,18.0,158.0,16.0,N,NORMAL,UV Gandhe,Vinod Seshan,2024
1426299,2024,CHENNAI,2024-05-12,League,SIMARJEET SINGH,"MA CHIDAMBARAM STADIUM, CHEPAUK, CHENNAI",RAJASTHAN ROYALS,CHENNAI SUPER KINGS,RAJASTHAN ROYALS,bat,CHENNAI SUPER KINGS,WICKETS,5.0,142.0,20.0,N,NORMAL,R Pandit,YC Barde,2024
1426300,2024,BENGALURU,2024-05-12,League,C GREEN,"M CHINNASWAMY STADIUM, BENGALURU",ROYAL CHALLENGERS BENGALURU,DELHI CAPITALS,DELHI CAPITALS,field,ROYAL CHALLENGERS BENGALURU,RUNS,47.0,188.0,20.0,N,NORMAL,A Nand Kishore,VA Kulkarni,2024
1426302,2024,DELHI,2024-05-14,League,I SHARMA,"ARUN JAITLEY STADIUM, DELHI",DELHI CAPITALS,LUCKNOW SUPER GIANTS,LUCKNOW SUPER GIANTS,field,DELHI CAPITALS,RUNS,19.0,209.0,20.0,N,NORMAL,A Totre,Vinod Seshan,2024
1426303,2024,GUWAHATI,2024-05-15,League,SM CURRAN,"BARSAPARA CRICKET STADIUM, GUWAHATI",RAJASTHAN ROYALS,PUNJAB KINGS,RAJASTHAN ROYALS,bat,PUNJAB KINGS,WICKETS,5.0,145.0,20.0,N,NORMAL,R Pandit,MV Saidharshan Kumar,2024
1426305,2024,MUMBAI,2024-05-17,League,N POORAN,"WANKHEDE STADIUM, MUMBAI",LUCKNOW SUPER GIANTS,MUMBAI INDIANS,MUMBAI INDIANS,field,LUCKNOW SUPER GIANTS,RUNS,18.0,215.0,20.0,N,NORMAL,Navdeep Singh,R Pandit,2024
1426306,2024,BENGALURU,2024-05-18,League,F DU PLESSIS,"M CHINNASWAMY STADIUM, BENGALURU",ROYAL CHALLENGERS BENGALURU,CHENNAI SUPER KINGS,CHENNAI SUPER KINGS,field,ROYAL CHALLENGERS BENGALURU,RUNS,27.0,219.0,20.0,N,NORMAL,A Totre,KN Ananthapadmanabhan,2024
1426307,2024,HYDERABAD,2024-05-19,League,ABHISHEK SHARMA,"RAJIV GANDHI INTERNATIONAL STADIUM, UPPAL, HYDERABAD",PUNJAB KINGS,SUNRISERS HYDERABAD,PUNJAB KINGS,bat,SUNRISERS HYDERABAD,WICKETS,4.0,215.0,20.0,N,NORMAL,Nitin Menon,VK Sharma,2024
1426309,2024,AHMEDABAD,2024-05-21,Qualifier 1,MA STARC,"NARENDRA MODI STADIUM, AHMEDABAD",SUNRISERS HYDERABAD,KOLKATA KNIGHT RIDERS,SUNRISERS HYDERABAD,bat,KOLKATA KNIGHT RIDERS,WICKETS,8.0,160.0,20.0,N,NORMAL,AK Chaudhary,R Pandit,2024
1426310,2024,AHMEDABAD,2024-05-22,Eliminator,R ASHWIN,"NARENDRA MODI STADIUM, AHMEDABAD",ROYAL CHALLENGERS BENGALURU,RAJASTHAN ROYALS,RAJASTHAN ROYALS,field,RAJASTHAN ROYALS,WICKETS,4.0,173.0,20.0,N,NORMAL,KN Ananthapadmanabhan,MV Saidharshan Kumar,2024
1426311,2024,CHENNAI,2024-05-24,Qualifier 2,SHAHBAZ AHMED,"MA CHIDAMBARAM STADIUM, CHEPAUK, CHENNAI",SUNRISERS HYDERABAD,RAJASTHAN ROYALS,RAJASTHAN ROYALS,field,SUNRISERS HYDERABAD,RUNS,36.0,176.0,20.0,N,NORMAL,Nitin Menon,VK Sharma,2024
1426312,2024,CHENNAI,2024-05-26,Final,MA STARC,"MA CHIDAMBARAM STADIUM, CHEPAUK, CHENNAI",SUNRISERS HYDERABAD,KOLKATA KNIGHT RIDERS,SUNRISERS HYDERABAD,bat,KOLKATA KNIGHT RIDERS,WICKETS,8.0,114.0,20.0,N,NORMAL,J Madanagopal,Nitin Menon,2024
