match_id,bowler,team,next_match_wkts,balls,runs_conceded,economy,wkts_last5,eco_last5
548352,A Ashish Reddy,Deccan Chargers,1,13,16,7.384615384615385,1.0,8.940832851359167
548356,A Ashish Reddy,Deccan Chargers,1,25,36,8.639999999999999,1.2,7.768832851359167
548359,A Ashish Reddy,Deccan Chargers,2,25,40,9.6,1.2,8.088832851359168
548373,A Ashish Reddy,Deccan Chargers,0,12,17,8.5,1.0,8.845975708502024
548376,A Ashish Reddy,Deccan Chargers,3,25,25,6.0,1.4,8.024923076923077
598000,A Ashish Reddy,Sunrisers Hyderabad,1,12,21,10.5,1.4,8.648
598004,A Ashish Reddy,Sunrisers Hyderabad,1,6,7,7.0,1.4,8.32
598013,A Ashish Reddy,Sunrisers Hyderabad,1,12,15,7.5,1.2,7.9
598030,A Ashish Reddy,Sunrisers Hyderabad,0,5,15,18.0,1.2,9.8
598048,A Ashish Reddy,Sunrisers Hyderabad,0,6,13,13.0,0.6,11.2
829719,A Ashish Reddy,Sunrisers Hyderabad,1,6,11,11.0,0.6,11.3
829727,A Ashish Reddy,Sunrisers Hyderabad,0,6,5,5.0,0.4,10.9
829731,A Ashish Reddy,Sunrisers Hyderabad,1,13,16,7.384615384615385,0.4,10.876923076923077
829773,A Ashish Reddy,Sunrisers Hyderabad,2,12,19,9.5,0.8,9.176923076923078
980907,A Ashish Reddy,Sunrisers Hyderabad,0,11,26,14.181818181818182,0.8,9.413286713286713
980915,A Ashish Reddy,Sunrisers Hyderabad,1,12,14,7.0,0.8,8.613286713286714
1426295,A Badoni,Lucknow Super Giants,0,6,19,19.0,0.4,7.4
598014,A Chandila,Rajasthan Royals,0,18,14,4.666666666666667,1.0,6.4833333333333325
598019,A Chandila,Rajasthan Royals,2,12,8,4.0,1.4,5.833333333333334
598023,A Chandila,Rajasthan Royals,0,24,21,5.25,0.6,6.233333333333333
598026,A Chandila,Rajasthan Royals,1,18,16,5.333333333333333,0.6,6.25
598032,A Chandila,Rajasthan Royals,2,18,13,4.333333333333333,1.0,4.716666666666667
598036,A Chandila,Rajasthan Royals,0,24,39,9.75,1.0,5.7333333333333325
598047,A Chandila,Rajasthan Royals,0,12,23,11.5,0.6,7.2333333333333325
598052,A Chandila,Rajasthan Royals,1,24,24,6.0,0.8,7.383333333333333
1082636,A Choudhary,Royal Challengers Bangalore,1,17,19,6.705882352941176,1.0,7.884319327731092
336012,A Kumble,Royal Challengers Bangalore,0,24,45,11.25,0.4,8.41630303030303
336016,A Kumble,Royal Challengers Bangalore,0,25,40,9.6,0.4,9.28030303030303
336023,A Kumble,Royal Challengers Bangalore,1,24,34,8.5,0.4,9.30030303030303
336026,A Kumble,Royal Challengers Bangalore,2,24,18,4.5,0.8,8.236666666666668
336029,A Kumble,Royal Challengers Bangalore,3,24,15,3.75,1.2,7.5200000000000005
336034,A Kumble,Royal Challengers Bangalore,0,25,47,11.28,1.2,7.525999999999999
392182,A Kumble,Royal Challengers Bangalore,5,19,6,1.8947368421052633,2.2,5.984947368421052
392185,A Kumble,Royal Challengers Bangalore,0,25,26,6.239999999999999,2.0,5.532947368421052
392188,A Kumble,Royal Challengers Bangalore,0,24,39,9.75,1.6,6.582947368421053
392191,A Kumble,Royal Challengers Bangalore,1,24,19,4.75,1.2,6.782947368421053
392194,A Kumble,Royal Challengers Bangalore,0,24,22,5.5,1.2,5.626947368421052
392199,A Kumble,Royal Challengers Bangalore,2,24,17,4.25,0.6,6.098
392204,A Kumble,Royal Challengers Bangalore,2,24,25,6.25,1.0,6.1
392208,A Kumble,Royal Challengers Bangalore,0,12,18,9.0,1.0,5.95
392213,A Kumble,Royal Challengers Bangalore,1,12,12,6.0,1.0,6.2
392218,A Kumble,Royal Challengers Bangalore,0,24,32,8.0,1.0,6.7
392221,A Kumble,Royal Challengers Bangalore,1,24,28,7.0,0.8,7.25
392224,A Kumble,Royal Challengers Bangalore,2,24,12,3.0,0.8,6.6
392232,A Kumble,Royal Challengers Bangalore,2,26,24,5.538461538461539,1.2,5.907692307692308
392236,A Kumble,Royal Challengers Bangalore,2,24,24,6.0,1.4,5.907692307692308
392238,A Kumble,Royal Challengers Bangalore,0,24,31,7.75,1.4,5.857692307692308
392239,A Kumble,Royal Challengers Bangalore,4,24,18,4.5,2.0,5.357692307692308
419109,A Kumble,Royal Challengers Bangalore,0,24,19,4.75,1.6,5.707692307692308
419112,A Kumble,Royal Challengers Bangalore,0,25,40,9.6,1.2,6.519999999999999
419115,A Kumble,Royal Challengers Bangalore,5,23,10,2.608695652173913,1.8,5.8417391304347825
419119,A Kumble,Royal Challengers Bangalore,1,24,20,5.0,2.0,5.291739130434783
419123,A Kumble,Royal Challengers Bangalore,1,24,19,4.75,1.4,5.3417391304347825
419128,A Kumble,Royal Challengers Bangalore,0,24,30,7.5,1.4,5.891739130434782
419133,A Kumble,Royal Challengers Bangalore,1,24,18,4.5,1.6,4.871739130434783
419136,A Kumble,Royal Challengers Bangalore,1,25,33,7.919999999999999,0.8,5.933999999999999
419140,A Kumble,Royal Challengers Bangalore,1,24,33,8.25,0.8,6.5840000000000005
419145,A Kumble,Royal Challengers Bangalore,1,25,38,9.12,0.8,7.458
419148,A Kumble,Royal Challengers Bangalore,1,25,18,4.319999999999999,1.0,6.822
419151,A Kumble,Royal Challengers Bangalore,1,25,27,6.4799999999999995,1.0,7.217999999999999
419154,A Kumble,Royal Challengers Bangalore,0,25,29,6.959999999999999,0.8,7.025999999999999
419157,A Kumble,Royal Challengers Bangalore,1,25,40,9.6,0.8,7.295999999999999
419162,A Kumble,Royal Challengers Bangalore,1,26,32,7.384615384615385,0.8,6.948923076923077
419164,A Kumble,Royal Challengers Bangalore,4,21,16,4.571428571428571,1.4,6.999208791208791
336032,A Mishra,Delhi Daredevils,1,24,23,5.75,1.8,6.653333333333333
336038,A Mishra,Delhi Daredevils,2,25,38,9.12,1.8,6.857333333333332
392194,A Mishra,Delhi Daredevils,1,26,19,4.384615384615385,2.0,6.800923076923077
392198,A Mishra,Delhi Daredevils,3,26,34,7.846153846153847,1.6,7.520153846153846
392201,A Mishra,Delhi Daredevils,1,24,34,8.5,1.6,7.120153846153846
392206,A Mishra,Delhi Daredevils,0,18,24,8.0,1.4,7.570153846153846
392211,A Mishra,Delhi Daredevils,0,24,18,4.5,1.0,6.6461538461538465
392215,A Mishra,Delhi Daredevils,0,26,20,4.615384615384616,0.8,6.692307692307692
392219,A Mishra,Delhi Daredevils,3,25,16,3.84,0.8,5.891076923076923
392223,A Mishra,Delhi Daredevils,0,18,39,13.0,0.6,6.791076923076924
392230,A Mishra,Delhi Daredevils,3,26,33,7.615384615384616,1.2,6.714153846153846
392235,A Mishra,Delhi Daredevils,0,25,44,10.559999999999999,1.2,7.926153846153847
392237,A Mishra,Delhi Daredevils,3,24,19,4.75,1.8,7.953076923076924
419108,A Mishra,Delhi Daredevils,1,24,23,5.75,1.4,8.335076923076922
419111,A Mishra,Delhi Daredevils,2,24,34,8.5,1.8,7.435076923076923
419114,A Mishra,Delhi Daredevils,1,25,44,10.559999999999999,1.4,8.024
419116,A Mishra,Delhi Daredevils,1,21,25,7.142857142857143,1.6,7.340571428571428
419120,A Mishra,Delhi Daredevils,1,19,13,4.105263157894737,1.2,7.211624060150376
419128,A Mishra,Delhi Daredevils,2,24,27,6.75,1.4,7.411624060150376
419131,A Mishra,Delhi Daredevils,1,24,19,4.75,1.2,6.661624060150376
419134,A Mishra,Delhi Daredevils,4,26,25,5.76923076923077,1.8,5.70347021399653
419140,A Mishra,Delhi Daredevils,3,25,32,7.68,2.2,5.810898785425101
419144,A Mishra,Delhi Daredevils,0,26,41,9.461538461538462,2.0,6.882153846153846
419149,A Mishra,Delhi Daredevils,1,24,16,4.0,1.8,6.332153846153846
419152,A Mishra,Delhi Daredevils,0,18,31,10.333333333333334,1.6,7.448820512820514
419155,A Mishra,Delhi Daredevils,2,25,13,3.1199999999999997,1.2,6.918974358974358
419160,A Mishra,Delhi Daredevils,1,24,28,7.0,0.8,6.782974358974359
501199,A Mishra,Deccan Chargers,0,24,28,7.0,0.8,6.290666666666667
501203,A Mishra,Deccan Chargers,2,24,20,5.0,1.0,6.490666666666667
501208,A Mishra,Deccan Chargers,1,25,41,9.84,1.2,6.3919999999999995
501212,A Mishra,Deccan Chargers,2,24,29,7.25,1.2,7.218000000000001
501216,A Mishra,Deccan Chargers,1,24,30,7.5,1.2,7.3180000000000005
501224,A Mishra,Deccan Chargers,2,24,14,3.5,1.6,6.618
501229,A Mishra,Deccan Chargers,1,24,14,3.5,1.4,6.318
501236,A Mishra,Deccan Chargers,0,18,34,11.333333333333334,1.2,6.616666666666667
501239,A Mishra,Deccan Chargers,1,19,22,6.947368421052632,1.0,6.556140350877193
501243,A Mishra,Deccan Chargers,1,24,53,13.25,1.0,7.7061403508771935
501250,A Mishra,Deccan Chargers,1,21,26,7.428571428571429,0.8,8.49185463659148
501256,A Mishra,Deccan Chargers,1,24,22,5.5,0.8,8.891854636591479
501259,A Mishra,Deccan Chargers,2,25,26,6.239999999999999,1.2,7.873187969924811
501264,A Mishra,Deccan Chargers,4,24,10,2.5,1.8,6.983714285714285
548314,A Mishra,Deccan Chargers,1,24,31,7.75,1.8,5.8837142857142855
548321,A Mishra,Deccan Chargers,0,13,26,12.0,1.6,6.798
548326,A Mishra,Deccan Chargers,3,25,32,7.68,2.0,7.234
548329,A Mishra,Deccan Chargers,0,25,44,10.559999999999999,1.6,8.097999999999999
548335,A Mishra,Deccan Chargers,1,25,27,6.4799999999999995,1.0,8.894
548341,A Mishra,Deccan Chargers,0,19,27,8.526315789473685,0.8,9.049263157894737
548346,A Mishra,Deccan Chargers,0,25,29,6.959999999999999,0.8,8.041263157894736
548348,A Mishra,Deccan Chargers,0,18,20,6.666666666666667,0.2,7.83859649122807
548352,A Mishra,Deccan Chargers,1,12,18,9.0,0.4,7.526596491228071
548356,A Mishra,Deccan Chargers,2,24,28,7.0,0.6,7.63059649122807
548359,A Mishra,Deccan Chargers,0,12,20,10.0,0.6,7.925333333333333
548366,A Mishra,Deccan Chargers,1,18,31,10.333333333333334,0.8,8.6
548373,A Mishra,Deccan Chargers,2,25,22,5.279999999999999,1.2,8.322666666666667
548376,A Mishra,Deccan Chargers,2,24,26,6.5,1.4,7.822666666666666
598000,A Mishra,Sunrisers Hyderabad,3,24,19,4.75,1.6,7.372666666666666
598004,A Mishra,Sunrisers Hyderabad,1,24,15,3.75,1.8,6.1226666666666665
598010,A Mishra,Sunrisers Hyderabad,1,24,15,3.75,1.8,4.806
598013,A Mishra,Sunrisers Hyderabad,0,18,28,9.333333333333334,1.4,5.616666666666667
598018,A Mishra,Sunrisers Hyderabad,4,24,19,4.75,1.8,5.2666666666666675
598021,A Mishra,Sunrisers Hyderabad,3,24,30,7.5,1.8,5.816666666666667
598030,A Mishra,Sunrisers Hyderabad,3,24,26,6.5,2.2,6.366666666666667
598032,A Mishra,Sunrisers Hyderabad,0,12,20,10.0,2.0,7.616666666666667
598039,A Mishra,Sunrisers Hyderabad,2,24,24,6.0,2.4,6.95
598044,A Mishra,Sunrisers Hyderabad,1,24,16,4.0,1.8,6.8
598048,A Mishra,Sunrisers Hyderabad,0,26,42,9.692307692307693,1.2,7.2384615384615385
598051,A Mishra,Sunrisers Hyderabad,0,25,41,9.84,0.6,7.906461538461538
598056,A Mishra,Sunrisers Hyderabad,0,12,20,10.0,0.6,7.906461538461538
598060,A Mishra,Sunrisers Hyderabad,0,19,36,11.368421052631579,0.2,8.980145748987855
598065,A Mishra,Sunrisers Hyderabad,3,24,8,2.0,0.6,8.580145748987855
598069,A Mishra,Sunrisers Hyderabad,2,24,20,5.0,1.0,7.641684210526316
598071,A Mishra,Sunrisers Hyderabad,1,24,16,4.0,1.2,6.473684210526317
729285,A Mishra,Sunrisers Hyderabad,2,24,27,6.75,1.6,5.8236842105263165
729295,A Mishra,Sunrisers Hyderabad,2,25,56,13.44,2.0,6.2379999999999995
729301,A Mishra,Sunrisers Hyderabad,0,25,38,9.12,1.4,7.661999999999999
729311,A Mishra,Sunrisers Hyderabad,0,21,27,7.714285714285714,1.0,8.204857142857142
729317,A Mishra,Sunrisers Hyderabad,0,25,54,12.959999999999999,0.8,9.996857142857142
733989,A Mishra,Sunrisers Hyderabad,0,25,13,3.1199999999999997,0.4,9.270857142857142
733993,A Mishra,Sunrisers Hyderabad,2,18,23,7.666666666666667,0.4,8.116190476190477
734001,A Mishra,Sunrisers Hyderabad,0,18,33,11.0,0.4,8.492190476190476
734007,A Mishra,Sunrisers Hyderabad,1,25,32,7.68,0.6,8.485333333333333
734015,A Mishra,Sunrisers Hyderabad,1,24,39,9.75,0.8,7.843333333333334
829707,A Mishra,Delhi Daredevils,1,24,21,5.25,1.0,8.269333333333334
829715,A Mishra,Delhi Daredevils,2,26,32,7.384615384615385,1.0,8.212923076923076
829725,A Mishra,Delhi Daredevils,1,25,34,8.16,1.2,7.644923076923076
829731,A Mishra,Delhi Daredevils,0,12,14,7.0,1.0,7.508923076923077
829739,A Mishra,Delhi Daredevils,0,19,22,6.947368421052632,0.8,6.948396761133603
829747,A Mishra,Delhi Daredevils,2,25,33,7.919999999999999,1.0,7.482396761133603
829757,A Mishra,Delhi Daredevils,0,13,25,11.53846153846154,0.6,8.313165991902835
829761,A Mishra,Delhi Daredevils,1,24,20,5.0,0.6,7.681165991902835
829767,A Mishra,Delhi Daredevils,1,12,10,5.0,0.8,7.281165991902834
829777,A Mishra,Delhi Daredevils,0,25,41,9.84,0.8,7.859692307692308
829783,A Mishra,Delhi Daredevils,1,26,25,5.76923076923077,0.6,7.429538461538462
829793,A Mishra,Delhi Daredevils,0,18,35,11.666666666666666,0.6,7.455179487179487
980903,A Mishra,Delhi Daredevils,1,13,11,5.0769230769230775,0.6,7.4705641025641025
980913,A Mishra,Delhi Daredevils,4,19,11,3.473684210526316,1.2,7.165300944669366
980921,A Mishra,Delhi Daredevils,0,18,30,10.0,1.2,7.197300944669365
980933,A Mishra,Delhi Daredevils,2,24,25,6.25,1.4,7.293454790823212
980945,A Mishra,Delhi Daredevils,0,18,27,9.0,1.4,6.760121457489879
980951,A Mishra,Delhi Daredevils,1,26,37,8.538461538461538,1.4,7.452429149797571
980961,A Mishra,Delhi Daredevils,1,18,19,6.333333333333333,0.8,8.024358974358973
980965,A Mishra,Delhi Daredevils,1,27,28,6.222222222222222,1.0,7.268803418803418
980971,A Mishra,Delhi Daredevils,0,25,37,8.879999999999999,0.6,7.7948034188034185
980983,A Mishra,Delhi Daredevils,2,18,19,6.333333333333333,1.0,7.261470085470085
980993,A Mishra,Delhi Daredevils,1,24,42,10.5,1.0,7.653777777777776
980997,A Mishra,Delhi Daredevils,0,12,10,5.0,0.8,7.3871111111111105
981003,A Mishra,Delhi Daredevils,1,18,21,7.0,0.8,7.542666666666666
981011,A Mishra,Delhi Daredevils,0,24,33,8.25,0.8,7.416666666666666
1082595,A Mishra,Delhi Daredevils,0,12,32,16.0,0.4,9.35
1082599,A Mishra,Delhi Daredevils,3,18,11,3.6666666666666665,0.8,7.9833333333333325
1082605,A Mishra,Delhi Daredevils,1,18,16,5.333333333333333,1.0,8.05
1082608,A Mishra,Delhi Daredevils,1,18,26,8.666666666666666,1.0,8.383333333333333
1082611,A Mishra,Delhi Daredevils,0,18,33,11.0,1.0,8.933333333333334
1082614,A Mishra,Delhi Daredevils,2,25,19,4.56,1.4,6.645333333333333
1082622,A Mishra,Delhi Daredevils,0,18,36,12.0,0.8,8.312000000000001
1082626,A Mishra,Delhi Daredevils,0,6,9,9.0,0.6,9.045333333333335
1082630,A Mishra,Delhi Daredevils,1,25,23,5.52,0.6,8.416
1082632,A Mishra,Delhi Daredevils,0,12,23,11.5,0.6,8.516
1082635,A Mishra,Delhi Daredevils,1,24,38,9.5,0.4,9.504000000000001
1082640,A Mishra,Delhi Daredevils,1,12,27,13.5,0.6,9.803999999999998
1082642,A Mishra,Delhi Daredevils,0,19,26,8.210526315789474,0.6,9.646105263157894
1082646,A Mishra,Delhi Daredevils,0,12,26,13.0,0.4,11.142105263157895
1136562,A Mishra,Delhi Daredevils,0,24,46,11.5,0.4,11.142105263157895
1136582,A Mishra,Delhi Daredevils,0,26,33,7.615384615384616,0.2,10.765182186234819
1136586,A Mishra,Delhi Daredevils,3,24,24,6.0,0.6,9.265182186234819
1136590,A Mishra,Delhi Daredevils,1,24,30,7.5,0.8,9.123076923076924
1136592,A Mishra,Delhi Daredevils,1,12,12,6.0,1.0,7.723076923076924
1136596,A Mishra,Delhi Daredevils,2,25,19,4.56,1.4,6.335076923076923
1136602,A Mishra,Delhi Daredevils,0,18,29,9.666666666666666,1.4,6.745333333333333
1136605,A Mishra,Delhi Daredevils,1,25,33,7.919999999999999,1.0,7.129333333333333
1136612,A Mishra,Delhi Daredevils,2,24,20,5.0,1.2,6.629333333333333
1136615,A Mishra,Delhi Daredevils,3,24,19,4.75,1.6,6.379333333333333
1175360,A Mishra,Delhi Capitals,2,25,36,8.639999999999999,1.6,7.195333333333333
1175365,A Mishra,Delhi Capitals,1,25,36,8.639999999999999,1.8,6.989999999999999
1178405,A Mishra,Delhi Capitals,0,18,13,4.333333333333333,1.6,6.272666666666667
1178409,A Mishra,Delhi Capitals,1,18,18,6.0,1.4,6.472666666666666
1178412,A Mishra,Delhi Capitals,0,24,41,10.25,0.8,7.572666666666666
1178415,A Mishra,Delhi Capitals,0,18,28,9.333333333333334,0.4,7.711333333333333
1178421,A Mishra,Delhi Capitals,2,25,29,6.959999999999999,0.6,7.375333333333333
1178425,A Mishra,Delhi Capitals,0,18,16,5.333333333333333,0.6,7.575333333333335
1178428,A Mishra,Delhi Capitals,3,24,17,4.25,1.0,7.225333333333333
1181766,A Mishra,Delhi Capitals,1,24,16,4.0,1.2,5.975333333333333
1181767,A Mishra,Delhi Capitals,1,24,21,5.25,1.4,5.158666666666666
1216515,A Mishra,Delhi Capitals,1,13,14,6.461538461538462,1.2,5.058974358974359
1216532,A Mishra,Delhi Capitals,2,24,35,8.75,1.6,5.742307692307692
1216539,A Mishra,Delhi Capitals,0,24,23,5.75,1.0,6.042307692307693
1254059,A Mishra,Delhi Capitals,0,18,27,9.0,0.8,7.042307692307693
1254070,A Mishra,Delhi Capitals,4,24,24,6.0,1.4,7.192307692307693
1254077,A Mishra,Delhi Capitals,1,24,31,7.75,1.4,7.45
1254079,A Mishra,Delhi Capitals,1,18,27,9.0,1.2,7.5
1359484,A Mishra,Lucknow Super Giants,2,24,24,6.0,1.6,7.55
1359489,A Mishra,Lucknow Super Giants,1,12,18,9.0,1.8,7.55
1359500,A Mishra,Lucknow Super Giants,0,12,16,8.0,1.0,7.95
1359504,A Mishra,Lucknow Super Giants,1,12,9,4.5,1.0,7.3
1359512,A Mishra,Lucknow Super Giants,0,12,23,11.5,0.8,7.8
1359517,A Mishra,Lucknow Super Giants,2,18,21,7.0,0.8,8.0
1359532,A Mishra,Lucknow Super Giants,1,25,40,9.6,0.8,8.120000000000001
1426282,A Mishra,Lucknow Super Giants,1,12,20,10.0,1.0,8.52
501227,A Mithun,Royal Challengers Bangalore,2,29,37,7.655172413793104,0.6,10.952738743410249
501232,A Mithun,Royal Challengers Bangalore,0,24,28,7.0,0.6,10.486072076743582
501244,A Mithun,Royal Challengers Bangalore,0,19,29,9.157894736842106,0.4,9.977651024112003
501247,A Mithun,Royal Challengers Bangalore,2,20,21,6.3,0.8,7.980508166969147
501255,A Mithun,Royal Challengers Bangalore,0,14,14,6.0,0.8,7.222613430127042
501260,A Mithun,Royal Challengers Bangalore,0,20,31,9.299999999999999,0.4,7.551578947368421
501266,A Mithun,Royal Challengers Bangalore,1,25,35,8.399999999999999,0.6,7.8315789473684205
501268,A Mithun,Royal Challengers Bangalore,1,20,32,9.6,0.8,7.919999999999999
501270,A Mithun,Royal Challengers Bangalore,0,12,26,13.0,0.4,9.26
501271,A Mithun,Royal Challengers Bangalore,0,12,22,11.0,0.4,10.26
548356,A Mithun,Royal Challengers Bangalore,0,19,34,10.736842105263158,0.4,10.547368421052632
598057,A Mithun,Royal Challengers Bangalore,1,25,37,8.879999999999999,0.4,10.643368421052632
335997,A Nehra,Mumbai Indians,0,6,9,9.0,1.0,8.799145299145298
336004,A Nehra,Mumbai Indians,3,24,26,6.5,1.4,8.022222222222222
336008,A Nehra,Mumbai Indians,3,18,13,4.333333333333333,1.6,7.333333333333333
336012,A Nehra,Mumbai Indians,1,18,21,7.0,1.4,7.2666666666666675
336018,A Nehra,Mumbai Indians,0,25,32,7.68,1.4,6.902666666666667
336021,A Nehra,Mumbai Indians,0,21,18,5.142857142857143,1.4,6.131238095238095
336024,A Nehra,Mumbai Indians,0,24,31,7.75,0.8,6.3812380952380945
336028,A Nehra,Mumbai Indians,0,19,34,10.736842105263158,0.2,7.661939849624059
336032,A Nehra,Mumbai Indians,1,23,30,7.826086956521739,0.2,7.827157240928408
336036,A Nehra,Mumbai Indians,1,19,22,6.947368421052632,0.4,7.680630925138933
392189,A Nehra,Delhi Daredevils,1,25,37,8.879999999999999,0.6,8.428059496567506
392194,A Nehra,Delhi Daredevils,3,26,34,7.846153846153847,1.2,8.447290265798275
392198,A Nehra,Delhi Daredevils,1,25,23,5.52,1.4,7.403921844745644
392201,A Nehra,Delhi Daredevils,3,25,33,7.919999999999999,1.8,7.422704453441296
392206,A Nehra,Delhi Daredevils,3,26,27,6.230769230769231,2.2,7.279384615384615
392211,A Nehra,Delhi Daredevils,1,26,23,5.307692307692308,2.2,6.564923076923077
392215,A Nehra,Delhi Daredevils,2,28,27,5.785714285714286,2.0,6.152835164835165
392219,A Nehra,Delhi Daredevils,2,26,29,6.6923076923076925,2.2,6.387296703296704
392223,A Nehra,Delhi Daredevils,2,25,47,11.28,2.0,7.059296703296704
392226,A Nehra,Delhi Daredevils,1,24,6,1.5,1.6,6.113142857142857
392230,A Nehra,Delhi Daredevils,1,19,8,2.5263157894736845,1.6,5.556867553499132
392232,A Nehra,Delhi Daredevils,1,25,22,5.279999999999999,1.4,5.455724696356276
392237,A Nehra,Delhi Daredevils,1,26,38,8.76923076923077,1.2,5.871109311740891
419149,A Nehra,Delhi Daredevils,0,12,9,4.5,0.8,4.515109311740891
419152,A Nehra,Delhi Daredevils,1,25,34,8.16,0.8,5.8471093117408905
419155,A Nehra,Delhi Daredevils,3,24,26,6.5,1.2,6.641846153846155
419160,A Nehra,Delhi Daredevils,2,24,33,8.25,1.4,7.235846153846154
548313,A Nehra,Pune Warriors,1,18,20,6.666666666666667,1.4,6.815333333333333
548319,A Nehra,Pune Warriors,0,18,22,7.333333333333333,1.4,7.382
548322,A Nehra,Pune Warriors,1,25,43,10.319999999999999,1.4,7.814
548327,A Nehra,Pune Warriors,1,25,54,12.959999999999999,1.0,9.106
548330,A Nehra,Pune Warriors,2,24,24,6.0,1.0,8.656
548333,A Nehra,Pune Warriors,0,24,27,6.75,0.8,8.672666666666666
548337,A Nehra,Pune Warriors,0,18,34,11.333333333333334,0.8,9.472666666666665
548341,A Nehra,Pune Warriors,0,24,32,8.0,0.6,9.008666666666667
548348,A Nehra,Pune Warriors,1,25,44,10.559999999999999,0.6,8.528666666666666
548351,A Nehra,Pune Warriors,3,24,20,5.0,0.8,8.328666666666667
548358,A Nehra,Pune Warriors,0,18,33,11.0,0.8,9.178666666666667
548365,A Nehra,Pune Warriors,3,24,23,5.75,1.4,8.062000000000001
548375,A Nehra,Pune Warriors,0,24,35,8.75,1.4,8.212
597998,A Nehra,Delhi Daredevils,1,18,20,6.666666666666667,1.4,7.433333333333333
598001,A Nehra,Delhi Daredevils,2,25,35,8.399999999999999,1.2,8.113333333333333
598006,A Nehra,Delhi Daredevils,3,24,49,12.25,1.8,8.363333333333333
598017,A Nehra,Delhi Daredevils,1,25,31,7.4399999999999995,1.4,8.701333333333332
598028,A Nehra,Delhi Daredevils,2,24,38,9.5,1.8,8.851333333333333
598035,A Nehra,Delhi Daredevils,0,25,29,6.959999999999999,1.6,8.91
598040,A Nehra,Delhi Daredevils,1,25,37,8.879999999999999,1.4,9.006
598044,A Nehra,Delhi Daredevils,1,13,14,6.461538461538462,1.0,7.848307692307692
598059,A Nehra,Delhi Daredevils,1,18,28,9.333333333333334,1.0,8.22697435897436
598062,A Nehra,Delhi Daredevils,1,24,38,9.5,0.8,8.22697435897436
729283,A Nehra,Chennai Super Kings,1,18,24,8.0,1.0,8.434974358974358
734035,A Nehra,Chennai Super Kings,3,25,34,8.16,1.4,8.29097435897436
734045,A Nehra,Chennai Super Kings,2,24,34,8.5,1.6,8.698666666666666
734047,A Nehra,Chennai Super Kings,2,26,51,11.76923076923077,1.8,9.185846153846153
829707,A Nehra,Chennai Super Kings,4,25,25,6.0,2.4,8.485846153846154
829711,A Nehra,Chennai Super Kings,0,26,31,7.153846153846154,2.2,8.316615384615385
829723,A Nehra,Chennai Super Kings,0,27,36,8.0,1.6,8.284615384615385
829729,A Nehra,Chennai Super Kings,3,25,23,5.52,1.8,7.688615384615384
829735,A Nehra,Chennai Super Kings,0,25,32,7.68,1.4,6.870769230769231
829745,A Nehra,Chennai Super Kings,4,24,11,2.75,1.4,6.22076923076923
829753,A Nehra,Chennai Super Kings,2,24,16,4.0,1.8,5.59
829765,A Nehra,Chennai Super Kings,2,24,39,9.75,2.2,5.9399999999999995
829773,A Nehra,Chennai Super Kings,1,24,32,8.0,1.8,6.436
829779,A Nehra,Chennai Super Kings,3,25,19,4.56,2.4,5.811999999999999
829789,A Nehra,Chennai Super Kings,0,18,45,15.0,1.6,8.262
829797,A Nehra,Chennai Super Kings,0,24,29,7.25,1.2,8.912
829809,A Nehra,Chennai Super Kings,1,18,17,5.666666666666667,1.0,8.095333333333333
829817,A Nehra,Chennai Super Kings,1,27,28,6.222222222222222,1.0,7.739777777777777
829821,A Nehra,Chennai Super Kings,3,25,28,6.72,1.0,8.171777777777777
829823,A Nehra,Chennai Super Kings,1,24,42,10.5,1.2,7.271777777777777
980907,A Nehra,Sunrisers Hyderabad,0,14,21,9.0,1.2,7.621777777777777
980943,A Nehra,Sunrisers Hyderabad,1,22,22,6.0,1.2,7.688444444444445
980953,A Nehra,Sunrisers Hyderabad,1,24,32,8.0,1.2,8.044
980967,A Nehra,Sunrisers Hyderabad,0,24,23,5.75,0.6,7.85
980973,A Nehra,Sunrisers Hyderabad,3,18,15,5.0,1.0,6.75
980979,A Nehra,Sunrisers Hyderabad,5,24,29,7.25,2.0,6.4
980983,A Nehra,Sunrisers Hyderabad,1,18,23,7.666666666666667,2.0,6.7333333333333325
980991,A Nehra,Sunrisers Hyderabad,0,17,35,12.352941176470587,1.8,7.603921568627451
1082591,A Nehra,Sunrisers Hyderabad,2,25,42,10.08,2.2,8.469921568627452
1082596,A Nehra,Sunrisers Hyderabad,2,24,28,7.0,2.0,8.86992156862745
1082600,A Nehra,Sunrisers Hyderabad,1,24,46,11.5,1.2,9.719921568627452
1082604,A Nehra,Sunrisers Hyderabad,1,27,35,7.777777777777778,1.2,9.742143790849674
1082623,A Nehra,Sunrisers Hyderabad,3,24,42,10.5,1.8,9.371555555555556
1082634,A Nehra,Sunrisers Hyderabad,1,8,5,3.75,1.6,8.105555555555554
1216509,A Nortje,Delhi Capitals,2,24,44,11.0,1.8,8.3
1216515,A Nortje,Delhi Capitals,3,24,38,9.5,2.4,8.35
1216519,A Nortje,Delhi Capitals,2,25,24,5.76,2.4,8.152
1216524,A Nortje,Delhi Capitals,1,27,38,8.444444444444445,2.4,8.64088888888889
1216529,A Nortje,Delhi Capitals,0,25,28,6.72,1.6,8.28488888888889
1216532,A Nortje,Delhi Capitals,0,24,41,10.25,1.2,8.13488888888889
1216535,A Nortje,Delhi Capitals,1,14,25,10.714285714285714,0.8,8.377746031746032
1216539,A Nortje,Delhi Capitals,2,27,21,4.666666666666667,0.8,8.159079365079366
1216543,A Nortje,Delhi Capitals,2,24,34,8.5,1.0,8.170190476190475
1237177,A Nortje,Delhi Capitals,1,24,51,12.75,1.2,9.376190476190477
1237180,A Nortje,Delhi Capitals,0,24,36,9.0,1.2,9.126190476190477
1237181,A Nortje,Delhi Capitals,2,16,25,9.375,1.4,8.858333333333334
1254092,A Nortje,Delhi Capitals,1,15,16,6.4,1.2,9.205
1254097,A Nortje,Delhi Capitals,2,24,18,4.5,1.2,8.405000000000001
1254101,A Nortje,Delhi Capitals,2,25,25,6.0,1.4,7.055
1254105,A Nortje,Delhi Capitals,2,24,17,4.25,1.8,6.1049999999999995
1254110,A Nortje,Delhi Capitals,1,26,41,9.461538461538462,1.6,6.122307692307692
1254112,A Nortje,Delhi Capitals,1,24,19,4.75,1.6,5.792307692307692
1254114,A Nortje,Delhi Capitals,1,24,31,7.75,1.4,6.442307692307692
1254116,A Nortje,Delhi Capitals,2,25,31,7.4399999999999995,1.4,6.730307692307692
1304061,A Nortje,Delhi Capitals,0,16,35,13.125,1.0,8.505307692307692
1304096,A Nortje,Delhi Capitals,1,27,36,8.0,1.0,8.213
1304101,A Nortje,Delhi Capitals,3,25,42,10.08,1.4,9.279
1304104,A Nortje,Delhi Capitals,2,25,39,9.36,1.6,9.600999999999999
1304110,A Nortje,Delhi Capitals,1,26,29,6.6923076923076925,1.4,9.451461538461539
1304115,A Nortje,Delhi Capitals,2,24,38,9.5,1.8,8.726461538461539
1359481,A Nortje,Delhi Capitals,2,26,40,9.230769230769232,2.0,8.972615384615384
1359485,A Nortje,Delhi Capitals,0,24,44,11.0,1.4,9.156615384615383
1359490,A Nortje,Delhi Capitals,0,24,35,8.75,1.0,9.034615384615384
1359494,A Nortje,Delhi Capitals,0,27,34,7.555555555555555,0.8,9.207264957264957
1359502,A Nortje,Delhi Capitals,2,26,21,4.846153846153847,0.8,8.276495726495726
1359508,A Nortje,Delhi Capitals,2,24,33,8.25,0.8,8.08034188034188
1359514,A Nortje,Delhi Capitals,0,26,44,10.153846153846155,0.8,7.911111111111111
1359518,A Nortje,Delhi Capitals,1,26,39,9.0,1.0,7.961111111111111
1359538,A Nortje,Delhi Capitals,3,24,37,9.25,1.6,8.3
1359541,A Nortje,Delhi Capitals,1,24,43,10.75,1.4,9.48076923076923
1422127,A Nortje,Delhi Capitals,1,24,50,12.5,1.2,10.330769230769231
1422131,A Nortje,Delhi Capitals,0,25,45,10.799999999999999,1.2,10.459999999999999
1422134,A Nortje,Delhi Capitals,3,26,59,13.615384615384617,1.6,11.383076923076924
1422138,A Nortje,Delhi Capitals,2,28,65,13.928571428571427,1.4,12.318791208791207
1426273,A Nortje,Delhi Capitals,0,19,31,9.789473684210527,1.2,12.126685945633316
1426278,A Nortje,Delhi Capitals,1,18,48,16.0,1.2,12.826685945633315
392233,A Singh,Rajasthan Royals,1,21,20,5.714285714285714,1.8,5.86978021978022
501199,A Singh,Rajasthan Royals,3,24,35,8.75,1.8,6.969780219780221
501204,A Singh,Rajasthan Royals,1,25,19,4.56,1.2,7.0048571428571424
501209,A Singh,Rajasthan Royals,1,16,26,9.75,1.2,7.2881904761904766
501214,A Singh,Rajasthan Royals,0,6,7,7.0,1.2,7.154857142857142
501225,A Singh,Rajasthan Royals,1,25,30,7.199999999999999,1.2,7.452
501231,A Singh,Rajasthan Royals,2,25,14,3.36,1.0,6.374
501235,A Singh,Rajasthan Royals,0,18,29,9.666666666666666,0.8,7.395333333333333
501249,A Singh,Rajasthan Royals,1,24,42,10.5,0.8,7.545333333333334
501263,A Singh,Rajasthan Royals,1,12,20,10.0,1.0,8.145333333333333
548309,A Singh,Rajasthan Royals,2,25,26,6.239999999999999,1.2,7.953333333333333
548312,A Singh,Rajasthan Royals,2,24,30,7.5,1.2,8.781333333333333
548317,A Singh,Rajasthan Royals,2,24,29,7.25,1.6,8.297999999999998
548320,A Singh,Rajasthan Royals,2,24,31,7.75,1.8,7.747999999999999
548324,A Singh,Rajasthan Royals,2,23,43,11.217391304347826,2.0,7.991478260869565
548326,A Singh,Rajasthan Royals,0,28,55,11.785714285714285,1.6,9.100621118012423
548332,A Singh,Rajasthan Royals,0,25,45,10.799999999999999,1.2,9.760621118012422
548345,A Singh,Rajasthan Royals,2,25,42,10.08,1.2,10.326621118012422
548349,A Singh,Rajasthan Royals,0,6,16,16.0,0.8,11.976621118012423
392220,A Symonds,Deccan Chargers,0,24,31,7.75,0.0,13.716218487394958
392223,A Symonds,Deccan Chargers,1,19,19,6.0,0.2,12.996218487394959
392228,A Symonds,Deccan Chargers,2,24,29,7.25,0.6,10.946218487394958
392229,A Symonds,Deccan Chargers,2,13,10,4.615384615384616,1.0,8.551648351648351
392236,A Symonds,Deccan Chargers,1,24,15,3.75,1.2,5.8730769230769235
392237,A Symonds,Deccan Chargers,1,18,20,6.666666666666667,1.4,5.656410256410257
392239,A Symonds,Deccan Chargers,2,18,18,6.0,1.6,5.656410256410257
419106,A Symonds,Deccan Chargers,0,26,28,6.461538461538462,1.2,5.498717948717949
419110,A Symonds,Deccan Chargers,2,18,29,9.666666666666666,1.2,6.508974358974359
419117,A Symonds,Deccan Chargers,1,24,23,5.75,1.2,6.908974358974359
419120,A Symonds,Deccan Chargers,3,25,22,5.279999999999999,1.6,6.631641025641025
419126,A Symonds,Deccan Chargers,1,12,9,4.5,1.4,6.331641025641026
419130,A Symonds,Deccan Chargers,0,25,41,9.84,1.4,7.0073333333333325
419135,A Symonds,Deccan Chargers,2,24,27,6.75,1.4,6.424000000000001
419138,A Symonds,Deccan Chargers,0,25,32,7.68,1.2,6.81
419141,A Symonds,Deccan Chargers,0,12,18,9.0,0.6,7.553999999999999
419145,A Symonds,Deccan Chargers,1,19,34,10.736842105263158,0.6,8.801368421052633
419147,A Symonds,Deccan Chargers,1,24,24,6.0,0.8,8.033368421052632
419151,A Symonds,Deccan Chargers,1,24,33,8.25,0.6,8.333368421052631
419156,A Symonds,Deccan Chargers,0,12,16,8.0,0.6,8.397368421052633
419160,A Symonds,Deccan Chargers,0,12,8,4.0,0.6,7.397368421052633
419163,A Symonds,Deccan Chargers,1,25,23,5.52,0.6,6.354
419164,A Symonds,Deccan Chargers,0,18,18,6.0,0.4,6.354
501237,A Symonds,Mumbai Indians,1,6,11,11.0,0.4,6.903999999999999
501241,A Symonds,Mumbai Indians,0,6,7,7.0,0.4,6.703999999999999
501246,A Symonds,Mumbai Indians,0,12,23,11.5,0.4,8.203999999999999
981005,A Zampa,Rising Pune Supergiants,1,24,32,8.0,2.4,6.942857142857143
1082592,A Zampa,Rising Pune Supergiant,1,19,27,8.526315789473685,2.2,6.84812030075188
1082599,A Zampa,Rising Pune Supergiant,1,24,45,11.25,1.2,8.14812030075188
1082642,A Zampa,Rising Pune Supergiant,1,25,29,6.959999999999999,1.4,7.997263157894736
1082645,A Zampa,Rising Pune Supergiant,2,23,22,5.739130434782608,1.2,8.095089244851257
1082647,A Zampa,Rising Pune Supergiant,0,6,9,9.0,1.0,8.295089244851258
1082650,A Zampa,Rising Pune Supergiant,2,25,32,7.68,1.2,8.125826086956522
1216514,A Zampa,Royal Challengers Bangalore,0,18,27,9.0,1.0,7.675826086956522
1216547,A Zampa,Royal Challengers Bangalore,1,24,53,13.25,1.0,8.933826086956522
1237178,A Zampa,Royal Challengers Bangalore,1,25,12,2.88,0.8,8.362
1359491,A Zampa,Rajasthan Royals,1,25,43,10.319999999999999,1.0,8.626
1359497,A Zampa,Rajasthan Royals,2,24,32,8.0,1.0,8.690000000000001
1359511,A Zampa,Rajasthan Royals,3,18,23,7.666666666666667,1.6,8.423333333333334
1359522,A Zampa,Rajasthan Royals,0,18,40,13.333333333333334,1.4,8.440000000000001
1359534,A Zampa,Rajasthan Royals,2,24,25,6.25,1.6,9.113999999999999
1359540,A Zampa,Rajasthan Royals,1,24,26,6.5,1.6,8.35
548317,AA Chavan,Rajasthan Royals,1,24,44,11.0,1.0,8.868666666666666
548320,AA Chavan,Rajasthan Royals,0,22,32,8.727272727272728,1.0,7.814121212121212
548345,AA Chavan,Rajasthan Royals,1,25,31,7.4399999999999995,1.2,8.452121212121213
548349,AA Chavan,Rajasthan Royals,1,24,31,7.75,1.0,8.135454545454545
548354,AA Chavan,Rajasthan Royals,0,18,33,11.0,0.6,9.183454545454547
548358,AA Chavan,Rajasthan Royals,0,13,22,10.153846153846155,0.4,9.014223776223776
598019,AA Chavan,Rajasthan Royals,0,19,10,3.1578947368421053,0.4,7.900348178137652
598043,AA Chavan,Rajasthan Royals,1,19,28,8.842105263157896,0.4,8.180769230769231
598063,AA Chavan,Rajasthan Royals,0,18,25,8.333333333333334,0.2,8.2974358974359
419150,AA Jhunjhunwala,Rajasthan Royals,0,6,6,6.0,0.0,10.5
501213,AA Jhunjhunwala,Pune Warriors,0,7,11,9.428571428571429,0.0,9.685714285714287
501248,AA Jhunjhunwala,Pune Warriors,0,6,11,11.0,0.0,9.485714285714286
548352,AA Jhunjhunwala,Deccan Chargers,1,18,14,4.666666666666667,0.2,8.019047619047619
548359,AA Jhunjhunwala,Deccan Chargers,0,12,12,6.0,0.2,7.419047619047619
548366,AA Jhunjhunwala,Deccan Chargers,0,6,13,13.0,0.2,8.81904761904762
336000,AB Agarkar,Kolkata Knight Riders,1,24,46,11.5,1.6,7.59047619047619
336003,AB Agarkar,Kolkata Knight Riders,0,19,26,8.210526315789474,1.0,8.161152882205515
336021,AB Agarkar,Kolkata Knight Riders,0,8,5,3.75,0.6,7.011152882205513
336025,AB Agarkar,Kolkata Knight Riders,0,13,15,6.923076923076923,0.4,7.062434933487564
336027,AB Agarkar,Kolkata Knight Riders,0,18,32,10.666666666666666,0.2,8.210053981106613
392184,AB Agarkar,Kolkata Knight Riders,0,7,17,14.571428571428571,0.0,8.824339695392327
392190,AB Agarkar,Kolkata Knight Riders,0,7,14,12.0,0.0,9.582234432234433
392199,AB Agarkar,Kolkata Knight Riders,0,16,23,8.625,0.0,10.557234432234432
392203,AB Agarkar,Kolkata Knight Riders,1,7,12,10.285714285714285,0.2,11.229761904761904
392207,AB Agarkar,Kolkata Knight Riders,1,24,30,7.5,0.4,10.596428571428572
392211,AB Agarkar,Kolkata Knight Riders,1,18,25,8.333333333333334,0.6,9.348809523809525
392219,AB Agarkar,Kolkata Knight Riders,0,19,23,7.2631578947368425,0.6,8.401441102756893
392221,AB Agarkar,Kolkata Knight Riders,1,24,45,11.25,0.8,8.926441102756893
392228,AB Agarkar,Kolkata Knight Riders,1,24,41,10.25,0.8,8.919298245614035
392231,AB Agarkar,Kolkata Knight Riders,0,29,47,9.724137931034484,0.6,9.364125831820932
392233,AB Agarkar,Kolkata Knight Riders,3,24,16,4.0,1.0,8.497459165154265
419127,AB Agarkar,Kolkata Knight Riders,2,24,33,8.25,1.4,8.694827586206896
419131,AB Agarkar,Kolkata Knight Riders,0,13,26,12.0,1.2,8.844827586206897
419135,AB Agarkar,Kolkata Knight Riders,1,25,31,7.4399999999999995,1.2,8.282827586206896
419139,AB Agarkar,Kolkata Knight Riders,0,18,36,12.0,1.2,8.738
419144,AB Agarkar,Kolkata Knight Riders,1,25,37,8.879999999999999,0.8,9.714
419148,AB Agarkar,Kolkata Knight Riders,0,18,30,10.0,0.4,10.064
419153,AB Agarkar,Kolkata Knight Riders,0,13,14,6.461538461538462,0.4,8.956307692307693
501223,AB Agarkar,Delhi Daredevils,2,25,48,11.52,0.6,9.772307692307692
501230,AB Agarkar,Delhi Daredevils,2,25,34,8.16,1.0,9.004307692307693
501233,AB Agarkar,Delhi Daredevils,2,24,24,6.0,1.2,8.428307692307692
501238,AB Agarkar,Delhi Daredevils,0,18,18,6.0,1.2,7.628307692307692
501243,AB Agarkar,Delhi Daredevils,2,24,30,7.5,1.6,7.836
501246,AB Agarkar,Delhi Daredevils,0,24,32,8.0,1.2,7.132
501253,AB Agarkar,Delhi Daredevils,1,24,50,12.5,1.0,8.0
548321,AB Agarkar,Delhi Daredevils,0,19,42,13.263157894736842,0.6,9.452631578947368
548325,AB Agarkar,Delhi Daredevils,3,21,27,7.714285714285714,1.2,9.795488721804512
548342,AB Agarkar,Delhi Daredevils,1,25,32,7.68,1.0,9.831488721804511
548345,AB Agarkar,Delhi Daredevils,0,25,33,7.919999999999999,1.0,9.81548872180451
598020,AB Agarkar,Delhi Daredevils,0,26,30,6.923076923076923,0.8,8.700104106419897
598024,AB Agarkar,Delhi Daredevils,0,19,37,11.68421052631579,0.8,8.384314632735684
598049,AB Agarkar,Delhi Daredevils,0,12,22,11.0,0.2,9.041457489878542
598059,AB Agarkar,Delhi Daredevils,0,6,4,4.0,0.0,8.305457489878542
336000,AB Dinda,Kolkata Knight Riders,0,26,30,6.923076923076923,0.8,5.361457489878542
336003,AB Dinda,Kolkata Knight Riders,1,19,25,7.894736842105264,0.6,6.400404858299595
336010,AB Dinda,Kolkata Knight Riders,0,19,20,6.315789473684211,0.4,6.5267206477732795
336014,AB Dinda,Kolkata Knight Riders,3,25,33,7.919999999999999,1.0,6.61072064777328
336017,AB Dinda,Kolkata Knight Riders,2,25,30,7.199999999999999,1.2,7.25072064777328
336025,AB Dinda,Kolkata Knight Riders,0,12,10,5.0,1.2,6.866105263157894
336027,AB Dinda,Kolkata Knight Riders,0,24,32,8.0,1.0,6.887157894736842
336035,AB Dinda,Kolkata Knight Riders,1,12,18,9.0,1.2,7.4239999999999995
392184,AB Dinda,Kolkata Knight Riders,2,18,24,8.0,1.0,7.44
392186,AB Dinda,Kolkata Knight Riders,1,25,35,8.399999999999999,0.8,7.68
392197,AB Dinda,Kolkata Knight Riders,0,13,24,11.076923076923078,0.8,8.895384615384616
392203,AB Dinda,Kolkata Knight Riders,1,19,28,8.842105263157896,1.0,9.063805668016196
392207,AB Dinda,Kolkata Knight Riders,0,14,26,11.142857142857142,0.8,9.492377096587623
392211,AB Dinda,Kolkata Knight Riders,0,12,17,8.5,0.4,9.592377096587622
392231,AB Dinda,Kolkata Knight Riders,1,24,29,7.25,0.4,9.362377096587624
392233,AB Dinda,Kolkata Knight Riders,1,25,12,2.88,0.6,7.722992481203008
419118,AB Dinda,Kolkata Knight Riders,2,24,28,7.0,0.8,7.354571428571428
419127,AB Dinda,Kolkata Knight Riders,0,14,19,8.142857142857142,0.8,6.7545714285714284
419144,AB Dinda,Kolkata Knight Riders,3,25,22,5.279999999999999,1.4,6.110571428571428
419148,AB Dinda,Kolkata Knight Riders,2,19,15,4.736842105263158,1.6,5.60793984962406
419153,AB Dinda,Kolkata Knight Riders,0,13,25,11.53846153846154,1.4,7.339632157316368
419158,AB Dinda,Kolkata Knight Riders,3,24,24,6.0,1.6,7.139632157316368
419161,AB Dinda,Kolkata Knight Riders,2,25,22,5.279999999999999,2.0,6.56706072874494
501201,AB Dinda,Delhi Daredevils,0,12,8,4.0,1.4,6.311060728744939
501204,AB Dinda,Delhi Daredevils,1,23,38,9.91304347826087,1.2,7.3463010033444816
501213,AB Dinda,Delhi Daredevils,2,25,43,10.319999999999999,1.6,7.102608695652174
501216,AB Dinda,Delhi Daredevils,1,24,33,8.25,1.2,7.552608695652173
501227,AB Dinda,Delhi Daredevils,1,23,37,9.652173913043478,1.0,8.427043478260869
548308,AB Dinda,Pune Warriors,4,26,18,4.153846153846154,1.8,8.4578127090301
548313,AB Dinda,Pune Warriors,2,19,14,4.421052631578948,2.0,7.3594145396937165
548319,AB Dinda,Pune Warriors,1,18,18,6.0,1.8,6.495414539693715
548322,AB Dinda,Pune Warriors,1,26,31,7.153846153846154,1.8,6.276183770462946
548327,AB Dinda,Pune Warriors,1,27,28,6.222222222222222,1.8,5.590193432298696
548351,AB Dinda,Pune Warriors,1,25,34,8.16,1.2,6.391424201529465
548353,AB Dinda,Pune Warriors,0,13,28,12.923076923076923,0.8,8.09182905982906
598000,AB Dinda,Pune Warriors,2,25,29,6.959999999999999,1.0,8.28382905982906
598003,AB Dinda,Pune Warriors,0,13,28,12.923076923076923,0.8,9.437675213675215
598009,AB Dinda,Pune Warriors,0,18,21,7.0,0.6,9.593230769230768
598011,AB Dinda,Pune Warriors,0,26,63,14.53846153846154,0.4,10.868923076923076
598015,AB Dinda,Pune Warriors,2,24,34,8.5,0.8,9.984307692307691
598018,AB Dinda,Pune Warriors,2,26,25,5.76923076923077,0.8,9.746153846153847
598025,AB Dinda,Pune Warriors,0,25,38,9.12,0.8,8.98553846153846
598027,AB Dinda,Pune Warriors,3,26,48,11.076923076923078,1.4,9.800923076923079
598035,AB Dinda,Pune Warriors,3,24,31,7.75,2.0,8.44323076923077
598038,AB Dinda,Pune Warriors,0,24,41,10.25,1.6,8.79323076923077
598042,AB Dinda,Pune Warriors,2,24,52,13.0,1.6,10.239384615384616
598055,AB Dinda,Pune Warriors,2,24,35,8.75,2.0,10.165384615384616
598067,AB Dinda,Pune Warriors,2,25,21,5.04,1.8,8.958
729281,AB Dinda,Royal Challengers Bangalore,0,25,51,12.239999999999998,1.2,9.856
729287,AB Dinda,Royal Challengers Bangalore,1,24,14,3.5,1.4,8.506
729299,AB Dinda,Royal Challengers Bangalore,0,25,27,6.4799999999999995,1.0,7.202
729305,AB Dinda,Royal Challengers Bangalore,0,12,8,4.0,0.6,6.252
729313,AB Dinda,Royal Challengers Bangalore,1,18,19,6.333333333333333,0.4,6.5106666666666655
733977,AB Dinda,Royal Challengers Bangalore,1,24,39,9.75,0.6,6.012666666666666
733983,AB Dinda,Royal Challengers Bangalore,1,20,38,11.4,0.6,7.592666666666666
733999,AB Dinda,Royal Challengers Bangalore,0,20,37,11.1,0.6,8.516666666666666
734027,AB Dinda,Royal Challengers Bangalore,1,27,38,8.444444444444445,0.8,9.405555555555555
829807,AB Dinda,Royal Challengers Bangalore,0,14,24,10.285714285714285,0.6,10.196031746031746
829813,AB Dinda,Royal Challengers Bangalore,0,19,39,12.31578947368421,0.4,10.709189640768589
980943,AB Dinda,Rising Pune Supergiants,4,26,27,6.230769230769231,1.0,9.675343486922433
980949,AB Dinda,Rising Pune Supergiants,3,27,40,8.88888888888889,1.6,9.23312126470021
980957,AB Dinda,Rising Pune Supergiants,1,19,34,10.736842105263158,1.6,9.691600796863955
980965,AB Dinda,Rising Pune Supergiants,1,26,34,7.846153846153847,1.8,9.203688708951868
980969,AB Dinda,Rising Pune Supergiants,0,21,26,7.428571428571429,1.8,8.226245099929312
980979,AB Dinda,Rising Pune Supergiants,0,25,26,6.239999999999999,1.0,8.228091253775464
980989,AB Dinda,Rising Pune Supergiants,0,6,13,13.0,0.4,9.050313475997687
980997,AB Dinda,Rising Pune Supergiants,3,24,20,5.0,0.8,7.9029450549450555
981005,AB Dinda,Rising Pune Supergiants,1,18,16,5.333333333333333,0.8,7.400380952380952
1082592,AB Dinda,Rising Pune Supergiant,1,27,58,12.88888888888889,1.0,8.492444444444445
1082594,AB Dinda,Rising Pune Supergiant,1,18,26,8.666666666666666,1.2,8.977777777777778
1082599,AB Dinda,Rising Pune Supergiant,0,20,37,11.1,1.2,8.597777777777777
419152,AB McDonald,Delhi Daredevils,1,24,42,10.5,1.6,9.142666666666667
501253,AB McDonald,Delhi Daredevils,0,12,23,11.5,1.6,9.975999999999999
548310,AB McDonald,Royal Challengers Bangalore,1,12,11,5.5,1.0,8.975999999999999
548331,AB McDonald,Royal Challengers Bangalore,2,25,27,6.4799999999999995,0.8,8.495999999999999
548350,AB McDonald,Royal Challengers Bangalore,2,24,25,6.25,1.2,8.046
598017,AB McDonald,Royal Challengers Bangalore,1,12,17,8.5,1.2,7.646000000000001
501226,AC Thomas,Pune Warriors,2,25,29,6.959999999999999,1.2,7.804666666666667
501228,AC Thomas,Pune Warriors,0,23,24,6.260869565217391,0.8,7.760840579710146
501232,AC Thomas,Pune Warriors,2,24,23,5.75,1.0,6.844173913043479
501235,AC Thomas,Pune Warriors,1,25,28,6.72,1.2,5.988173913043478
501241,AC Thomas,Pune Warriors,1,27,53,11.777777777777779,1.2,7.493729468599033
501262,AC Thomas,Pune Warriors,1,19,29,9.157894736842106,1.0,7.9333084159674545
501265,AC Thomas,Pune Warriors,0,18,17,5.666666666666667,1.0,7.81446783625731
548333,AC Thomas,Pune Warriors,3,24,22,5.5,1.2,7.76446783625731
548337,AC Thomas,Pune Warriors,1,13,15,6.923076923076923,1.2,7.805083220872694
548341,AC Thomas,Pune Warriors,0,24,33,8.25,1.0,7.09952766531714
548362,AC Thomas,Pune Warriors,1,26,46,10.615384615384617,1.0,7.3910256410256405
419134,AC Voges,Rajasthan Royals,0,7,9,7.7142857142857135,0.2,6.242857142857143
419154,AC Voges,Rajasthan Royals,0,6,17,17.0,0.2,8.642857142857142
419158,AC Voges,Rajasthan Royals,0,7,16,13.714285714285714,0.2,10.185714285714287
392198,AD Mascarenhas,Rajasthan Royals,2,24,28,7.0,1.6,6.837999999999999
392202,AD Mascarenhas,Rajasthan Royals,0,20,26,7.8,1.2,6.910000000000001
419107,AD Mascarenhas,Rajasthan Royals,2,24,34,8.5,1.0,7.609999999999999
419111,AD Mascarenhas,Rajasthan Royals,2,24,32,8.0,1.2,7.709999999999999
548313,AD Mascarenhas,Kings XI Punjab,1,24,23,5.75,1.4,7.409999999999999
548319,AD Mascarenhas,Kings XI Punjab,5,25,29,6.959999999999999,2.0,7.401999999999999
548323,AD Mascarenhas,Kings XI Punjab,1,24,34,8.5,2.2,7.542
548328,AD Mascarenhas,Kings XI Punjab,0,24,24,6.0,1.8,7.042
598021,AD Mascarenhas,Kings XI Punjab,0,24,25,6.25,1.4,6.692
419118,AD Mathews,Kolkata Knight Riders,0,18,33,11.0,1.0,8.939487179487179
419122,AD Mathews,Kolkata Knight Riders,0,22,29,7.909090909090909,1.0,7.961305361305361
419127,AD Mathews,Kolkata Knight Riders,1,24,26,6.5,1.0,8.015151515151514
419131,AD Mathews,Kolkata Knight Riders,0,12,11,5.5,0.2,8.115151515151513
419135,AD Mathews,Kolkata Knight Riders,1,25,25,6.0,0.4,7.381818181818181
419139,AD Mathews,Kolkata Knight Riders,0,18,32,10.666666666666666,0.4,7.315151515151515
419144,AD Mathews,Kolkata Knight Riders,0,18,44,14.666666666666666,0.4,8.666666666666666
419148,AD Mathews,Kolkata Knight Riders,1,18,26,8.666666666666666,0.4,9.1
419153,AD Mathews,Kolkata Knight Riders,0,7,15,12.857142857142856,0.4,10.571428571428571
548319,AD Mathews,Pune Warriors,1,18,20,6.666666666666667,0.4,10.704761904761904
548322,AD Mathews,Pune Warriors,1,12,18,9.0,0.6,10.37142857142857
548327,AD Mathews,Pune Warriors,1,24,36,9.0,0.8,9.238095238095237
548330,AD Mathews,Pune Warriors,0,6,12,12.0,0.6,9.904761904761903
548333,AD Mathews,Pune Warriors,0,13,32,14.76923076923077,0.6,10.287179487179486
548353,AD Mathews,Pune Warriors,2,24,19,4.75,0.8,9.903846153846155
548358,AD Mathews,Pune Warriors,0,18,15,5.0,0.6,9.103846153846154
548362,AD Mathews,Pune Warriors,1,19,14,4.421052631578948,0.6,8.188056680161944
548365,AD Mathews,Pune Warriors,1,24,29,7.25,0.8,7.238056680161944
598000,AD Mathews,Pune Warriors,0,12,16,8.0,0.8,5.88421052631579
598003,AD Mathews,Pune Warriors,1,12,12,6.0,0.6,6.13421052631579
598009,AD Mathews,Pune Warriors,0,24,28,7.0,0.6,6.534210526315789
598011,AD Mathews,Pune Warriors,0,24,29,7.25,0.4,7.1
598018,AD Mathews,Pune Warriors,0,24,29,7.25,0.2,7.1
598042,AD Mathews,Pune Warriors,0,14,23,9.857142857142856,0.2,7.471428571428571
598047,AD Mathews,Pune Warriors,1,18,34,11.333333333333334,0.2,8.538095238095238
598053,AD Mathews,Pune Warriors,0,24,35,8.75,0.2,8.888095238095238
598061,AD Mathews,Pune Warriors,1,18,25,8.333333333333334,0.4,9.104761904761904
598067,AD Mathews,Pune Warriors,3,18,14,4.666666666666667,1.0,8.588095238095239
829715,AD Mathews,Delhi Daredevils,1,25,42,10.08,1.2,8.632666666666667
829725,AD Mathews,Delhi Daredevils,1,19,23,7.2631578947368425,1.2,7.818631578947368
829731,AD Mathews,Delhi Daredevils,1,24,38,9.5,1.4,7.9686315789473685
829739,AD Mathews,Delhi Daredevils,0,20,33,9.9,1.2,8.281964912280703
829747,AD Mathews,Delhi Daredevils,2,12,15,7.5,1.0,8.84863157894737
829757,AD Mathews,Delhi Daredevils,0,6,3,3.0,0.8,7.432631578947368
829761,AD Mathews,Delhi Daredevils,0,12,15,7.5,0.6,7.4799999999999995
829767,AD Mathews,Delhi Daredevils,0,19,19,6.0,0.4,6.779999999999999
829777,AD Mathews,Delhi Daredevils,1,24,28,7.0,0.6,6.2
829783,AD Mathews,Delhi Daredevils,1,24,33,8.25,0.4,6.35
1082608,AD Mathews,Delhi Daredevils,0,12,16,8.0,0.4,7.35
1082611,AD Mathews,Delhi Daredevils,0,19,41,12.947368421052632,0.4,8.439473684210526
597998,AD Russell,Delhi Daredevils,0,19,24,7.578947368421053,0.2,9.43178947368421
598001,AD Russell,Delhi Daredevils,0,19,31,9.789473684210527,0.2,9.439684210526316
598024,AD Russell,Delhi Daredevils,0,6,13,13.0,0.2,10.071684210526318
733971,AD Russell,Kolkata Knight Riders,1,12,27,13.5,0.2,10.323684210526316
733979,AD Russell,Kolkata Knight Riders,1,19,27,8.526315789473685,0.4,10.478947368421053
829705,AD Russell,Kolkata Knight Riders,0,18,21,7.0,0.4,10.363157894736842
829713,AD Russell,Kolkata Knight Riders,0,12,16,8.0,0.4,10.005263157894737
829723,AD Russell,Kolkata Knight Riders,2,24,22,5.5,0.8,8.505263157894737
829733,AD Russell,Kolkata Knight Riders,2,26,43,9.923076923076923,1.0,7.789878542510121
829739,AD Russell,Kolkata Knight Riders,0,18,21,7.0,0.8,7.484615384615384
829743,AD Russell,Kolkata Knight Riders,1,6,6,6.0,1.0,7.284615384615384
829761,AD Russell,Kolkata Knight Riders,1,25,24,5.76,1.2,6.836615384615385
829765,AD Russell,Kolkata Knight Riders,2,28,27,5.785714285714286,1.2,6.893758241758242
829771,AD Russell,Kolkata Knight Riders,1,11,22,12.0,1.0,7.309142857142857
829781,AD Russell,Kolkata Knight Riders,1,12,10,5.0,1.2,6.909142857142856
829791,AD Russell,Kolkata Knight Riders,1,25,51,12.239999999999998,1.2,8.157142857142857
829805,AD Russell,Kolkata Knight Riders,0,25,37,8.879999999999999,1.0,8.781142857142857
829811,AD Russell,Kolkata Knight Riders,3,24,32,8.0,1.2,9.223999999999998
980903,AD Russell,Kolkata Knight Riders,3,20,24,7.199999999999999,1.6,8.264
980909,AD Russell,Kolkata Knight Riders,1,24,52,13.0,1.6,9.863999999999999
980915,AD Russell,Kolkata Knight Riders,2,24,21,5.25,1.8,8.466
980925,AD Russell,Kolkata Knight Riders,0,6,18,18.0,1.8,10.290000000000001
980939,AD Russell,Kolkata Knight Riders,0,12,16,8.0,1.2,10.290000000000001
980947,AD Russell,Kolkata Knight Riders,0,18,28,9.333333333333334,0.6,10.716666666666667
980951,AD Russell,Kolkata Knight Riders,4,24,27,6.75,1.2,9.466666666666667
980959,AD Russell,Kolkata Knight Riders,1,25,24,5.76,1.0,9.568666666666667
980963,AD Russell,Kolkata Knight Riders,6,25,25,6.0,2.2,7.168666666666667
980975,AD Russell,Kolkata Knight Riders,1,19,21,6.631578947368421,2.4,6.894982456140352
980989,AD Russell,Kolkata Knight Riders,1,12,12,6.0,2.6,6.228315789473684
980995,AD Russell,Kolkata Knight Riders,0,15,33,13.2,1.8,7.518315789473684
1136563,AD Russell,Kolkata Knight Riders,0,12,10,5.0,1.6,7.366315789473684
1136565,AD Russell,Kolkata Knight Riders,0,24,35,8.75,0.4,7.916315789473684
1136570,AD Russell,Kolkata Knight Riders,0,18,39,13.0,0.2,9.190000000000001
1136573,AD Russell,Kolkata Knight Riders,1,15,25,10.0,0.2,9.99
1136578,AD Russell,Kolkata Knight Riders,0,11,31,16.90909090909091,0.2,10.73181818181818
1136586,AD Russell,Kolkata Knight Riders,1,19,28,8.842105263157896,0.4,11.500239234449761
1136589,AD Russell,Kolkata Knight Riders,3,20,31,9.299999999999999,1.0,11.610239234449761
1136593,AD Russell,Kolkata Knight Riders,0,7,12,10.285714285714285,1.0,11.067382091592616
1136597,AD Russell,Kolkata Knight Riders,2,13,12,5.538461538461539,1.2,10.175074399284926
1136601,AD Russell,Kolkata Knight Riders,0,14,16,6.857142857142857,1.2,8.164684788895315
1136604,AD Russell,Kolkata Knight Riders,3,24,42,10.5,1.6,8.496263736263737
1136609,AD Russell,Kolkata Knight Riders,2,18,13,4.333333333333333,1.4,7.502930402930403
1136614,AD Russell,Kolkata Knight Riders,1,20,35,10.5,1.6,7.545787545787546
1136618,AD Russell,Kolkata Knight Riders,0,18,22,7.333333333333333,1.2,7.904761904761905
1136619,AD Russell,Kolkata Knight Riders,0,6,9,9.0,1.2,8.333333333333334
1175357,AD Russell,Kolkata Knight Riders,2,18,32,10.666666666666666,1.0,8.366666666666667
1175361,AD Russell,Kolkata Knight Riders,2,18,21,7.0,1.0,8.9
1175365,AD Russell,Kolkata Knight Riders,1,18,28,9.333333333333334,1.0,8.666666666666666
1175372,AD Russell,Kolkata Knight Riders,0,6,16,16.0,1.0,10.4
1178401,AD Russell,Kolkata Knight Riders,1,18,29,9.666666666666666,1.2,10.533333333333333
1178404,AD Russell,Kolkata Knight Riders,0,6,16,16.0,0.8,11.6
1178410,AD Russell,Kolkata Knight Riders,1,18,17,5.666666666666667,0.6,11.333333333333332
1178413,AD Russell,Kolkata Knight Riders,0,6,8,8.0,0.4,11.066666666666666
1178418,AD Russell,Kolkata Knight Riders,1,18,32,10.666666666666666,0.6,9.999999999999998
1178422,AD Russell,Kolkata Knight Riders,2,24,25,6.25,0.8,9.316666666666666
1178427,AD Russell,Kolkata Knight Riders,1,19,30,9.473684210526317,1.0,8.011403508771929
1178431,AD Russell,Kolkata Knight Riders,0,13,34,15.692307692307693,0.8,10.016531713900136
1216501,AD Russell,Kolkata Knight Riders,1,12,18,9.0,1.0,10.216531713900135
1216508,AD Russell,Kolkata Knight Riders,1,12,17,8.5,1.0,9.783198380566802
1216512,AD Russell,Kolkata Knight Riders,0,13,30,13.846153846153847,0.6,11.302429149797572
1216515,AD Russell,Kolkata Knight Riders,2,24,29,7.25,0.8,10.857692307692309
1216526,AD Russell,Kolkata Knight Riders,0,12,15,7.5,0.8,9.219230769230771
1216540,AD Russell,Kolkata Knight Riders,1,28,51,10.928571428571427,0.8,9.604945054945055
1216545,AD Russell,Kolkata Knight Riders,2,13,18,8.307692307692308,1.0,9.566483516483515
1254060,AD Russell,Kolkata Knight Riders,1,19,32,10.105263157894738,1.2,8.818305378831695
1254062,AD Russell,Kolkata Knight Riders,5,13,15,6.923076923076923,1.8,8.75292076344708
1254067,AD Russell,Kolkata Knight Riders,0,14,38,16.285714285714285,1.8,10.510063620589937
1254072,AD Russell,Kolkata Knight Riders,1,14,27,11.571428571428571,1.8,10.638635049161365
1254078,AD Russell,Kolkata Knight Riders,0,6,2,2.0,1.4,9.377096587622905
1254087,AD Russell,Kolkata Knight Riders,3,18,10,3.3333333333333335,1.8,8.022710622710623
1254096,AD Russell,Kolkata Knight Riders,0,19,37,11.68421052631579,0.8,8.974937343358397
1254098,AD Russell,Kolkata Knight Riders,1,19,28,8.842105263157896,1.0,7.486215538847118
1304047,AD Russell,Kolkata Knight Riders,1,24,38,9.5,1.0,7.071929824561404
1304052,AD Russell,Kolkata Knight Riders,0,16,36,13.5,1.0,9.371929824561404
1304054,AD Russell,Kolkata Knight Riders,2,2,0,0.0,0.8,8.705263157894738
1304060,AD Russell,Kolkata Knight Riders,0,6,9,9.0,0.8,8.16842105263158
1304065,AD Russell,Kolkata Knight Riders,1,12,16,8.0,0.8,8.0
1304071,AD Russell,Kolkata Knight Riders,2,13,24,11.076923076923078,1.0,8.315384615384616
1304076,AD Russell,Kolkata Knight Riders,1,13,29,13.384615384615385,1.2,8.292307692307693
1304081,AD Russell,Kolkata Knight Riders,4,6,5,5.0,1.6,9.292307692307693
1304087,AD Russell,Kolkata Knight Riders,1,6,14,14.0,1.8,10.292307692307693
1304099,AD Russell,Kolkata Knight Riders,2,19,22,6.947368421052632,2.0,10.081781376518219
1304102,AD Russell,Kolkata Knight Riders,4,15,22,8.8,2.4,9.626396761133602
1304107,AD Russell,Kolkata Knight Riders,3,26,22,5.0769230769230775,2.8,7.964858299595141
1304112,AD Russell,Kolkata Knight Riders,0,18,45,15.0,2.0,9.964858299595141
1359493,AD Russell,Kolkata Knight Riders,3,15,22,8.8,2.4,8.92485829959514
1359496,AD Russell,Kolkata Knight Riders,0,6,17,17.0,2.0,10.935384615384615
1359502,AD Russell,Kolkata Knight Riders,0,7,12,10.285714285714285,1.2,11.232527472527474
1359507,AD Russell,Kolkata Knight Riders,0,8,17,12.75,0.6,12.767142857142858
1359510,AD Russell,Kolkata Knight Riders,2,24,29,7.25,1.0,11.217142857142857
1359513,AD Russell,Kolkata Knight Riders,1,19,29,9.157894736842106,0.6,11.28872180451128
1359521,AD Russell,Kolkata Knight Riders,1,7,15,12.857142857142856,0.8,10.460150375939849
1359527,AD Russell,Kolkata Knight Riders,0,7,19,16.285714285714285,0.8,11.660150375939848
1359542,AD Russell,Kolkata Knight Riders,0,6,13,13.0,0.8,11.71015037593985
1422121,AD Russell,Kolkata Knight Riders,2,12,26,13.0,0.8,12.860150375939849
1422128,AD Russell,Kolkata Knight Riders,2,25,30,7.199999999999999,1.0,12.468571428571428
1422134,AD Russell,Kolkata Knight Riders,1,8,14,10.5,1.0,11.997142857142856
1426260,AD Russell,Kolkata Knight Riders,0,7,8,6.857142857142857,1.0,10.111428571428572
1426266,AD Russell,Kolkata Knight Riders,1,6,16,16.0,1.2,10.711428571428572
1426269,AD Russell,Kolkata Knight Riders,0,6,17,17.0,0.8,11.51142857142857
1426274,AD Russell,Kolkata Knight Riders,3,19,27,8.526315789473685,1.0,11.776691729323309
1426280,AD Russell,Kolkata Knight Riders,0,14,36,15.428571428571427,0.8,12.762406015037595
1426285,AD Russell,Kolkata Knight Riders,0,6,10,10.0,0.8,13.390977443609023
1426289,AD Russell,Kolkata Knight Riders,2,25,33,7.919999999999999,1.0,11.774977443609021
1426292,AD Russell,Kolkata Knight Riders,2,15,18,7.2,1.4,9.814977443609022
1426298,AD Russell,Kolkata Knight Riders,2,20,35,10.5,1.2,10.209714285714286
1426309,AD Russell,Kolkata Knight Riders,1,9,15,10.0,1.4,9.124
1426312,AD Russell,Kolkata Knight Riders,3,16,19,7.125,2.0,8.549000000000001
1082628,AF Milne,Royal Challengers Bangalore,0,13,29,13.384615384615385,1.0,10.004307692307693
1254066,AF Milne,Mumbai Indians,0,19,35,11.052631578947368,0.8,10.102834008097167
1254096,AF Milne,Mumbai Indians,0,19,29,9.157894736842106,0.2,10.334412955465588
1254104,AF Milne,Mumbai Indians,3,24,22,5.5,0.6,9.434412955465586
1254108,AF Milne,Mumbai Indians,1,25,49,11.76,0.8,10.171028340080971
1304047,AF Milne,Chennai Super Kings,0,15,19,7.6,0.8,9.014105263157894
501205,AG Murtaza,Mumbai Indians,0,24,31,7.75,1.4,7.153999999999999
501210,AG Murtaza,Mumbai Indians,0,25,37,8.879999999999999,1.2,6.63
501218,AG Murtaza,Mumbai Indians,2,24,18,4.5,1.0,6.529999999999999
501231,AG Murtaza,Mumbai Indians,0,24,15,3.75,1.0,5.984
548375,AG Murtaza,Pune Warriors,0,12,11,5.5,0.4,6.076
598027,AG Murtaza,Pune Warriors,0,13,46,21.230769230769234,0.4,8.772153846153847
598061,AG Murtaza,Pune Warriors,0,24,34,8.5,0.4,8.696153846153848
598067,AG Murtaza,Pune Warriors,3,25,16,3.84,0.6,8.564153846153847
598027,AJ Finch,Pune Warriors,0,6,29,29.0,0.2,10.757142857142856
1082621,AJ Tye,Gujarat Lions,3,24,13,3.25,2.4,6.744
1082625,AJ Tye,Gujarat Lions,0,6,9,9.0,1.4,7.68
1136562,AJ Tye,Kings XI Punjab,1,26,39,9.0,1.2,7.8
1136568,AJ Tye,Kings XI Punjab,2,25,28,6.72,1.6,7.394
1136572,AJ Tye,Kings XI Punjab,2,25,47,11.28,1.6,7.85
1136576,AJ Tye,Kings XI Punjab,2,24,24,6.0,1.4,8.4
1136578,AJ Tye,Kings XI Punjab,2,26,30,6.923076923076923,1.8,7.984615384615384
1136582,AJ Tye,Kings XI Punjab,2,26,27,6.230769230769231,2.0,7.430769230769231
1136585,AJ Tye,Kings XI Punjab,0,24,28,7.0,1.6,7.486769230769231
1136594,AJ Tye,Kings XI Punjab,1,25,39,9.36,1.4,7.102769230769231
1136598,AJ Tye,Kings XI Punjab,3,24,25,6.25,1.6,7.1527692307692305
1136600,AJ Tye,Kings XI Punjab,5,24,34,8.5,2.2,7.468153846153845
1136604,AJ Tye,Kings XI Punjab,4,26,41,9.461538461538462,2.6,8.114307692307692
1136608,AJ Tye,Kings XI Punjab,0,24,34,8.5,2.6,8.414307692307691
1136610,AJ Tye,Kings XI Punjab,4,25,16,3.84,3.2,7.310307692307693
1136616,AJ Tye,Kings XI Punjab,0,29,47,9.724137931034484,2.6,8.00513527851459
1175361,AJ Tye,Kings XI Punjab,1,24,37,9.25,1.8,8.155135278514589
1175364,AJ Tye,Kings XI Punjab,1,26,40,9.230769230769232,1.2,8.108981432360745
1178393,AJ Tye,Kings XI Punjab,0,25,38,9.12,1.2,8.232981432360743
1178403,AJ Tye,Kings XI Punjab,0,24,40,10.0,0.4,9.464981432360743
1178427,AJ Tye,Kings XI Punjab,1,20,41,12.299999999999999,0.6,9.980153846153845
1178430,AJ Tye,Kings XI Punjab,0,18,37,12.333333333333334,0.4,10.596820512820512
1216500,AJ Tye,Rajasthan Royals,2,27,54,12.0,0.6,11.150666666666666
1304053,AJ Tye,Lucknow Super Giants,3,25,42,10.08,1.2,11.342666666666666
1304058,AJ Tye,Lucknow Super Giants,0,25,43,10.319999999999999,1.2,11.406666666666666
1304061,AJ Tye,Lucknow Super Giants,0,19,28,8.842105263157896,1.0,10.715087719298245
1304092,AK Markram,Sunrisers Hyderabad,0,18,36,12.0,0.2,7.936842105263158
1304096,AK Markram,Sunrisers Hyderabad,0,6,11,11.0,0.2,9.136842105263158
1359484,AK Markram,Sunrisers Hyderabad,0,12,14,7.0,0.2,9.4
1359503,AK Markram,Sunrisers Hyderabad,0,6,11,11.0,0.0,10.0
1359508,AK Markram,Sunrisers Hyderabad,0,6,7,7.0,0.0,9.6
1359521,AK Markram,Sunrisers Hyderabad,1,18,25,8.333333333333334,0.2,8.866666666666667
1359536,AK Markram,Sunrisers Hyderabad,0,6,13,13.0,0.2,9.266666666666667
1359543,AK Markram,Sunrisers Hyderabad,0,1,1,6.0,0.2,9.066666666666666
1426311,AK Markram,Sunrisers Hyderabad,0,7,10,8.571428571428571,0.2,8.58095238095238
1426312,AK Markram,Sunrisers Hyderabad,0,6,5,5.0,0.2,8.18095238095238
501235,AL Menaria,Rajasthan Royals,0,6,10,10.0,0.4,7.661538461538461
501240,AL Menaria,Rajasthan Royals,0,7,13,11.142857142857142,0.4,8.29010989010989
501249,AL Menaria,Rajasthan Royals,0,13,17,7.846153846153847,0.4,8.197802197802199
501252,AL Menaria,Rajasthan Royals,0,12,16,8.0,0.4,8.397802197802198
501263,AL Menaria,Rajasthan Royals,0,6,12,12.0,0.0,9.797802197802199
548320,AL Menaria,Rajasthan Royals,1,6,3,3.0,0.2,8.397802197802198
548332,AL Menaria,Rajasthan Royals,0,12,10,5.0,0.2,7.1692307692307695
548349,AL Menaria,Rajasthan Royals,0,2,10,30.0,0.2,11.6
336036,AM Nayar,Mumbai Indians,0,6,4,4.0,0.2,10.638095238095238
392197,AM Nayar,Mumbai Indians,3,18,13,4.333333333333333,0.8,9.504761904761905
392203,AM Nayar,Mumbai Indians,1,19,20,6.315789473684211,1.0,7.967919799498747
392208,AM Nayar,Mumbai Indians,0,28,26,5.571428571428571,1.0,5.310776942355889
392235,AM Nayar,Mumbai Indians,0,12,25,12.5,0.8,6.544110275689223
501202,AM Nayar,Kings XI Punjab,1,21,27,7.714285714285714,1.0,7.286967418546366
501206,AM Nayar,Kings XI Punjab,0,12,24,12.0,0.4,8.8203007518797
501212,AM Nayar,Kings XI Punjab,0,6,10,10.0,0.2,9.557142857142859
501220,AM Nayar,Kings XI Punjab,0,6,3,3.0,0.2,9.042857142857141
501223,AM Nayar,Kings XI Punjab,1,12,22,11.0,0.4,8.742857142857142
501244,AM Nayar,Kings XI Punjab,0,6,9,9.0,0.2,9.0
548350,AM Nayar,Kings XI Punjab,0,6,16,16.0,0.2,9.8
598015,AM Nayar,Pune Warriors,1,18,21,7.0,0.4,9.2
598035,AM Nayar,Pune Warriors,1,13,15,6.923076923076923,0.6,9.984615384615385
598038,AM Nayar,Pune Warriors,0,19,23,7.2631578947368425,0.4,9.237246963562752
392235,AM Salvi,Delhi Daredevils,1,26,28,6.461538461538462,0.8,8.137781376518218
501243,AM Salvi,Delhi Daredevils,1,25,26,6.239999999999999,0.8,7.685781376518219
501257,AM Salvi,Delhi Daredevils,2,25,41,9.84,1.2,7.064307692307693
501237,AN Ahmed,Mumbai Indians,0,18,24,8.0,0.6,8.237391941391943
501267,AN Ahmed,Mumbai Indians,3,24,32,8.0,1.2,7.608820512820513
501270,AN Ahmed,Mumbai Indians,1,30,56,11.2,1.0,8.582153846153847
548306,AN Ahmed,Mumbai Indians,0,13,17,7.846153846153847,1.0,8.30523076923077
598050,AN Ahmed,Mumbai Indians,1,18,18,6.0,1.0,8.20923076923077
598055,AN Ahmed,Mumbai Indians,2,24,27,6.75,1.4,7.959230769230769
734005,AN Ahmed,Royal Challengers Bangalore,1,27,45,10.0,1.0,8.359230769230768
734013,AN Ahmed,Royal Challengers Bangalore,1,24,19,4.75,1.0,7.069230769230769
734021,AN Ahmed,Royal Challengers Bangalore,0,14,22,9.428571428571429,1.0,7.385714285714286
734027,AN Ahmed,Royal Challengers Bangalore,1,24,34,8.5,1.0,7.885714285714286
829713,AN Ahmed,Royal Challengers Bangalore,1,24,28,7.0,0.8,7.935714285714286
829719,AN Ahmed,Royal Challengers Bangalore,0,27,42,9.333333333333334,0.6,7.802380952380952
829737,AN Ahmed,Royal Challengers Bangalore,1,25,59,14.159999999999998,0.6,9.684380952380952
729313,AR Patel,Kings XI Punjab,0,12,15,7.5,1.2,6.111111111111112
733973,AR Patel,Kings XI Punjab,0,24,41,10.25,1.0,6.65
733987,AR Patel,Kings XI Punjab,0,24,28,7.0,0.8,6.95
733991,AR Patel,Kings XI Punjab,1,24,22,5.5,0.6,6.95
733997,AR Patel,Kings XI Punjab,0,24,20,5.0,0.2,7.05
734007,AR Patel,Kings XI Punjab,0,24,40,10.0,0.2,7.55
734019,AR Patel,Kings XI Punjab,1,25,18,4.319999999999999,0.4,6.363999999999999
734025,AR Patel,Kings XI Punjab,1,25,27,6.4799999999999995,0.6,6.26
734033,AR Patel,Kings XI Punjab,3,24,26,6.5,1.0,6.459999999999999
734039,AR Patel,Kings XI Punjab,2,24,28,7.0,1.4,6.859999999999999
734043,AR Patel,Kings XI Punjab,2,24,14,3.5,1.8,5.56
734047,AR Patel,Kings XI Punjab,2,25,28,6.72,2.0,6.04
734049,AR Patel,Kings XI Punjab,1,25,21,5.04,2.0,5.752
829709,AR Patel,Kings XI Punjab,1,26,35,8.076923076923077,1.6,6.067384615384616
829717,AR Patel,Kings XI Punjab,2,24,31,7.75,1.6,6.217384615384615
829725,AR Patel,Kings XI Punjab,2,23,30,7.826086956521739,1.6,7.082602006688963
829733,AR Patel,Kings XI Punjab,0,12,22,11.0,1.2,7.938602006688964
829741,AR Patel,Kings XI Punjab,2,25,30,7.199999999999999,1.4,8.370602006688964
829753,AR Patel,Kings XI Punjab,1,25,35,8.399999999999999,1.4,8.435217391304347
829759,AR Patel,Kings XI Punjab,2,24,25,6.25,1.4,8.135217391304348
829767,AR Patel,Kings XI Punjab,0,18,23,7.666666666666667,1.0,8.103333333333333
829775,AR Patel,Kings XI Punjab,0,18,24,8.0,1.0,7.503333333333333
829785,AR Patel,Kings XI Punjab,1,26,51,11.76923076923077,0.8,8.417179487179487
829791,AR Patel,Kings XI Punjab,1,25,33,7.919999999999999,0.8,8.321179487179489
829799,AR Patel,Kings XI Punjab,0,12,19,9.5,0.4,8.971179487179487
829803,AR Patel,Kings XI Punjab,2,12,13,6.5,0.8,8.737846153846155
829809,AR Patel,Kings XI Punjab,0,19,28,8.842105263157896,0.8,8.906267206477732
980905,AR Patel,Kings XI Punjab,0,13,17,7.846153846153847,0.6,8.121651821862347
980913,AR Patel,Kings XI Punjab,1,18,26,8.666666666666666,0.6,8.27098515519568
980919,AR Patel,Kings XI Punjab,0,18,27,9.0,0.6,8.170985155195682
980925,AR Patel,Kings XI Punjab,2,18,19,6.333333333333333,0.6,8.137651821862349
980935,AR Patel,Kings XI Punjab,0,11,11,6.0,0.6,7.569230769230769
980941,AR Patel,Kings XI Punjab,1,24,42,10.5,0.8,8.1
980955,AR Patel,Kings XI Punjab,4,25,21,5.04,1.4,7.374666666666667
980963,AR Patel,Kings XI Punjab,0,24,26,6.5,1.4,6.874666666666667
980971,AR Patel,Kings XI Punjab,0,24,33,8.25,1.0,7.258
980977,AR Patel,Kings XI Punjab,1,24,27,6.75,1.2,7.4079999999999995
980985,AR Patel,Kings XI Punjab,1,24,30,7.5,1.2,6.808
980991,AR Patel,Kings XI Punjab,1,24,27,6.75,0.6,7.15
980999,AR Patel,Kings XI Punjab,1,21,46,13.142857142857142,0.8,8.478571428571428
981005,AR Patel,Kings XI Punjab,1,26,43,9.923076923076923,1.0,8.813186813186814
1082594,AR Patel,Kings XI Punjab,1,26,28,6.461538461538462,1.0,8.755494505494505
1082598,AR Patel,Kings XI Punjab,1,24,12,3.0,1.0,7.855494505494505
1082601,AR Patel,Kings XI Punjab,1,24,36,9.0,1.0,8.305494505494504
1082605,AR Patel,Kings XI Punjab,1,24,34,8.5,1.0,7.376923076923077
1082609,AR Patel,Kings XI Punjab,2,25,33,7.919999999999999,1.2,6.976307692307692
1082612,AR Patel,Kings XI Punjab,0,13,21,9.692307692307693,1.0,7.622461538461539
1082616,AR Patel,Kings XI Punjab,2,24,37,9.25,1.2,8.87246153846154
1082623,AR Patel,Kings XI Punjab,0,18,34,11.333333333333334,1.0,9.339128205128207
1082626,AR Patel,Kings XI Punjab,2,26,22,5.0769230769230775,1.2,8.65451282051282
1082633,AR Patel,Kings XI Punjab,3,18,11,3.6666666666666665,1.4,7.8038461538461545
1082637,AR Patel,Kings XI Punjab,0,18,29,9.666666666666666,1.4,7.7987179487179485
1082639,AR Patel,Kings XI Punjab,0,24,28,7.0,1.0,7.348717948717949
1082641,AR Patel,Kings XI Punjab,1,18,28,9.333333333333334,1.2,6.948717948717949
1082645,AR Patel,Kings XI Punjab,1,12,13,6.5,1.0,7.2333333333333325
1136562,AR Patel,Kings XI Punjab,1,18,35,11.666666666666666,0.6,8.833333333333334
1136568,AR Patel,Kings XI Punjab,1,24,26,6.5,0.8,8.2
1136594,AR Patel,Kings XI Punjab,0,6,9,9.0,0.8,8.6
1136598,AR Patel,Kings XI Punjab,1,24,22,5.5,0.8,7.833333333333334
1136600,AR Patel,Kings XI Punjab,0,18,24,8.0,0.6,8.133333333333335
1136604,AR Patel,Kings XI Punjab,0,25,52,12.479999999999999,0.4,8.296
1136610,AR Patel,Kings XI Punjab,0,19,24,7.578947368421053,0.2,8.51178947368421
1136616,AR Patel,Kings XI Punjab,0,24,29,7.25,0.2,8.16178947368421
1175358,AR Patel,Delhi Capitals,1,18,42,14.0,0.2,9.86178947368421
1175360,AR Patel,Delhi Capitals,0,24,16,4.0,0.2,9.061789473684211
1175371,AR Patel,Delhi Capitals,1,25,22,5.279999999999999,0.4,7.621789473684212
1178395,AR Patel,Delhi Capitals,1,24,22,5.5,0.6,7.206
1178401,AR Patel,Delhi Capitals,0,24,30,7.5,0.6,7.256
1178405,AR Patel,Delhi Capitals,0,12,23,11.5,0.4,6.756
1178409,AR Patel,Delhi Capitals,2,24,17,4.25,0.8,6.806
1178412,AR Patel,Delhi Capitals,2,18,22,7.333333333333333,1.0,7.216666666666666
1178415,AR Patel,Delhi Capitals,1,24,39,9.75,1.0,8.066666666666666
1178421,AR Patel,Delhi Capitals,1,24,26,6.5,1.2,7.866666666666665
1178425,AR Patel,Delhi Capitals,1,18,31,10.333333333333334,1.4,7.633333333333333
1178428,AR Patel,Delhi Capitals,1,24,16,4.0,1.2,7.583333333333333
1181766,AR Patel,Delhi Capitals,0,24,30,7.5,0.8,7.616666666666667
1181767,AR Patel,Delhi Capitals,1,24,32,8.0,0.8,7.2666666666666675
1216493,AR Patel,Delhi Capitals,1,24,14,3.5,0.8,6.666666666666667
1216497,AR Patel,Delhi Capitals,0,6,7,7.0,0.6,6.0
1216500,AR Patel,Delhi Capitals,1,12,8,4.0,0.6,6.0
1216505,AR Patel,Delhi Capitals,0,24,30,7.5,0.6,6.0
1216509,AR Patel,Delhi Capitals,0,24,23,5.75,0.4,5.55
1216519,AR Patel,Delhi Capitals,2,24,19,4.75,0.6,5.8
1216524,AR Patel,Delhi Capitals,0,25,37,8.879999999999999,0.6,6.175999999999999
1216529,AR Patel,Delhi Capitals,1,18,24,8.0,0.6,6.975999999999999
1216532,AR Patel,Delhi Capitals,0,13,14,6.461538461538462,0.6,6.768307692307692
1216539,AR Patel,Delhi Capitals,2,24,18,4.5,1.0,6.518307692307692
1216543,AR Patel,Delhi Capitals,2,24,32,8.0,1.0,7.1683076923076925
1216546,AR Patel,Delhi Capitals,1,24,27,6.75,1.2,6.742307692307693
1237177,AR Patel,Delhi Capitals,0,18,27,9.0,1.0,6.942307692307693
1237180,AR Patel,Delhi Capitals,1,24,33,8.25,1.2,7.3
1237181,AR Patel,Delhi Capitals,0,24,16,4.0,0.8,7.2
1254077,AR Patel,Delhi Capitals,2,30,34,6.8,0.8,6.959999999999999
1254079,AR Patel,Delhi Capitals,1,24,33,8.25,0.8,7.26
1254082,AR Patel,Delhi Capitals,2,24,32,8.0,1.2,7.06
1254086,AR Patel,Delhi Capitals,2,24,22,5.5,1.4,6.51
1254092,AR Patel,Delhi Capitals,0,18,13,4.333333333333333,1.4,6.576666666666666
1254097,AR Patel,Delhi Capitals,1,25,27,6.4799999999999995,1.2,6.512666666666666
1254101,AR Patel,Delhi Capitals,1,24,39,9.75,1.2,6.812666666666667
1254105,AR Patel,Delhi Capitals,2,24,21,5.25,1.2,6.262666666666666
1254110,AR Patel,Delhi Capitals,2,24,18,4.5,1.2,6.062666666666667
1254112,AR Patel,Delhi Capitals,3,25,21,5.04,1.8,6.204
1254114,AR Patel,Delhi Capitals,0,18,23,7.666666666666667,1.6,6.441333333333333
1254116,AR Patel,Delhi Capitals,0,25,32,7.68,1.4,6.027333333333333
1304048,AR Patel,Delhi Capitals,0,24,40,10.0,1.0,6.977333333333334
1304056,AR Patel,Delhi Capitals,0,24,37,9.25,0.6,7.927333333333334
1304061,AR Patel,Delhi Capitals,0,12,11,5.5,0.0,8.019333333333332
1304065,AR Patel,Delhi Capitals,0,18,34,11.333333333333334,0.0,8.752666666666666
1304073,AR Patel,Delhi Capitals,1,25,29,6.959999999999999,0.2,8.608666666666666
1304078,AR Patel,Delhi Capitals,2,24,10,2.5,0.6,7.108666666666667
1304080,AR Patel,Delhi Capitals,0,12,21,10.5,0.6,7.358666666666667
1304087,AR Patel,Delhi Capitals,1,24,28,7.0,0.8,7.658666666666667
1304091,AR Patel,Delhi Capitals,0,26,25,5.76923076923077,0.8,6.545846153846154
1304101,AR Patel,Delhi Capitals,0,18,23,7.666666666666667,0.6,6.687179487179487
1304104,AR Patel,Delhi Capitals,0,12,25,12.5,0.2,8.687179487179488
1304110,AR Patel,Delhi Capitals,2,24,14,3.5,0.6,7.287179487179488
1304115,AR Patel,Delhi Capitals,0,18,26,8.666666666666666,0.4,7.62051282051282
1359477,AR Patel,Delhi Capitals,1,24,38,9.5,0.6,8.366666666666665
1359485,AR Patel,Delhi Capitals,0,24,38,9.5,0.6,8.733333333333333
1359490,AR Patel,Delhi Capitals,0,25,24,5.76,0.6,7.385333333333333
1359494,AR Patel,Delhi Capitals,1,18,25,8.333333333333334,0.4,8.352
1359502,AR Patel,Delhi Capitals,2,18,13,4.333333333333333,0.8,7.485333333333334
1359508,AR Patel,Delhi Capitals,2,24,21,5.25,1.0,6.6353333333333335
1359514,AR Patel,Delhi Capitals,1,26,30,6.923076923076923,1.2,6.119948717948718
1359518,AR Patel,Delhi Capitals,0,25,24,5.76,1.2,6.119948717948718
1359524,AR Patel,Delhi Capitals,0,18,17,5.666666666666667,1.0,5.586615384615384
1359529,AR Patel,Delhi Capitals,2,24,27,6.75,1.0,6.0699487179487175
1359533,AR Patel,Delhi Capitals,1,26,28,6.461538461538462,0.8,6.31225641025641
1359538,AR Patel,Delhi Capitals,1,18,27,9.0,0.8,6.7276410256410255
1359541,AR Patel,Delhi Capitals,0,18,32,10.666666666666666,0.8,7.708974358974359
1422120,AR Patel,Delhi Capitals,0,24,26,6.5,0.8,7.875641025641025
1422127,AR Patel,Delhi Capitals,1,24,21,5.25,0.6,7.5756410256410245
1422131,AR Patel,Delhi Capitals,1,18,20,6.666666666666667,0.6,7.616666666666665
1422134,AR Patel,Delhi Capitals,0,6,19,19.0,0.4,9.616666666666665
1422138,AR Patel,Delhi Capitals,2,24,35,8.75,0.8,9.233333333333334
1426264,AR Patel,Delhi Capitals,0,24,27,6.75,0.8,9.283333333333335
1426270,AR Patel,Delhi Capitals,1,25,17,4.08,0.8,9.049333333333333
1426273,AR Patel,Delhi Capitals,1,24,29,7.25,0.8,9.166
1426278,AR Patel,Delhi Capitals,1,18,28,9.333333333333334,1.0,7.232666666666667
1426281,AR Patel,Delhi Capitals,0,12,24,12.0,0.6,7.882666666666667
1426285,AR Patel,Delhi Capitals,2,24,25,6.25,1.0,7.782666666666667
1426294,AR Patel,Delhi Capitals,1,18,25,8.333333333333334,1.0,8.633333333333335
1426300,AR Patel,Delhi Capitals,0,18,24,8.0,0.8,8.783333333333335
1426302,AR Patel,Delhi Capitals,1,6,20,20.0,0.8,10.916666666666668
1304081,AS Joseph,Gujarat Titans,1,25,31,7.4399999999999995,1.8,9.384102564102564
1304086,AS Joseph,Gujarat Titans,2,25,35,8.399999999999999,1.0,10.364102564102563
1304089,AS Joseph,Gujarat Titans,1,25,44,10.559999999999999,1.2,10.445333333333334
1304094,AS Joseph,Gujarat Titans,0,19,27,8.526315789473685,1.2,8.617263157894737
1304097,AS Joseph,Gujarat Titans,1,24,41,10.25,1.0,9.035263157894736
1304103,AS Joseph,Gujarat Titans,0,12,14,7.0,0.8,8.947263157894735
1304108,AS Joseph,Gujarat Titans,1,18,16,5.333333333333333,0.6,8.333929824561402
1312197,AS Joseph,Gujarat Titans,0,12,27,13.5,0.4,8.921929824561403
1359475,AS Joseph,Gujarat Titans,2,24,33,8.25,0.8,8.866666666666665
1359481,AS Joseph,Gujarat Titans,2,25,29,6.959999999999999,1.0,8.208666666666666
1359487,AS Joseph,Gujarat Titans,2,24,28,7.0,1.4,8.208666666666666
1359492,AS Joseph,Gujarat Titans,1,29,32,6.620689655172415,1.4,8.466137931034481
1359497,AS Joseph,Gujarat Titans,0,18,47,15.666666666666666,1.4,8.899471264367815
1359525,AS Joseph,Gujarat Titans,0,6,5,5.0,1.0,8.249471264367816
1359531,AS Joseph,Gujarat Titans,0,24,52,13.0,0.6,9.457471264367815
1422119,AS Joseph,Royal Challengers Bengaluru,0,26,46,10.615384615384617,0.2,10.180548187444739
1422124,AS Joseph,Royal Challengers Bengaluru,1,26,43,9.923076923076923,0.2,10.841025641025642
1422128,AS Joseph,Royal Challengers Bengaluru,0,12,34,17.0,0.2,11.107692307692307
981001,AS Rajpoot,Kolkata Knight Riders,1,22,36,9.818181818181818,0.6,8.958778064041223
981009,AS Rajpoot,Kolkata Knight Riders,1,18,22,7.333333333333333,0.6,8.783339467549995
1082597,AS Rajpoot,Kolkata Knight Riders,3,25,37,8.879999999999999,1.2,8.359339467549995
1082636,AS Rajpoot,Kolkata Knight Riders,0,24,26,6.5,1.0,8.274724082934608
1082639,AS Rajpoot,Kolkata Knight Riders,0,12,20,10.0,1.0,8.50630303030303
1082644,AS Rajpoot,Kolkata Knight Riders,1,18,16,5.333333333333333,1.0,7.609333333333334
1082649,AS Rajpoot,Kolkata Knight Riders,0,8,14,10.5,0.8,8.242666666666667
1136578,AS Rajpoot,Kings XI Punjab,0,20,33,9.9,0.2,8.446666666666665
1136582,AS Rajpoot,Kings XI Punjab,2,26,23,5.307692307692308,0.6,8.208205128205128
1136585,AS Rajpoot,Kings XI Punjab,5,24,15,3.75,1.6,6.958205128205128
1136594,AS Rajpoot,Kings XI Punjab,0,18,31,10.333333333333334,1.4,7.958205128205128
1136598,AS Rajpoot,Kings XI Punjab,1,18,41,13.666666666666666,1.6,8.591538461538462
1136608,AS Rajpoot,Kings XI Punjab,0,9,21,14.0,1.6,9.411538461538461
1136610,AS Rajpoot,Kings XI Punjab,1,26,47,10.846153846153847,1.4,10.51923076923077
1136616,AS Rajpoot,Kings XI Punjab,2,25,19,4.56,0.8,10.681230769230769
1175359,AS Rajpoot,Kings XI Punjab,2,26,34,7.846153846153847,1.2,10.183794871794872
1178397,AS Rajpoot,Kings XI Punjab,0,25,24,5.76,1.0,8.602461538461538
1178399,AS Rajpoot,Kings XI Punjab,1,25,52,12.479999999999999,1.2,8.298461538461538
1178417,AS Rajpoot,Kings XI Punjab,0,26,47,10.846153846153847,1.0,8.298461538461538
1216504,AS Rajpoot,Rajasthan Royals,1,28,41,8.785714285714285,0.8,9.143604395604395
1216511,AS Rajpoot,Rajasthan Royals,0,20,42,12.6,0.4,10.094373626373626
1216518,AS Rajpoot,Rajasthan Royals,0,7,11,9.428571428571429,0.4,10.828087912087913
1216527,AS Rajpoot,Rajasthan Royals,1,26,40,9.230769230769232,0.4,10.178241758241757
1216533,AS Rajpoot,Rajasthan Royals,0,6,8,8.0,0.4,9.609010989010988
1216541,AS Rajpoot,Rajasthan Royals,0,28,64,13.714285714285714,0.2,10.594725274725274
501220,AS Raut,Rajasthan Royals,0,6,8,8.0,0.0,9.0
1359521,AS Roy,Kolkata Knight Riders,1,19,26,8.210526315789474,1.0,6.599028340080972
1359530,AS Roy,Kolkata Knight Riders,0,6,20,20.0,0.8,9.719028340080971
1422128,AS Roy,Kolkata Knight Riders,0,12,6,3.0,0.6,8.919028340080972
1426260,AS Roy,Kolkata Knight Riders,0,10,18,10.799999999999999,0.6,9.279028340080972
1426280,AS Roy,Kolkata Knight Riders,1,12,36,18.0,0.4,12.002105263157894
1304058,Abdul Samad,Sunrisers Hyderabad,0,6,8,8.0,0.4,13.668000000000001
1216532,Abhishek Sharma,Sunrisers Hyderabad,0,25,34,8.16,0.2,8.517714285714286
1216534,Abhishek Sharma,Sunrisers Hyderabad,1,12,16,8.0,0.2,8.117714285714285
1216542,Abhishek Sharma,Sunrisers Hyderabad,1,6,16,16.0,0.4,9.431999999999999
1216545,Abhishek Sharma,Sunrisers Hyderabad,0,6,11,11.0,0.4,9.431999999999999
1254066,Abhishek Sharma,Sunrisers Hyderabad,0,6,5,5.0,0.4,9.632
1254071,Abhishek Sharma,Sunrisers Hyderabad,2,25,24,5.76,0.8,9.152
1254077,Abhishek Sharma,Sunrisers Hyderabad,0,7,14,12.0,0.6,9.952
1254088,Abhishek Sharma,Sunrisers Hyderabad,2,7,5,4.285714285714286,0.8,7.6091428571428565
1254091,Abhishek Sharma,Sunrisers Hyderabad,0,12,9,4.5,0.8,6.309142857142858
1254100,Abhishek Sharma,Sunrisers Hyderabad,0,6,9,9.0,0.8,7.1091428571428565
1304051,Abhishek Sharma,Sunrisers Hyderabad,0,6,15,15.0,0.4,8.957142857142859
1304100,Abhishek Sharma,Sunrisers Hyderabad,0,12,13,6.5,0.4,7.8571428571428585
1304111,Abhishek Sharma,Sunrisers Hyderabad,0,6,11,11.0,0.0,9.2
1359514,Abhishek Sharma,Sunrisers Hyderabad,1,18,26,8.666666666666666,0.2,10.033333333333335
1359526,Abhishek Sharma,Sunrisers Hyderabad,0,12,16,8.0,0.2,9.833333333333334
1359532,Abhishek Sharma,Sunrisers Hyderabad,1,19,42,13.263157894736842,0.4,9.485964912280703
1359536,Abhishek Sharma,Sunrisers Hyderabad,0,7,13,11.142857142857142,0.4,10.414536340852129
1359539,Abhishek Sharma,Sunrisers Hyderabad,0,19,30,9.473684210526317,0.4,10.109273182957391
1422136,Abhishek Sharma,Sunrisers Hyderabad,0,6,7,7.0,0.2,9.775939849624061
1426268,Abhishek Sharma,Sunrisers Hyderabad,0,6,10,10.0,0.2,10.175939849624061
1426279,Abhishek Sharma,Sunrisers Hyderabad,0,6,10,10.0,0.0,9.52330827067669
1426311,Abhishek Sharma,Sunrisers Hyderabad,2,24,24,6.0,0.4,8.494736842105263
1304068,Akash Deep,Royal Challengers Bangalore,0,28,59,12.642857142857142,1.2,10.423904761904762
1359479,Akash Deep,Royal Challengers Bangalore,1,18,29,9.666666666666666,1.2,9.823904761904762
1359483,Akash Deep,Royal Challengers Bangalore,0,15,34,13.6,0.6,10.293904761904761
1426263,Akash Deep,Royal Challengers Bengaluru,1,23,55,14.347826086956522,0.8,11.051469979296066
1359537,Akash Madhwal,Mumbai Indians,0,26,31,7.153846153846154,0.8,8.290688259109313
1359543,Akash Madhwal,Mumbai Indians,4,25,37,8.879999999999999,1.6,7.729846153846154
1370351,Akash Madhwal,Mumbai Indians,6,21,6,1.7142857142857142,2.6,7.2727032967032965
1370352,Akash Madhwal,Mumbai Indians,2,26,52,12.0,3.0,7.5496263736263725
1422132,Akash Madhwal,Mumbai Indians,3,25,22,5.279999999999999,3.0,7.005626373626373
1422138,Akash Madhwal,Mumbai Indians,0,25,45,10.799999999999999,3.0,7.734857142857142
1426263,Akash Madhwal,Mumbai Indians,1,27,57,12.666666666666666,2.4,8.492190476190476
1426267,Akash Madhwal,Mumbai Indians,0,18,37,12.333333333333334,1.2,10.616
1426271,Akash Madhwal,Mumbai Indians,2,24,48,12.0,1.2,10.616
1359507,Akash Singh,Chennai Super Kings,1,25,29,6.959999999999999,1.0,8.728666666666665
1359511,Akash Singh,Chennai Super Kings,0,12,32,16.0,1.0,9.978666666666665
1359515,Akash Singh,Chennai Super Kings,0,19,35,11.052631578947368,0.6,10.26919298245614
548335,Anand Rajan,Deccan Chargers,1,13,12,5.538461538461539,1.4,7.880419580419582
548356,Anand Rajan,Deccan Chargers,1,25,45,10.799999999999999,0.8,8.567692307692308
598010,Anand Rajan,Sunrisers Hyderabad,1,25,20,4.8,0.8,7.404615384615385
598069,Anand Rajan,Sunrisers Hyderabad,1,26,23,5.307692307692308,1.0,7.366153846153847
548329,Ankit Sharma,Deccan Chargers,0,6,16,16.0,0.2,9.09352380952381
548335,Ankit Sharma,Deccan Chargers,1,24,19,4.75,0.2,8.176857142857141
548341,Ankit Sharma,Deccan Chargers,1,12,11,5.5,0.4,8.376857142857142
548348,Ankit Sharma,Deccan Chargers,1,12,9,4.5,0.6,7.734
548352,Ankit Sharma,Deccan Chargers,0,12,15,7.5,0.6,7.65
598004,Ankit Sharma,Sunrisers Hyderabad,0,12,17,8.5,0.6,6.15
734003,Ankit Sharma,Rajasthan Royals,2,24,21,5.25,0.8,6.25
734017,Ankit Sharma,Rajasthan Royals,2,24,23,5.75,1.0,6.3
829735,Ankit Sharma,Rajasthan Royals,1,18,26,8.666666666666666,1.0,7.133333333333333
829769,Ankit Sharma,Rajasthan Royals,1,25,29,6.959999999999999,1.2,7.025333333333333
829797,Ankit Sharma,Rajasthan Royals,1,25,31,7.4399999999999995,1.4,6.813333333333333
829819,Ankit Sharma,Rajasthan Royals,0,18,28,9.333333333333334,1.0,7.63
980919,Ankit Sharma,Rising Pune Supergiants,1,26,27,6.230769230769231,0.8,7.726153846153847
980931,Ankit Sharma,Rising Pune Supergiants,0,25,31,7.4399999999999995,0.6,7.480820512820513
980939,Ankit Sharma,Rising Pune Supergiants,0,19,26,8.210526315789474,0.4,7.730925775978408
1082603,Ankit Sharma,Rising Pune Supergiant,0,6,16,16.0,0.2,9.442925775978408
1136603,Ankit Sharma,Rajasthan Royals,0,6,11,11.0,0.2,9.776259109311741
1082637,Ankit Soni,Gujarat Lions,0,18,27,9.0,0.8,7.752421052631578
1082643,Ankit Soni,Gujarat Lions,0,13,31,14.307692307692308,0.4,8.845538461538462
829725,Anureet Singh,Kings XI Punjab,2,26,33,7.615384615384616,1.8,7.980769230769231
829733,Anureet Singh,Kings XI Punjab,0,24,38,9.5,1.4,8.265384615384615
829741,Anureet Singh,Kings XI Punjab,1,24,42,10.5,1.6,8.565384615384616
829753,Anureet Singh,Kings XI Punjab,1,26,41,9.461538461538462,1.2,9.307692307692308
829759,Anureet Singh,Kings XI Punjab,1,24,28,7.0,1.0,8.815384615384616
829767,Anureet Singh,Kings XI Punjab,0,21,24,6.857142857142857,0.6,8.663736263736263
829775,Anureet Singh,Kings XI Punjab,1,26,32,7.384615384615385,0.8,8.24065934065934
829785,Anureet Singh,Kings XI Punjab,0,24,27,6.75,0.6,7.49065934065934
829791,Anureet Singh,Kings XI Punjab,3,23,58,15.130434782608695,1.0,8.624438604873387
829799,Anureet Singh,Kings XI Punjab,0,24,38,9.5,0.8,9.124438604873387
829803,Anureet Singh,Kings XI Punjab,2,13,22,10.153846153846155,1.2,9.783779264214047
829809,Anureet Singh,Kings XI Punjab,0,17,30,10.588235294117647,1.0,10.4245032461145
980977,Anureet Singh,Kings XI Punjab,0,18,15,5.0,1.0,10.0745032461145
980991,Anureet Singh,Kings XI Punjab,1,20,29,8.7,0.6,8.78841628959276
1082623,Anureet Singh,Kings XI Punjab,0,12,26,13.0,0.6,9.48841628959276
1136598,Anureet Singh,Rajasthan Royals,1,12,20,10.0,0.4,9.457647058823529
1136600,Anureet Singh,Rajasthan Royals,1,6,12,12.0,0.6,9.74
1136609,Anureet Singh,Rajasthan Royals,0,6,10,10.0,0.6,10.74
1426305,Arjun Tendulkar,Mumbai Indians,0,15,22,8.8,0.8,8.025886287625418
1359520,Arshad Khan,Mumbai Indians,1,25,48,11.52,1.0,11.205190476190475
1359523,Arshad Khan,Mumbai Indians,0,10,28,16.8,0.8,12.631857142857143
1426264,Arshad Khan,Lucknow Super Giants,0,19,34,10.736842105263158,0.8,12.154225563909774
1426302,Arshad Khan,Lucknow Super Giants,1,23,45,11.739130434782608,1.0,12.444908793723439
1426305,Arshad Khan,Lucknow Super Giants,0,14,11,4.714285714285714,0.4,11.102051650866297
1216517,Arshdeep Singh,Kings XI Punjab,2,19,36,11.368421052631579,1.8,10.08778677462888
1216520,Arshdeep Singh,Kings XI Punjab,0,13,18,8.307692307692308,1.4,9.71855600539811
1216523,Arshdeep Singh,Kings XI Punjab,2,26,25,5.76923076923077,1.6,8.73906882591093
1216531,Arshdeep Singh,Kings XI Punjab,1,13,20,9.230769230769232,1.8,8.085222672064777
1216537,Arshdeep Singh,Kings XI Punjab,0,18,34,11.333333333333334,1.0,9.201889338731444
1216542,Arshdeep Singh,Kings XI Punjab,2,27,33,7.333333333333333,1.0,8.394871794871795
1216546,Arshdeep Singh,Kings XI Punjab,0,18,30,10.0,1.0,8.733333333333334
1254061,Arshdeep Singh,Punjab Kings,3,24,35,8.75,1.2,9.32948717948718
1254065,Arshdeep Singh,Punjab Kings,1,12,7,3.5,1.2,8.183333333333334
1254068,Arshdeep Singh,Punjab Kings,1,18,23,7.666666666666667,1.4,7.45
1254071,Arshdeep Singh,Punjab Kings,0,24,31,7.75,1.0,7.533333333333333
1254074,Arshdeep Singh,Punjab Kings,1,20,28,8.4,1.2,7.213333333333333
1254078,Arshdeep Singh,Punjab Kings,1,16,28,10.5,0.8,7.563333333333333
1254090,Arshdeep Singh,Punjab Kings,1,22,42,11.454545454545455,0.8,9.154242424242424
1254094,Arshdeep Singh,Punjab Kings,2,25,36,8.639999999999999,1.0,9.348909090909093
1254099,Arshdeep Singh,Punjab Kings,0,25,29,6.959999999999999,1.0,9.190909090909091
1254102,Arshdeep Singh,Punjab Kings,3,26,34,7.846153846153847,1.4,9.080139860139859
1254107,Arshdeep Singh,Punjab Kings,2,24,22,5.5,1.6,8.08013986013986
1254111,Arshdeep Singh,Punjab Kings,5,27,33,7.333333333333333,2.4,7.2558974358974355
1304049,Arshdeep Singh,Punjab Kings,1,27,36,8.0,2.2,7.127897435897435
1304054,Arshdeep Singh,Punjab Kings,0,19,33,10.421052631578949,2.2,7.820107962213226
1304057,Arshdeep Singh,Punjab Kings,1,12,13,6.5,1.8,7.5508771929824565
1304062,Arshdeep Singh,Punjab Kings,0,25,32,7.68,1.4,7.9868771929824565
1304069,Arshdeep Singh,Punjab Kings,1,25,29,6.959999999999999,0.6,7.912210526315791
1304074,Arshdeep Singh,Punjab Kings,0,26,32,7.384615384615385,0.4,7.7891336032388665
1304078,Arshdeep Singh,Punjab Kings,0,9,17,11.333333333333334,0.4,7.971589743589743
1304084,Arshdeep Singh,Punjab Kings,1,25,24,5.76,0.4,7.823589743589745
1304088,Arshdeep Singh,Punjab Kings,1,24,27,6.75,0.6,7.637589743589743
1304094,Arshdeep Singh,Punjab Kings,1,26,36,8.307692307692308,0.6,7.907128205128205
1304098,Arshdeep Singh,Punjab Kings,2,25,29,6.959999999999999,1.0,7.822205128205127
1304106,Arshdeep Singh,Punjab Kings,1,25,27,6.4799999999999995,1.2,6.851538461538462
1304110,Arshdeep Singh,Punjab Kings,3,25,42,10.08,1.6,7.71553846153846
1304116,Arshdeep Singh,Punjab Kings,0,24,25,6.25,1.4,7.615538461538461
1359476,Arshdeep Singh,Punjab Kings,3,18,19,6.333333333333333,1.8,7.220666666666666
1359482,Arshdeep Singh,Punjab Kings,2,27,47,10.444444444444445,1.8,7.917555555555555
1359488,Arshdeep Singh,Punjab Kings,1,18,20,6.666666666666667,1.8,7.95488888888889
1359492,Arshdeep Singh,Punjab Kings,1,24,34,8.5,1.4,7.638888888888888
1359495,Arshdeep Singh,Punjab Kings,1,19,23,7.2631578947368425,1.6,7.841520467836259
1359501,Arshdeep Singh,Punjab Kings,1,25,35,8.399999999999999,1.2,8.254853801169592
1359505,Arshdeep Singh,Punjab Kings,4,25,29,6.959999999999999,1.6,7.557964912280701
1359512,Arshdeep Singh,Punjab Kings,1,26,54,12.461538461538462,1.6,8.716939271255061
1359515,Arshdeep Singh,Punjab Kings,1,27,37,8.222222222222221,1.6,8.661383715699504
1359520,Arshdeep Singh,Punjab Kings,1,25,66,15.839999999999998,1.6,10.376752136752135
1359527,Arshdeep Singh,Punjab Kings,1,25,39,9.36,1.6,10.568752136752135
1359533,Arshdeep Singh,Punjab Kings,0,24,32,8.0,0.8,10.776752136752135
1359538,Arshdeep Singh,Punjab Kings,0,14,21,9.0,0.6,10.084444444444443
1359540,Arshdeep Singh,Punjab Kings,1,27,41,9.11111111111111,0.6,10.262222222222222
1422120,Arshdeep Singh,Punjab Kings,2,26,28,6.461538461538462,0.8,8.386529914529914
1422124,Arshdeep Singh,Punjab Kings,0,23,42,10.956521739130434,0.6,8.705834262356001
1422129,Arshdeep Singh,Punjab Kings,2,19,30,9.473684210526317,1.0,9.000571104461265
1422135,Arshdeep Singh,Punjab Kings,0,24,37,9.25,1.0,9.050571104461266
1426261,Arshdeep Singh,Punjab Kings,4,26,29,6.6923076923076925,1.6,8.56681042070058
1426265,Arshdeep Singh,Punjab Kings,1,24,45,11.25,1.4,9.52450272839289
1426271,Arshdeep Singh,Punjab Kings,0,19,35,11.052631578947368,1.4,9.543724696356275
1426275,Arshdeep Singh,Punjab Kings,1,13,17,7.846153846153847,1.2,9.21821862348178
1426280,Arshdeep Singh,Punjab Kings,2,29,45,9.310344827586208,1.6,9.230287588999023
1426287,Arshdeep Singh,Punjab Kings,2,29,52,10.758620689655173,1.2,10.043550188468519
1426291,Arshdeep Singh,Punjab Kings,2,25,43,10.319999999999999,1.4,9.857550188468519
1426296,Arshdeep Singh,Punjab Kings,1,20,41,12.299999999999999,1.6,10.107023872679045
1426303,Arshdeep Singh,Punjab Kings,1,24,32,8.0,1.6,10.137793103448276
1426307,Arshdeep Singh,Punjab Kings,2,25,38,9.12,1.6,10.099724137931034
1136592,Avesh Khan,Delhi Daredevils,0,12,36,18.0,1.0,9.384
1136596,Avesh Khan,Delhi Daredevils,0,19,47,14.842105263157896,0.8,11.152421052631578
1136612,Avesh Khan,Delhi Daredevils,0,12,28,14.0,0.4,12.152421052631578
1175368,Avesh Khan,Delhi Capitals,0,19,30,9.473684210526317,0.0,12.655157894736842
1216539,Avesh Khan,Delhi Capitals,0,25,42,10.08,0.0,13.279157894736844
1254059,Avesh Khan,Delhi Capitals,3,25,23,5.52,0.6,10.783157894736842
1254064,Avesh Khan,Delhi Capitals,3,24,33,8.25,1.2,9.464736842105264
1254068,Avesh Khan,Delhi Capitals,1,24,34,8.5,1.4,8.364736842105263
1254070,Avesh Khan,Delhi Capitals,2,12,19,9.5,1.8,8.37
1254077,Avesh Khan,Delhi Capitals,3,27,34,7.555555555555555,2.4,7.86511111111111
1254079,Avesh Khan,Delhi Capitals,1,25,24,5.76,2.0,7.913111111111111
1254082,Avesh Khan,Delhi Capitals,1,24,35,8.75,1.6,8.013111111111112
1254086,Avesh Khan,Delhi Capitals,1,26,40,9.230769230769232,1.6,8.159264957264957
1254092,Avesh Khan,Delhi Capitals,3,18,14,4.666666666666667,1.8,7.192598290598291
1254097,Avesh Khan,Delhi Capitals,1,25,29,6.959999999999999,1.4,7.073487179487179
1254101,Avesh Khan,Delhi Capitals,0,26,32,7.384615384615385,1.2,7.398410256410257
1254105,Avesh Khan,Delhi Capitals,2,27,28,6.222222222222222,1.4,6.892854700854701
1254110,Avesh Khan,Delhi Capitals,1,26,36,8.307692307692308,1.4,6.708239316239316
1254112,Avesh Khan,Delhi Capitals,3,25,15,3.5999999999999996,1.4,6.494905982905982
1254114,Avesh Khan,Delhi Capitals,1,25,48,11.52,1.4,7.4069059829059825
1254116,Avesh Khan,Delhi Capitals,1,24,22,5.5,1.6,7.029982905982905
1304050,Avesh Khan,Lucknow Super Giants,1,22,34,9.272727272727273,1.4,7.640083916083915
1304053,Avesh Khan,Lucknow Super Giants,2,24,42,10.5,1.6,8.078545454545454
1304058,Avesh Khan,Lucknow Super Giants,4,25,24,5.76,1.8,8.510545454545454
1304061,Avesh Khan,Lucknow Super Giants,0,18,32,10.666666666666666,1.6,8.339878787878789
1304066,Avesh Khan,Lucknow Super Giants,2,25,31,7.4399999999999995,1.8,8.727878787878788
1304072,Avesh Khan,Lucknow Super Giants,3,25,31,7.4399999999999995,2.2,8.361333333333333
1304077,Avesh Khan,Lucknow Super Giants,0,25,33,7.919999999999999,1.8,7.8453333333333335
1304088,Avesh Khan,Lucknow Super Giants,0,19,27,8.526315789473685,1.0,8.398596491228071
1304099,Avesh Khan,Lucknow Super Giants,3,20,19,5.7,1.6,7.405263157894737
1304103,Avesh Khan,Lucknow Super Giants,2,25,26,6.239999999999999,1.6,7.165263157894737
1304109,Avesh Khan,Lucknow Super Giants,1,18,20,6.666666666666667,1.2,7.010596491228069
1304112,Avesh Khan,Lucknow Super Giants,0,28,60,12.857142857142856,1.2,7.998025062656642
1312198,Avesh Khan,Lucknow Super Giants,1,26,44,10.153846153846155,1.4,8.323531135531136
1359477,Avesh Khan,Lucknow Super Giants,2,24,29,7.25,1.2,8.633531135531134
1359480,Avesh Khan,Lucknow Super Giants,1,19,39,12.31578947368421,1.0,9.848689030267979
1359489,Avesh Khan,Lucknow Super Giants,0,24,55,13.75,0.8,11.265355696934645
1359495,Avesh Khan,Lucknow Super Giants,0,19,24,7.578947368421053,0.8,10.209716599190283
1359500,Avesh Khan,Lucknow Super Giants,3,24,26,6.5,1.2,9.478947368421053
1359504,Avesh Khan,Lucknow Super Giants,0,18,21,7.0,0.8,9.428947368421053
1359512,Avesh Khan,Lucknow Super Giants,0,12,28,14.0,0.6,9.765789473684212
1359525,Avesh Khan,Lucknow Super Giants,1,24,35,8.75,0.8,8.765789473684212
1359532,Avesh Khan,Lucknow Super Giants,1,12,30,15.0,1.0,10.25
1422122,Avesh Khan,Rajasthan Royals,0,19,21,6.631578947368421,0.4,10.276315789473683
1422127,Avesh Khan,Rajasthan Royals,1,25,29,6.959999999999999,0.6,10.268315789473684
1422132,Avesh Khan,Rajasthan Royals,1,25,31,7.4399999999999995,0.8,8.956315789473683
1422137,Avesh Khan,Rajasthan Royals,0,24,46,11.5,0.6,9.506315789473684
1426262,Avesh Khan,Rajasthan Royals,2,26,48,11.076923076923078,0.8,8.7217004048583
1426265,Avesh Khan,Rajasthan Royals,2,24,35,8.75,1.2,9.145384615384616
1426269,Avesh Khan,Rajasthan Royals,2,25,39,9.36,1.4,9.625384615384615
1426276,Avesh Khan,Rajasthan Royals,1,27,49,10.88888888888889,1.4,10.315162393162392
1426282,Avesh Khan,Rajasthan Royals,1,26,43,9.923076923076923,1.6,9.999777777777778
1426288,Avesh Khan,Rajasthan Royals,2,27,39,8.666666666666666,1.6,9.517726495726496
1426294,Avesh Khan,Rajasthan Royals,0,12,42,21.0,1.2,11.967726495726495
1426299,Avesh Khan,Rajasthan Royals,1,13,12,5.538461538461539,1.0,11.203418803418803
1426303,Avesh Khan,Rajasthan Royals,2,23,28,7.304347826086956,1.2,10.486510590858416
1426310,Avesh Khan,Rajasthan Royals,3,24,44,11.0,1.6,10.701895206243032
1426311,Avesh Khan,Rajasthan Royals,4,26,27,6.230769230769231,2.0,10.214715719063545
548350,Azhar Mahmood,Kings XI Punjab,3,25,20,4.8,1.6,7.0205375494071145
548354,Azhar Mahmood,Kings XI Punjab,0,25,37,8.879999999999999,1.6,7.160173913043478
548359,Azhar Mahmood,Kings XI Punjab,0,26,31,7.153846153846154,1.6,6.718943143812709
548366,Azhar Mahmood,Kings XI Punjab,2,25,39,9.36,1.6,7.3387692307692305
548369,Azhar Mahmood,Kings XI Punjab,0,25,34,8.16,1.0,7.6707692307692295
548371,Azhar Mahmood,Kings XI Punjab,2,24,28,7.0,0.8,8.11076923076923
548374,Azhar Mahmood,Kings XI Punjab,2,21,23,6.571428571428571,1.2,7.649054945054945
598003,Azhar Mahmood,Kings XI Punjab,3,24,20,5.0,1.8,7.218285714285715
598007,Azhar Mahmood,Kings XI Punjab,0,25,34,8.16,1.4,6.978285714285714
598014,Azhar Mahmood,Kings XI Punjab,0,24,23,5.75,1.4,6.496285714285714
598016,Azhar Mahmood,Kings XI Punjab,3,25,22,5.279999999999999,1.6,6.152285714285714
598021,Azhar Mahmood,Kings XI Punjab,1,24,36,9.0,1.4,6.638
598025,Azhar Mahmood,Kings XI Punjab,2,24,43,10.75,1.2,7.787999999999999
598028,Azhar Mahmood,Kings XI Punjab,0,24,41,10.25,1.2,8.206
598031,Azhar Mahmood,Kings XI Punjab,3,24,35,8.75,1.8,8.806000000000001
598037,Azhar Mahmood,Kings XI Punjab,0,24,33,8.25,1.2,9.4
598045,Azhar Mahmood,Kings XI Punjab,2,25,24,5.76,1.4,8.751999999999999
598066,Azhar Mahmood,Kings XI Punjab,2,24,24,6.0,1.4,7.802
829811,Azhar Mahmood,Kolkata Knight Riders,1,20,41,12.299999999999999,1.6,8.212
1426275,Azmatullah Omarzai,Gujarat Titans,0,12,13,6.5,0.8,8.472842105263158
1426278,Azmatullah Omarzai,Gujarat Titans,0,24,34,8.5,0.4,8.552842105263158
1426283,Azmatullah Omarzai,Gujarat Titans,0,12,22,11.0,0.4,8.794947368421052
336026,B Akhil,Royal Challengers Bangalore,1,20,22,6.6,0.6,8.14982456140351
336029,B Akhil,Royal Challengers Bangalore,0,6,4,4.0,0.2,7.6831578947368415
392194,B Akhil,Royal Challengers Bangalore,1,6,8,8.0,0.4,7.583157894736843
392221,B Akhil,Royal Challengers Bangalore,1,20,32,9.6,0.6,6.903157894736841
392224,B Akhil,Royal Challengers Bangalore,0,6,2,2.0,0.6,6.039999999999999
392232,B Akhil,Royal Challengers Bangalore,0,12,20,10.0,0.4,6.720000000000001
392236,B Akhil,Royal Challengers Bangalore,2,25,18,4.319999999999999,0.8,6.784000000000001
419164,B Akhil,Royal Challengers Bangalore,0,6,6,6.0,0.6,6.3839999999999995
501233,B Akhil,Kochi Tuskers Kerala,0,13,22,10.153846153846155,0.4,6.494769230769231
548308,B Kumar,Pune Warriors,0,12,13,6.5,0.6,6.1
548327,B Kumar,Pune Warriors,0,24,27,6.75,0.2,6.45
548330,B Kumar,Pune Warriors,0,19,37,11.68421052631579,0.2,7.186842105263158
548341,B Kumar,Pune Warriors,2,24,34,8.5,0.6,7.886842105263158
548348,B Kumar,Pune Warriors,1,24,28,7.0,0.6,8.086842105263157
548351,B Kumar,Pune Warriors,2,18,10,3.3333333333333335,1.0,7.453508771929824
548353,B Kumar,Pune Warriors,2,28,26,5.571428571428571,1.4,7.2177944862155385
548358,B Kumar,Pune Warriors,1,18,17,5.666666666666667,1.6,6.014285714285714
548362,B Kumar,Pune Warriors,0,25,44,10.559999999999999,1.2,6.426285714285714
548365,B Kumar,Pune Warriors,0,24,33,8.25,1.0,6.676285714285714
548375,B Kumar,Pune Warriors,1,24,24,6.0,0.8,7.209619047619047
598000,B Kumar,Pune Warriors,1,24,18,4.5,0.6,6.995333333333333
598003,B Kumar,Pune Warriors,0,12,16,8.0,0.4,7.462000000000001
598009,B Kumar,Pune Warriors,1,26,42,9.692307692307693,0.6,7.288461538461538
598011,B Kumar,Pune Warriors,0,12,16,8.0,0.6,7.2384615384615385
598015,B Kumar,Pune Warriors,2,25,12,2.88,0.8,6.614461538461539
598018,B Kumar,Pune Warriors,3,26,18,4.153846153846154,1.2,6.54523076923077
598025,B Kumar,Pune Warriors,1,24,32,8.0,1.4,6.54523076923077
598027,B Kumar,Pune Warriors,0,25,23,5.52,1.2,5.71076923076923
598035,B Kumar,Pune Warriors,0,28,31,6.642857142857142,1.2,5.43934065934066
598038,B Kumar,Pune Warriors,0,24,24,6.0,0.8,6.063340659340659
598042,B Kumar,Pune Warriors,0,19,20,6.315789473684211,0.2,6.495729323308271
598047,B Kumar,Pune Warriors,1,25,38,9.12,0.2,6.71972932330827
598053,B Kumar,Pune Warriors,3,25,27,6.4799999999999995,0.8,6.91172932330827
598055,B Kumar,Pune Warriors,0,14,12,5.142857142857142,0.8,6.61172932330827
598061,B Kumar,Pune Warriors,1,25,26,6.239999999999999,1.0,6.659729323308271
598067,B Kumar,Pune Warriors,0,25,26,6.239999999999999,1.0,6.644571428571427
729285,B Kumar,Sunrisers Hyderabad,1,21,23,6.571428571428571,1.0,6.134857142857142
729295,B Kumar,Sunrisers Hyderabad,3,24,19,4.75,1.0,5.788857142857142
729301,B Kumar,Sunrisers Hyderabad,0,25,41,9.84,1.0,6.728285714285714
729311,B Kumar,Sunrisers Hyderabad,2,24,25,6.25,1.2,6.7302857142857135
729317,B Kumar,Sunrisers Hyderabad,2,27,17,3.7777777777777777,1.6,6.23784126984127
733977,B Kumar,Sunrisers Hyderabad,2,25,16,3.84,1.8,5.6915555555555555
733989,B Kumar,Sunrisers Hyderabad,4,26,14,3.230769230769231,2.0,5.387709401709402
733993,B Kumar,Sunrisers Hyderabad,1,24,24,6.0,2.2,4.619709401709402
734001,B Kumar,Sunrisers Hyderabad,2,24,21,5.25,2.2,4.419709401709402
734007,B Kumar,Sunrisers Hyderabad,2,22,38,10.363636363636363,2.2,5.736881118881119
734015,B Kumar,Sunrisers Hyderabad,0,22,37,10.090909090909092,1.8,6.987062937062937
734021,B Kumar,Sunrisers Hyderabad,2,24,28,7.0,1.4,7.74090909090909
734029,B Kumar,Sunrisers Hyderabad,0,24,37,9.25,1.2,8.39090909090909
734037,B Kumar,Sunrisers Hyderabad,0,15,22,8.8,0.8,9.100909090909092
829711,B Kumar,Sunrisers Hyderabad,0,27,36,8.0,0.4,8.628181818181819
829719,B Kumar,Sunrisers Hyderabad,2,24,30,7.5,0.8,8.110000000000001
829727,B Kumar,Sunrisers Hyderabad,0,24,26,6.5,0.4,8.010000000000002
829731,B Kumar,Sunrisers Hyderabad,1,25,22,5.279999999999999,0.6,7.215999999999999
829743,B Kumar,Sunrisers Hyderabad,1,19,24,7.578947368421053,0.8,6.971789473684209
829751,B Kumar,Sunrisers Hyderabad,3,28,27,5.785714285714286,1.4,6.528932330827066
829759,B Kumar,Sunrisers Hyderabad,2,25,24,5.76,1.4,6.180932330827067
829773,B Kumar,Sunrisers Hyderabad,2,25,33,7.919999999999999,1.8,6.464932330827068
829781,B Kumar,Sunrisers Hyderabad,2,24,42,10.5,2.0,7.508932330827068
829787,B Kumar,Sunrisers Hyderabad,3,24,44,11.0,2.4,8.193142857142856
829793,B Kumar,Sunrisers Hyderabad,1,24,22,5.5,2.0,8.136
829799,B Kumar,Sunrisers Hyderabad,1,24,34,8.5,1.8,8.684000000000001
829807,B Kumar,Sunrisers Hyderabad,1,11,39,21.272727272727273,1.6,11.354545454545455
829815,B Kumar,Sunrisers Hyderabad,0,19,16,5.052631578947369,1.2,10.265071770334929
980907,B Kumar,Sunrisers Hyderabad,2,27,55,12.222222222222221,1.0,10.509516214779373
980915,B Kumar,Sunrisers Hyderabad,0,25,29,6.959999999999999,0.8,10.801516214779372
980923,B Kumar,Sunrisers Hyderabad,1,24,17,4.25,0.8,9.951516214779373
980929,B Kumar,Sunrisers Hyderabad,4,26,30,6.923076923076923,1.4,7.081586144849302
980935,B Kumar,Sunrisers Hyderabad,1,24,38,9.5,1.6,7.971059829059828
980943,B Kumar,Sunrisers Hyderabad,1,19,17,5.368421052631579,1.4,6.600299595141701
980953,B Kumar,Sunrisers Hyderabad,1,25,36,8.639999999999999,1.6,6.9362995951416995
980967,B Kumar,Sunrisers Hyderabad,2,24,28,7.0,1.8,7.486299595141699
980973,B Kumar,Sunrisers Hyderabad,1,19,23,7.2631578947368425,1.2,7.554315789473685
980979,B Kumar,Sunrisers Hyderabad,1,25,21,5.04,1.2,6.662315789473685
980983,B Kumar,Sunrisers Hyderabad,0,26,32,7.384615384615385,1.0,7.065554655870445
980991,B Kumar,Sunrisers Hyderabad,2,24,33,8.25,1.2,6.987554655870445
981003,B Kumar,Sunrisers Hyderabad,0,27,37,8.222222222222221,0.8,7.23199910031489
981009,B Kumar,Sunrisers Hyderabad,2,24,31,7.75,1.0,7.329367521367521
981015,B Kumar,Sunrisers Hyderabad,3,24,20,5.0,1.4,7.321367521367522
981017,B Kumar,Sunrisers Hyderabad,2,26,27,6.230769230769231,1.8,7.090598290598291
981019,B Kumar,Sunrisers Hyderabad,1,25,29,6.959999999999999,1.6,6.832598290598289
1082591,B Kumar,Sunrisers Hyderabad,2,25,28,6.72,2.0,6.532153846153847
1082596,B Kumar,Sunrisers Hyderabad,2,24,23,5.75,2.0,6.132153846153846
1082600,B Kumar,Sunrisers Hyderabad,3,24,23,5.75,2.0,6.282153846153846
1082604,B Kumar,Sunrisers Hyderabad,3,24,21,5.25,2.2,6.086
1082609,B Kumar,Sunrisers Hyderabad,5,25,20,4.8,3.0,5.654
1082611,B Kumar,Sunrisers Hyderabad,0,25,31,7.4399999999999995,2.6,5.798
1082615,B Kumar,Sunrisers Hyderabad,1,25,39,9.36,2.4,6.519999999999999
1082623,B Kumar,Sunrisers Hyderabad,2,24,29,7.25,2.2,6.8199999999999985
1082627,B Kumar,Sunrisers Hyderabad,2,24,30,7.5,2.0,7.269999999999999
1082630,B Kumar,Sunrisers Hyderabad,1,24,33,8.25,1.2,7.959999999999999
1082634,B Kumar,Sunrisers Hyderabad,1,26,39,9.0,1.4,8.272
1082638,B Kumar,Sunrisers Hyderabad,2,27,31,6.888888888888889,1.6,7.777777777777777
1082643,B Kumar,Sunrisers Hyderabad,2,21,26,7.428571428571429,1.6,7.813492063492063
1082648,B Kumar,Sunrisers Hyderabad,2,6,11,11.0,1.6,8.513492063492063
1136564,B Kumar,Sunrisers Hyderabad,2,27,30,6.666666666666667,1.8,8.196825396825398
1136570,B Kumar,Sunrisers Hyderabad,3,26,26,6.0,2.2,7.596825396825397
1136576,B Kumar,Sunrisers Hyderabad,1,25,25,6.0,2.0,7.419047619047619
1136580,B Kumar,Sunrisers Hyderabad,1,18,22,7.333333333333333,1.8,7.4
1136596,B Kumar,Sunrisers Hyderabad,0,24,33,8.25,1.4,6.85
1136599,B Kumar,Sunrisers Hyderabad,1,24,28,7.0,1.2,6.916666666666667
1136602,B Kumar,Sunrisers Hyderabad,1,25,52,12.479999999999999,0.8,8.212666666666667
1136606,B Kumar,Sunrisers Hyderabad,0,24,38,9.5,0.6,8.912666666666667
1136614,B Kumar,Sunrisers Hyderabad,0,25,33,7.919999999999999,0.4,9.03
1136617,B Kumar,Sunrisers Hyderabad,1,20,14,4.2,0.6,8.219999999999999
1136619,B Kumar,Sunrisers Hyderabad,0,24,39,9.75,0.4,8.77
1136620,B Kumar,Sunrisers Hyderabad,0,24,17,4.25,0.2,7.124
1175357,B Kumar,Sunrisers Hyderabad,0,24,37,9.25,0.2,7.074
1175363,B Kumar,Sunrisers Hyderabad,0,26,55,12.692307692307693,0.2,8.028461538461539
1175366,B Kumar,Sunrisers Hyderabad,0,18,25,8.333333333333334,0.0,8.855128205128205
1175371,B Kumar,Sunrisers Hyderabad,2,25,27,6.4799999999999995,0.4,8.201128205128205
1178394,B Kumar,Sunrisers Hyderabad,1,25,34,8.16,0.6,8.983128205128205
1178397,B Kumar,Sunrisers Hyderabad,0,24,25,6.25,0.6,8.383128205128205
1178405,B Kumar,Sunrisers Hyderabad,2,26,34,7.846153846153847,1.0,7.413897435897437
1178408,B Kumar,Sunrisers Hyderabad,0,24,22,5.5,1.0,6.8472307692307695
1178413,B Kumar,Sunrisers Hyderabad,2,25,35,8.399999999999999,1.0,7.231230769230768
1178416,B Kumar,Sunrisers Hyderabad,2,24,19,4.75,1.2,6.549230769230769
1178420,B Kumar,Sunrisers Hyderabad,0,25,23,5.52,1.2,6.403230769230769
1178423,B Kumar,Sunrisers Hyderabad,0,25,34,8.16,0.8,6.465999999999999
1178426,B Kumar,Sunrisers Hyderabad,1,25,29,6.959999999999999,1.0,6.758
1178429,B Kumar,Sunrisers Hyderabad,2,25,25,6.0,1.0,6.2780000000000005
1181766,B Kumar,Sunrisers Hyderabad,2,26,42,9.692307692307693,1.0,7.266461538461539
1216516,B Kumar,Sunrisers Hyderabad,1,19,20,6.315789473684211,1.2,7.4256194331983805
1216532,B Kumar,Sunrisers Hyderabad,2,25,26,6.239999999999999,1.6,7.04161943319838
1216534,B Kumar,Sunrisers Hyderabad,2,25,25,6.0,1.8,6.84961943319838
1216545,B Kumar,Sunrisers Hyderabad,0,19,29,9.157894736842106,1.4,7.4811983805668
1254060,B Kumar,Sunrisers Hyderabad,1,25,45,10.799999999999999,1.2,7.702736842105263
1254063,B Kumar,Sunrisers Hyderabad,1,25,31,7.4399999999999995,1.2,7.92757894736842
1254066,B Kumar,Sunrisers Hyderabad,0,24,45,11.25,0.8,8.929578947368421
1254071,B Kumar,Sunrisers Hyderabad,1,18,16,5.333333333333333,0.6,8.796245614035088
1254085,B Kumar,Sunrisers Hyderabad,0,25,37,8.879999999999999,0.6,8.740666666666666
1254091,B Kumar,Sunrisers Hyderabad,0,26,34,7.846153846153847,0.4,8.149897435897435
1254095,B Kumar,Sunrisers Hyderabad,1,24,25,6.25,0.4,7.911897435897435
1254100,B Kumar,Sunrisers Hyderabad,1,25,28,6.72,0.6,7.0058974358974355
1254105,B Kumar,Sunrisers Hyderabad,0,18,21,7.0,0.4,7.3392307692307694
1254107,B Kumar,Sunrisers Hyderabad,1,25,35,8.399999999999999,0.6,7.2432307692307685
1254109,B Kumar,Sunrisers Hyderabad,0,24,20,5.0,0.6,6.6739999999999995
1304051,B Kumar,Sunrisers Hyderabad,1,27,30,6.666666666666667,0.6,6.7573333333333325
1304058,B Kumar,Sunrisers Hyderabad,0,24,25,6.25,0.4,6.663333333333332
1304063,B Kumar,Sunrisers Hyderabad,1,28,36,7.7142857142857135,0.6,6.8061904761904755
1304067,B Kumar,Sunrisers Hyderabad,2,28,39,8.357142857142856,0.8,6.797619047619048
1304071,B Kumar,Sunrisers Hyderabad,1,25,40,9.6,1.0,7.717619047619047
1304074,B Kumar,Sunrisers Hyderabad,3,24,22,5.5,1.4,7.484285714285714
1304082,B Kumar,Sunrisers Hyderabad,1,13,8,3.6923076923076925,1.6,6.9727472527472525
1304086,B Kumar,Sunrisers Hyderabad,0,24,33,8.25,1.4,7.07989010989011
1304092,B Kumar,Sunrisers Hyderabad,0,24,24,6.0,1.0,6.608461538461538
1304096,B Kumar,Sunrisers Hyderabad,1,24,25,6.25,1.0,5.938461538461538
1304100,B Kumar,Sunrisers Hyderabad,0,24,35,8.75,0.4,6.588461538461539
1304107,B Kumar,Sunrisers Hyderabad,1,29,29,6.0,0.4,7.05
1304111,B Kumar,Sunrisers Hyderabad,2,24,26,6.5,0.8,6.7
1304116,B Kumar,Sunrisers Hyderabad,0,12,22,11.0,0.8,7.7
1359478,B Kumar,Sunrisers Hyderabad,0,19,36,11.368421052631579,0.6,8.723684210526315
1359484,B Kumar,Sunrisers Hyderabad,1,13,19,8.76923076923077,0.8,8.72753036437247
1359488,B Kumar,Sunrisers Hyderabad,1,27,34,7.555555555555555,0.8,9.038641475483582
1359493,B Kumar,Sunrisers Hyderabad,1,25,30,7.199999999999999,0.6,9.17864147548358
1359499,B Kumar,Sunrisers Hyderabad,1,24,31,7.75,0.8,8.52864147548358
1359503,B Kumar,Sunrisers Hyderabad,0,12,11,5.5,0.8,7.354957264957266
1359508,B Kumar,Sunrisers Hyderabad,4,24,13,3.25,1.4,6.25111111111111
1359514,B Kumar,Sunrisers Hyderabad,1,27,45,10.0,1.4,6.739999999999999
1359521,B Kumar,Sunrisers Hyderabad,1,25,33,7.919999999999999,1.4,6.884
1359526,B Kumar,Sunrisers Hyderabad,1,26,44,10.153846153846155,1.4,7.364769230769231
1359532,B Kumar,Sunrisers Hyderabad,0,24,31,7.75,1.4,7.814769230769231
1359536,B Kumar,Sunrisers Hyderabad,6,24,31,7.75,1.8,8.714769230769232
1359539,B Kumar,Sunrisers Hyderabad,1,25,48,11.52,1.8,9.018769230769232
1359543,B Kumar,Sunrisers Hyderabad,1,24,26,6.5,1.8,8.734769230769231
1422121,B Kumar,Sunrisers Hyderabad,0,27,51,11.333333333333334,1.6,8.970666666666666
1422126,B Kumar,Sunrisers Hyderabad,0,24,57,14.25,1.6,10.270666666666667
1422130,B Kumar,Sunrisers Hyderabad,0,25,27,6.4799999999999995,0.4,10.016666666666667
1422136,B Kumar,Sunrisers Hyderabad,1,24,28,7.0,0.4,9.112666666666666
1426261,B Kumar,Sunrisers Hyderabad,2,26,33,7.615384615384616,0.6,9.33574358974359
1426268,B Kumar,Sunrisers Hyderabad,0,28,60,12.857142857142856,0.6,9.640505494505494
1426273,B Kumar,Sunrisers Hyderabad,1,27,34,7.555555555555555,0.8,8.301616605616605
1426279,B Kumar,Sunrisers Hyderabad,0,6,14,14.0,0.8,9.805616605616605
1426284,B Kumar,Sunrisers Hyderabad,1,24,39,9.75,0.8,10.355616605616605
1426288,B Kumar,Sunrisers Hyderabad,3,24,41,10.25,1.0,10.882539682539683
1426293,B Kumar,Sunrisers Hyderabad,1,25,31,7.4399999999999995,1.2,9.799111111111111
1426295,B Kumar,Sunrisers Hyderabad,2,24,13,3.25,1.4,8.937999999999999
1426307,B Kumar,Sunrisers Hyderabad,0,24,37,9.25,1.4,7.9879999999999995
1426309,B Kumar,Sunrisers Hyderabad,0,18,32,10.666666666666666,1.2,8.171333333333333
1426311,B Kumar,Sunrisers Hyderabad,0,18,33,11.0,0.6,8.321333333333333
1426312,B Kumar,Sunrisers Hyderabad,0,13,25,11.53846153846154,0.4,9.14102564102564
1136571,B Laughlin,Rajasthan Royals,1,25,46,11.04,0.8,9.808
1136575,B Laughlin,Rajasthan Royals,0,24,37,9.25,0.6,10.172285714285714
1136577,B Laughlin,Rajasthan Royals,2,27,38,8.444444444444445,1.0,9.561174603174603
1136613,B Laughlin,Rajasthan Royals,2,12,15,7.5,1.4,9.346888888888888
1136618,B Laughlin,Rajasthan Royals,2,20,35,10.5,1.4,9.346888888888888
392216,B Lee,Kings XI Punjab,1,27,24,5.333333333333333,1.2,6.756205128205129
392222,B Lee,Kings XI Punjab,1,30,25,5.0,1.2,6.028205128205128
392226,B Lee,Kings XI Punjab,3,26,16,3.6923076923076925,1.6,5.105128205128205
392229,B Lee,Kings XI Punjab,1,26,32,7.384615384615385,1.4,6.082051282051282
392234,B Lee,Kings XI Punjab,0,24,16,4.0,1.2,5.082051282051282
419127,B Lee,Kings XI Punjab,0,25,43,10.319999999999999,1.0,6.079384615384615
419132,B Lee,Kings XI Punjab,0,17,24,8.470588235294118,0.8,6.773502262443439
419136,B Lee,Kings XI Punjab,0,25,48,11.52,0.2,8.339040723981899
419146,B Lee,Kings XI Punjab,0,24,39,9.75,0.0,8.812117647058823
501209,B Lee,Kolkata Knight Riders,0,26,31,7.153846153846154,0.0,9.442886877828053
501214,B Lee,Kolkata Knight Riders,1,15,12,4.8,0.2,8.338886877828056
501219,B Lee,Kolkata Knight Riders,1,25,34,8.16,0.4,8.27676923076923
501230,B Lee,Kolkata Knight Riders,2,27,24,5.333333333333333,0.8,7.039435897435898
501234,B Lee,Kolkata Knight Riders,1,25,27,6.4799999999999995,1.0,6.385435897435897
501239,B Lee,Kolkata Knight Riders,1,24,30,7.5,1.2,6.454666666666666
501242,B Lee,Kolkata Knight Riders,0,25,43,10.319999999999999,1.0,7.558666666666667
501245,B Lee,Kolkata Knight Riders,0,24,10,2.5,0.8,6.426666666666665
501255,B Lee,Kolkata Knight Riders,1,19,31,9.789473684210527,0.6,7.317894736842105
501262,B Lee,Kolkata Knight Riders,0,24,29,7.25,0.4,7.471894736842105
501267,B Lee,Kolkata Knight Riders,0,26,41,9.461538461538462,0.2,7.864202429149797
501269,B Lee,Kolkata Knight Riders,1,24,37,9.25,0.4,7.650202429149798
548307,B Lee,Kolkata Knight Riders,0,12,15,7.5,0.4,8.650202429149797
548312,B Lee,Kolkata Knight Riders,2,25,29,6.959999999999999,0.6,8.084307692307693
548315,B Lee,Kolkata Knight Riders,0,24,21,5.25,0.6,7.6843076923076925
548328,B Lee,Kolkata Knight Riders,2,25,27,6.4799999999999995,1.0,7.087999999999999
548335,B Lee,Kolkata Knight Riders,1,24,15,3.75,1.0,5.988
548344,B Lee,Kolkata Knight Riders,0,25,34,8.16,1.0,6.119999999999999
548347,B Lee,Kolkata Knight Riders,1,24,34,8.5,0.8,6.428
548357,B Lee,Kolkata Knight Riders,1,25,41,9.84,1.0,7.346000000000001
548363,B Lee,Kolkata Knight Riders,0,25,44,10.559999999999999,0.6,8.162
548381,B Lee,Kolkata Knight Riders,0,25,43,10.319999999999999,0.4,9.475999999999999
597998,B Lee,Kolkata Knight Riders,2,25,41,9.84,0.8,9.812000000000001
598005,B Lee,Kolkata Knight Riders,1,25,22,5.279999999999999,0.8,9.168000000000001
598040,B Lee,Kolkata Knight Riders,1,25,26,6.239999999999999,0.8,8.447999999999999
1136570,B Stanlake,Sunrisers Hyderabad,2,24,21,5.25,1.4,7.818
1136580,B Stanlake,Sunrisers Hyderabad,0,26,38,8.76923076923077,1.0,8.179846153846153
501248,BA Bhatt,Kings XI Punjab,1,25,39,9.36,1.0,7.815859649122807
501251,BA Bhatt,Kings XI Punjab,4,18,22,7.333333333333333,1.8,7.072
501254,BA Bhatt,Kings XI Punjab,0,26,36,8.307692307692308,1.4,7.400205128205128
501264,BA Bhatt,Kings XI Punjab,0,18,33,11.0,1.0,8.500205128205128
548323,BA Bhatt,Kings XI Punjab,2,24,28,7.0,1.4,8.600205128205129
548328,BA Bhatt,Kings XI Punjab,0,21,33,9.428571428571429,1.2,8.613919413919415
548334,BA Bhatt,Kings XI Punjab,0,18,33,11.0,0.4,9.347252747252748
548339,BA Bhatt,Kings XI Punjab,0,25,36,8.639999999999999,0.4,9.413714285714287
548343,BA Bhatt,Kings XI Punjab,1,12,13,6.5,0.6,8.513714285714286
598031,BA Bhatt,Kings XI Punjab,0,19,21,6.631578947368421,0.2,8.44003007518797
598059,BA Bhatt,Kings XI Punjab,1,12,11,5.5,0.4,7.654315789473683
1082607,BA Stokes,Rising Pune Supergiant,3,25,20,4.8,1.0,7.410842105263157
1082615,BA Stokes,Rising Pune Supergiant,0,12,19,9.5,0.8,7.582842105263157
1082618,BA Stokes,Rising Pune Supergiant,2,25,23,5.52,1.2,7.150842105263157
1082629,BA Stokes,Rising Pune Supergiant,0,24,37,9.25,1.0,6.950842105263158
1082631,BA Stokes,Rising Pune Supergiant,1,24,28,7.0,1.2,7.214
1082634,BA Stokes,Rising Pune Supergiant,3,25,30,7.199999999999999,1.2,7.694
1082642,BA Stokes,Rising Pune Supergiant,2,27,33,7.333333333333333,1.6,7.260666666666667
1082645,BA Stokes,Rising Pune Supergiant,1,19,10,3.1578947368421053,1.4,6.788245614035088
1136564,BA Stokes,Rajasthan Royals,0,13,21,9.692307692307693,1.4,6.876707152496627
1136571,BA Stokes,Rajasthan Royals,1,20,33,9.9,1.4,7.456707152496627
1136575,BA Stokes,Rajasthan Royals,0,19,25,7.894736842105264,0.8,7.595654520917679
1136577,BA Stokes,Rajasthan Royals,0,18,39,13.0,0.4,8.728987854251013
1136581,BA Stokes,Rajasthan Royals,0,19,31,9.789473684210527,0.2,10.055303643724697
1136588,BA Stokes,Rajasthan Royals,0,18,20,6.666666666666667,0.2,9.450175438596492
1136592,BA Stokes,Rajasthan Royals,0,20,29,8.7,0.0,9.21017543859649
1136598,BA Stokes,Rajasthan Royals,1,18,22,7.333333333333333,0.2,9.097894736842106
1136600,BA Stokes,Rajasthan Royals,1,12,13,6.5,0.4,7.797894736842106
1136603,BA Stokes,Rajasthan Royals,1,25,31,7.4399999999999995,0.6,7.328
1136607,BA Stokes,Rajasthan Royals,2,25,27,6.4799999999999995,1.0,7.290666666666667
1136609,BA Stokes,Rajasthan Royals,3,25,16,3.84,1.6,6.318666666666667
1175359,BA Stokes,Rajasthan Royals,2,27,53,11.777777777777779,1.8,7.2075555555555555
1175363,BA Stokes,Rajasthan Royals,1,18,41,13.666666666666666,1.8,8.64088888888889
1175367,BA Stokes,Rajasthan Royals,1,18,30,10.0,1.8,9.15288888888889
1175369,BA Stokes,Rajasthan Royals,0,18,29,9.666666666666666,1.4,9.790222222222223
1178396,BA Stokes,Rajasthan Royals,0,6,7,7.0,0.8,10.422222222222222
1178400,BA Stokes,Rajasthan Royals,2,22,40,10.90909090909091,0.8,10.248484848484848
1216507,BA Stokes,Rajasthan Royals,0,6,7,7.0,0.6,8.915151515151516
1216518,BA Stokes,Rajasthan Royals,0,13,25,11.53846153846154,0.4,9.222843822843824
1216530,BA Stokes,Rajasthan Royals,0,18,41,13.666666666666666,0.4,10.022843822843821
1216533,BA Stokes,Rajasthan Royals,0,18,29,9.666666666666666,0.4,10.556177156177156
1216537,BA Stokes,Rajasthan Royals,2,27,33,7.333333333333333,0.4,9.841025641025642
1216543,BA Stokes,Rajasthan Royals,0,14,24,10.285714285714285,0.4,10.4981684981685
1254061,BA Stokes,Rajasthan Royals,0,6,12,12.0,0.4,10.59047619047619
1359480,BA Stokes,Chennai Super Kings,0,6,18,18.0,0.4,11.457142857142856
392231,BAW Mendis,Kolkata Knight Riders,0,24,38,9.5,1.0,7.630413793103449
419144,BAW Mendis,Kolkata Knight Riders,2,25,23,5.52,1.2,7.5344137931034485
419148,BAW Mendis,Kolkata Knight Riders,0,25,45,10.799999999999999,0.8,8.122
598025,BAW Mendis,Pune Warriors,1,24,38,9.5,0.8,8.072
598042,BAW Mendis,Pune Warriors,0,24,25,6.25,0.6,8.314
598055,BAW Mendis,Pune Warriors,1,24,15,3.75,0.8,7.164
980935,BB Sran,Sunrisers Hyderabad,0,24,33,8.25,0.8,8.283626373626372
980953,BB Sran,Sunrisers Hyderabad,1,25,36,8.639999999999999,1.0,7.851626373626374
980967,BB Sran,Sunrisers Hyderabad,1,20,21,6.3,1.2,7.680857142857143
980973,BB Sran,Sunrisers Hyderabad,2,22,18,4.909090909090909,1.0,7.419818181818181
980979,BB Sran,Sunrisers Hyderabad,1,24,27,6.75,1.0,6.969818181818181
980983,BB Sran,Sunrisers Hyderabad,0,12,21,10.5,1.0,7.419818181818181
981003,BB Sran,Sunrisers Hyderabad,2,25,34,8.16,1.2,7.323818181818181
981009,BB Sran,Sunrisers Hyderabad,1,25,32,7.68,1.2,7.599818181818182
981015,BB Sran,Sunrisers Hyderabad,1,18,33,11.0,1.0,8.818000000000001
981017,BB Sran,Sunrisers Hyderabad,0,19,28,8.842105263157896,0.8,9.23642105263158
981019,BB Sran,Sunrisers Hyderabad,1,20,41,12.299999999999999,1.0,9.596421052631579
1082609,BB Sran,Sunrisers Hyderabad,0,13,29,13.384615384615385,0.6,10.641344129554657
1136572,BB Sran,Kings XI Punjab,1,28,38,8.142857142857142,0.6,10.733915558126084
1136576,BB Sran,Kings XI Punjab,1,28,22,4.714285714285714,0.6,9.476772700983227
1136578,BB Sran,Kings XI Punjab,2,26,50,11.53846153846154,1.0,10.016043956043955
1136582,BB Sran,Kings XI Punjab,1,27,45,10.0,1.0,9.556043956043956
1136585,BB Sran,Kings XI Punjab,0,19,28,8.842105263157896,1.0,8.647541931752459
1136604,BB Sran,Kings XI Punjab,1,18,48,16.0,1.0,10.21897050318103
1178422,BB Sran,Mumbai Indians,0,12,27,13.5,0.8,11.976113360323888
1178426,BB Sran,Mumbai Indians,0,13,24,11.076923076923078,0.4,11.883805668016194
981019,BCJ Cutting,Sunrisers Hyderabad,2,25,35,8.399999999999999,1.4,7.382380952380953
1082591,BCJ Cutting,Sunrisers Hyderabad,1,24,35,8.75,1.2,7.582380952380953
1082596,BCJ Cutting,Sunrisers Hyderabad,0,18,29,9.666666666666666,1.2,7.63
1082600,BCJ Cutting,Sunrisers Hyderabad,0,12,18,9.0,1.0,8.496666666666666
1082604,BCJ Cutting,Sunrisers Hyderabad,1,25,41,9.84,0.8,9.131333333333332
1136567,BCJ Cutting,Mumbai Indians,0,25,40,9.6,0.4,9.371333333333332
1136587,BCJ Cutting,Mumbai Indians,0,7,14,12.0,0.2,10.021333333333335
1136594,BCJ Cutting,Mumbai Indians,1,18,28,9.333333333333334,0.4,9.954666666666666
1136597,BCJ Cutting,Mumbai Indians,0,12,23,11.5,0.4,10.454666666666666
1136601,BCJ Cutting,Mumbai Indians,1,12,12,6.0,0.4,9.686666666666667
1136610,BCJ Cutting,Mumbai Indians,0,6,15,15.0,0.4,10.766666666666667
1136615,BCJ Cutting,Mumbai Indians,0,25,37,8.879999999999999,0.4,10.142666666666667
1175358,BCJ Cutting,Mumbai Indians,1,12,27,13.5,0.4,10.975999999999999
829799,BE Hendricks,Kings XI Punjab,3,27,40,8.88888888888889,1.8,9.744444444444444
829803,BE Hendricks,Kings XI Punjab,1,12,11,5.5,1.4,8.994444444444444
829809,BE Hendricks,Kings XI Punjab,1,19,25,7.894736842105264,1.4,9.10672514619883
392211,BJ Hodge,Kolkata Knight Riders,0,14,18,7.7142857142857135,1.2,7.476190476190476
392219,BJ Hodge,Kolkata Knight Riders,0,6,2,2.0,1.0,5.942857142857143
392228,BJ Hodge,Kolkata Knight Riders,1,18,24,8.0,0.6,6.042857142857143
392231,BJ Hodge,Kolkata Knight Riders,0,12,16,8.0,0.4,6.342857142857143
392233,BJ Hodge,Kolkata Knight Riders,0,6,22,22.0,0.2,9.542857142857143
419106,BJ Hodge,Kolkata Knight Riders,1,12,14,7.0,0.4,9.4
419109,BJ Hodge,Kolkata Knight Riders,0,6,11,11.0,0.4,11.2
419113,BJ Hodge,Kolkata Knight Riders,1,6,4,4.0,0.4,10.4
419118,BJ Hodge,Kolkata Knight Riders,0,6,12,12.0,0.4,11.2
501207,BJ Hodge,Kochi Tuskers Kerala,2,13,14,6.461538461538462,0.8,8.092307692307692
501254,BJ Hodge,Kochi Tuskers Kerala,0,12,26,13.0,0.6,9.292307692307691
501258,BJ Hodge,Kochi Tuskers Kerala,5,24,13,3.25,1.6,7.742307692307692
501261,BJ Hodge,Kochi Tuskers Kerala,1,18,24,8.0,1.6,8.542307692307691
548309,BJ Hodge,Rajasthan Royals,0,6,9,9.0,1.6,7.942307692307692
548326,BJ Hodge,Rajasthan Royals,1,6,13,13.0,1.4,9.25
598065,BJ Hodge,Rajasthan Royals,0,6,3,3.0,1.4,7.25
548368,BW Hilfenhaus,Chennai Super Kings,1,18,27,9.0,1.8,6.9461538461538455
548371,BW Hilfenhaus,Chennai Super Kings,1,24,21,5.25,1.8,6.4461538461538455
548379,BW Hilfenhaus,Chennai Super Kings,1,29,45,9.310344827586208,1.6,6.608222811671088
548380,BW Hilfenhaus,Chennai Super Kings,1,20,18,5.3999999999999995,1.4,7.038222811671088
548381,BW Hilfenhaus,Chennai Super Kings,2,26,26,6.0,1.2,6.992068965517241
729293,BW Hilfenhaus,Chennai Super Kings,1,12,9,4.5,1.2,6.0920689655172415
729297,BW Hilfenhaus,Chennai Super Kings,1,25,32,7.68,1.2,6.578068965517241
729303,BW Hilfenhaus,Chennai Super Kings,2,24,40,10.0,1.4,6.715999999999999
729311,BW Hilfenhaus,Chennai Super Kings,2,25,35,8.399999999999999,1.6,7.316
733971,BW Hilfenhaus,Chennai Super Kings,1,19,26,8.210526315789474,1.4,7.758105263157894
733981,BW Hilfenhaus,Chennai Super Kings,1,25,38,9.12,1.4,8.682105263157894
733987,BW Hilfenhaus,Chennai Super Kings,1,26,37,8.538461538461538,1.4,8.853797570850201
734023,BW Hilfenhaus,Chennai Super Kings,0,19,38,12.0,1.0,9.253797570850201
1082613,Basil Thampi,Gujarat Lions,2,24,44,11.0,0.6,8.581999999999999
1082616,Basil Thampi,Gujarat Lions,1,25,45,10.799999999999999,0.8,8.942
1082621,Basil Thampi,Gujarat Lions,1,25,34,8.16,1.0,9.174
1082625,Basil Thampi,Gujarat Lions,4,24,29,7.25,1.8,8.991999999999999
1082629,Basil Thampi,Gujarat Lions,2,25,35,8.399999999999999,2.0,9.121999999999998
1082632,Basil Thampi,Gujarat Lions,1,27,41,9.11111111111111,1.8,8.744222222222223
1082637,Basil Thampi,Gujarat Lions,1,24,48,12.0,1.8,8.984222222222222
1082640,Basil Thampi,Gujarat Lions,2,23,45,11.739130434782608,2.0,9.700048309178744
1136583,Basil Thampi,Sunrisers Hyderabad,2,11,4,2.181818181818182,1.6,8.68641194554238
1136585,Basil Thampi,Sunrisers Hyderabad,2,14,15,6.428571428571428,1.6,8.292126231256665
1136588,Basil Thampi,Sunrisers Hyderabad,1,12,26,13.0,1.6,9.069904009034442
1136611,Basil Thampi,Sunrisers Hyderabad,0,25,70,16.799999999999997,1.4,10.029904009034443
1178426,Basil Thampi,Sunrisers Hyderabad,0,25,44,10.559999999999999,1.0,9.794077922077921
1178429,Basil Thampi,Sunrisers Hyderabad,0,24,29,7.25,0.6,10.807714285714285
1181766,Basil Thampi,Sunrisers Hyderabad,0,24,42,10.5,0.2,11.622
1216512,Basil Thampi,Sunrisers Hyderabad,1,24,46,11.5,0.2,11.322
1304048,Basil Thampi,Mumbai Indians,3,27,39,8.666666666666666,0.8,9.695333333333334
1304055,Basil Thampi,Mumbai Indians,0,6,26,26.0,0.8,12.783333333333333
1304060,Basil Thampi,Mumbai Indians,0,18,15,5.0,0.8,12.333333333333332
1304064,Basil Thampi,Mumbai Indians,0,25,30,7.199999999999999,0.8,11.673333333333332
1304069,Basil Thampi,Mumbai Indians,2,26,48,11.076923076923078,1.0,11.588717948717948
501234,Bipul Sharma,Kings XI Punjab,0,14,9,3.8571428571428568,0.8,8.838095238095239
501237,Bipul Sharma,Kings XI Punjab,1,25,22,5.279999999999999,0.8,7.427428571428571
501251,Bipul Sharma,Kings XI Punjab,2,14,16,6.857142857142857,1.0,6.898857142857142
501254,Bipul Sharma,Kings XI Punjab,2,25,33,7.919999999999999,1.0,7.182857142857142
548309,Bipul Sharma,Kings XI Punjab,0,26,29,6.6923076923076925,1.0,6.121318681318681
548313,Bipul Sharma,Kings XI Punjab,0,16,42,15.75,1.0,8.49989010989011
548343,Bipul Sharma,Kings XI Punjab,0,6,11,11.0,0.8,9.64389010989011
598052,Bipul Sharma,Kings XI Punjab,1,24,21,5.25,0.6,9.322461538461539
829743,Bipul Sharma,Sunrisers Hyderabad,0,6,14,14.0,0.2,10.538461538461538
829781,Bipul Sharma,Sunrisers Hyderabad,2,24,23,5.75,0.6,10.35
829799,Bipul Sharma,Sunrisers Hyderabad,2,12,13,6.5,1.0,8.5
980923,Bipul Sharma,Sunrisers Hyderabad,1,24,40,10.0,1.2,8.3
980929,Bipul Sharma,Sunrisers Hyderabad,1,12,10,5.0,1.2,8.25
980943,Bipul Sharma,Sunrisers Hyderabad,0,6,17,17.0,1.2,8.85
981015,Bipul Sharma,Sunrisers Hyderabad,0,12,18,9.0,0.8,9.5
981017,Bipul Sharma,Sunrisers Hyderabad,2,18,21,7.0,0.8,9.6
981019,Bipul Sharma,Sunrisers Hyderabad,1,12,17,8.5,0.8,9.3
1082591,Bipul Sharma,Sunrisers Hyderabad,1,6,4,4.0,0.8,9.1
1082596,Bipul Sharma,Sunrisers Hyderabad,0,24,24,6.0,0.8,6.9
1082604,Bipul Sharma,Sunrisers Hyderabad,0,13,20,9.230769230769232,0.8,6.946153846153846
1082615,Bipul Sharma,Sunrisers Hyderabad,1,24,31,7.75,0.6,7.096153846153847
1082627,Bipul Sharma,Sunrisers Hyderabad,0,7,10,8.571428571428571,0.4,7.110439560439561
1082634,Bipul Sharma,Sunrisers Hyderabad,1,24,40,10.0,0.4,8.31043956043956
1082648,Bipul Sharma,Sunrisers Hyderabad,0,2,2,6.0,0.4,8.31043956043956
1359499,C Green,Mumbai Indians,1,25,32,7.68,0.6,9.493894736842105
1359505,C Green,Mumbai Indians,2,24,41,10.25,0.8,8.543894736842105
1359509,C Green,Mumbai Indians,0,12,39,19.5,0.8,11.180736842105263
1359516,C Green,Mumbai Indians,0,22,31,8.454545454545455,0.8,10.976909090909091
1359520,C Green,Mumbai Indians,0,12,15,7.5,0.6,10.67690909090909
1359523,C Green,Mumbai Indians,0,8,10,7.5,0.4,10.64090909090909
1359528,C Green,Mumbai Indians,1,12,15,7.5,0.2,10.09090909090909
1359531,C Green,Mumbai Indians,0,6,13,13.0,0.2,8.790909090909091
1359537,C Green,Mumbai Indians,1,12,17,8.5,0.4,8.8
1359543,C Green,Mumbai Indians,0,6,5,5.0,0.4,8.3
1370351,C Green,Mumbai Indians,1,18,15,5.0,0.6,7.8
1370352,C Green,Mumbai Indians,0,18,36,12.0,0.4,8.7
1422119,C Green,Royal Challengers Bengaluru,2,21,27,7.714285714285714,0.8,7.642857142857143
1422124,C Green,Royal Challengers Bengaluru,0,13,19,8.76923076923077,0.6,7.696703296703296
1422128,C Green,Royal Challengers Bengaluru,0,6,7,7.0,0.6,8.096703296703296
1422133,C Green,Royal Challengers Bengaluru,0,12,25,12.5,0.4,9.596703296703296
1422137,C Green,Royal Challengers Bengaluru,0,20,27,8.1,0.4,8.816703296703297
1426274,C Green,Royal Challengers Bengaluru,2,26,36,8.307692307692308,0.4,8.935384615384615
1426279,C Green,Royal Challengers Bengaluru,2,13,12,5.538461538461539,0.8,8.289230769230768
1426283,C Green,Royal Challengers Bengaluru,0,19,42,13.263157894736842,0.8,9.541862348178139
1426290,C Green,Royal Challengers Bengaluru,1,24,28,7.0,1.0,8.44186234817814
1426296,C Green,Royal Challengers Bengaluru,0,6,16,16.0,1.0,10.021862348178137
1426300,C Green,Royal Challengers Bengaluru,2,26,19,4.384615384615385,1.0,9.237246963562754
1426306,C Green,Royal Challengers Bengaluru,1,13,19,8.76923076923077,0.8,9.883400809716601
1426310,C Green,Royal Challengers Bengaluru,2,24,28,7.0,1.2,8.630769230769232
1254075,C Sakariya,Rajasthan Royals,1,29,32,6.620689655172415,1.4,7.967915708812261
1254081,C Sakariya,Rajasthan Royals,0,18,19,6.333333333333333,0.8,7.746582375478927
1254085,C Sakariya,Rajasthan Royals,0,25,38,9.12,0.8,7.920582375478927
1254089,C Sakariya,Rajasthan Royals,1,26,31,7.153846153846154,0.4,7.57357382847038
1254093,C Sakariya,Rajasthan Royals,1,20,36,10.799999999999999,0.6,8.00557382847038
1254097,C Sakariya,Rajasthan Royals,2,25,33,7.919999999999999,0.8,8.265435897435896
1254100,C Sakariya,Rajasthan Royals,1,28,32,6.857142857142857,1.0,8.370197802197803
1254103,C Sakariya,Rajasthan Royals,0,19,18,5.684210526315789,1.0,7.6830399074609605
1254106,C Sakariya,Rajasthan Royals,1,24,24,6.0,1.0,7.45227067669173
1254111,C Sakariya,Rajasthan Royals,1,19,31,9.789473684210527,1.0,7.250165413533834
1304087,C Sakariya,Delhi Capitals,1,18,20,6.666666666666667,0.8,6.999498746867168
1304091,C Sakariya,Delhi Capitals,0,26,44,10.153846153846155,0.6,7.658839406207828
1304104,C Sakariya,Delhi Capitals,2,27,23,5.111111111111111,1.0,7.544219523166893
1359477,C Sakariya,Delhi Capitals,2,27,53,11.777777777777779,1.2,8.699775078722448
1359541,C Sakariya,Delhi Capitals,1,28,36,7.7142857142857135,1.2,8.284737484737486
1082622,C de Grandhomme,Kolkata Knight Riders,0,6,15,15.0,0.8,8.651428571428571
1082631,C de Grandhomme,Kolkata Knight Riders,0,2,7,21.0,0.6,11.48
1082636,C de Grandhomme,Kolkata Knight Riders,0,12,15,7.5,0.6,10.580000000000002
1082639,C de Grandhomme,Kolkata Knight Riders,0,26,37,8.538461538461538,0.0,11.807692307692308
1082644,C de Grandhomme,Kolkata Knight Riders,0,14,16,6.857142857142857,0.0,11.779120879120878
1136591,C de Grandhomme,Royal Challengers Bangalore,1,19,29,9.157894736842106,0.2,10.6106998264893
1136595,C de Grandhomme,Royal Challengers Bangalore,1,24,18,4.5,0.4,7.310699826489301
1136599,C de Grandhomme,Royal Challengers Bangalore,0,7,8,6.857142857142857,0.4,7.182128397917872
1136605,C de Grandhomme,Royal Challengers Bangalore,0,6,12,12.0,0.4,7.874436090225563
1136608,C de Grandhomme,Royal Challengers Bangalore,1,14,8,3.4285714285714284,0.6,7.188721804511279
1136611,C de Grandhomme,Royal Challengers Bangalore,0,12,34,17.0,0.4,8.757142857142856
1136613,C de Grandhomme,Royal Challengers Bangalore,0,15,23,9.2,0.2,9.697142857142856
1175362,C de Grandhomme,Royal Challengers Bangalore,0,19,27,8.526315789473685,0.2,10.030977443609023
1175366,C de Grandhomme,Royal Challengers Bangalore,0,6,16,16.0,0.2,10.830977443609024
1178429,C de Grandhomme,Royal Challengers Bangalore,0,6,12,12.0,0.0,12.545263157894738
392199,CH Gayle,Kolkata Knight Riders,0,23,31,8.08695652173913,0.0,9.607134894091416
392203,CH Gayle,Kolkata Knight Riders,1,25,22,5.279999999999999,0.2,7.8631348940914165
392207,CH Gayle,Kolkata Knight Riders,0,18,21,7.0,0.2,7.396468227424748
419122,CH Gayle,Kolkata Knight Riders,0,26,31,7.153846153846154,0.2,7.904160535117057
419127,CH Gayle,Kolkata Knight Riders,1,20,23,6.8999999999999995,0.4,6.884160535117057
419131,CH Gayle,Kolkata Knight Riders,1,24,38,9.5,0.6,7.166769230769231
419135,CH Gayle,Kolkata Knight Riders,1,6,9,9.0,0.6,7.9107692307692306
419139,CH Gayle,Kolkata Knight Riders,0,6,17,17.0,0.6,9.91076923076923
419153,CH Gayle,Kolkata Knight Riders,1,20,35,10.5,0.8,10.58
501222,CH Gayle,Royal Challengers Bangalore,0,13,9,4.153846153846154,0.6,10.03076923076923
501227,CH Gayle,Royal Challengers Bangalore,0,12,20,10.0,0.4,10.13076923076923
501232,CH Gayle,Royal Challengers Bangalore,1,12,9,4.5,0.4,9.23076923076923
501244,CH Gayle,Royal Challengers Bangalore,3,24,21,5.25,1.0,6.88076923076923
501247,CH Gayle,Royal Challengers Bangalore,2,29,26,5.379310344827586,1.2,5.856631299734748
501252,CH Gayle,Royal Challengers Bangalore,1,20,23,6.8999999999999995,1.4,6.405862068965517
501255,CH Gayle,Royal Challengers Bangalore,0,6,11,11.0,1.4,6.605862068965517
501260,CH Gayle,Royal Challengers Bangalore,0,24,41,10.25,1.2,7.755862068965517
501266,CH Gayle,Royal Challengers Bangalore,0,18,31,10.333333333333334,0.6,8.772528735632184
501268,CH Gayle,Royal Challengers Bangalore,0,25,19,4.56,0.2,8.608666666666666
501270,CH Gayle,Royal Challengers Bangalore,0,18,11,3.6666666666666665,0.0,7.962000000000001
501271,CH Gayle,Royal Challengers Bangalore,2,24,41,10.25,0.4,7.812
548324,CH Gayle,Royal Challengers Bangalore,0,7,21,18.0,0.4,9.362
548356,CH Gayle,Royal Challengers Bangalore,0,6,6,6.0,0.4,8.495333333333333
548367,CH Gayle,Royal Challengers Bangalore,0,17,40,14.117647058823529,0.4,10.40686274509804
598027,CH Gayle,Royal Challengers Bangalore,2,6,5,5.0,0.8,10.673529411764706
598042,CH Gayle,Royal Challengers Bangalore,1,6,6,6.0,0.6,9.823529411764707
598054,CH Gayle,Royal Challengers Bangalore,0,6,8,8.0,0.6,7.823529411764706
598064,CH Gayle,Royal Challengers Bangalore,0,7,22,18.857142857142858,0.6,10.394957983193276
829813,CH Gayle,Royal Challengers Bangalore,0,13,16,7.384615384615385,0.6,9.048351648351648
980987,CH Gayle,Royal Challengers Bangalore,0,13,3,1.3846153846153848,0.2,8.325274725274726
980999,CH Gayle,Royal Challengers Bangalore,0,18,26,8.666666666666666,0.0,8.858608058608059
981011,CH Gayle,Royal Challengers Bangalore,2,14,12,5.142857142857142,0.4,8.287179487179488
981019,CH Gayle,Royal Challengers Bangalore,0,20,24,7.199999999999999,0.4,5.955750915750916
1216506,CH Gayle,Kings XI Punjab,0,5,5,6.0,0.4,5.678827838827838
598022,CH Morris,Chennai Super Kings,1,18,13,4.333333333333333,1.8,6.866666666666667
598026,CH Morris,Chennai Super Kings,0,19,32,10.105263157894738,1.4,7.487719298245613
598030,CH Morris,Chennai Super Kings,0,18,24,8.0,0.8,7.087719298245614
598034,CH Morris,Chennai Super Kings,1,18,30,10.0,0.6,7.6877192982456135
598038,CH Morris,Chennai Super Kings,2,19,21,6.631578947368421,0.8,7.814035087719299
598041,CH Morris,Chennai Super Kings,0,18,31,10.333333333333334,0.6,9.014035087719298
598046,CH Morris,Chennai Super Kings,0,20,14,4.2,0.6,7.83298245614035
598051,CH Morris,Chennai Super Kings,1,13,24,11.076923076923078,0.8,8.448367071524967
598058,CH Morris,Chennai Super Kings,1,24,36,9.0,0.8,8.248367071524967
598068,CH Morris,Chennai Super Kings,0,13,24,11.076923076923078,0.4,9.137435897435896
598070,CH Morris,Chennai Super Kings,1,19,27,8.526315789473685,0.6,8.776032388663968
598073,CH Morris,Chennai Super Kings,2,25,25,6.0,1.0,9.136032388663967
829709,CH Morris,Rajasthan Royals,0,25,21,5.04,0.8,7.928647773279353
829715,CH Morris,Rajasthan Royals,2,26,36,8.307692307692308,1.0,7.790186234817814
829721,CH Morris,Rajasthan Royals,1,24,36,9.0,1.2,7.374801619433198
829727,CH Morris,Rajasthan Royals,0,18,23,7.666666666666667,1.0,7.202871794871794
829735,CH Morris,Rajasthan Royals,1,24,19,4.75,0.8,6.952871794871794
829741,CH Morris,Rajasthan Royals,3,32,49,9.1875,1.4,7.782371794871795
829749,CH Morris,Rajasthan Royals,0,18,24,8.0,1.0,7.720833333333334
829787,CH Morris,Rajasthan Royals,0,27,42,9.333333333333334,0.8,7.7875
829797,CH Morris,Rajasthan Royals,3,25,19,4.56,1.4,7.166166666666666
829811,CH Morris,Rajasthan Royals,4,26,24,5.538461538461539,2.0,7.323858974358974
829819,CH Morris,Rajasthan Royals,1,25,43,10.319999999999999,1.6,7.550358974358974
980903,CH Morris,Delhi Daredevils,0,25,21,5.04,1.6,6.958358974358974
980913,CH Morris,Delhi Daredevils,1,25,20,4.8,1.8,6.051692307692307
980921,CH Morris,Delhi Daredevils,0,24,30,7.5,1.2,6.639692307692307
980933,CH Morris,Delhi Daredevils,2,25,27,6.4799999999999995,0.8,6.8279999999999985
980945,CH Morris,Delhi Daredevils,2,25,35,8.399999999999999,1.0,6.444
980951,CH Morris,Delhi Daredevils,2,18,20,6.666666666666667,1.4,6.769333333333333
980961,CH Morris,Delhi Daredevils,1,25,33,7.919999999999999,1.4,7.3933333333333335
980971,CH Morris,Delhi Daredevils,2,25,35,8.399999999999999,1.8,7.573333333333332
980983,CH Morris,Delhi Daredevils,2,25,19,4.56,1.8,7.189333333333333
980993,CH Morris,Delhi Daredevils,2,24,36,9.0,1.8,7.309333333333333
980997,CH Morris,Delhi Daredevils,1,14,13,5.571428571428571,1.6,7.090285714285713
981011,CH Morris,Delhi Daredevils,1,19,31,9.789473684210527,1.6,7.464180451127819
1082595,CH Morris,Delhi Daredevils,3,24,22,5.5,1.8,6.88418045112782
1082599,CH Morris,Delhi Daredevils,1,13,19,8.76923076923077,1.6,7.726026604973974
1082605,CH Morris,Delhi Daredevils,3,25,23,5.52,1.8,7.0300266049739735
1082608,CH Morris,Delhi Daredevils,1,24,30,7.5,1.8,7.41574089068826
1082611,CH Morris,Delhi Daredevils,4,24,26,6.5,2.4,6.757846153846154
1082614,CH Morris,Delhi Daredevils,2,25,33,7.919999999999999,2.2,7.241846153846154
1082622,CH Morris,Delhi Daredevils,0,18,39,13.0,2.0,8.088
1082626,CH Morris,Delhi Daredevils,0,12,13,6.5,1.4,8.284
1082630,CH Morris,Delhi Daredevils,0,24,36,9.0,1.2,8.584
1136562,CH Morris,Delhi Daredevils,1,18,25,8.333333333333334,0.6,8.950666666666667
1136566,CH Morris,Delhi Daredevils,0,18,35,11.666666666666666,0.2,9.7
1136573,CH Morris,Delhi Daredevils,2,25,45,10.799999999999999,0.6,9.26
1136579,CH Morris,Delhi Daredevils,0,26,43,9.923076923076923,0.6,9.944615384615386
1175365,CH Morris,Delhi Capitals,1,24,39,9.75,0.8,10.094615384615384
1175368,CH Morris,Delhi Capitals,3,25,30,7.199999999999999,1.2,9.867948717948718
1175371,CH Morris,Delhi Capitals,0,18,30,10.0,1.2,9.534615384615384
1178395,CH Morris,Delhi Capitals,2,26,28,6.461538461538462,1.2,8.666923076923078
1178401,CH Morris,Delhi Capitals,2,25,38,9.12,1.6,8.506307692307692
1178405,CH Morris,Delhi Capitals,3,18,22,7.333333333333333,2.0,8.022974358974357
1178409,CH Morris,Delhi Capitals,0,19,39,12.31578947368421,1.4,9.046132253711201
1178415,CH Morris,Delhi Capitals,1,25,41,9.84,1.6,9.014132253711201
1178425,CH Morris,Delhi Capitals,1,26,47,10.846153846153847,1.4,9.891055330634277
1216494,CH Morris,Royal Challengers Bangalore,1,25,17,4.08,1.2,8.883055330634278
1216499,CH Morris,Royal Challengers Bangalore,1,25,36,8.639999999999999,0.8,9.144388663967613
1216502,CH Morris,Royal Challengers Bangalore,0,16,19,7.125,0.8,8.106230769230768
1216505,CH Morris,Royal Challengers Bangalore,0,12,20,10.0,0.6,8.13823076923077
1216522,CH Morris,Royal Challengers Bangalore,4,28,26,5.571428571428571,1.2,7.083285714285713
1216525,CH Morris,Royal Challengers Bangalore,3,24,19,4.75,1.6,7.217285714285714
1216531,CH Morris,Royal Challengers Bangalore,0,27,22,4.888888888888889,1.4,6.467063492063493
1216540,CH Morris,Royal Challengers Bangalore,2,24,17,4.25,1.8,5.8920634920634924
1216544,CH Morris,Royal Challengers Bangalore,1,23,36,9.391304347826086,2.0,5.77032436162871
1254061,CH Morris,Rajasthan Royals,2,25,41,9.84,1.6,6.624038647342995
1254064,CH Morris,Rajasthan Royals,1,19,27,8.526315789473685,1.2,7.379301805237732
1254069,CH Morris,Rajasthan Royals,2,26,34,7.846153846153847,1.6,7.970754796690723
1254073,CH Morris,Rajasthan Royals,0,18,38,12.666666666666666,1.2,9.654088130024055
1254075,CH Morris,Rajasthan Royals,5,25,23,5.52,2.0,8.879827260458839
1254081,CH Morris,Rajasthan Royals,2,24,42,10.5,2.0,9.01182726045884
1254085,CH Morris,Rajasthan Royals,3,27,29,6.444444444444445,2.4,8.59545299145299
1254100,CH Morris,Rajasthan Royals,0,18,31,10.333333333333334,2.0,9.09288888888889
1254103,CH Morris,Rajasthan Royals,1,24,50,12.5,2.2,9.059555555555557
1254106,CH Morris,Rajasthan Royals,1,27,34,7.555555555555555,1.4,9.466666666666667
1254111,CH Morris,Rajasthan Royals,0,29,47,9.724137931034484,1.0,9.311494252873564
733973,CJ Anderson,Mumbai Indians,1,13,17,7.846153846153847,0.8,10.46923076923077
733995,CJ Anderson,Mumbai Indians,0,6,12,12.0,0.8,10.669230769230769
734001,CJ Anderson,Mumbai Indians,0,14,17,7.285714285714286,0.8,9.826373626373627
734041,CJ Anderson,Mumbai Indians,0,12,15,7.5,0.6,9.626373626373626
734045,CJ Anderson,Mumbai Indians,0,19,36,11.368421052631579,0.2,9.20005783689994
829705,CJ Anderson,Mumbai Indians,1,12,21,10.5,0.2,9.730827067669173
829721,CJ Anderson,Mumbai Indians,0,12,12,6.0,0.2,8.530827067669174
1082599,CJ Anderson,Delhi Daredevils,0,6,10,10.0,0.2,9.073684210526315
1082605,CJ Anderson,Delhi Daredevils,1,18,23,7.666666666666667,0.4,9.10701754385965
1082622,CJ Anderson,Delhi Daredevils,1,17,27,9.529411764705882,0.6,8.73921568627451
1082632,CJ Anderson,Delhi Daredevils,1,22,36,9.818181818181818,0.6,8.602852049910874
1082635,CJ Anderson,Delhi Daredevils,1,13,29,13.384615384615385,0.8,10.079775126833951
1082640,CJ Anderson,Delhi Daredevils,0,13,19,8.76923076923077,0.8,9.833621280680106
1082642,CJ Anderson,Delhi Daredevils,0,6,5,5.0,0.6,9.30028794734677
1082646,CJ Anderson,Delhi Daredevils,0,26,38,8.76923076923077,0.4,9.148251748251749
1136574,CJ Anderson,Royal Challengers Bangalore,3,26,47,10.846153846153847,0.8,9.353846153846154
1136579,CJ Anderson,Royal Challengers Bangalore,1,6,11,11.0,0.8,8.876923076923077
1136584,CJ Anderson,Royal Challengers Bangalore,1,24,59,14.75,1.0,10.073076923076922
980995,CJ Jordan,Royal Challengers Bangalore,0,19,22,6.947368421052632,1.2,8.78375939849624
980999,CJ Jordan,Royal Challengers Bangalore,0,6,12,12.0,0.8,9.119759398496239
981011,CJ Jordan,Royal Challengers Bangalore,1,13,10,4.615384615384616,1.0,7.546836321573164
981013,CJ Jordan,Royal Challengers Bangalore,3,26,31,7.153846153846154,1.6,6.863319838056681
981019,CJ Jordan,Royal Challengers Bangalore,3,26,47,10.846153846153847,1.4,8.31255060728745
1082648,CJ Jordan,Sunrisers Hyderabad,1,7,10,8.571428571428571,1.6,8.637362637362639
1136576,CJ Jordan,Sunrisers Hyderabad,0,25,35,8.399999999999999,1.6,7.917362637362638
1216493,CJ Jordan,Kings XI Punjab,1,28,56,12.0,1.6,9.394285714285713
1216498,CJ Jordan,Kings XI Punjab,3,26,17,3.9230769230769234,1.6,8.748131868131868
1216506,CJ Jordan,Kings XI Punjab,1,18,31,10.333333333333334,1.2,8.645567765567765
1216513,CJ Jordan,Kings XI Punjab,0,18,42,14.0,1.0,9.73128205128205
1216517,CJ Jordan,Kings XI Punjab,2,26,43,9.923076923076923,1.4,10.035897435897436
1216520,CJ Jordan,Kings XI Punjab,2,26,27,6.230769230769231,1.6,8.882051282051282
1216523,CJ Jordan,Kings XI Punjab,1,25,38,9.12,1.2,9.921435897435899
1216531,CJ Jordan,Kings XI Punjab,1,20,21,6.3,1.2,9.11476923076923
1216537,CJ Jordan,Kings XI Punjab,1,23,45,11.739130434782608,1.4,8.662595317725751
1254078,CJ Jordan,Punjab Kings,0,18,28,9.333333333333334,1.0,8.544646599777034
1254083,CJ Jordan,Punjab Kings,1,25,34,8.16,0.8,8.930492753623188
1254086,CJ Jordan,Punjab Kings,1,12,21,10.5,0.8,9.20649275362319
1254094,CJ Jordan,Punjab Kings,2,19,20,6.315789473684211,1.0,9.20965064836003
1304057,CJ Jordan,Chennai Super Kings,3,25,23,5.52,1.4,7.965824561403508
1304063,CJ Jordan,Chennai Super Kings,0,19,34,10.736842105263158,1.4,8.246526315789474
1304068,CJ Jordan,Chennai Super Kings,0,12,20,10.0,1.2,8.614526315789472
1304075,CJ Jordan,Chennai Super Kings,0,24,59,14.75,1.0,9.464526315789474
1359528,CJ Jordan,Mumbai Indians,1,25,48,11.52,0.8,10.505368421052632
1359531,CJ Jordan,Mumbai Indians,0,24,36,9.0,0.2,11.201368421052631
1359537,CJ Jordan,Mumbai Indians,0,26,50,11.53846153846154,0.2,11.361692307692309
1359543,CJ Jordan,Mumbai Indians,1,25,44,10.559999999999999,0.4,11.473692307692307
1370351,CJ Jordan,Mumbai Indians,1,12,7,3.5,0.6,9.223692307692307
1370352,CJ Jordan,Mumbai Indians,0,28,56,12.0,0.4,9.319692307692307
501252,CK Langeveldt,Royal Challengers Bangalore,1,25,26,6.239999999999999,1.8,6.861859649122808
501255,CK Langeveldt,Royal Challengers Bangalore,2,18,15,5.0,1.6,7.141859649122807
501260,CK Langeveldt,Royal Challengers Bangalore,2,27,51,11.333333333333334,1.6,8.07519298245614
598000,CL White,Sunrisers Hyderabad,0,6,2,2.0,0.0,10.87142857142857
598048,CL White,Sunrisers Hyderabad,1,6,14,14.0,0.2,9.557142857142857
980965,CR Brathwaite,Delhi Daredevils,0,12,17,8.5,1.0,8.434615384615384
980971,CR Brathwaite,Delhi Daredevils,0,12,20,10.0,1.0,9.419230769230769
981003,CR Brathwaite,Delhi Daredevils,3,25,27,6.4799999999999995,1.4,9.06523076923077
981011,CR Brathwaite,Delhi Daredevils,1,19,18,5.684210526315789,1.4,8.302072874493927
1082595,CR Brathwaite,Delhi Daredevils,0,13,29,13.384615384615385,0.8,8.809765182186235
1082640,CR Brathwaite,Delhi Daredevils,1,25,38,9.12,1.0,8.933765182186235
1136614,CR Brathwaite,Sunrisers Hyderabad,2,17,22,7.764705882352941,1.4,8.486706358656823
1136617,CR Brathwaite,Sunrisers Hyderabad,1,19,32,10.105263157894738,1.0,9.21175899023577
1136619,CR Brathwaite,Sunrisers Hyderabad,2,12,15,7.5,1.2,9.574916884972613
1136620,CR Brathwaite,Sunrisers Hyderabad,1,16,27,10.125,1.4,8.922993808049535
1178401,CR Brathwaite,Kolkata Knight Riders,0,6,13,13.0,1.2,9.698993808049536
1178418,CR Brathwaite,Kolkata Knight Riders,0,15,16,6.4,0.8,9.426052631578948
1082608,CR Woakes,Kolkata Knight Riders,1,24,32,8.0,1.2,9.565079365079365
1082613,CR Woakes,Kolkata Knight Riders,1,12,20,10.0,1.4,9.165079365079364
1082617,CR Woakes,Kolkata Knight Riders,3,13,6,2.7692307692307696,1.8,8.176068376068375
1082620,CR Woakes,Kolkata Knight Riders,0,19,38,12.0,1.4,8.776068376068377
1082622,CR Woakes,Kolkata Knight Riders,0,18,20,6.666666666666667,1.0,7.887179487179488
1082627,CR Woakes,Kolkata Knight Riders,2,25,46,11.04,1.2,8.495179487179488
1082631,CR Woakes,Kolkata Knight Riders,3,24,19,4.75,1.6,7.445179487179487
1082636,CR Woakes,Kolkata Knight Riders,1,25,39,9.36,1.2,8.763333333333332
1082639,CR Woakes,Kolkata Knight Riders,2,25,21,5.04,1.6,7.371333333333332
1136563,CR Woakes,Royal Challengers Bangalore,3,26,36,8.307692307692308,2.2,7.699538461538461
1136568,CR Woakes,Royal Challengers Bangalore,2,23,36,9.391304347826086,2.2,7.369799331103678
1136571,CR Woakes,Royal Challengers Bangalore,2,26,48,11.076923076923078,2.0,8.635183946488294
1136574,CR Woakes,Royal Challengers Bangalore,1,19,31,9.789473684210527,2.0,8.7210786833304
1136579,CR Woakes,Royal Challengers Bangalore,0,24,45,11.25,1.6,9.9630786833304
1254059,CR Woakes,Delhi Capitals,2,18,19,6.333333333333333,1.4,9.568206888458606
1254064,CR Woakes,Delhi Capitals,2,24,23,5.75,1.4,8.83994601889339
1254068,CR Woakes,Delhi Capitals,1,25,43,10.319999999999999,1.2,8.688561403508771
336036,CRD Fernando,Mumbai Indians,2,27,29,6.444444444444445,2.4,7.691350427350427
419152,CRD Fernando,Mumbai Indians,2,25,33,7.919999999999999,2.6,7.336888888888889
419157,CRD Fernando,Mumbai Indians,2,24,25,6.25,2.0,7.722888888888889
419161,CRD Fernando,Mumbai Indians,0,20,31,9.299999999999999,1.4,7.7828888888888885
419162,CRD Fernando,Mumbai Indians,1,26,28,6.461538461538462,1.4,7.27519658119658
419165,CRD Fernando,Mumbai Indians,2,26,25,5.76923076923077,1.4,7.140153846153846
1216504,CV Varun,Kolkata Knight Riders,2,24,25,6.25,1.8,7.343333333333334
1216512,CV Varun,Kolkata Knight Riders,1,24,32,8.0,1.8,6.610000000000001
1216515,CV Varun,Kolkata Knight Riders,1,24,49,12.25,2.0,7.659999999999999
1216520,CV Varun,Kolkata Knight Riders,1,24,34,8.5,1.2,8.4
1216523,CV Varun,Kolkata Knight Riders,0,24,27,6.75,1.0,8.35
1216526,CV Varun,Kolkata Knight Riders,1,24,23,5.75,0.8,8.25
1216530,CV Varun,Kolkata Knight Riders,2,24,20,5.0,1.0,7.65
1216536,CV Varun,Kolkata Knight Riders,2,24,20,5.0,1.2,6.2
1216540,CV Varun,Kolkata Knight Riders,0,24,26,6.5,1.0,5.8
1216545,CV Varun,Kolkata Knight Riders,1,24,25,6.25,1.2,5.7
1254060,CV Varun,Kolkata Knight Riders,0,24,38,9.5,1.0,6.45
1254062,CV Varun,Kolkata Knight Riders,1,25,27,6.4799999999999995,0.8,6.7459999999999996
1254067,CV Varun,Kolkata Knight Riders,2,25,39,9.36,0.8,7.618
1254072,CV Varun,Kolkata Knight Riders,1,24,27,6.75,1.0,7.668000000000001
1254075,CV Varun,Kolkata Knight Riders,2,24,32,8.0,1.2,8.018
1254078,CV Varun,Kolkata Knight Riders,1,24,24,6.0,1.4,7.3180000000000005
1254082,CV Varun,Kolkata Knight Riders,0,26,34,7.846153846153847,1.2,7.591230769230769
1254087,CV Varun,Kolkata Knight Riders,4,24,13,3.25,1.6,6.36923076923077
1254092,CV Varun,Kolkata Knight Riders,0,25,25,6.0,1.4,6.219230769230769
1254096,CV Varun,Kolkata Knight Riders,0,25,22,5.279999999999999,1.0,5.67523076923077
1254098,CV Varun,Kolkata Knight Riders,2,24,23,5.75,1.2,5.62523076923077
1254102,CV Varun,Kolkata Knight Riders,2,24,25,6.25,1.6,5.306
1254106,CV Varun,Kolkata Knight Riders,1,24,14,3.5,1.0,5.356
1254109,CV Varun,Kolkata Knight Riders,2,24,28,7.0,1.4,5.556
1254115,CV Varun,Kolkata Knight Riders,0,24,21,5.25,1.4,5.55
1254116,CV Varun,Kolkata Knight Riders,2,25,26,6.239999999999999,1.4,5.648
1254117,CV Varun,Kolkata Knight Riders,0,25,38,9.12,1.0,6.2219999999999995
1304047,CV Varun,Kolkata Knight Riders,1,25,23,5.52,1.0,6.6259999999999994
1304052,CV Varun,Kolkata Knight Riders,1,25,34,8.16,0.8,6.858
1304054,CV Varun,Kolkata Knight Riders,0,26,14,3.230769230769231,0.8,6.454153846153846
1304060,CV Varun,Kolkata Knight Riders,1,24,32,8.0,0.6,6.806153846153846
1304065,CV Varun,Kolkata Knight Riders,1,26,48,11.076923076923078,0.8,7.197538461538462
1304071,CV Varun,Kolkata Knight Riders,0,18,45,15.0,0.6,9.093538461538461
1304076,CV Varun,Kolkata Knight Riders,0,13,30,13.846153846153847,0.4,10.23076923076923
1304081,CV Varun,Kolkata Knight Riders,0,20,26,7.8,0.4,11.144615384615385
1304102,CV Varun,Kolkata Knight Riders,1,18,23,7.666666666666667,0.4,11.077948717948718
1304107,CV Varun,Kolkata Knight Riders,1,25,25,6.0,0.4,10.062564102564103
1304112,CV Varun,Kolkata Knight Riders,0,25,38,9.12,0.4,8.886564102564103
1359476,CV Varun,Kolkata Knight Riders,1,25,27,6.4799999999999995,0.6,7.413333333333332
1359483,CV Varun,Kolkata Knight Riders,4,22,16,4.363636363636364,1.4,6.7260606060606065
1359487,CV Varun,Kolkata Knight Riders,0,13,27,12.461538461538462,1.2,7.685034965034966
1359493,CV Varun,Kolkata Knight Riders,1,25,41,9.84,1.2,8.453034965034965
1359496,CV Varun,Kolkata Knight Riders,1,25,38,9.12,1.4,8.453034965034965
1359502,CV Varun,Kolkata Knight Riders,2,24,17,4.25,1.6,8.007034965034965
1359507,CV Varun,Kolkata Knight Riders,1,24,49,12.25,1.0,9.584307692307693
1359510,CV Varun,Kolkata Knight Riders,3,24,27,6.75,1.6,8.441999999999998
1359513,CV Varun,Kolkata Knight Riders,0,24,47,11.75,1.4,8.824000000000002
1359521,CV Varun,Kolkata Knight Riders,1,24,24,6.0,1.4,8.2
1359527,CV Varun,Kolkata Knight Riders,3,25,26,6.239999999999999,1.6,8.598
1359530,CV Varun,Kolkata Knight Riders,0,19,28,8.842105263157896,1.4,7.91642105263158
1359535,CV Varun,Kolkata Knight Riders,2,25,36,8.639999999999999,1.2,8.29442105263158
1359542,CV Varun,Kolkata Knight Riders,1,24,42,10.5,1.4,8.04442105263158
1422121,CV Varun,Kolkata Knight Riders,1,24,55,13.75,1.4,9.59442105263158
1422128,CV Varun,Kolkata Knight Riders,0,12,20,10.0,0.8,10.34642105263158
1422134,CV Varun,Kolkata Knight Riders,3,27,38,8.444444444444445,1.4,10.26688888888889
1426260,CV Varun,Kolkata Knight Riders,0,24,28,7.0,1.0,9.93888888888889
1426266,CV Varun,Kolkata Knight Riders,1,26,30,6.923076923076923,1.0,9.223504273504275
1426269,CV Varun,Kolkata Knight Riders,2,25,36,8.639999999999999,1.2,8.201504273504273
1426274,CV Varun,Kolkata Knight Riders,1,24,36,9.0,1.4,8.001504273504274
1426280,CV Varun,Kolkata Knight Riders,0,18,46,15.333333333333334,0.8,9.379282051282052
1426285,CV Varun,Kolkata Knight Riders,3,24,16,4.0,1.4,8.779282051282053
1426289,CV Varun,Kolkata Knight Riders,2,24,22,5.5,1.6,8.494666666666669
1426292,CV Varun,Kolkata Knight Riders,3,18,30,10.0,1.8,8.76666666666667
1426298,CV Varun,Kolkata Knight Riders,2,25,18,4.319999999999999,2.0,7.8306666666666676
1426309,CV Varun,Kolkata Knight Riders,2,26,26,6.0,2.4,5.964
1426312,CV Varun,Kolkata Knight Riders,1,12,10,5.0,2.0,6.164000000000001
1304092,D Pretorius,Chennai Super Kings,1,25,41,9.84,1.0,8.726485958485958
1304095,D Pretorius,Chennai Super Kings,2,20,42,12.6,1.0,9.824263736263735
1359486,D Pretorius,Chennai Super Kings,0,28,29,6.2142857142857135,0.6,9.738549450549451
336033,D Salunkhe,Rajasthan Royals,0,7,15,12.857142857142856,0.2,9.821245421245422
829771,D Wiese,Royal Challengers Bangalore,1,12,20,10.0,1.8,8.362571428571428
829779,D Wiese,Royal Challengers Bangalore,2,24,29,7.25,1.4,8.084571428571428
829785,D Wiese,Royal Challengers Bangalore,0,6,4,4.0,1.2,6.628571428571428
829795,D Wiese,Royal Challengers Bangalore,0,25,38,9.12,1.2,7.102571428571428
829803,D Wiese,Royal Challengers Bangalore,1,12,17,8.5,0.8,7.773999999999999
829807,D Wiese,Royal Challengers Bangalore,2,13,20,9.230769230769232,1.0,7.620153846153846
829813,D Wiese,Royal Challengers Bangalore,0,24,39,9.75,0.6,8.120153846153846
829819,D Wiese,Royal Challengers Bangalore,2,25,32,7.68,1.0,8.856153846153846
829821,D Wiese,Royal Challengers Bangalore,1,26,33,7.615384615384616,1.2,8.55523076923077
980921,D Wiese,Royal Challengers Bangalore,0,27,49,10.88888888888889,1.0,9.033008547008547
1359507,D Wiese,Kolkata Knight Riders,0,18,38,12.666666666666666,0.6,9.720188034188034
419155,DE Bollinger,Chennai Super Kings,2,25,24,5.76,1.4,6.560923076923077
419159,DE Bollinger,Chennai Super Kings,0,25,39,9.36,1.0,7.555999999999999
419163,DE Bollinger,Chennai Super Kings,4,24,14,3.5,1.6,6.383999999999999
419165,DE Bollinger,Chennai Super Kings,2,24,31,7.75,2.0,6.074
501215,DE Bollinger,Chennai Super Kings,1,18,19,6.333333333333333,1.8,6.540666666666667
501221,DE Bollinger,Chennai Super Kings,2,26,32,7.384615384615385,1.8,6.865589743589744
501226,DE Bollinger,Chennai Super Kings,3,25,22,5.279999999999999,2.4,6.049589743589744
501228,DE Bollinger,Chennai Super Kings,3,25,21,5.04,2.2,6.3575897435897435
501236,DE Bollinger,Chennai Super Kings,3,24,26,6.5,2.4,6.1075897435897435
501240,DE Bollinger,Chennai Super Kings,0,25,29,6.959999999999999,2.2,6.232923076923076
501245,DE Bollinger,Chennai Super Kings,0,6,6,6.0,1.8,5.956
501249,DE Bollinger,Chennai Super Kings,3,25,22,5.279999999999999,1.8,5.9559999999999995
501253,DE Bollinger,Chennai Super Kings,1,24,39,9.75,1.4,6.897999999999999
501261,DE Bollinger,Chennai Super Kings,2,27,39,8.666666666666666,1.2,7.331333333333333
501266,DE Bollinger,Chennai Super Kings,0,25,34,8.16,1.2,7.571333333333333
501268,DE Bollinger,Chennai Super Kings,1,25,26,6.239999999999999,1.4,7.619333333333333
501271,DE Bollinger,Chennai Super Kings,1,19,28,8.842105263157896,1.0,8.33175438596491
548306,DE Bollinger,Chennai Super Kings,2,24,35,8.75,1.2,8.131754385964912
548311,DE Bollinger,Chennai Super Kings,2,15,21,8.4,1.2,8.07842105263158
548316,DE Bollinger,Chennai Super Kings,0,12,18,9.0,1.2,8.246421052631579
548318,DE Bollinger,Chennai Super Kings,4,19,24,7.578947368421053,1.8,8.51421052631579
548330,DE Bollinger,Chennai Super Kings,1,18,31,10.333333333333334,1.8,8.812456140350879
548332,DE Bollinger,Chennai Super Kings,1,25,31,7.4399999999999995,1.6,8.550456140350878
1422135,DG Nalkande,Gujarat Titans,1,6,7,7.0,0.8,9.444094852515907
1422139,DG Nalkande,Gujarat Titans,2,12,21,10.5,0.8,9.207252747252747
336004,DJ Bravo,Mumbai Indians,1,18,29,9.666666666666666,0.4,9.750175438596491
336008,DJ Bravo,Mumbai Indians,2,18,14,4.666666666666667,0.8,8.346666666666668
336018,DJ Bravo,Mumbai Indians,2,24,38,9.5,1.2,8.446666666666667
336021,DJ Bravo,Mumbai Indians,2,19,14,4.421052631578948,1.6,6.850877192982456
336024,DJ Bravo,Mumbai Indians,3,25,24,5.76,2.0,6.802877192982455
392181,DJ Bravo,Mumbai Indians,1,25,27,6.4799999999999995,2.0,6.165543859649123
392192,DJ Bravo,Mumbai Indians,3,25,35,8.399999999999999,2.2,6.912210526315789
392197,DJ Bravo,Mumbai Indians,2,19,31,9.789473684210527,2.2,6.970105263157895
392200,DJ Bravo,Mumbai Indians,2,20,24,7.199999999999999,2.2,7.525894736842105
392208,DJ Bravo,Mumbai Indians,0,19,32,10.105263157894738,1.6,8.394947368421054
392212,DJ Bravo,Mumbai Indians,1,18,17,5.666666666666667,1.6,8.232280701754387
392215,DJ Bravo,Mumbai Indians,0,6,2,2.0,1.0,6.952280701754387
392218,DJ Bravo,Mumbai Indians,1,25,27,6.4799999999999995,0.8,6.29038596491228
392222,DJ Bravo,Mumbai Indians,2,14,17,7.285714285714286,0.8,6.307528822055138
392225,DJ Bravo,Mumbai Indians,1,20,30,9.0,1.0,6.086476190476191
392227,DJ Bravo,Mumbai Indians,1,20,23,6.8999999999999995,1.0,6.333142857142857
419114,DJ Bravo,Mumbai Indians,2,12,12,6.0,1.4,7.1331428571428575
419119,DJ Bravo,Mumbai Indians,0,19,35,11.052631578947368,1.2,8.04766917293233
419122,DJ Bravo,Mumbai Indians,0,26,37,8.538461538461538,0.8,8.298218623481782
419125,DJ Bravo,Mumbai Indians,0,24,43,10.75,0.6,8.648218623481782
419130,DJ Bravo,Mumbai Indians,0,12,16,8.0,0.4,8.868218623481782
419132,DJ Bravo,Mumbai Indians,1,18,22,7.333333333333333,0.2,9.134885290148448
419138,DJ Bravo,Mumbai Indians,1,12,12,6.0,0.4,8.124358974358973
419142,DJ Bravo,Mumbai Indians,1,13,21,9.692307692307693,0.6,8.355128205128205
419152,DJ Bravo,Mumbai Indians,0,13,26,12.0,0.6,8.605128205128205
419161,DJ Bravo,Mumbai Indians,0,13,7,3.230769230769231,0.6,7.651282051282051
501249,DJ Bravo,Chennai Super Kings,1,25,36,8.639999999999999,0.6,7.912615384615384
501253,DJ Bravo,Chennai Super Kings,2,20,21,6.3,0.8,7.972615384615385
501261,DJ Bravo,Chennai Super Kings,1,26,36,8.307692307692308,0.8,7.695692307692307
501266,DJ Bravo,Chennai Super Kings,0,25,21,5.04,0.8,6.303692307692307
501268,DJ Bravo,Chennai Super Kings,1,21,29,8.285714285714286,1.0,7.314681318681319
501271,DJ Bravo,Chennai Super Kings,1,12,16,8.0,1.0,7.186681318681319
548306,DJ Bravo,Chennai Super Kings,1,19,16,5.052631578947369,0.8,6.937207634470792
548311,DJ Bravo,Chennai Super Kings,0,6,10,10.0,0.6,7.27566917293233
548316,DJ Bravo,Chennai Super Kings,0,6,5,5.0,0.6,7.267669172932332
548318,DJ Bravo,Chennai Super Kings,0,25,30,7.199999999999999,0.4,7.050526315789474
548322,DJ Bravo,Chennai Super Kings,0,19,31,9.789473684210527,0.2,7.408421052631579
548330,DJ Bravo,Chennai Super Kings,2,25,30,7.199999999999999,0.4,7.837894736842105
548332,DJ Bravo,Chennai Super Kings,0,18,32,10.666666666666666,0.4,7.971228070175438
548343,DJ Bravo,Chennai Super Kings,3,25,28,6.72,1.0,8.315228070175438
548347,DJ Bravo,Chennai Super Kings,2,24,29,7.25,1.4,8.325228070175438
548352,DJ Bravo,Chennai Super Kings,2,25,35,8.399999999999999,1.8,8.047333333333333
548355,DJ Bravo,Chennai Super Kings,3,26,39,9.0,2.0,8.407333333333332
548361,DJ Bravo,Chennai Super Kings,0,20,39,11.7,2.0,8.613999999999999
548364,DJ Bravo,Chennai Super Kings,0,26,22,5.0769230769230775,1.4,8.285384615384615
548368,DJ Bravo,Chennai Super Kings,1,19,23,7.2631578947368425,1.2,8.288016194331984
548371,DJ Bravo,Chennai Super Kings,2,18,18,6.0,1.2,7.808016194331984
548379,DJ Bravo,Chennai Super Kings,2,18,11,3.6666666666666665,1.0,6.741349527665316
548380,DJ Bravo,Chennai Super Kings,1,20,25,7.5,1.2,5.901349527665317
548381,DJ Bravo,Chennai Super Kings,1,24,49,12.25,1.4,7.335964912280701
598002,DJ Bravo,Chennai Super Kings,2,26,44,10.153846153846155,1.6,7.914102564102565
598007,DJ Bravo,Chennai Super Kings,3,26,27,6.230769230769231,1.8,7.96025641025641
598012,DJ Bravo,Chennai Super Kings,1,28,33,7.071428571428571,1.6,8.641208791208793
598015,DJ Bravo,Chennai Super Kings,2,25,35,8.399999999999999,1.8,8.82120879120879
598020,DJ Bravo,Chennai Super Kings,1,9,8,5.333333333333333,1.8,7.4378754578754585
598022,DJ Bravo,Chennai Super Kings,2,12,14,7.0,1.8,6.807106227106227
598026,DJ Bravo,Chennai Super Kings,2,26,37,8.538461538461538,1.6,7.268644688644687
598030,DJ Bravo,Chennai Super Kings,2,24,37,9.25,1.8,7.704358974358973
598034,DJ Bravo,Chennai Super Kings,2,27,38,8.444444444444445,1.8,7.713247863247863
598038,DJ Bravo,Chennai Super Kings,1,25,18,4.319999999999999,1.8,7.510581196581197
598041,DJ Bravo,Chennai Super Kings,3,24,35,8.75,2.0,7.8605811965811965
598046,DJ Bravo,Chennai Super Kings,1,19,19,6.0,1.8,7.352888888888889
598051,DJ Bravo,Chennai Super Kings,1,24,25,6.25,1.6,6.752888888888888
598058,DJ Bravo,Chennai Super Kings,1,18,35,11.666666666666666,1.4,7.397333333333333
598062,DJ Bravo,Chennai Super Kings,2,24,23,5.75,1.6,7.683333333333333
598068,DJ Bravo,Chennai Super Kings,1,12,26,13.0,1.2,8.533333333333333
598070,DJ Bravo,Chennai Super Kings,3,18,9,3.0,1.6,7.933333333333333
598073,DJ Bravo,Chennai Super Kings,4,25,42,10.08,2.2,8.699333333333334
829707,DJ Bravo,Chennai Super Kings,2,26,36,8.307692307692308,2.4,8.027538461538462
829711,DJ Bravo,Chennai Super Kings,2,26,26,6.0,2.4,8.077538461538463
829723,DJ Bravo,Chennai Super Kings,0,12,27,13.5,2.2,8.177538461538463
829729,DJ Bravo,Chennai Super Kings,2,24,33,8.25,2.0,9.227538461538462
829735,DJ Bravo,Chennai Super Kings,1,14,30,12.857142857142856,1.4,9.782967032967033
829745,DJ Bravo,Chennai Super Kings,1,18,29,9.666666666666666,1.2,10.054761904761904
829753,DJ Bravo,Chennai Super Kings,0,18,15,5.0,0.8,9.854761904761904
829765,DJ Bravo,Chennai Super Kings,3,18,23,7.666666666666667,1.4,8.688095238095238
829773,DJ Bravo,Chennai Super Kings,3,24,25,6.25,1.6,8.288095238095238
829779,DJ Bravo,Chennai Super Kings,3,22,18,4.909090909090909,2.0,6.698484848484848
829789,DJ Bravo,Chennai Super Kings,1,14,16,6.857142857142857,2.0,6.1365800865800875
829797,DJ Bravo,Chennai Super Kings,2,25,43,10.319999999999999,2.4,7.200580086580087
829809,DJ Bravo,Chennai Super Kings,1,12,20,10.0,2.0,7.6672467532467525
829817,DJ Bravo,Chennai Super Kings,3,27,40,8.88888888888889,2.0,8.195024531024531
829821,DJ Bravo,Chennai Super Kings,2,20,21,6.3,1.8,8.473206349206347
829823,DJ Bravo,Chennai Super Kings,2,24,40,10.0,2.0,9.101777777777778
980905,DJ Bravo,Gujarat Lions,4,25,22,5.279999999999999,2.4,8.093777777777778
980911,DJ Bravo,Gujarat Lions,1,24,43,10.75,2.4,8.243777777777778
980917,DJ Bravo,Gujarat Lions,2,25,39,9.36,2.2,8.338
980929,DJ Bravo,Gujarat Lions,0,18,27,9.0,1.8,8.878
980937,DJ Bravo,Gujarat Lions,0,26,43,9.923076923076923,1.4,8.862615384615385
980945,DJ Bravo,Gujarat Lions,1,25,40,9.6,0.8,9.726615384615384
980949,DJ Bravo,Gujarat Lions,2,25,40,9.6,1.0,9.496615384615385
980955,DJ Bravo,Gujarat Lions,2,24,33,8.25,1.0,9.274615384615384
980967,DJ Bravo,Gujarat Lions,2,18,14,4.666666666666667,1.4,8.407948717948717
980975,DJ Bravo,Gujarat Lions,0,25,39,9.36,1.4,8.295333333333334
980987,DJ Bravo,Gujarat Lions,0,19,46,14.526315789473685,1.2,9.28059649122807
981001,DJ Bravo,Gujarat Lions,1,25,29,6.959999999999999,1.0,8.75259649122807
981007,DJ Bravo,Gujarat Lions,2,26,25,5.76923076923077,1.0,8.256442645074223
981013,DJ Bravo,Gujarat Lions,0,19,30,9.473684210526317,0.6,9.217846153846153
981017,DJ Bravo,Gujarat Lions,2,24,32,8.0,1.0,8.945846153846153
1136561,DJ Bravo,Chennai Super Kings,0,24,26,6.5,1.0,7.340582995951417
1136565,DJ Bravo,Chennai Super Kings,0,18,50,16.666666666666668,0.8,9.281916329284751
1136572,DJ Bravo,Chennai Super Kings,1,24,37,9.25,0.6,9.978070175438598
1136577,DJ Bravo,Chennai Super Kings,2,14,16,6.857142857142857,1.0,9.454761904761906
1136580,DJ Bravo,Chennai Super Kings,1,18,37,12.333333333333334,0.8,10.321428571428571
1136584,DJ Bravo,Chennai Super Kings,4,25,33,7.919999999999999,1.6,10.605428571428572
1136587,DJ Bravo,Chennai Super Kings,1,19,22,6.947368421052632,1.8,8.661568922305765
1136590,DJ Bravo,Chennai Super Kings,0,19,43,13.578947368421053,1.6,9.527358395989975
1136593,DJ Bravo,Chennai Super Kings,0,12,23,11.5,1.2,10.455929824561403
1136595,DJ Bravo,Chennai Super Kings,1,12,17,8.5,1.2,9.689263157894738
1136603,DJ Bravo,Chennai Super Kings,2,23,31,8.08695652173913,0.8,9.722654462242563
1136606,DJ Bravo,Chennai Super Kings,1,26,39,9.0,0.8,10.133180778032036
1136612,DJ Bravo,Chennai Super Kings,0,26,53,12.230769230769232,0.8,9.863545150501672
1136616,DJ Bravo,Chennai Super Kings,2,24,40,10.0,1.2,9.563545150501673
1136617,DJ Bravo,Chennai Super Kings,2,28,25,5.357142857142857,1.4,8.934973721930245
1136620,DJ Bravo,Chennai Super Kings,1,26,46,10.615384615384617,1.2,9.44065934065934
1175356,DJ Bravo,Chennai Super Kings,1,1,0,0.0,1.2,7.640659340659342
1175360,DJ Bravo,Chennai Super Kings,3,26,33,7.615384615384616,1.8,6.717582417582418
1175367,DJ Bravo,Chennai Super Kings,2,26,33,7.615384615384616,1.8,6.240659340659342
1175370,DJ Bravo,Chennai Super Kings,1,26,49,11.307692307692308,1.6,7.430769230769232
1178414,DJ Bravo,Chennai Super Kings,2,24,34,8.5,1.8,7.007692307692308
1178416,DJ Bravo,Chennai Super Kings,0,25,35,8.399999999999999,1.6,8.687692307692307
1178419,DJ Bravo,Chennai Super Kings,0,26,35,8.076923076923077,1.0,8.780000000000001
1178425,DJ Bravo,Chennai Super Kings,1,18,18,6.0,0.8,8.456923076923076
1178430,DJ Bravo,Chennai Super Kings,0,28,31,6.642857142857142,0.6,7.523956043956043
1181764,DJ Bravo,Chennai Super Kings,0,18,25,8.333333333333334,0.2,7.490622710622711
1181767,DJ Bravo,Chennai Super Kings,2,26,19,4.384615384615385,0.6,6.687545787545787
1181768,DJ Bravo,Chennai Super Kings,1,19,24,7.578947368421053,0.8,6.587950645845384
1216501,DJ Bravo,Chennai Super Kings,4,26,37,8.538461538461538,1.4,7.095642953537691
1216509,DJ Bravo,Chennai Super Kings,1,19,23,7.2631578947368425,1.6,7.219703103913631
1216513,DJ Bravo,Chennai Super Kings,0,26,38,8.76923076923077,1.6,7.3068825910931166
1216516,DJ Bravo,Chennai Super Kings,0,26,28,6.461538461538462,1.2,7.722267206477733
1216525,DJ Bravo,Chennai Super Kings,0,20,29,8.7,1.0,7.9464777327935225
1216528,DJ Bravo,Chennai Super Kings,2,18,25,8.333333333333334,0.6,7.905452091767882
1254059,DJ Bravo,Chennai Super Kings,1,25,28,6.72,0.6,7.796820512820513
1254065,DJ Bravo,Chennai Super Kings,1,12,10,5.0,0.8,7.04297435897436
1254069,DJ Bravo,Chennai Super Kings,1,23,29,7.565217391304348,1.0,7.263710144927536
1254076,DJ Bravo,Chennai Super Kings,1,12,19,9.5,1.2,7.423710144927536
1254091,DJ Bravo,Chennai Super Kings,2,27,17,3.7777777777777777,1.2,6.512599033816424
1254094,DJ Bravo,Chennai Super Kings,0,14,32,13.714285714285714,1.0,7.911456176673568
1254104,DJ Bravo,Chennai Super Kings,3,26,25,5.76923076923077,1.4,8.065302330519723
1254110,DJ Bravo,Chennai Super Kings,1,13,20,9.230769230769232,1.4,8.398412698412697
1254113,DJ Bravo,Chennai Super Kings,3,25,24,5.76,1.8,7.650412698412699
1254114,DJ Bravo,Chennai Super Kings,1,20,31,9.299999999999999,1.6,8.754857142857144
1254117,DJ Bravo,Chennai Super Kings,1,24,29,7.25,1.8,7.462000000000001
1304047,DJ Bravo,Chennai Super Kings,3,24,20,5.0,1.8,7.308153846153846
1304053,DJ Bravo,Chennai Super Kings,1,27,36,8.0,1.8,7.061999999999999
1304057,DJ Bravo,Chennai Super Kings,1,20,32,9.6,1.4,7.83
1304063,DJ Bravo,Chennai Super Kings,1,19,29,9.157894736842106,1.4,7.801578947368421
1304068,DJ Bravo,Chennai Super Kings,1,31,42,8.129032258064516,1.4,7.977385398981324
1304075,DJ Bravo,Chennai Super Kings,3,24,23,5.75,1.4,8.127385398981325
1304079,DJ Bravo,Chennai Super Kings,2,26,38,8.76923076923077,1.6,8.281231552827478
1304084,DJ Bravo,Chennai Super Kings,3,28,42,9.0,2.0,8.161231552827479
1304101,DJ Bravo,Chennai Super Kings,2,17,25,8.823529411764705,2.2,8.094358487811999
1304105,DJ Bravo,Chennai Super Kings,0,13,16,7.384615384615385,2.0,7.945475113122171
829741,DJ Hooda,Rajasthan Royals,1,18,35,11.666666666666666,0.2,6.912820512820514
829749,DJ Hooda,Rajasthan Royals,0,1,4,24.0,0.2,10.77948717948718
829787,DJ Hooda,Rajasthan Royals,0,19,35,11.052631578947368,0.2,12.390013495276653
980929,DJ Hooda,Sunrisers Hyderabad,1,18,22,7.333333333333333,0.4,12.841295546558703
980935,DJ Hooda,Sunrisers Hyderabad,0,26,30,6.923076923076923,0.4,12.195141700404857
980983,DJ Hooda,Sunrisers Hyderabad,0,6,5,5.0,0.2,10.861808367071525
981003,DJ Hooda,Sunrisers Hyderabad,0,12,16,8.0,0.2,7.661808367071525
981009,DJ Hooda,Sunrisers Hyderabad,2,12,16,8.0,0.6,7.051282051282051
981015,DJ Hooda,Sunrisers Hyderabad,0,6,8,8.0,0.4,7.184615384615384
1082591,DJ Hooda,Sunrisers Hyderabad,1,6,7,7.0,0.6,7.2
1082600,DJ Hooda,Sunrisers Hyderabad,1,12,18,9.0,0.8,8.0
1082623,DJ Hooda,Sunrisers Hyderabad,0,6,17,17.0,0.8,9.8
1136576,DJ Hooda,Sunrisers Hyderabad,0,13,17,7.846153846153847,0.4,9.76923076923077
1136580,DJ Hooda,Sunrisers Hyderabad,0,6,8,8.0,0.4,9.76923076923077
1178405,DJ Hooda,Sunrisers Hyderabad,0,6,8,8.0,0.2,9.96923076923077
1181766,DJ Hooda,Sunrisers Hyderabad,1,7,13,11.142857142857142,0.2,10.397802197802198
1216517,DJ Hooda,Kings XI Punjab,0,6,10,10.0,0.2,8.997802197802198
1254068,DJ Hooda,Punjab Kings,0,12,18,9.0,0.2,9.228571428571428
1254071,DJ Hooda,Punjab Kings,0,24,22,5.5,0.2,8.728571428571428
1254074,DJ Hooda,Punjab Kings,1,18,15,5.0,0.4,8.128571428571428
1254078,DJ Hooda,Punjab Kings,1,12,20,10.0,0.4,7.9
1254083,DJ Hooda,Punjab Kings,0,6,13,13.0,0.4,8.5
1254086,DJ Hooda,Punjab Kings,0,12,11,5.5,0.4,7.8
1254111,DJ Hooda,Punjab Kings,0,12,37,18.5,0.4,10.4
1304050,DJ Hooda,Lucknow Super Giants,1,18,31,10.333333333333334,0.4,11.466666666666667
1304053,DJ Hooda,Lucknow Super Giants,0,6,12,12.0,0.2,11.866666666666667
1359484,DJ Hooda,Lucknow Super Giants,0,6,8,8.0,0.2,10.866666666666667
1426286,DJ Hooda,Lucknow Super Giants,0,12,13,6.5,0.2,11.066666666666666
1426302,DJ Hooda,Lucknow Super Giants,0,7,9,7.7142857142857135,0.2,8.90952380952381
336035,DJ Hussey,Kolkata Knight Riders,0,24,36,9.0,0.6,10.410526315789474
392221,DJ Hussey,Kolkata Knight Riders,0,6,10,10.0,0.4,10.2
392228,DJ Hussey,Kolkata Knight Riders,0,6,6,6.0,0.4,9.4
392231,DJ Hussey,Kolkata Knight Riders,1,13,18,8.307692307692308,0.6,8.461538461538462
419127,DJ Hussey,Kolkata Knight Riders,0,6,7,7.0,0.2,8.061538461538461
419131,DJ Hussey,Kolkata Knight Riders,0,24,24,6.0,0.2,7.461538461538462
419139,DJ Hussey,Kolkata Knight Riders,0,6,13,13.0,0.2,8.061538461538461
419153,DJ Hussey,Kolkata Knight Riders,0,12,23,11.5,0.2,9.161538461538461
419161,DJ Hussey,Kolkata Knight Riders,0,12,14,7.0,0.0,8.9
501223,DJ Hussey,Kings XI Punjab,1,6,19,19.0,0.2,11.3
501234,DJ Hussey,Kings XI Punjab,0,12,19,9.5,0.2,12.0
548334,DJ Hussey,Kings XI Punjab,0,6,12,12.0,0.2,11.8
548343,DJ Hussey,Kings XI Punjab,1,6,5,5.0,0.4,10.5
548350,DJ Hussey,Kings XI Punjab,0,12,10,5.0,0.4,10.1
548359,DJ Hussey,Kings XI Punjab,2,6,2,2.0,0.6,6.7
548366,DJ Hussey,Kings XI Punjab,0,7,15,12.857142857142856,0.6,7.371428571428571
548371,DJ Hussey,Kings XI Punjab,0,18,23,7.666666666666667,0.6,6.504761904761905
598016,DJ Hussey,Kings XI Punjab,0,6,14,14.0,0.4,8.304761904761904
598037,DJ Hussey,Kings XI Punjab,0,13,32,14.76923076923077,0.4,10.258608058608058
598041,DJ Hussey,Kings XI Punjab,0,25,31,7.4399999999999995,0.0,11.346608058608059
598059,DJ Hussey,Kings XI Punjab,0,24,16,4.0,0.0,9.575179487179486
734013,DJ Hussey,Chennai Super Kings,2,18,38,12.666666666666666,0.4,10.575179487179486
829747,DJ Muthuswami,Delhi Daredevils,1,12,7,3.5,0.8,7.2
829757,DJ Muthuswami,Delhi Daredevils,0,6,14,14.0,0.6,8.533333333333333
1304052,DJ Willey,Royal Challengers Bangalore,0,12,8,4.0,0.4,8.572666666666667
1304059,DJ Willey,Royal Challengers Bangalore,1,24,31,7.75,0.4,8.872666666666666
1304064,DJ Willey,Royal Challengers Bangalore,0,12,8,4.0,0.2,7.416666666666666
1359483,DJ Willey,Royal Challengers Bangalore,2,25,16,3.84,0.6,5.784666666666666
1359489,DJ Willey,Royal Challengers Bangalore,0,25,32,7.68,0.6,5.454
1359506,DJ Willey,Royal Challengers Bangalore,2,25,27,6.4799999999999995,1.0,5.95
1359510,DJ Willey,Royal Challengers Bangalore,0,19,31,9.789473684210527,0.8,6.3578947368421055
598056,DJG Sammy,Sunrisers Hyderabad,6,24,23,5.75,1.8,7.7364661654135345
598060,DJG Sammy,Sunrisers Hyderabad,0,13,15,6.923076923076923,1.8,7.1631868131868135
598065,DJG Sammy,Sunrisers Hyderabad,0,6,4,4.0,1.8,6.8298534798534805
598069,DJG Sammy,Sunrisers Hyderabad,0,6,9,9.0,1.2,7.963186813186813
598071,DJG Sammy,Sunrisers Hyderabad,2,20,27,8.1,1.6,6.754615384615384
729285,DJG Sammy,Sunrisers Hyderabad,0,13,19,8.76923076923077,0.4,7.358461538461539
729295,DJG Sammy,Sunrisers Hyderabad,1,13,22,10.153846153846155,0.6,8.004615384615386
729301,DJG Sammy,Sunrisers Hyderabad,1,18,34,11.333333333333334,0.8,9.471282051282051
729317,DJG Sammy,Sunrisers Hyderabad,1,12,20,10.0,1.0,9.671282051282052
733977,DJG Sammy,Sunrisers Hyderabad,0,12,25,12.5,0.6,10.551282051282051
734015,DJG Sammy,Sunrisers Hyderabad,0,6,7,7.0,0.6,10.197435897435899
734021,DJG Sammy,Sunrisers Hyderabad,0,7,19,16.285714285714285,0.4,11.423809523809522
734029,DJG Sammy,Sunrisers Hyderabad,0,7,13,11.142857142857142,0.2,11.385714285714286
829713,DJG Sammy,Royal Challengers Bangalore,0,6,8,8.0,0.0,10.985714285714286
829719,DJG Sammy,Royal Challengers Bangalore,0,12,18,9.0,0.0,10.285714285714286
1082624,DL Chahar,Rising Pune Supergiant,0,12,18,9.0,0.2,9.017142857142858
1136561,DL Chahar,Chennai Super Kings,1,18,14,4.666666666666667,0.4,8.65047619047619
1136565,DL Chahar,Chennai Super Kings,0,7,18,15.428571428571427,0.4,10.07904761904762
1136572,DL Chahar,Chennai Super Kings,0,19,37,11.68421052631579,0.4,10.315889724310777
1136577,DL Chahar,Chennai Super Kings,2,28,30,6.428571428571428,0.6,9.441604010025062
1136580,DL Chahar,Chennai Super Kings,3,24,15,3.75,1.2,8.391604010025063
1136584,DL Chahar,Chennai Super Kings,0,12,20,10.0,1.0,9.458270676691729
1136587,DL Chahar,Chennai Super Kings,0,14,19,8.142857142857142,1.0,8.001127819548874
1136606,DL Chahar,Chennai Super Kings,1,27,18,4.0,1.2,6.4642857142857135
1136612,DL Chahar,Chennai Super Kings,1,20,23,6.8999999999999995,1.0,6.558571428571429
1136616,DL Chahar,Chennai Super Kings,1,27,31,6.888888888888889,0.6,7.186349206349206
1136617,DL Chahar,Chennai Super Kings,1,26,31,7.153846153846154,0.8,6.617118437118437
1136620,DL Chahar,Chennai Super Kings,0,26,25,5.76923076923077,0.8,6.142393162393162
1175356,DL Chahar,Chennai Super Kings,0,25,17,4.08,0.6,6.158393162393162
1175360,DL Chahar,Chennai Super Kings,1,25,20,4.8,0.6,5.738393162393163
1175367,DL Chahar,Chennai Super Kings,2,25,19,4.56,0.8,5.272615384615385
1175370,DL Chahar,Chennai Super Kings,1,18,22,7.333333333333333,0.8,5.308512820512821
1178393,DL Chahar,Chennai Super Kings,1,27,40,8.88888888888889,1.0,5.932444444444444
1178398,DL Chahar,Chennai Super Kings,3,25,21,5.04,1.6,6.124444444444444
1178400,DL Chahar,Chennai Super Kings,2,24,34,8.5,1.8,6.864444444444445
1178404,DL Chahar,Chennai Super Kings,0,24,36,9.0,1.4,7.7524444444444445
1178408,DL Chahar,Chennai Super Kings,1,18,31,10.333333333333334,1.4,8.352444444444444
1178414,DL Chahar,Chennai Super Kings,2,25,26,6.239999999999999,1.6,7.8226666666666675
1178416,DL Chahar,Chennai Super Kings,1,26,30,6.923076923076923,1.2,8.19928205128205
1178419,DL Chahar,Chennai Super Kings,1,25,46,11.04,1.0,8.707282051282053
1178425,DL Chahar,Chennai Super Kings,1,18,32,10.666666666666666,1.2,9.040615384615386
1178430,DL Chahar,Chennai Super Kings,0,24,28,7.0,1.0,8.373948717948718
1181764,DL Chahar,Chennai Super Kings,1,21,30,8.571428571428571,0.8,8.840234432234432
1181767,DL Chahar,Chennai Super Kings,2,25,28,6.72,1.0,8.799619047619048
1181768,DL Chahar,Chennai Super Kings,3,25,26,6.239999999999999,1.4,7.839619047619048
1216492,DL Chahar,Chennai Super Kings,2,25,32,7.68,1.6,7.242285714285714
1216496,DL Chahar,Chennai Super Kings,1,24,32,8.0,1.8,7.442285714285714
1216501,DL Chahar,Chennai Super Kings,0,26,47,10.846153846153847,1.6,7.897230769230769
1216506,DL Chahar,Chennai Super Kings,0,18,30,10.0,1.2,8.553230769230769
1216509,DL Chahar,Chennai Super Kings,2,24,19,4.75,1.0,8.255230769230769
1216513,DL Chahar,Chennai Super Kings,0,18,18,6.0,0.6,7.9192307692307695
1216516,DL Chahar,Chennai Super Kings,2,26,31,7.153846153846154,0.8,7.75
1216521,DL Chahar,Chennai Super Kings,0,24,34,8.5,0.8,7.280769230769231
1216525,DL Chahar,Chennai Super Kings,1,19,10,3.1578947368421053,1.0,5.912348178137652
1216528,DL Chahar,Chennai Super Kings,0,26,28,6.461538461538462,0.6,6.254655870445345
1216533,DL Chahar,Chennai Super Kings,2,24,19,4.75,1.0,6.004655870445345
1216536,DL Chahar,Chennai Super Kings,0,18,31,10.333333333333334,0.6,6.640553306342781
1216539,DL Chahar,Chennai Super Kings,0,25,38,9.12,0.6,6.764553306342781
1216544,DL Chahar,Chennai Super Kings,2,24,33,8.25,0.8,7.782974358974359
1254059,DL Chahar,Chennai Super Kings,0,24,36,9.0,0.8,8.290666666666667
1254065,DL Chahar,Chennai Super Kings,5,25,13,3.1199999999999997,1.4,7.964666666666668
1254069,DL Chahar,Chennai Super Kings,0,19,32,10.105263157894738,1.4,7.919052631578947
1254072,DL Chahar,Chennai Super Kings,4,24,30,7.5,2.2,7.595052631578947
1254076,DL Chahar,Chennai Super Kings,0,14,26,11.142857142857142,1.8,8.173624060150377
1254080,DL Chahar,Chennai Super Kings,0,19,21,6.631578947368421,1.8,7.6999398496240605
1254084,DL Chahar,Chennai Super Kings,0,26,37,8.538461538461538,0.8,8.783632157316367
1254091,DL Chahar,Chennai Super Kings,0,24,32,8.0,0.8,8.36257952573742
1254094,DL Chahar,Chennai Super Kings,1,27,48,10.666666666666666,0.2,8.995912859070753
1254098,DL Chahar,Chennai Super Kings,1,25,32,7.68,0.4,8.303341430499325
1254104,DL Chahar,Chennai Super Kings,2,24,19,4.75,0.8,7.927025641025641
1254110,DL Chahar,Chennai Super Kings,1,20,34,10.2,1.0,8.259333333333334
1254113,DL Chahar,Chennai Super Kings,1,24,35,8.75,1.2,8.409333333333333
1254114,DL Chahar,Chennai Super Kings,0,19,26,8.210526315789474,1.0,7.918105263157895
1254117,DL Chahar,Chennai Super Kings,1,25,32,7.68,1.0,7.918105263157895
1359475,DL Chahar,Chennai Super Kings,0,24,33,8.25,0.6,8.618105263157895
1359480,DL Chahar,Chennai Super Kings,0,29,55,11.379310344827587,0.4,8.853967332123412
1359486,DL Chahar,Chennai Super Kings,0,6,10,10.0,0.2,9.103967332123412
1359519,DL Chahar,Chennai Super Kings,0,24,41,10.25,0.2,9.511862068965517
1359523,DL Chahar,Chennai Super Kings,2,18,18,6.0,0.4,9.175862068965518
1359529,DL Chahar,Chennai Super Kings,2,19,28,8.842105263157896,0.8,9.294283121597097
1359535,DL Chahar,Chennai Super Kings,3,20,27,8.1,1.4,8.63842105263158
1359541,DL Chahar,Chennai Super Kings,3,24,22,5.5,2.0,7.73842105263158
1370350,DL Chahar,Chennai Super Kings,2,27,30,6.666666666666667,2.4,7.021754385964913
1370353,DL Chahar,Chennai Super Kings,1,24,38,9.5,2.2,7.721754385964912
1422119,DL Chahar,Chennai Super Kings,1,26,37,8.538461538461538,2.0,7.661025641025641
1422125,DL Chahar,Chennai Super Kings,2,27,28,6.222222222222222,1.8,7.285470085470085
1422131,DL Chahar,Chennai Super Kings,0,24,42,10.5,1.2,8.285470085470086
1422136,DL Chahar,Chennai Super Kings,1,19,32,10.105263157894738,1.0,8.9731893837157
1426272,DL Chahar,Chennai Super Kings,0,18,26,8.666666666666666,0.8,8.806522717049035
1426277,DL Chahar,Chennai Super Kings,1,12,11,5.5,0.8,8.198830409356725
1426284,DL Chahar,Chennai Super Kings,0,18,22,7.333333333333333,0.4,8.421052631578949
1426287,DL Chahar,Chennai Super Kings,0,2,4,12.0,0.4,8.721052631578948
392194,DL Vettori,Delhi Daredevils,1,24,35,8.75,2.2,7.0
392198,DL Vettori,Delhi Daredevils,0,12,32,16.0,2.0,8.45
392201,DL Vettori,Delhi Daredevils,1,20,26,7.8,2.0,9.059999999999999
392226,DL Vettori,Delhi Daredevils,0,19,15,4.736842105263158,1.0,9.007368421052632
392232,DL Vettori,Delhi Daredevils,0,24,32,8.0,0.4,9.057368421052633
419140,DL Vettori,Delhi Daredevils,1,24,40,10.0,0.4,9.307368421052633
419144,DL Vettori,Delhi Daredevils,2,25,31,7.4399999999999995,0.8,7.5953684210526315
419149,DL Vettori,Delhi Daredevils,0,23,27,7.0434782608695645,0.6,7.444064073226545
501200,DL Vettori,Royal Challengers Bangalore,1,24,17,4.25,0.8,7.346695652173912
501205,DL Vettori,Royal Challengers Bangalore,0,24,18,4.5,0.8,6.6466956521739124
501208,DL Vettori,Royal Challengers Bangalore,0,24,29,7.25,0.6,6.096695652173913
501211,DL Vettori,Royal Challengers Bangalore,0,24,26,6.5,0.2,5.908695652173913
501222,DL Vettori,Royal Challengers Bangalore,1,25,28,6.72,0.4,5.843999999999999
501227,DL Vettori,Royal Challengers Bangalore,2,25,26,6.239999999999999,0.6,6.242
501232,DL Vettori,Royal Challengers Bangalore,1,24,23,5.75,0.8,6.492
501244,DL Vettori,Royal Challengers Bangalore,1,24,14,3.5,1.0,5.742
501247,DL Vettori,Royal Challengers Bangalore,2,24,24,6.0,1.4,5.642
501266,DL Vettori,Royal Challengers Bangalore,2,24,15,3.75,1.6,5.048
501268,DL Vettori,Royal Challengers Bangalore,0,22,42,11.454545454545455,1.2,6.090909090909091
501270,DL Vettori,Royal Challengers Bangalore,3,24,19,4.75,1.6,5.890909090909091
501271,DL Vettori,Royal Challengers Bangalore,0,24,34,8.5,1.4,6.890909090909091
548310,DL Vettori,Royal Challengers Bangalore,1,25,29,6.959999999999999,1.2,7.082909090909091
548315,DL Vettori,Royal Challengers Bangalore,1,18,22,7.333333333333333,1.0,7.799575757575757
548318,DL Vettori,Royal Challengers Bangalore,0,24,30,7.5,1.0,7.008666666666666
548324,DL Vettori,Royal Challengers Bangalore,1,24,21,5.25,0.6,7.108666666666666
548327,DL Vettori,Royal Challengers Bangalore,1,24,34,8.5,0.8,7.108666666666667
548331,DL Vettori,Royal Challengers Bangalore,0,25,25,6.0,0.6,6.916666666666666
548336,DL Vettori,Royal Challengers Bangalore,0,24,22,5.5,0.4,6.55
548344,DL Vettori,Royal Challengers Bangalore,1,24,29,7.25,0.6,6.5
548350,DL Vettori,Royal Challengers Bangalore,1,24,29,7.25,0.6,6.9
392201,DP Nannes,Delhi Daredevils,3,24,16,4.0,1.2,6.481888198757764
392206,DP Nannes,Delhi Daredevils,4,26,27,6.230769230769231,2.0,6.242327759197324
392211,DP Nannes,Delhi Daredevils,0,25,49,11.76,1.6,6.994327759197324
392215,DP Nannes,Delhi Daredevils,3,26,33,7.615384615384616,2.0,7.173404682274247
392219,DP Nannes,Delhi Daredevils,2,26,15,3.4615384615384617,2.4,6.613538461538461
392223,DP Nannes,Delhi Daredevils,1,25,33,7.919999999999999,2.0,7.397538461538462
392230,DP Nannes,Delhi Daredevils,1,27,35,7.777777777777778,1.4,7.70694017094017
392235,DP Nannes,Delhi Daredevils,3,28,28,6.0,2.0,6.554940170940171
392237,DP Nannes,Delhi Daredevils,0,20,38,11.4,1.4,7.311863247863248
419108,DP Nannes,Delhi Daredevils,2,26,19,4.384615384615385,1.4,7.496478632478633
419111,DP Nannes,Delhi Daredevils,2,25,27,6.4799999999999995,1.6,7.2084786324786325
419114,DP Nannes,Delhi Daredevils,1,26,36,8.307692307692308,1.6,7.314461538461538
419116,DP Nannes,Delhi Daredevils,2,27,19,4.222222222222222,1.4,6.958905982905984
419120,DP Nannes,Delhi Daredevils,1,24,39,9.75,1.6,6.628905982905982
419128,DP Nannes,Delhi Daredevils,1,24,33,8.25,1.4,7.401982905982905
419131,DP Nannes,Delhi Daredevils,1,20,15,4.5,1.2,7.005982905982907
419155,DP Nannes,Delhi Daredevils,1,22,25,6.818181818181818,1.2,6.708080808080808
419160,DP Nannes,Delhi Daredevils,0,24,22,5.5,0.8,6.963636363636364
501200,DP Nannes,Royal Challengers Bangalore,1,19,31,9.789473684210527,0.8,6.97153110047847
501205,DP Nannes,Royal Challengers Bangalore,1,6,0,0.0,0.8,5.321531100478469
598002,DP Nannes,Chennai Super Kings,1,24,19,4.75,0.8,5.371531100478469
598007,DP Nannes,Chennai Super Kings,3,23,17,4.434782608695652,1.2,4.894851258581236
598012,DP Nannes,Chennai Super Kings,1,26,31,7.153846153846154,1.4,5.225620489350467
598015,DP Nannes,Chennai Super Kings,0,25,43,10.319999999999999,1.2,5.331725752508361
598034,DP Nannes,Chennai Super Kings,0,28,55,11.785714285714285,1.0,7.688868609651218
336020,DP Vijaykumar,Deccan Chargers,1,24,24,6.0,0.6,7.276315789473685
336024,DP Vijaykumar,Deccan Chargers,0,17,26,9.176470588235293,0.6,7.561609907120743
336031,DP Vijaykumar,Deccan Chargers,0,12,24,12.0,0.4,8.761609907120743
336034,DP Vijaykumar,Deccan Chargers,0,18,19,6.333333333333333,0.4,8.02827657378741
336037,DP Vijaykumar,Deccan Chargers,1,21,32,9.142857142857142,0.4,8.530532212885154
1254083,DR Sams,Royal Challengers Bangalore,1,26,24,5.538461538461539,0.2,7.97008547008547
1304048,DR Sams,Mumbai Indians,0,26,57,13.153846153846155,0.2,8.823076923076922
1304055,DR Sams,Mumbai Indians,0,26,32,7.384615384615385,0.2,8.915384615384616
1304060,DR Sams,Mumbai Indians,1,19,50,15.789473684210527,0.4,9.87327935222672
1304079,DR Sams,Mumbai Indians,4,25,30,7.199999999999999,1.2,9.81327935222672
1304083,DR Sams,Mumbai Indians,1,28,40,8.571428571428571,1.2,10.419872758820128
1304090,DR Sams,Mumbai Indians,1,26,32,7.384615384615385,1.4,9.266026604973973
1304097,DR Sams,Mumbai Indians,1,18,18,6.0,1.6,8.989103528050897
1304102,DR Sams,Mumbai Indians,1,27,26,5.777777777777778,1.6,6.986764346764348
1304105,DR Sams,Mumbai Indians,3,30,16,3.2,1.4,6.186764346764346
1304111,DR Sams,Mumbai Indians,1,24,43,10.75,1.4,6.622478632478632
1304115,DR Sams,Mumbai Indians,1,25,31,7.4399999999999995,1.4,6.633555555555555
392192,DR Smith,Deccan Chargers,0,12,16,8.0,1.0,7.5913198380566795
392196,DR Smith,Deccan Chargers,0,6,17,17.0,0.4,9.743319838056681
392201,DR Smith,Deccan Chargers,0,6,8,8.0,0.4,9.589473684210526
392205,DR Smith,Deccan Chargers,0,12,22,11.0,0.0,10.4
392209,DR Smith,Deccan Chargers,0,13,21,9.692307692307693,0.0,10.73846153846154
392212,DR Smith,Deccan Chargers,0,6,14,14.0,0.0,11.938461538461539
392220,DR Smith,Deccan Chargers,0,6,4,4.0,0.0,9.338461538461539
392223,DR Smith,Deccan Chargers,1,24,26,6.5,0.2,9.038461538461538
419141,DR Smith,Deccan Chargers,1,17,22,7.764705882352941,0.4,8.391402714932125
419147,DR Smith,Deccan Chargers,0,6,14,14.0,0.4,9.25294117647059
548355,DR Smith,Mumbai Indians,0,12,27,13.5,0.4,9.152941176470588
548363,DR Smith,Mumbai Indians,1,25,32,7.68,0.6,9.888941176470587
548367,DR Smith,Mumbai Indians,0,12,10,5.0,0.4,9.588941176470588
548370,DR Smith,Mumbai Indians,2,12,10,5.0,0.6,9.035999999999998
548377,DR Smith,Mumbai Indians,0,12,13,6.5,0.6,7.535999999999999
548379,DR Smith,Mumbai Indians,0,6,6,6.0,0.6,6.036
598024,DR Smith,Mumbai Indians,0,13,24,11.076923076923078,0.4,6.715384615384615
598033,DR Smith,Mumbai Indians,2,13,20,9.230769230769232,0.8,7.561538461538461
598039,DR Smith,Mumbai Indians,0,6,15,15.0,0.4,9.561538461538461
729283,DR Smith,Chennai Super Kings,1,12,25,12.5,0.6,10.76153846153846
729293,DR Smith,Chennai Super Kings,1,13,14,6.461538461538462,0.8,10.853846153846153
729311,DR Smith,Chennai Super Kings,1,12,15,7.5,1.0,10.138461538461538
733981,DR Smith,Chennai Super Kings,0,6,9,9.0,0.6,10.09230769230769
733987,DR Smith,Chennai Super Kings,1,19,36,11.368421052631579,0.8,9.365991902834008
829823,DR Smith,Chennai Super Kings,1,12,17,8.5,0.8,8.565991902834009
980945,DR Smith,Gujarat Lions,0,12,26,13.0,0.6,9.873684210526315
980961,DR Smith,Gujarat Lions,0,12,12,6.0,0.4,9.573684210526315
980975,DR Smith,Gujarat Lions,1,13,15,6.923076923076923,0.6,9.158299595141699
980987,DR Smith,Gujarat Lions,0,6,13,13.0,0.4,9.484615384615385
981001,DR Smith,Gujarat Lions,4,25,8,1.92,1.0,8.168615384615384
981007,DR Smith,Gujarat Lions,2,27,37,8.222222222222221,1.4,7.213059829059828
981013,DR Smith,Gujarat Lions,0,6,14,14.0,1.4,8.813059829059828
981017,DR Smith,Gujarat Lions,1,12,29,14.5,1.4,10.328444444444443
1082593,DR Smith,Gujarat Lions,0,6,23,23.0,1.4,12.328444444444443
1082603,DR Smith,Gujarat Lions,1,12,10,5.0,0.8,12.944444444444443
1082606,DR Smith,Gujarat Lions,0,7,13,11.142857142857142,0.4,13.528571428571428
1082610,DR Smith,Gujarat Lions,0,7,17,14.571428571428571,0.4,13.642857142857142
1082613,DR Smith,Gujarat Lions,0,13,14,6.461538461538462,0.2,12.035164835164835
1082616,DR Smith,Gujarat Lions,1,6,18,18.0,0.4,11.035164835164835
1082629,DR Smith,Gujarat Lions,0,19,27,8.526315789473685,0.2,11.740427993059573
1082632,DR Smith,Gujarat Lions,0,6,12,12.0,0.2,11.911856564488144
1082640,DR Smith,Gujarat Lions,0,6,17,17.0,0.2,12.39757085020243
335997,DS Kulkarni,Mumbai Indians,0,19,20,6.315789473684211,1.0,7.462618083670715
336004,DS Kulkarni,Mumbai Indians,3,18,18,6.0,1.4,7.395951417004049
336008,DS Kulkarni,Mumbai Indians,2,18,21,7.0,1.6,7.217004048582996
336012,DS Kulkarni,Mumbai Indians,0,23,34,8.869565217391305,1.0,7.237070938215103
336018,DS Kulkarni,Mumbai Indians,3,28,33,7.071428571428571,1.6,7.051356652500817
336032,DS Kulkarni,Mumbai Indians,0,18,26,8.666666666666666,1.6,7.521532091097308
392192,DS Kulkarni,Mumbai Indians,0,6,18,18.0,1.0,9.921532091097308
392212,DS Kulkarni,Mumbai Indians,1,26,21,4.846153846153847,0.8,9.490762860328077
392215,DS Kulkarni,Mumbai Indians,0,18,9,3.0,0.8,8.316849816849816
392218,DS Kulkarni,Mumbai Indians,1,24,25,6.25,0.4,8.152564102564103
392222,DS Kulkarni,Mumbai Indians,1,18,26,8.666666666666666,0.6,8.152564102564103
392225,DS Kulkarni,Mumbai Indians,0,25,29,6.959999999999999,0.6,5.944564102564103
392227,DS Kulkarni,Mumbai Indians,1,25,45,10.799999999999999,0.6,7.135333333333333
392235,DS Kulkarni,Mumbai Indians,1,18,36,12.0,0.8,8.935333333333332
419150,DS Kulkarni,Mumbai Indians,1,25,40,9.6,0.8,9.605333333333332
501241,DS Kulkarni,Mumbai Indians,0,25,20,4.8,0.6,8.831999999999999
501246,DS Kulkarni,Mumbai Indians,1,25,27,6.4799999999999995,0.8,8.736
501251,DS Kulkarni,Mumbai Indians,0,13,29,13.384615384615385,0.6,9.252923076923077
501256,DS Kulkarni,Mumbai Indians,3,25,28,6.72,1.0,8.196923076923078
501263,DS Kulkarni,Mumbai Indians,0,12,19,9.5,0.8,8.176923076923078
501269,DS Kulkarni,Mumbai Indians,2,26,33,7.615384615384616,1.2,8.74
548377,DS Kulkarni,Mumbai Indians,3,27,18,4.0,1.6,8.244
548379,DS Kulkarni,Mumbai Indians,3,26,46,10.615384615384617,2.2,7.690153846153846
598033,DS Kulkarni,Mumbai Indians,3,27,19,4.222222222222222,2.2,7.190598290598291
598037,DS Kulkarni,Mumbai Indians,2,26,44,10.153846153846155,2.6,7.321367521367523
598039,DS Kulkarni,Mumbai Indians,1,13,13,6.0,2.4,6.998290598290599
598060,DS Kulkarni,Mumbai Indians,0,25,43,10.319999999999999,1.8,8.2622905982906
598063,DS Kulkarni,Mumbai Indians,2,24,22,5.5,1.6,7.239213675213675
598066,DS Kulkarni,Mumbai Indians,0,4,12,18.0,1.0,9.994769230769231
729285,DS Kulkarni,Rajasthan Royals,2,25,24,5.76,1.0,9.115999999999998
729291,DS Kulkarni,Rajasthan Royals,1,25,50,12.0,1.0,10.315999999999999
729297,DS Kulkarni,Rajasthan Royals,0,22,18,4.909090909090909,1.0,9.233818181818183
733975,DS Kulkarni,Rajasthan Royals,0,18,18,6.0,0.6,9.333818181818183
733989,DS Kulkarni,Rajasthan Royals,0,12,19,9.5,0.6,7.6338181818181825
734011,DS Kulkarni,Rajasthan Royals,1,26,26,6.0,0.4,7.681818181818182
734017,DS Kulkarni,Rajasthan Royals,0,25,29,6.959999999999999,0.2,6.673818181818182
734041,DS Kulkarni,Rajasthan Royals,2,20,42,12.6,0.6,8.212
829709,DS Kulkarni,Rajasthan Royals,1,19,21,6.631578947368421,0.8,8.338315789473684
829715,DS Kulkarni,Rajasthan Royals,0,6,18,18.0,0.8,10.038315789473684
829721,DS Kulkarni,Rajasthan Royals,1,19,15,4.736842105263158,0.8,9.785684210526316
829727,DS Kulkarni,Rajasthan Royals,2,19,9,2.8421052631578947,1.2,8.962105263157895
829749,DS Kulkarni,Rajasthan Royals,0,24,30,7.5,0.8,7.942105263157896
829763,DS Kulkarni,Rajasthan Royals,1,26,40,9.230769230769232,0.8,8.461943319838056
829769,DS Kulkarni,Rajasthan Royals,2,19,26,8.210526315789474,1.2,6.504048582995952
829777,DS Kulkarni,Rajasthan Royals,2,27,43,9.555555555555555,1.4,7.467791273054431
829787,DS Kulkarni,Rajasthan Royals,0,13,19,8.76923076923077,1.0,8.653216374269006
829811,DS Kulkarni,Rajasthan Royals,2,25,37,8.879999999999999,1.4,8.929216374269007
829819,DS Kulkarni,Rajasthan Royals,2,24,32,8.0,1.6,8.683062528115162
980917,DS Kulkarni,Gujarat Lions,2,24,19,4.75,1.6,7.990957264957265
980929,DS Kulkarni,Gujarat Lions,0,6,9,9.0,1.2,7.879846153846154
980937,DS Kulkarni,Gujarat Lions,1,24,39,9.75,1.4,8.075999999999999
980945,DS Kulkarni,Gujarat Lions,3,24,19,4.75,1.6,7.25
980949,DS Kulkarni,Gujarat Lions,0,19,25,7.894736842105264,1.2,7.228947368421052
980955,DS Kulkarni,Gujarat Lions,1,24,28,7.0,1.0,7.678947368421052
980961,DS Kulkarni,Gujarat Lions,0,12,24,12.0,1.0,8.278947368421052
980967,DS Kulkarni,Gujarat Lions,2,24,17,4.25,1.2,7.178947368421052
980975,DS Kulkarni,Gujarat Lions,1,25,30,7.199999999999999,0.8,7.668947368421053
980987,DS Kulkarni,Gujarat Lions,1,18,33,11.0,1.0,8.290000000000001
981001,DS Kulkarni,Gujarat Lions,2,25,34,8.16,1.2,8.522
981007,DS Kulkarni,Gujarat Lions,2,24,41,10.25,1.6,8.172
981013,DS Kulkarni,Gujarat Lions,4,24,15,3.75,2.0,8.072
981017,DS Kulkarni,Gujarat Lions,1,24,32,8.0,2.0,8.232
1082593,DS Kulkarni,Gujarat Lions,0,19,42,13.263157894736842,1.8,8.68463157894737
1082596,DS Kulkarni,Gujarat Lions,0,12,17,8.5,1.4,8.75263157894737
1082610,DS Kulkarni,Gujarat Lions,1,25,37,8.879999999999999,1.2,8.478631578947368
1082613,DS Kulkarni,Gujarat Lions,0,12,23,11.5,0.4,10.028631578947369
1082637,DS Kulkarni,Gujarat Lions,1,26,24,5.538461538461539,0.4,9.536323886639677
1082640,DS Kulkarni,Gujarat Lions,1,24,30,7.5,0.6,8.383692307692309
1136564,DS Kulkarni,Rajasthan Royals,0,18,18,6.0,0.6,7.883692307692309
1136566,DS Kulkarni,Rajasthan Royals,0,7,5,4.285714285714286,0.4,6.964835164835165
1136571,DS Kulkarni,Rajasthan Royals,0,6,14,14.0,0.4,7.464835164835165
1136575,DS Kulkarni,Rajasthan Royals,0,12,20,10.0,0.2,8.357142857142858
1136581,DS Kulkarni,Rajasthan Royals,2,26,32,7.384615384615385,0.4,8.334065934065935
1136588,DS Kulkarni,Rajasthan Royals,0,12,20,10.0,0.4,9.134065934065934
1136592,DS Kulkarni,Rajasthan Royals,1,21,37,10.571428571428571,0.6,10.391208791208792
1136607,DS Kulkarni,Rajasthan Royals,1,24,43,10.75,0.8,9.741208791208791
1175359,DS Kulkarni,Rajasthan Royals,1,27,30,6.666666666666667,1.0,9.074542124542123
1175363,DS Kulkarni,Rajasthan Royals,0,19,40,12.631578947368421,0.6,10.123934837092731
1175367,DS Kulkarni,Rajasthan Royals,1,26,37,8.538461538461538,0.8,9.83162714478504
1175369,DS Kulkarni,Rajasthan Royals,0,19,26,8.210526315789474,0.6,9.35944669365722
1178396,DS Kulkarni,Rajasthan Royals,0,19,31,9.789473684210527,0.4,9.167341430499325
1178400,DS Kulkarni,Rajasthan Royals,1,18,14,4.666666666666667,0.4,8.767341430499325
1178402,DS Kulkarni,Rajasthan Royals,1,24,38,9.5,0.6,8.14102564102564
1178407,DS Kulkarni,Rajasthan Royals,1,24,38,9.5,0.6,8.333333333333334
1178411,DS Kulkarni,Rajasthan Royals,0,19,31,9.789473684210527,0.6,8.649122807017545
1178415,DS Kulkarni,Rajasthan Royals,1,24,51,12.75,0.8,9.241228070175438
1216495,DS Kulkarni,Mumbai Indians,0,20,22,6.6,0.6,9.627894736842105
1254084,DS Kulkarni,Mumbai Indians,0,26,48,11.076923076923078,0.4,9.943279352226721
501216,DT Christian,Deccan Chargers,2,24,38,9.5,0.6,8.695512820512821
501224,DT Christian,Deccan Chargers,0,24,49,12.25,0.6,9.478846153846154
501229,DT Christian,Deccan Chargers,0,19,12,3.7894736842105265,0.6,8.390587044534414
501236,DT Christian,Deccan Chargers,0,18,12,4.0,0.4,8.082894736842105
501239,DT Christian,Deccan Chargers,1,28,40,8.571428571428571,0.6,7.62218045112782
501243,DT Christian,Deccan Chargers,1,28,31,6.642857142857142,0.4,7.0507518796992485
501250,DT Christian,Deccan Chargers,2,19,21,6.631578947368421,0.8,5.927067669172932
501256,DT Christian,Deccan Chargers,0,21,22,6.285714285714286,0.8,6.4263157894736835
501259,DT Christian,Deccan Chargers,2,18,13,4.333333333333333,1.2,6.492982456140351
501264,DT Christian,Deccan Chargers,2,19,21,6.631578947368421,1.4,6.10501253132832
548311,DT Christian,Deccan Chargers,2,24,26,6.5,1.6,6.076441102756893
548314,DT Christian,Deccan Chargers,1,24,50,12.5,1.4,7.250125313283208
548321,DT Christian,Deccan Chargers,2,26,35,8.076923076923077,1.8,7.608367071524967
548326,DT Christian,Deccan Chargers,1,26,43,9.923076923076923,1.6,8.726315789473684
548346,DT Christian,Deccan Chargers,0,20,14,4.2,1.2,8.24
548352,DT Christian,Deccan Chargers,1,25,36,8.639999999999999,1.0,8.668000000000001
548366,DT Christian,Deccan Chargers,2,24,36,9.0,1.2,7.968000000000001
597999,DT Christian,Royal Challengers Bangalore,0,25,43,10.319999999999999,0.8,8.416615384615383
598012,DT Christian,Royal Challengers Bangalore,0,13,13,6.0,0.6,7.632
1082594,DT Christian,Rising Pune Supergiant,0,14,24,10.285714285714285,0.6,8.849142857142855
1082607,DT Christian,Rising Pune Supergiant,0,25,27,6.4799999999999995,0.4,8.417142857142858
1082615,DT Christian,Rising Pune Supergiant,1,24,21,5.25,0.2,7.667142857142858
1082618,DT Christian,Rising Pune Supergiant,1,6,6,6.0,0.4,6.803142857142857
1082620,DT Christian,Rising Pune Supergiant,1,26,31,7.153846153846154,0.6,7.033912087912088
1082624,DT Christian,Rising Pune Supergiant,1,24,25,6.25,0.8,6.226769230769231
1082629,DT Christian,Rising Pune Supergiant,1,19,28,8.842105263157896,1.0,6.69919028340081
1082631,DT Christian,Rising Pune Supergiant,2,18,23,7.666666666666667,1.2,7.182523616734143
1082634,DT Christian,Rising Pune Supergiant,0,18,21,7.0,1.0,7.382523616734143
1082642,DT Christian,Rising Pune Supergiant,1,12,18,9.0,1.0,7.7517543859649125
1082645,DT Christian,Rising Pune Supergiant,2,12,10,5.0,1.2,7.5017543859649125
1082647,DT Christian,Rising Pune Supergiant,0,25,34,8.16,1.0,7.365333333333334
1082650,DT Christian,Rising Pune Supergiant,2,26,35,8.076923076923077,1.0,7.447384615384616
1136562,DT Christian,Delhi Daredevils,1,12,12,6.0,1.2,7.2473846153846155
1136569,DT Christian,Delhi Daredevils,2,18,35,11.666666666666666,1.4,7.780717948717948
1136582,DT Christian,Delhi Daredevils,1,18,22,7.333333333333333,1.2,8.247384615384615
1136596,DT Christian,Delhi Daredevils,0,23,37,9.652173913043478,1.2,8.545819397993311
1254058,DT Christian,Royal Challengers Bangalore,0,13,21,9.692307692307693,0.8,8.868896321070235
1254063,DT Christian,Royal Challengers Bangalore,0,6,7,7.0,0.6,9.068896321070234
1254076,DT Christian,Royal Challengers Bangalore,0,13,13,6.0,0.2,7.935562987736901
1254090,DT Christian,Royal Challengers Bangalore,0,6,11,11.0,0.0,8.668896321070234
1254095,DT Christian,Royal Challengers Bangalore,2,18,14,4.666666666666667,0.4,7.671794871794871
1254101,DT Christian,Royal Challengers Bangalore,1,12,19,9.5,0.6,7.633333333333335
1254103,DT Christian,Royal Challengers Bangalore,1,12,21,10.5,0.8,8.333333333333334
1254108,DT Christian,Royal Challengers Bangalore,0,12,21,10.5,0.8,9.233333333333334
1254115,DT Christian,Royal Challengers Bangalore,0,12,29,14.5,0.8,9.933333333333334
336010,DW Steyn,Royal Challengers Bangalore,3,25,28,6.72,1.6,6.3433162393162394
336012,DW Steyn,Royal Challengers Bangalore,1,27,15,3.3333333333333335,1.8,5.232205128205129
336016,DW Steyn,Royal Challengers Bangalore,0,14,33,14.142857142857142,1.4,6.722315018315018
336026,DW Steyn,Royal Challengers Bangalore,1,24,31,7.75,1.0,7.312315018315019
336029,DW Steyn,Royal Challengers Bangalore,3,28,28,6.0,1.6,7.5892380952380964
336034,DW Steyn,Royal Challengers Bangalore,0,25,21,5.04,1.0,7.253238095238096
392182,DW Steyn,Royal Challengers Bangalore,0,15,6,2.4,0.8,7.066571428571429
392185,DW Steyn,Royal Challengers Bangalore,1,26,35,8.076923076923077,1.0,5.853384615384615
392188,DW Steyn,Royal Challengers Bangalore,2,18,21,7.0,1.2,5.703384615384616
419109,DW Steyn,Royal Challengers Bangalore,0,26,39,9.0,0.6,6.303384615384616
419112,DW Steyn,Royal Challengers Bangalore,1,26,37,8.538461538461538,0.8,7.003076923076923
419115,DW Steyn,Royal Challengers Bangalore,0,25,19,4.56,0.8,7.435076923076923
419119,DW Steyn,Royal Challengers Bangalore,3,27,26,5.777777777777778,1.2,6.975247863247863
419123,DW Steyn,Royal Challengers Bangalore,0,27,25,5.555555555555555,0.8,6.686358974358974
419128,DW Steyn,Royal Challengers Bangalore,2,26,42,9.692307692307693,1.2,6.824820512820513
419133,DW Steyn,Royal Challengers Bangalore,1,25,22,5.279999999999999,1.2,6.173128205128205
419136,DW Steyn,Royal Challengers Bangalore,1,25,33,7.919999999999999,1.4,6.845128205128205
419145,DW Steyn,Royal Challengers Bangalore,0,27,38,8.444444444444445,0.8,7.378461538461539
419148,DW Steyn,Royal Challengers Bangalore,1,25,27,6.4799999999999995,1.0,7.563350427350427
419151,DW Steyn,Royal Challengers Bangalore,3,26,20,4.615384615384616,1.2,6.5479658119658115
419154,DW Steyn,Royal Challengers Bangalore,1,25,15,3.5999999999999996,1.2,6.211965811965812
419157,DW Steyn,Royal Challengers Bangalore,0,25,18,4.319999999999999,1.0,5.491965811965812
419162,DW Steyn,Royal Challengers Bangalore,3,27,43,9.555555555555555,1.6,5.714188034188034
419164,DW Steyn,Royal Challengers Bangalore,1,20,11,3.3,1.6,5.078188034188034
501199,DW Steyn,Deccan Chargers,2,25,18,4.319999999999999,1.4,5.019111111111111
501203,DW Steyn,Deccan Chargers,1,25,33,7.919999999999999,1.4,5.883111111111111
501208,DW Steyn,Deccan Chargers,3,26,25,5.76923076923077,2.0,6.172957264957264
501212,DW Steyn,Deccan Chargers,0,20,24,7.199999999999999,1.4,5.701846153846153
501216,DW Steyn,Deccan Chargers,0,25,24,5.76,1.2,6.193846153846153
501224,DW Steyn,Deccan Chargers,0,24,39,9.75,0.8,7.279846153846154
501229,DW Steyn,Deccan Chargers,3,23,16,4.173913043478261,1.2,6.530628762541805
501239,DW Steyn,Deccan Chargers,1,24,32,8.0,0.8,6.976782608695652
501243,DW Steyn,Deccan Chargers,2,26,25,5.76923076923077,1.2,6.690628762541806
501250,DW Steyn,Deccan Chargers,0,25,30,7.199999999999999,1.2,6.978628762541805
501259,DW Steyn,Deccan Chargers,1,25,24,5.76,1.4,6.180628762541806
501264,DW Steyn,Deccan Chargers,1,18,14,4.666666666666667,1.0,6.279179487179487
548311,DW Steyn,Deccan Chargers,2,28,26,5.571428571428571,1.2,5.793465201465201
548314,DW Steyn,Deccan Chargers,3,24,13,3.25,1.4,5.289619047619047
548321,DW Steyn,Deccan Chargers,2,24,19,4.75,1.8,4.799619047619048
548326,DW Steyn,Deccan Chargers,0,22,44,12.0,1.6,6.047619047619048
548335,DW Steyn,Deccan Chargers,2,25,25,6.0,1.8,6.314285714285715
548346,DW Steyn,Deccan Chargers,2,27,10,2.2222222222222223,1.8,5.644444444444444
548348,DW Steyn,Deccan Chargers,0,25,46,11.04,1.2,7.202444444444444
548352,DW Steyn,Deccan Chargers,0,24,25,6.25,0.8,7.5024444444444445
548356,DW Steyn,Deccan Chargers,0,18,30,10.0,0.8,7.102444444444444
548366,DW Steyn,Deccan Chargers,2,24,27,6.75,0.8,7.2524444444444445
548373,DW Steyn,Deccan Chargers,2,24,17,4.25,0.8,7.6579999999999995
548376,DW Steyn,Deccan Chargers,3,24,8,2.0,1.4,5.85
598000,DW Steyn,Sunrisers Hyderabad,3,23,11,2.869565217391304,2.0,5.173913043478261
598004,DW Steyn,Sunrisers Hyderabad,1,32,52,9.75,2.2,5.123913043478261
598010,DW Steyn,Sunrisers Hyderabad,2,25,13,3.1199999999999997,2.2,4.397913043478261
598013,DW Steyn,Sunrisers Hyderabad,1,25,29,6.959999999999999,2.0,4.939913043478261
598018,DW Steyn,Sunrisers Hyderabad,1,24,34,8.5,1.6,6.239913043478261
598021,DW Steyn,Sunrisers Hyderabad,1,24,14,3.5,1.2,6.366
598030,DW Steyn,Sunrisers Hyderabad,1,25,45,10.799999999999999,1.2,6.575999999999999
598032,DW Steyn,Sunrisers Hyderabad,1,25,15,3.5999999999999996,1.0,6.672
598039,DW Steyn,Sunrisers Hyderabad,0,26,27,6.230769230769231,0.8,6.526153846153846
598044,DW Steyn,Sunrisers Hyderabad,2,24,23,5.75,1.0,5.976153846153846
598048,DW Steyn,Sunrisers Hyderabad,0,24,16,4.0,0.8,6.076153846153845
598051,DW Steyn,Sunrisers Hyderabad,0,24,17,4.25,0.6,4.766153846153846
598056,DW Steyn,Sunrisers Hyderabad,2,25,20,4.8,0.8,5.006153846153846
598060,DW Steyn,Sunrisers Hyderabad,0,24,24,6.0,0.8,4.96
598065,DW Steyn,Sunrisers Hyderabad,2,24,19,4.75,0.8,4.76
598069,DW Steyn,Sunrisers Hyderabad,2,25,28,6.72,1.2,5.304
598071,DW Steyn,Sunrisers Hyderabad,1,26,23,5.307692307692308,1.4,5.515538461538462
729285,DW Steyn,Sunrisers Hyderabad,2,24,29,7.25,1.4,6.005538461538462
729295,DW Steyn,Sunrisers Hyderabad,0,25,27,6.4799999999999995,1.4,6.101538461538462
729301,DW Steyn,Sunrisers Hyderabad,2,24,34,8.5,1.4,6.851538461538462
729311,DW Steyn,Sunrisers Hyderabad,0,24,21,5.25,1.0,6.557538461538462
729317,DW Steyn,Sunrisers Hyderabad,2,25,20,4.8,1.2,6.456
733977,DW Steyn,Sunrisers Hyderabad,0,25,40,9.6,0.8,6.925999999999999
733989,DW Steyn,Sunrisers Hyderabad,2,26,32,7.384615384615385,1.2,7.106923076923077
733993,DW Steyn,Sunrisers Hyderabad,2,24,23,5.75,1.2,6.556923076923077
734001,DW Steyn,Sunrisers Hyderabad,0,24,29,7.25,1.2,6.956923076923077
734007,DW Steyn,Sunrisers Hyderabad,0,24,53,13.25,0.8,8.646923076923077
734015,DW Steyn,Sunrisers Hyderabad,1,24,24,6.0,1.0,7.926923076923077
734021,DW Steyn,Sunrisers Hyderabad,1,24,23,5.75,0.8,7.6
734029,DW Steyn,Sunrisers Hyderabad,0,24,43,10.75,0.4,8.6
734037,DW Steyn,Sunrisers Hyderabad,0,25,43,10.319999999999999,0.4,9.213999999999999
829731,DW Steyn,Sunrisers Hyderabad,1,24,28,7.0,0.6,7.963999999999999
829743,DW Steyn,Sunrisers Hyderabad,0,18,24,8.0,0.4,8.363999999999999
829751,DW Steyn,Sunrisers Hyderabad,2,24,38,9.5,0.6,9.113999999999999
829781,DW Steyn,Sunrisers Hyderabad,0,25,37,8.879999999999999,0.6,8.739999999999998
829807,DW Steyn,Sunrisers Hyderabad,0,6,17,17.0,0.6,10.075999999999999
829815,DW Steyn,Sunrisers Hyderabad,0,19,27,8.526315789473685,0.4,10.381263157894736
980929,DW Steyn,Gujarat Lions,0,13,17,7.846153846153847,0.4,10.350493927125505
1178410,DW Steyn,Royal Challengers Bangalore,2,24,44,11.0,0.4,10.650493927125506
1178414,DW Steyn,Royal Challengers Bangalore,2,24,30,7.5,0.8,10.374493927125506
1216499,DW Steyn,Royal Challengers Bangalore,0,27,44,9.777777777777779,0.8,8.930049482681062
1216510,DW Steyn,Royal Challengers Bangalore,0,25,57,13.68,0.8,9.960786324786325
1216534,DW Steyn,Royal Challengers Bangalore,1,23,33,8.608695652173912,1.0,10.113294685990338
392201,FH Edwards,Deccan Chargers,0,26,45,10.384615384615385,0.8,6.606065934065934
392205,FH Edwards,Deccan Chargers,2,23,19,4.956521739130435,1.2,7.147370281892021
1359484,Fazalhaq Farooqi,Sunrisers Hyderabad,1,19,14,4.421052631578948,1.0,8.247988304093568
1359532,Fazalhaq Farooqi,Sunrisers Hyderabad,0,24,32,8.0,1.0,7.4979883040935675
1359536,Fazalhaq Farooqi,Sunrisers Hyderabad,1,19,31,9.789473684210527,1.2,8.078105263157894
1426263,G Coetzee,Mumbai Indians,1,27,42,9.333333333333334,1.6,10.737777777777778
1426267,G Coetzee,Mumbai Indians,1,25,37,8.879999999999999,1.4,11.063777777777778
1426271,G Coetzee,Mumbai Indians,3,26,34,7.846153846153847,1.8,9.921897435897435
1426276,G Coetzee,Mumbai Indians,0,15,25,10.0,1.8,8.961897435897436
1426286,G Coetzee,Mumbai Indians,1,21,33,9.428571428571429,1.2,9.097611721611722
1426289,G Coetzee,Mumbai Indians,0,12,24,12.0,1.0,9.630945054945055
548332,GB Hogg,Rajasthan Royals,1,24,18,4.5,1.0,6.202
548336,GB Hogg,Rajasthan Royals,2,26,40,9.230769230769232,1.0,6.498153846153846
548345,GB Hogg,Rajasthan Royals,1,24,32,8.0,1.0,6.946153846153846
548349,GB Hogg,Rajasthan Royals,2,25,34,8.16,1.2,7.628153846153848
548377,GB Hogg,Rajasthan Royals,0,24,31,7.75,1.2,7.528153846153847
598043,GB Hogg,Rajasthan Royals,0,21,31,8.857142857142858,1.0,8.399582417582419
829723,GB Hogg,Kolkata Knight Riders,4,24,30,7.5,1.4,8.053428571428572
829761,GB Hogg,Kolkata Knight Riders,1,18,27,9.0,1.4,8.253428571428572
829765,GB Hogg,Kolkata Knight Riders,2,24,18,4.5,1.4,7.521428571428572
829771,GB Hogg,Kolkata Knight Riders,1,12,23,11.5,1.6,8.271428571428572
829781,GB Hogg,Kolkata Knight Riders,2,24,17,4.25,2.0,7.35
829791,GB Hogg,Kolkata Knight Riders,0,25,33,7.919999999999999,1.2,7.434
980903,GB Hogg,Kolkata Knight Riders,3,25,19,4.56,1.6,6.545999999999999
980909,GB Hogg,Kolkata Knight Riders,1,25,39,9.36,1.4,7.517999999999999
980951,GB Hogg,Kolkata Knight Riders,0,24,39,9.75,1.2,7.167999999999999
980963,GB Hogg,Kolkata Knight Riders,0,12,28,14.0,0.8,9.117999999999999
980975,GB Hogg,Kolkata Knight Riders,1,12,19,9.5,1.0,9.434
1178412,GC Viljoen,Kings XI Punjab,3,25,39,9.36,1.4,8.874136752136753
1178417,GC Viljoen,Kings XI Punjab,1,26,52,12.0,1.4,9.566444444444445
336001,GD McGrath,Delhi Daredevils,1,24,21,5.25,1.4,6.208
336004,GD McGrath,Delhi Daredevils,0,24,27,6.75,1.2,6.55
336009,GD McGrath,Delhi Daredevils,1,24,24,6.0,1.4,6.6
336015,GD McGrath,Delhi Daredevils,1,25,12,2.88,1.4,5.626
336017,GD McGrath,Delhi Daredevils,0,24,24,6.0,0.6,5.376
336020,GD McGrath,Delhi Daredevils,2,24,43,10.75,0.8,6.476000000000001
336022,GD McGrath,Delhi Daredevils,1,12,18,9.0,1.0,6.926
336026,GD McGrath,Delhi Daredevils,2,25,15,3.5999999999999996,1.2,6.446000000000001
336032,GD McGrath,Delhi Daredevils,0,25,40,9.6,1.0,7.789999999999999
336038,GD McGrath,Delhi Daredevils,0,25,38,9.12,1.0,8.413999999999998
598056,GH Vihari,Sunrisers Hyderabad,0,13,5,2.307692307692308,0.2,7.2615384615384615
1175368,GH Vihari,Delhi Capitals,0,6,9,9.0,0.0,8.061538461538461
1254115,GHS Garton,Royal Challengers Bangalore,0,18,29,9.666666666666666,0.6,8.840100250626566
729283,GJ Maxwell,Kings XI Punjab,0,12,23,11.5,0.4,10.157142857142857
729295,GJ Maxwell,Kings XI Punjab,0,6,10,10.0,0.4,10.1
729313,GJ Maxwell,Kings XI Punjab,0,18,40,13.333333333333334,0.0,11.766666666666667
733987,GJ Maxwell,Kings XI Punjab,1,13,21,9.692307692307693,0.2,12.505128205128205
733991,GJ Maxwell,Kings XI Punjab,0,8,24,18.0,0.2,12.505128205128205
733997,GJ Maxwell,Kings XI Punjab,0,7,11,9.428571428571429,0.2,12.090842490842492
734047,GJ Maxwell,Kings XI Punjab,0,6,4,4.0,0.2,10.890842490842491
829725,GJ Maxwell,Kings XI Punjab,0,6,10,10.0,0.2,10.224175824175825
829741,GJ Maxwell,Kings XI Punjab,0,6,15,15.0,0.0,11.285714285714286
829775,GJ Maxwell,Kings XI Punjab,0,6,8,8.0,0.0,9.285714285714286
829785,GJ Maxwell,Kings XI Punjab,0,13,23,10.615384615384617,0.0,9.523076923076923
829791,GJ Maxwell,Kings XI Punjab,1,6,5,5.0,0.2,9.723076923076922
829799,GJ Maxwell,Kings XI Punjab,1,19,28,8.842105263157896,0.4,9.491497975708501
829809,GJ Maxwell,Kings XI Punjab,0,7,8,6.857142857142857,0.4,7.862926547137073
980913,GJ Maxwell,Kings XI Punjab,0,7,11,9.428571428571429,0.4,8.14864083285136
980919,GJ Maxwell,Kings XI Punjab,0,6,3,3.0,0.4,6.625563909774437
980925,GJ Maxwell,Kings XI Punjab,0,12,18,9.0,0.2,7.425563909774437
980935,GJ Maxwell,Kings XI Punjab,0,12,16,8.0,0.0,7.257142857142857
980941,GJ Maxwell,Kings XI Punjab,0,6,11,11.0,0.0,8.085714285714285
980963,GJ Maxwell,Kings XI Punjab,0,6,11,11.0,0.0,8.4
980991,GJ Maxwell,Kings XI Punjab,0,6,11,11.0,0.0,10.0
1082601,GJ Maxwell,Kings XI Punjab,0,6,18,18.0,0.0,11.8
1082605,GJ Maxwell,Kings XI Punjab,0,6,7,7.0,0.0,11.6
1082623,GJ Maxwell,Kings XI Punjab,2,24,29,7.25,0.4,10.85
1082626,GJ Maxwell,Kings XI Punjab,1,24,12,3.0,0.6,9.25
1082633,GJ Maxwell,Kings XI Punjab,2,19,15,4.736842105263158,1.0,7.997368421052632
1082637,GJ Maxwell,Kings XI Punjab,1,12,21,10.5,1.2,6.497368421052632
1082641,GJ Maxwell,Kings XI Punjab,1,12,9,4.5,1.4,5.997368421052632
1082645,GJ Maxwell,Kings XI Punjab,0,12,15,7.5,1.0,6.0473684210526315
1136569,GJ Maxwell,Delhi Daredevils,0,19,21,6.631578947368421,0.8,6.773684210526315
1136579,GJ Maxwell,Delhi Daredevils,1,13,13,6.0,0.6,7.026315789473685
1136582,GJ Maxwell,Delhi Daredevils,0,6,4,4.0,0.4,5.726315789473684
1136586,GJ Maxwell,Delhi Daredevils,2,12,22,11.0,0.6,7.026315789473685
1136590,GJ Maxwell,Delhi Daredevils,1,6,5,5.0,0.8,6.526315789473685
1136592,GJ Maxwell,Delhi Daredevils,1,6,21,21.0,1.0,9.4
1136596,GJ Maxwell,Delhi Daredevils,0,6,4,4.0,0.8,9.0
1136602,GJ Maxwell,Delhi Daredevils,0,6,9,9.0,0.8,10.0
1136612,GJ Maxwell,Delhi Daredevils,0,12,14,7.0,0.4,9.2
1136615,GJ Maxwell,Delhi Daredevils,0,12,19,9.5,0.2,10.1
1216510,GJ Maxwell,Kings XI Punjab,1,12,10,5.0,0.2,6.9
1216517,GJ Maxwell,Kings XI Punjab,0,24,24,6.0,0.2,7.3
1216520,GJ Maxwell,Kings XI Punjab,1,12,21,10.5,0.4,7.6
1216527,GJ Maxwell,Kings XI Punjab,0,18,31,10.333333333333334,0.4,8.266666666666667
1216531,GJ Maxwell,Kings XI Punjab,0,24,28,7.0,0.4,7.7666666666666675
1216542,GJ Maxwell,Kings XI Punjab,0,12,26,13.0,0.2,9.366666666666667
1216546,GJ Maxwell,Kings XI Punjab,1,24,31,7.75,0.4,9.716666666666667
1254067,GJ Maxwell,Royal Challengers Bangalore,0,12,24,12.0,0.2,10.016666666666667
1254101,GJ Maxwell,Royal Challengers Bangalore,0,20,29,8.7,0.2,9.69
1254103,GJ Maxwell,Royal Challengers Bangalore,0,12,17,8.5,0.2,9.989999999999998
1254108,GJ Maxwell,Royal Challengers Bangalore,2,25,23,5.52,0.6,8.494
1254113,GJ Maxwell,Royal Challengers Bangalore,1,12,17,8.5,0.6,8.644
1254115,GJ Maxwell,Royal Challengers Bangalore,0,18,25,8.333333333333334,0.6,7.910666666666666
1304068,GJ Maxwell,Royal Challengers Bangalore,1,18,29,9.666666666666666,0.8,8.104000000000001
1304073,GJ Maxwell,Royal Challengers Bangalore,0,12,14,7.0,0.8,7.804
1304077,GJ Maxwell,Royal Challengers Bangalore,1,13,11,5.0769230769230775,0.6,7.715384615384615
1304085,GJ Maxwell,Royal Challengers Bangalore,0,6,4,4.0,0.4,6.815384615384614
1304089,GJ Maxwell,Royal Challengers Bangalore,0,6,10,10.0,0.4,7.148717948717949
1304095,GJ Maxwell,Royal Challengers Bangalore,2,24,22,5.5,0.6,6.315384615384616
1304100,GJ Maxwell,Royal Challengers Bangalore,2,12,13,6.5,1.0,6.215384615384616
1304106,GJ Maxwell,Royal Challengers Bangalore,1,12,18,9.0,1.0,7.0
1304113,GJ Maxwell,Royal Challengers Bangalore,1,25,28,6.72,1.2,7.544
1312199,GJ Maxwell,Royal Challengers Bangalore,0,18,17,5.666666666666667,1.2,6.677333333333334
1359479,GJ Maxwell,Royal Challengers Bangalore,0,7,16,13.714285714285714,0.8,8.320190476190476
1359498,GJ Maxwell,Royal Challengers Bangalore,1,17,28,9.88235294117647,0.6,8.99666106442577
1359501,GJ Maxwell,Royal Challengers Bangalore,0,6,5,5.0,0.4,8.19666106442577
1359506,GJ Maxwell,Royal Challengers Bangalore,0,12,25,12.5,0.2,9.35266106442577
1359517,GJ Maxwell,Royal Challengers Bangalore,1,6,3,3.0,0.4,8.819327731092438
1359524,GJ Maxwell,Royal Challengers Bangalore,0,10,15,9.0,0.4,7.876470588235295
1359534,GJ Maxwell,Royal Challengers Bangalore,1,6,3,3.0,0.4,6.5
1422119,GJ Maxwell,Royal Challengers Bengaluru,0,6,7,7.0,0.4,6.9
1422124,GJ Maxwell,Royal Challengers Bengaluru,2,18,29,9.666666666666666,0.8,6.333333333333333
1422133,GJ Maxwell,Royal Challengers Bengaluru,2,25,23,5.52,1.0,6.8373333333333335
1426263,GJ Maxwell,Royal Challengers Bengaluru,0,6,17,17.0,1.0,8.437333333333333
1426283,GJ Maxwell,Royal Challengers Bengaluru,1,18,28,9.333333333333334,1.0,9.704
1426306,GJ Maxwell,Royal Challengers Bengaluru,2,25,25,6.0,1.4,9.504000000000001
980963,Gurkeerat Singh,Kings XI Punjab,0,6,8,8.0,0.6,7.258095238095239
981005,Gurkeerat Singh,Kings XI Punjab,2,13,15,6.923076923076923,0.6,7.622710622710622
1178413,HF Gurney,Kolkata Knight Riders,0,13,16,7.384615384615385,0.8,8.23974358974359
1178422,HF Gurney,Kolkata Knight Riders,2,24,37,9.25,0.8,8.88974358974359
1178427,HF Gurney,Kolkata Knight Riders,1,24,42,10.5,1.0,9.143589743589743
1178431,HF Gurney,Kolkata Knight Riders,0,19,20,6.315789473684211,0.8,8.556747638326586
829795,HH Pandya,Mumbai Indians,0,18,51,17.0,0.2,9.18
829805,HH Pandya,Mumbai Indians,0,6,10,10.0,0.2,8.9
829815,HH Pandya,Mumbai Indians,0,8,11,8.25,0.2,9.15
829823,HH Pandya,Mumbai Indians,0,25,37,8.879999999999999,0.0,9.626
980901,HH Pandya,Mumbai Indians,0,4,12,18.0,0.0,12.425999999999998
980909,HH Pandya,Mumbai Indians,1,13,22,10.153846153846155,0.2,11.05676923076923
980917,HH Pandya,Mumbai Indians,0,14,17,7.285714285714286,0.2,10.513912087912088
980923,HH Pandya,Mumbai Indians,0,18,29,9.666666666666666,0.2,10.797245421245421
980927,HH Pandya,Mumbai Indians,0,12,19,9.5,0.2,10.921245421245422
980933,HH Pandya,Mumbai Indians,1,6,7,7.0,0.4,8.721245421245422
980947,HH Pandya,Mumbai Indians,1,12,15,7.5,0.4,8.19047619047619
980957,HH Pandya,Mumbai Indians,0,14,14,6.0,0.4,7.933333333333333
980973,HH Pandya,Mumbai Indians,0,6,10,10.0,0.4,8.0
981007,HH Pandya,Mumbai Indians,0,7,10,8.571428571428571,0.4,7.814285714285714
1082592,HH Pandya,Mumbai Indians,1,24,37,9.25,0.4,8.264285714285714
1082600,HH Pandya,Mumbai Indians,1,21,24,6.857142857142857,0.4,8.135714285714286
1082602,HH Pandya,Mumbai Indians,1,12,9,4.5,0.6,7.835714285714286
1082606,HH Pandya,Mumbai Indians,0,6,15,15.0,0.6,8.835714285714285
1082612,HH Pandya,Mumbai Indians,0,12,19,9.5,0.6,9.021428571428572
1082614,HH Pandya,Mumbai Indians,1,20,25,7.5,0.6,8.671428571428573
1082628,HH Pandya,Mumbai Indians,0,6,5,5.0,0.4,8.3
1082635,HH Pandya,Mumbai Indians,0,6,2,2.0,0.2,7.8
1082638,HH Pandya,Mumbai Indians,0,6,13,13.0,0.2,7.4
1082641,HH Pandya,Mumbai Indians,0,13,29,13.384615384615385,0.2,8.176923076923078
1082644,HH Pandya,Mumbai Indians,2,24,22,5.5,0.4,7.776923076923078
1082647,HH Pandya,Mumbai Indians,0,6,15,15.0,0.4,9.776923076923078
1082649,HH Pandya,Mumbai Indians,0,6,4,4.0,0.4,10.176923076923078
1136561,HH Pandya,Mumbai Indians,3,27,24,5.333333333333333,1.0,8.643589743589743
1136569,HH Pandya,Mumbai Indians,0,12,32,16.0,1.0,9.166666666666666
1136574,HH Pandya,Mumbai Indians,0,6,4,4.0,0.6,8.866666666666665
1136581,HH Pandya,Mumbai Indians,2,17,25,8.823529411764705,1.0,7.631372549019607
1136583,HH Pandya,Mumbai Indians,2,20,20,6.0,1.4,8.031372549019608
1136587,HH Pandya,Mumbai Indians,1,24,40,10.0,1.0,8.964705882352941
1136591,HH Pandya,Mumbai Indians,3,19,28,8.842105263157896,1.6,7.53312693498452
1136594,HH Pandya,Mumbai Indians,1,27,48,10.666666666666666,1.8,8.866460268317853
1136597,HH Pandya,Mumbai Indians,2,25,19,4.56,1.8,8.013754385964912
1136601,HH Pandya,Mumbai Indians,3,18,16,5.333333333333333,2.0,7.880421052631578
1136607,HH Pandya,Mumbai Indians,2,24,52,13.0,2.2,8.480421052631579
1136610,HH Pandya,Mumbai Indians,0,26,43,9.923076923076923,1.6,8.696615384615384
1136615,HH Pandya,Mumbai Indians,0,25,40,9.6,1.4,8.483282051282051
1175358,HH Pandya,Mumbai Indians,1,25,42,10.08,1.2,9.58728205128205
1175362,HH Pandya,Mumbai Indians,0,18,38,12.666666666666666,0.6,11.053948717948717
1175364,HH Pandya,Mumbai Indians,0,21,39,11.142857142857142,0.2,10.682520146520146
1175370,HH Pandya,Mumbai Indians,3,25,24,5.76,0.8,9.849904761904762
1178394,HH Pandya,Mumbai Indians,0,6,7,7.0,0.8,9.32990476190476
1178399,HH Pandya,Mumbai Indians,2,27,57,12.666666666666666,1.0,9.847238095238094
1178402,HH Pandya,Mumbai Indians,0,9,11,7.333333333333333,1.0,8.78057142857143
1178406,HH Pandya,Mumbai Indians,1,18,22,7.333333333333333,1.2,8.018666666666666
1178409,HH Pandya,Mumbai Indians,1,12,17,8.5,0.8,8.566666666666666
1178411,HH Pandya,Mumbai Indians,1,24,31,7.75,1.0,8.716666666666665
1178419,HH Pandya,Mumbai Indians,1,14,22,9.428571428571429,0.8,8.06904761904762
1178422,HH Pandya,Mumbai Indians,1,21,31,8.857142857142858,1.0,8.373809523809523
1178426,HH Pandya,Mumbai Indians,2,12,20,10.0,1.2,8.907142857142858
1178431,HH Pandya,Mumbai Indians,2,18,20,6.666666666666667,1.4,8.540476190476191
1181764,HH Pandya,Mumbai Indians,0,12,13,6.5,1.2,8.29047619047619
1181768,HH Pandya,Mumbai Indians,1,7,3,2.571428571428571,1.2,6.919047619047619
1304050,HH Pandya,Gujarat Titans,0,24,37,9.25,1.0,6.9976190476190485
1304056,HH Pandya,Gujarat Titans,1,24,24,6.0,0.8,6.197619047619048
1304062,HH Pandya,Gujarat Titans,1,25,37,8.879999999999999,0.6,6.640285714285715
1304067,HH Pandya,Gujarat Titans,1,24,27,6.75,0.8,6.690285714285714
1304070,HH Pandya,Gujarat Titans,1,17,18,6.352941176470588,0.8,7.446588235294118
1304103,HH Pandya,Gujarat Titans,0,6,8,8.0,0.8,7.196588235294118
1304108,HH Pandya,Gujarat Titans,0,13,8,3.6923076923076925,0.6,6.735049773755657
1304113,HH Pandya,Gujarat Titans,0,19,35,11.052631578947368,0.4,7.16957608954513
1312197,HH Pandya,Gujarat Titans,1,13,14,6.461538461538462,0.4,7.111883781852822
1312200,HH Pandya,Gujarat Titans,3,24,18,4.5,0.8,6.741295546558705
1359475,HH Pandya,Gujarat Titans,0,18,32,10.666666666666666,0.8,7.274628879892037
1359481,HH Pandya,Gujarat Titans,0,18,22,7.333333333333333,0.8,8.002834008097166
1359497,HH Pandya,Gujarat Titans,1,24,24,6.0,1.0,6.992307692307692
1359504,HH Pandya,Gujarat Titans,0,6,7,7.0,0.8,7.1
1359509,HH Pandya,Gujarat Titans,1,12,14,7.0,0.4,7.6
1359513,HH Pandya,Gujarat Titans,0,19,34,10.736842105263158,0.4,7.614035087719299
1359518,HH Pandya,Gujarat Titans,1,7,10,8.571428571428571,0.6,7.8616541353383464
1359522,HH Pandya,Gujarat Titans,1,12,23,11.5,0.6,8.961654135338346
1359525,HH Pandya,Gujarat Titans,0,20,37,11.1,0.6,9.781654135338346
1370352,HH Pandya,Gujarat Titans,0,13,24,11.076923076923078,0.4,10.597038750722962
1370353,HH Pandya,Gujarat Titans,0,7,14,12.0,0.4,10.84967032967033
1422123,HH Pandya,Mumbai Indians,0,18,30,10.0,0.2,11.135384615384616
1422126,HH Pandya,Mumbai Indians,1,24,46,11.5,0.2,11.135384615384616
1426263,HH Pandya,Mumbai Indians,0,8,13,9.75,0.2,10.865384615384617
1426267,HH Pandya,Mumbai Indians,2,20,43,12.899999999999999,0.6,11.23
1426271,HH Pandya,Mumbai Indians,1,27,33,7.333333333333333,0.8,10.296666666666667
1426276,HH Pandya,Mumbai Indians,0,12,21,10.5,0.8,10.396666666666667
1426281,HH Pandya,Mumbai Indians,0,12,41,20.5,0.6,12.196666666666667
1426286,HH Pandya,Mumbai Indians,3,25,26,6.239999999999999,1.2,11.494666666666667
1426289,HH Pandya,Mumbai Indians,3,25,44,10.559999999999999,1.4,11.026666666666667
1426293,HH Pandya,Mumbai Indians,3,25,31,7.4399999999999995,1.8,11.048
1426298,HH Pandya,Mumbai Indians,0,18,34,11.333333333333334,1.8,11.214666666666666
1426305,HH Pandya,Mumbai Indians,0,12,27,13.5,1.8,9.814666666666668
1304115,HR Shokeen,Mumbai Indians,0,26,34,7.846153846153847,0.4,8.265538461538462
1359479,HR Shokeen,Mumbai Indians,0,6,17,17.0,0.4,10.561538461538461
1359486,HR Shokeen,Mumbai Indians,0,12,19,9.5,0.4,11.361538461538462
1359490,HR Shokeen,Mumbai Indians,1,26,43,9.923076923076923,0.2,10.146153846153846
1359496,HR Shokeen,Mumbai Indians,2,25,34,8.16,0.6,10.485846153846154
1359499,HR Shokeen,Mumbai Indians,0,6,12,12.0,0.6,11.316615384615385
1359505,HR Shokeen,Mumbai Indians,0,19,26,8.210526315789474,0.6,9.55872064777328
1359537,HR Shokeen,Mumbai Indians,0,18,21,7.0,0.6,9.05872064777328
1370351,HR Shokeen,Mumbai Indians,0,7,18,15.428571428571427,0.4,10.159819548872182
548336,HV Patel,Royal Challengers Bangalore,2,25,33,7.919999999999999,1.0,8.642
548344,HV Patel,Royal Challengers Bangalore,0,18,35,11.666666666666666,1.0,9.975333333333333
548360,HV Patel,Royal Challengers Bangalore,2,24,28,7.0,1.2,9.075333333333333
548362,HV Patel,Royal Challengers Bangalore,1,24,36,9.0,1.2,9.325333333333333
548367,HV Patel,Royal Challengers Bangalore,1,25,27,6.4799999999999995,1.2,8.413333333333332
548372,HV Patel,Royal Challengers Bangalore,0,24,33,8.25,0.8,8.479333333333333
548376,HV Patel,Royal Challengers Bangalore,0,24,27,6.75,0.8,7.496
733977,HV Patel,Royal Challengers Bangalore,1,25,30,7.199999999999999,0.6,7.536
733983,HV Patel,Royal Challengers Bangalore,1,24,32,8.0,0.6,7.336
733991,HV Patel,Royal Challengers Bangalore,2,22,56,15.272727272727273,0.8,9.094545454545454
829713,HV Patel,Royal Challengers Bangalore,2,25,38,9.12,1.2,9.268545454545455
829719,HV Patel,Royal Challengers Bangalore,0,13,27,12.461538461538462,1.2,10.410853146853146
829745,HV Patel,Royal Challengers Bangalore,1,24,29,7.25,1.2,10.420853146853148
829749,HV Patel,Royal Challengers Bangalore,2,24,24,6.0,1.4,10.020853146853147
829757,HV Patel,Royal Challengers Bangalore,1,18,14,4.666666666666667,1.2,7.899641025641024
829771,HV Patel,Royal Challengers Bangalore,1,13,23,10.615384615384617,1.0,8.198717948717949
829779,HV Patel,Royal Challengers Bangalore,2,27,19,4.222222222222222,1.4,6.550854700854702
829785,HV Patel,Royal Challengers Bangalore,1,12,13,6.5,1.4,6.400854700854701
829795,HV Patel,Royal Challengers Bangalore,2,25,37,8.879999999999999,1.4,6.976854700854702
829803,HV Patel,Royal Challengers Bangalore,2,12,12,6.0,1.6,7.243521367521367
829807,HV Patel,Royal Challengers Bangalore,0,13,30,13.846153846153847,1.4,7.889675213675213
829813,HV Patel,Royal Challengers Bangalore,2,24,32,8.0,1.4,8.64523076923077
829819,HV Patel,Royal Challengers Bangalore,2,18,15,5.0,1.6,8.34523076923077
829821,HV Patel,Royal Challengers Bangalore,1,24,26,6.5,1.4,7.869230769230771
980907,HV Patel,Royal Challengers Bangalore,0,25,33,7.919999999999999,1.0,8.25323076923077
980921,HV Patel,Royal Challengers Bangalore,0,18,32,10.666666666666666,1.0,7.617333333333333
980927,HV Patel,Royal Challengers Bangalore,0,12,20,10.0,0.6,8.017333333333333
980931,HV Patel,Royal Challengers Bangalore,2,27,46,10.222222222222221,0.6,9.061777777777777
980953,HV Patel,Royal Challengers Bangalore,0,8,16,12.0,0.4,10.161777777777777
1082646,HV Patel,Royal Challengers Bangalore,3,25,43,10.319999999999999,1.0,10.641777777777778
1136579,HV Patel,Delhi Daredevils,1,18,34,11.333333333333334,1.2,10.77511111111111
1136602,HV Patel,Delhi Daredevils,1,24,32,8.0,1.4,10.37511111111111
1136605,HV Patel,Delhi Daredevils,1,27,51,11.333333333333334,1.2,10.597333333333333
1136612,HV Patel,Delhi Daredevils,1,24,24,6.0,1.4,9.397333333333332
1136615,HV Patel,Delhi Daredevils,3,16,28,10.5,1.4,9.433333333333334
1175365,HV Patel,Delhi Capitals,2,26,40,9.230769230769232,1.6,9.012820512820513
1175368,HV Patel,Delhi Capitals,1,26,37,8.538461538461538,1.6,9.120512820512822
1216500,HV Patel,Delhi Capitals,1,25,29,6.959999999999999,1.6,8.245846153846154
1216515,HV Patel,Delhi Capitals,2,28,34,7.285714285714286,1.8,8.502989010989012
1216519,HV Patel,Delhi Capitals,0,26,44,10.153846153846155,1.2,8.433758241758243
1216529,HV Patel,Delhi Capitals,0,12,20,10.0,0.8,8.587604395604396
1216535,HV Patel,Delhi Capitals,0,7,8,6.857142857142857,0.6,8.25134065934066
1254058,HV Patel,Royal Challengers Bangalore,6,25,27,6.4799999999999995,1.6,8.155340659340661
1254063,HV Patel,Royal Challengers Bangalore,3,26,25,5.76923076923077,1.8,7.852043956043955
1254067,HV Patel,Royal Challengers Bangalore,2,24,17,4.25,2.2,6.671274725274725
1254073,HV Patel,Royal Challengers Bangalore,3,27,47,10.444444444444445,2.8,6.760163614163614
1254076,HV Patel,Royal Challengers Bangalore,3,26,51,11.76923076923077,3.4,7.742581196581196
1254079,HV Patel,Royal Challengers Bangalore,2,26,37,8.538461538461538,2.6,8.154273504273505
1254083,HV Patel,Royal Challengers Bangalore,0,24,53,13.25,2.0,9.65042735042735
1254087,HV Patel,Royal Challengers Bangalore,0,13,13,6.0,1.6,10.00042735042735
1254090,HV Patel,Royal Challengers Bangalore,1,24,27,6.75,1.2,9.26153846153846
1254095,HV Patel,Royal Challengers Bangalore,3,25,33,7.919999999999999,1.2,8.491692307692308
1254101,HV Patel,Royal Challengers Bangalore,1,27,34,7.555555555555555,1.0,8.295111111111112
1254103,HV Patel,Royal Challengers Bangalore,3,25,34,8.16,1.6,7.277111111111111
1254108,HV Patel,Royal Challengers Bangalore,4,22,18,4.909090909090909,2.4,7.058929292929292
1254113,HV Patel,Royal Challengers Bangalore,2,22,25,6.818181818181818,2.6,7.072565656565656
1254115,HV Patel,Royal Challengers Bangalore,2,25,20,4.8,2.4,6.448565656565657
1304049,HV Patel,Royal Challengers Bangalore,1,29,36,7.448275862068966,2.4,6.427109717868339
1304052,HV Patel,Royal Challengers Bangalore,2,24,11,2.75,2.2,5.345109717868338
1304059,HV Patel,Royal Challengers Bangalore,1,26,19,4.384615384615385,1.6,5.240214612973234
1304064,HV Patel,Royal Challengers Bangalore,2,24,25,6.25,1.6,5.126578249336871
1304073,HV Patel,Royal Challengers Bangalore,0,25,40,9.6,1.2,6.08657824933687
1304077,HV Patel,Royal Challengers Bangalore,2,27,47,10.444444444444445,1.4,6.685811965811965
1304082,HV Patel,Royal Challengers Bangalore,1,12,18,9.0,1.2,7.935811965811965
1304085,HV Patel,Royal Challengers Bangalore,1,24,33,8.25,1.2,8.708888888888888
1304089,HV Patel,Royal Challengers Bangalore,0,25,35,8.399999999999999,0.8,9.13888888888889
1304095,HV Patel,Royal Challengers Bangalore,3,24,39,9.75,1.4,9.16888888888889
1304100,HV Patel,Royal Challengers Bangalore,1,21,21,6.0,1.2,8.280000000000001
1304106,HV Patel,Royal Challengers Bangalore,5,25,36,8.639999999999999,2.0,8.208
1304113,HV Patel,Royal Challengers Bangalore,1,6,6,6.0,2.0,7.757999999999998
1312198,HV Patel,Royal Challengers Bangalore,1,27,26,5.777777777777778,2.2,7.233555555555556
1312199,HV Patel,Royal Challengers Bangalore,0,19,29,9.157894736842106,1.6,7.1151345029239765
1359479,HV Patel,Royal Challengers Bangalore,1,26,43,9.923076923076923,1.6,7.89974988753936
1359483,HV Patel,Royal Challengers Bangalore,1,19,38,12.0,0.8,8.57174988753936
1359489,HV Patel,Royal Challengers Bangalore,2,24,49,12.25,1.0,9.82174988753936
1359494,HV Patel,Royal Challengers Bangalore,1,27,32,7.111111111111111,1.0,10.088416554206027
1359498,HV Patel,Royal Challengers Bangalore,1,24,37,9.25,1.2,10.106837606837606
1359501,HV Patel,Royal Challengers Bangalore,1,22,23,6.272727272727273,1.2,9.376767676767678
1359506,HV Patel,Royal Challengers Bangalore,3,25,33,7.919999999999999,1.6,8.560767676767677
1359510,HV Patel,Royal Challengers Bangalore,0,25,46,11.04,1.2,8.318767676767676
1359517,HV Patel,Royal Challengers Bangalore,2,23,21,5.478260869565217,1.4,7.992197628458499
1359524,HV Patel,Royal Challengers Bangalore,1,13,32,14.76923076923077,1.4,9.096043782304651
1359528,HV Patel,Royal Challengers Bangalore,0,23,46,12.0,1.2,10.241498327759198
1359539,HV Patel,Royal Challengers Bangalore,1,25,37,8.879999999999999,0.8,10.433498327759196
1359544,HV Patel,Royal Challengers Bangalore,1,26,31,7.153846153846154,1.0,9.656267558528429
1422120,HV Patel,Punjab Kings,4,24,48,12.0,1.4,10.960615384615386
1422124,HV Patel,Punjab Kings,1,27,45,10.0,1.4,10.006769230769232
1422129,HV Patel,Punjab Kings,1,28,46,9.857142857142856,1.6,9.578197802197803
1422135,HV Patel,Punjab Kings,1,27,44,9.777777777777779,1.6,9.757753357753359
1426261,HV Patel,Punjab Kings,2,25,30,7.199999999999999,1.8,9.766984126984127
1426265,HV Patel,Punjab Kings,1,12,21,10.5,1.2,9.466984126984126
1426271,HV Patel,Punjab Kings,4,26,35,8.076923076923077,1.8,9.082368742368743
1426275,HV Patel,Punjab Kings,3,18,15,5.0,2.2,8.110940170940172
1426280,HV Patel,Punjab Kings,2,20,49,14.7,2.4,9.095384615384614
1426287,HV Patel,Punjab Kings,0,7,12,10.285714285714285,2.0,9.712527472527473
1426291,HV Patel,Punjab Kings,3,26,24,5.538461538461539,2.4,8.72021978021978
1426296,HV Patel,Punjab Kings,3,25,39,9.36,2.2,8.976835164835164
1426303,HV Patel,Punjab Kings,3,25,28,6.72,2.2,9.320835164835163
1426307,HV Patel,Punjab Kings,2,27,49,10.88888888888889,2.2,8.558612942612942
392192,Harbhajan Singh,Mumbai Indians,1,25,28,6.72,1.6,7.222666666666666
392197,Harbhajan Singh,Mumbai Indians,0,12,15,7.5,1.2,6.9946666666666655
392200,Harbhajan Singh,Mumbai Indians,1,24,24,6.0,1.4,6.694666666666666
392203,Harbhajan Singh,Mumbai Indians,0,24,24,6.0,0.6,6.310666666666666
392208,Harbhajan Singh,Mumbai Indians,0,12,14,7.0,0.4,6.644
392212,Harbhajan Singh,Mumbai Indians,0,12,24,12.0,0.2,7.7
392215,Harbhajan Singh,Mumbai Indians,1,24,21,5.25,0.4,7.25
392218,Harbhajan Singh,Mumbai Indians,3,26,20,4.615384615384616,0.8,6.973076923076922
392222,Harbhajan Singh,Mumbai Indians,1,24,9,2.25,1.0,6.223076923076923
392225,Harbhajan Singh,Mumbai Indians,1,24,32,8.0,1.2,6.4230769230769225
392227,Harbhajan Singh,Mumbai Indians,0,18,28,9.333333333333334,1.2,5.88974358974359
392235,Harbhajan Singh,Mumbai Indians,4,25,17,4.08,1.8,5.655743589743589
419114,Harbhajan Singh,Mumbai Indians,2,16,23,8.625,1.6,6.457666666666666
419119,Harbhajan Singh,Mumbai Indians,1,24,35,8.75,1.6,7.757666666666667
419122,Harbhajan Singh,Mumbai Indians,1,24,18,4.5,1.6,7.057666666666667
419125,Harbhajan Singh,Mumbai Indians,1,25,25,6.0,1.8,6.391
419130,Harbhajan Singh,Mumbai Indians,3,26,33,7.615384615384616,1.6,7.098076923076924
419132,Harbhajan Singh,Mumbai Indians,1,25,26,6.239999999999999,1.4,6.621076923076923
419138,Harbhajan Singh,Mumbai Indians,2,18,17,5.666666666666667,1.6,6.004410256410257
419142,Harbhajan Singh,Mumbai Indians,1,26,23,5.307692307692308,1.6,6.165948717948718
419146,Harbhajan Singh,Mumbai Indians,0,25,34,8.16,1.4,6.59794871794872
419150,Harbhajan Singh,Mumbai Indians,3,26,21,4.846153846153847,1.4,6.044102564102564
419152,Harbhajan Singh,Mumbai Indians,1,24,25,6.25,1.4,6.046102564102564
419157,Harbhajan Singh,Mumbai Indians,2,24,29,7.25,1.4,6.362769230769231
419162,Harbhajan Singh,Mumbai Indians,2,27,45,10.0,1.6,7.30123076923077
419165,Harbhajan Singh,Mumbai Indians,0,24,31,7.75,1.6,7.219230769230769
501201,Harbhajan Singh,Mumbai Indians,2,19,14,4.421052631578948,1.4,7.134210526315789
501205,Harbhajan Singh,Mumbai Indians,0,26,28,6.461538461538462,1.2,7.176518218623483
501210,Harbhajan Singh,Mumbai Indians,0,24,33,8.25,0.8,7.376518218623483
501221,Harbhajan Singh,Mumbai Indians,5,25,18,4.319999999999999,1.4,6.240518218623482
501224,Harbhajan Singh,Mumbai Indians,1,24,27,6.75,1.6,6.040518218623482
501231,Harbhajan Singh,Mumbai Indians,0,18,20,6.666666666666667,1.2,6.489641025641025
501237,Harbhajan Singh,Mumbai Indians,2,24,25,6.25,1.6,6.447333333333333
501241,Harbhajan Singh,Mumbai Indians,1,18,17,5.666666666666667,1.8,5.930666666666666
501246,Harbhajan Singh,Mumbai Indians,3,26,24,5.538461538461539,1.4,6.174358974358975
501251,Harbhajan Singh,Mumbai Indians,0,18,20,6.666666666666667,1.2,6.157692307692308
501256,Harbhajan Singh,Mumbai Indians,1,24,26,6.5,1.4,6.124358974358975
501263,Harbhajan Singh,Mumbai Indians,0,13,27,12.461538461538462,1.0,7.366666666666667
501267,Harbhajan Singh,Mumbai Indians,0,19,28,8.842105263157896,0.8,8.001754385964912
501269,Harbhajan Singh,Mumbai Indians,1,25,26,6.239999999999999,0.4,8.142062078272605
501270,Harbhajan Singh,Mumbai Indians,0,25,40,9.6,0.4,8.728728744939271
548306,Harbhajan Singh,Mumbai Indians,0,26,24,5.538461538461539,0.2,8.536421052631578
548308,Harbhajan Singh,Mumbai Indians,1,18,17,5.666666666666667,0.4,7.177446693657219
548314,Harbhajan Singh,Mumbai Indians,0,24,18,4.5,0.4,6.30902564102564
548317,Harbhajan Singh,Mumbai Indians,0,24,43,10.75,0.2,7.211025641025641
548334,Harbhajan Singh,Mumbai Indians,0,25,34,8.16,0.2,6.923025641025641
548339,Harbhajan Singh,Mumbai Indians,0,21,29,8.285714285714286,0.2,7.472476190476191
548342,Harbhajan Singh,Mumbai Indians,0,24,42,10.5,0.0,8.439142857142858
548346,Harbhajan Singh,Mumbai Indians,2,24,14,3.5,0.4,8.239142857142857
548351,Harbhajan Singh,Mumbai Indians,2,25,18,4.319999999999999,0.8,6.953142857142858
548355,Harbhajan Singh,Mumbai Indians,0,20,14,4.2,0.8,6.161142857142857
548360,Harbhajan Singh,Mumbai Indians,0,24,18,4.5,0.8,5.404
548363,Harbhajan Singh,Mumbai Indians,0,6,8,8.0,0.8,4.904
548367,Harbhajan Singh,Mumbai Indians,1,19,33,10.421052631578949,0.6,6.2882105263157895
548370,Harbhajan Singh,Mumbai Indians,0,18,26,8.666666666666666,0.2,7.157543859649122
548377,Harbhajan Singh,Mumbai Indians,0,19,31,9.789473684210527,0.2,8.27543859649123
548379,Harbhajan Singh,Mumbai Indians,0,18,20,6.666666666666667,0.2,8.708771929824561
597999,Harbhajan Singh,Mumbai Indians,1,25,21,5.04,0.4,8.116771929824562
598002,Harbhajan Singh,Mumbai Indians,2,24,31,7.75,0.6,7.582561403508772
598006,Harbhajan Singh,Mumbai Indians,1,24,25,6.25,0.8,7.09922807017544
598011,Harbhajan Singh,Mumbai Indians,1,18,20,6.666666666666667,1.0,6.474666666666667
598019,Harbhajan Singh,Mumbai Indians,1,25,26,6.239999999999999,1.2,6.389333333333333
598024,Harbhajan Singh,Mumbai Indians,0,18,30,10.0,1.0,7.381333333333333
598029,Harbhajan Singh,Mumbai Indians,0,13,35,16.153846153846153,0.6,9.062102564102563
598033,Harbhajan Singh,Mumbai Indians,2,24,21,5.25,0.8,8.862102564102564
598037,Harbhajan Singh,Mumbai Indians,3,24,15,3.75,1.2,8.27876923076923
598039,Harbhajan Singh,Mumbai Indians,1,25,35,8.399999999999999,1.2,8.71076923076923
598046,Harbhajan Singh,Mumbai Indians,1,24,13,3.25,1.4,7.360769230769231
598050,Harbhajan Singh,Mumbai Indians,3,24,31,7.75,2.0,5.68
598055,Harbhajan Singh,Mumbai Indians,2,24,15,3.75,2.0,5.38
598060,Harbhajan Singh,Mumbai Indians,0,21,19,5.428571428571429,1.4,5.715714285714286
598063,Harbhajan Singh,Mumbai Indians,1,26,33,7.615384615384616,1.4,5.558791208791209
598066,Harbhajan Singh,Mumbai Indians,1,24,33,8.25,1.4,6.558791208791209
598070,Harbhajan Singh,Mumbai Indians,0,24,26,6.5,0.8,6.308791208791209
598072,Harbhajan Singh,Mumbai Indians,3,25,23,5.52,1.0,6.662791208791208
598073,Harbhajan Singh,Mumbai Indians,2,18,14,4.666666666666667,1.4,6.510410256410256
729279,Harbhajan Singh,Mumbai Indians,0,18,25,8.333333333333334,1.2,6.653999999999999
729287,Harbhajan Singh,Mumbai Indians,0,24,15,3.75,1.0,5.754
729303,Harbhajan Singh,Mumbai Indians,2,25,27,6.4799999999999995,1.4,5.75
729309,Harbhajan Singh,Mumbai Indians,0,24,24,6.0,0.8,5.846
729317,Harbhajan Singh,Mumbai Indians,0,24,17,4.25,0.4,5.762666666666666
733973,Harbhajan Singh,Mumbai Indians,2,24,35,8.75,0.8,5.846
733983,Harbhajan Singh,Mumbai Indians,2,24,38,9.5,1.2,6.996
733995,Harbhajan Singh,Mumbai Indians,0,24,22,5.5,0.8,6.8
734001,Harbhajan Singh,Mumbai Indians,0,25,27,6.4799999999999995,0.8,6.895999999999999
734009,Harbhajan Singh,Mumbai Indians,2,25,22,5.279999999999999,1.2,7.101999999999999
734017,Harbhajan Singh,Mumbai Indians,2,25,13,3.1199999999999997,1.2,5.976
734031,Harbhajan Singh,Mumbai Indians,1,24,30,7.5,1.0,5.576
734041,Harbhajan Singh,Mumbai Indians,1,24,43,10.75,1.2,6.6259999999999994
734045,Harbhajan Singh,Mumbai Indians,2,26,27,6.230769230769231,1.6,6.576153846153846
829705,Harbhajan Singh,Mumbai Indians,1,24,38,9.5,1.4,7.4201538461538465
829717,Harbhajan Singh,Mumbai Indians,2,24,20,5.0,1.4,7.796153846153847
829729,Harbhajan Singh,Mumbai Indians,2,24,44,11.0,1.6,8.496153846153845
829737,Harbhajan Singh,Mumbai Indians,3,24,27,6.75,2.0,7.6961538461538455
829747,Harbhajan Singh,Mumbai Indians,0,24,34,8.5,1.6,8.15
829751,Harbhajan Singh,Mumbai Indians,0,24,36,9.0,1.4,8.05
829769,Harbhajan Singh,Mumbai Indians,0,25,34,8.16,1.0,8.681999999999999
829775,Harbhajan Singh,Mumbai Indians,1,24,28,7.0,0.8,7.882
829783,Harbhajan Singh,Mumbai Indians,2,24,12,3.0,0.6,7.132
829789,Harbhajan Singh,Mumbai Indians,1,24,36,9.0,0.8,7.231999999999999
829795,Harbhajan Singh,Mumbai Indians,0,13,30,13.846153846153847,0.8,8.20123076923077
829805,Harbhajan Singh,Mumbai Indians,2,27,31,6.888888888888889,1.2,7.947008547008548
829815,Harbhajan Singh,Mumbai Indians,1,18,18,6.0,1.2,7.747008547008548
829817,Harbhajan Singh,Mumbai Indians,2,25,26,6.239999999999999,1.2,8.395008547008548
829823,Harbhajan Singh,Mumbai Indians,2,25,34,8.16,1.4,8.227008547008547
980901,Harbhajan Singh,Mumbai Indians,1,18,24,8.0,1.6,7.057777777777778
980909,Harbhajan Singh,Mumbai Indians,1,24,33,8.25,1.4,7.33
980917,Harbhajan Singh,Mumbai Indians,0,12,20,10.0,1.2,8.129999999999999
980923,Harbhajan Singh,Mumbai Indians,0,25,39,9.36,0.8,8.754
980927,Harbhajan Singh,Mumbai Indians,0,14,20,8.571428571428571,0.4,8.836285714285713
980933,Harbhajan Singh,Mumbai Indians,1,18,25,8.333333333333334,0.4,8.902952380952382
980941,Harbhajan Singh,Mumbai Indians,0,24,31,7.75,0.2,8.80295238095238
980947,Harbhajan Singh,Mumbai Indians,1,24,32,8.0,0.4,8.402952380952382
980957,Harbhajan Singh,Mumbai Indians,1,26,25,5.76923076923077,0.6,7.684798534798534
980973,Harbhajan Singh,Mumbai Indians,2,25,29,6.959999999999999,1.0,7.362512820512821
980981,Harbhajan Singh,Mumbai Indians,0,18,19,6.333333333333333,0.8,6.962512820512821
980985,Harbhajan Singh,Mumbai Indians,0,24,35,8.75,0.8,7.162512820512821
980993,Harbhajan Singh,Mumbai Indians,1,24,34,8.5,0.8,7.26251282051282
981007,Harbhajan Singh,Mumbai Indians,1,24,36,9.0,0.8,7.908666666666667
1082597,Harbhajan Singh,Mumbai Indians,0,24,27,6.75,0.4,7.866666666666665
1082600,Harbhajan Singh,Mumbai Indians,2,24,24,6.0,0.8,7.8
1082602,Harbhajan Singh,Mumbai Indians,0,24,25,6.25,0.8,7.3
1082606,Harbhajan Singh,Mumbai Indians,1,24,22,5.5,0.8,6.7
1082612,Harbhajan Singh,Mumbai Indians,0,12,12,6.0,0.6,6.1
1082614,Harbhajan Singh,Mumbai Indians,0,24,26,6.5,0.6,6.05
1082618,Harbhajan Singh,Mumbai Indians,1,24,20,5.0,0.4,5.85
1082625,Harbhajan Singh,Mumbai Indians,1,25,23,5.52,0.6,5.704
1082635,Harbhajan Singh,Mumbai Indians,3,24,22,5.5,1.0,5.704
1082638,Harbhajan Singh,Mumbai Indians,0,24,23,5.75,1.0,5.654
1082641,Harbhajan Singh,Mumbai Indians,0,18,45,15.0,1.0,7.353999999999999
1136561,Harbhajan Singh,Chennai Super Kings,0,12,14,7.0,0.8,7.754
1136565,Harbhajan Singh,Chennai Super Kings,1,12,11,5.5,0.8,7.75
1136572,Harbhajan Singh,Chennai Super Kings,1,24,41,10.25,0.4,8.7
1136584,Harbhajan Singh,Chennai Super Kings,0,12,24,12.0,0.4,9.95
1136587,Harbhajan Singh,Chennai Super Kings,1,23,20,5.217391304347826,0.6,7.993478260869566
1136590,Harbhajan Singh,Chennai Super Kings,0,25,26,6.239999999999999,0.6,7.841478260869566
1136593,Harbhajan Singh,Chennai Super Kings,1,18,20,6.666666666666667,0.6,8.074811594202897
1136595,Harbhajan Singh,Chennai Super Kings,2,24,22,5.5,0.8,7.124811594202899
1136603,Harbhajan Singh,Chennai Super Kings,1,12,29,14.5,1.0,7.624811594202899
1136606,Harbhajan Singh,Chennai Super Kings,0,13,26,12.0,0.8,8.981333333333334
1136612,Harbhajan Singh,Chennai Super Kings,0,12,24,12.0,0.8,10.133333333333335
1136616,Harbhajan Singh,Chennai Super Kings,0,6,13,13.0,0.6,11.4
1175356,Harbhajan Singh,Chennai Super Kings,4,24,22,5.5,1.0,11.4
1175360,Harbhajan Singh,Chennai Super Kings,0,26,30,6.923076923076923,0.8,9.884615384615383
1178393,Harbhajan Singh,Chennai Super Kings,2,24,17,4.25,1.2,8.334615384615384
1178398,Harbhajan Singh,Chennai Super Kings,3,24,15,3.75,1.8,6.684615384615384
1178416,Harbhajan Singh,Chennai Super Kings,2,24,39,9.75,2.2,6.034615384615384
1178419,Harbhajan Singh,Chennai Super Kings,0,24,23,5.75,1.4,6.084615384615384
1178425,Harbhajan Singh,Chennai Super Kings,1,24,28,7.0,1.6,6.1
1178430,Harbhajan Singh,Chennai Super Kings,3,25,58,13.919999999999998,1.8,8.034
1181764,Harbhajan Singh,Chennai Super Kings,1,25,25,6.0,1.4,8.484
1181767,Harbhajan Singh,Chennai Super Kings,2,24,31,7.75,1.4,8.084
1181768,Harbhajan Singh,Chennai Super Kings,0,25,27,6.4799999999999995,1.4,8.23
1254060,Harbhajan Singh,Kolkata Knight Riders,0,6,8,8.0,1.2,8.43
1254062,Harbhajan Singh,Kolkata Knight Riders,0,13,17,7.846153846153847,0.6,7.215230769230769
1254067,Harbhajan Singh,Kolkata Knight Riders,0,26,38,8.76923076923077,0.4,7.769076923076923
392228,Harmeet Singh,Deccan Chargers,0,23,40,10.434782608695652,0.4,10.791337474120082
392237,Harmeet Singh,Deccan Chargers,0,18,19,6.333333333333333,0.2,10.90600414078675
392239,Harmeet Singh,Deccan Chargers,2,24,24,6.0,0.4,10.220289855072464
419135,Harmeet Singh,Deccan Chargers,0,13,21,9.692307692307693,0.4,8.358751393534003
419141,Harmeet Singh,Deccan Chargers,3,25,25,6.0,1.0,7.692084726867336
419145,Harmeet Singh,Deccan Chargers,0,8,13,9.75,1.0,7.555128205128206
419147,Harmeet Singh,Deccan Chargers,2,24,22,5.5,1.4,7.388461538461539
419151,Harmeet Singh,Deccan Chargers,2,26,24,5.538461538461539,1.4,7.296153846153847
419160,Harmeet Singh,Deccan Chargers,2,25,41,9.84,1.8,7.325692307692307
419163,Harmeet Singh,Deccan Chargers,1,24,24,6.0,1.4,7.325692307692307
419164,Harmeet Singh,Deccan Chargers,0,6,7,7.0,1.4,6.7756923076923075
501216,Harmeet Singh,Deccan Chargers,2,25,27,6.4799999999999995,1.4,6.971692307692308
501236,Harmeet Singh,Deccan Chargers,1,19,26,8.210526315789474,1.2,7.506105263157894
548309,Harmeet Singh,Kings XI Punjab,1,20,23,6.8999999999999995,1.0,6.918105263157895
548313,Harmeet Singh,Kings XI Punjab,3,22,27,7.363636363636364,1.4,7.190832535885167
548319,Harmeet Singh,Kings XI Punjab,2,19,23,7.2631578947368425,1.8,7.243464114832536
548323,Harmeet Singh,Kings XI Punjab,1,24,29,7.25,1.6,7.397464114832536
548328,Harmeet Singh,Kings XI Punjab,0,13,26,12.0,1.4,8.155358851674642
548331,Harmeet Singh,Kings XI Punjab,0,25,46,11.04,1.2,8.983358851674641
548369,Harmeet Singh,Kings XI Punjab,0,18,22,7.333333333333333,0.6,8.977298245614033
598009,Harmeet Singh,Rajasthan Royals,1,25,34,8.16,0.4,9.156666666666666
598031,Harmeet Singh,Kings XI Punjab,1,21,25,7.142857142857143,0.4,9.135238095238096
598056,Harmeet Singh,Kings XI Punjab,2,24,39,9.75,0.8,8.685238095238095
598059,Harmeet Singh,Kings XI Punjab,3,26,25,5.76923076923077,1.4,7.631084249084249
1254086,Harpreet Brar,Punjab Kings,1,18,19,6.333333333333333,0.8,8.284666666666666
1254090,Harpreet Brar,Punjab Kings,0,24,27,6.75,0.8,7.234666666666667
1254094,Harpreet Brar,Punjab Kings,0,26,22,5.0769230769230775,0.8,6.650051282051282
1254099,Harpreet Brar,Punjab Kings,0,6,11,11.0,0.8,6.882051282051282
1254107,Harpreet Brar,Punjab Kings,0,25,25,6.0,0.2,7.032051282051282
1254111,Harpreet Brar,Punjab Kings,1,18,17,5.666666666666667,0.2,6.898717948717949
1304049,Harpreet Brar,Punjab Kings,0,19,38,12.0,0.2,7.948717948717949
1304054,Harpreet Brar,Punjab Kings,0,13,20,9.230769230769232,0.2,8.77948717948718
1304106,Harpreet Brar,Punjab Kings,1,26,34,7.846153846153847,0.4,8.148717948717948
1304110,Harpreet Brar,Punjab Kings,0,18,30,10.0,0.4,8.948717948717949
1304116,Harpreet Brar,Punjab Kings,3,24,26,6.5,0.8,9.115384615384617
1359476,Harpreet Brar,Punjab Kings,0,6,8,8.0,0.8,8.315384615384616
1359482,Harpreet Brar,Punjab Kings,0,12,15,7.5,0.8,7.969230769230769
1359488,Harpreet Brar,Punjab Kings,0,19,26,8.210526315789474,0.6,8.042105263157895
1359492,Harpreet Brar,Punjab Kings,1,24,20,5.0,0.8,7.042105263157895
1359495,Harpreet Brar,Punjab Kings,1,12,10,5.0,0.4,6.742105263157894
1359501,Harpreet Brar,Punjab Kings,2,18,31,10.333333333333334,0.8,7.208771929824562
1359505,Harpreet Brar,Punjab Kings,0,12,15,7.5,0.8,7.208771929824562
1359520,Harpreet Brar,Punjab Kings,0,12,21,10.5,0.8,7.666666666666667
1359527,Harpreet Brar,Punjab Kings,1,6,4,4.0,0.8,7.466666666666667
1359533,Harpreet Brar,Punjab Kings,4,25,30,7.199999999999999,1.4,7.906666666666666
1359538,Harpreet Brar,Punjab Kings,0,20,39,11.7,1.0,8.18
1422120,Harpreet Brar,Punjab Kings,1,18,14,4.666666666666667,1.2,7.613333333333332
1422124,Harpreet Brar,Punjab Kings,2,24,17,4.25,1.6,6.363333333333332
1422129,Harpreet Brar,Punjab Kings,0,12,14,7.0,1.4,6.963333333333333
1422135,Harpreet Brar,Punjab Kings,1,24,33,8.25,0.8,7.173333333333334
1426261,Harpreet Brar,Punjab Kings,0,24,49,12.25,0.8,7.283333333333333
1426265,Harpreet Brar,Punjab Kings,0,18,22,7.333333333333333,0.6,7.816666666666667
1426271,Harpreet Brar,Punjab Kings,0,18,21,7.0,0.2,8.366666666666667
1426275,Harpreet Brar,Punjab Kings,0,24,35,8.75,0.2,8.716666666666665
1426280,Harpreet Brar,Punjab Kings,0,12,21,10.5,0.0,9.166666666666666
1426287,Harpreet Brar,Punjab Kings,2,25,17,4.08,0.4,7.532666666666667
1426291,Harpreet Brar,Punjab Kings,0,6,19,19.0,0.4,9.866
1426303,Harpreet Brar,Punjab Kings,0,6,10,10.0,0.4,10.466
1426307,Harpreet Brar,Punjab Kings,1,19,37,11.68421052631579,0.6,11.052842105263158
1359527,Harshit Rana,Kolkata Knight Riders,2,19,36,11.368421052631579,1.0,9.506882591093117
1359530,Harshit Rana,Kolkata Knight Riders,1,14,23,9.857142857142856,1.0,9.962521688837478
1359535,Harshit Rana,Kolkata Knight Riders,0,12,19,9.5,1.0,9.062521688837478
1359542,Harshit Rana,Kolkata Knight Riders,1,18,21,7.0,1.0,8.883574320416425
1422121,Harshit Rana,Kolkata Knight Riders,3,24,33,8.25,1.4,9.195112781954887
1422128,Harshit Rana,Kolkata Knight Riders,2,25,39,9.36,1.4,8.793428571428572
1426266,Harshit Rana,Kolkata Knight Riders,0,26,35,8.076923076923077,1.2,8.437384615384614
1426269,Harshit Rana,Kolkata Knight Riders,2,25,45,10.799999999999999,1.6,8.697384615384616
1426274,Harshit Rana,Kolkata Knight Riders,2,25,33,7.919999999999999,1.8,8.881384615384615
1426280,Harshit Rana,Kolkata Knight Riders,0,25,62,14.879999999999999,1.2,10.207384615384616
1426285,Harshit Rana,Kolkata Knight Riders,2,25,29,6.959999999999999,1.2,9.727384615384613
1426292,Harshit Rana,Kolkata Knight Riders,3,20,24,7.199999999999999,1.8,9.552
1426298,Harshit Rana,Kolkata Knight Riders,3,19,34,10.736842105263158,2.0,9.53936842105263
1426309,Harshit Rana,Kolkata Knight Riders,1,25,27,6.4799999999999995,1.8,9.25136842105263
1426312,Harshit Rana,Kolkata Knight Riders,2,25,24,5.76,2.2,7.427368421052631
336000,I Sharma,Kolkata Knight Riders,1,25,28,6.72,0.8,6.216481203007519
336003,I Sharma,Kolkata Knight Riders,0,25,43,10.319999999999999,0.6,7.459428571428572
336010,I Sharma,Kolkata Knight Riders,1,24,25,6.25,0.6,8.138
336014,I Sharma,Kolkata Knight Riders,0,18,28,9.333333333333334,0.6,8.324666666666666
336017,I Sharma,Kolkata Knight Riders,0,18,18,6.0,0.4,7.724666666666666
336021,I Sharma,Kolkata Knight Riders,1,17,34,12.0,0.4,8.780666666666665
336025,I Sharma,Kolkata Knight Riders,0,12,16,8.0,0.4,8.316666666666666
336027,I Sharma,Kolkata Knight Riders,1,18,23,7.666666666666667,0.4,8.6
336035,I Sharma,Kolkata Knight Riders,0,27,49,10.88888888888889,0.4,8.911111111111111
392184,I Sharma,Kolkata Knight Riders,0,18,13,4.333333333333333,0.4,8.57777777777778
392186,I Sharma,Kolkata Knight Riders,1,24,24,6.0,0.4,7.377777777777778
392190,I Sharma,Kolkata Knight Riders,2,24,37,9.25,0.8,7.627777777777777
392197,I Sharma,Kolkata Knight Riders,1,26,29,6.6923076923076925,0.8,7.432905982905983
392199,I Sharma,Kolkata Knight Riders,2,25,16,3.84,1.2,6.023128205128205
392203,I Sharma,Kolkata Knight Riders,1,27,27,6.0,1.4,6.356461538461539
392207,I Sharma,Kolkata Knight Riders,2,24,27,6.75,1.6,6.506461538461538
392211,I Sharma,Kolkata Knight Riders,0,24,43,10.75,1.2,6.806461538461539
392219,I Sharma,Kolkata Knight Riders,2,26,23,5.307692307692308,1.4,6.529538461538462
392221,I Sharma,Kolkata Knight Riders,0,28,40,8.571428571428571,1.0,7.475824175824175
392228,I Sharma,Kolkata Knight Riders,0,24,24,6.0,0.8,7.475824175824175
419106,I Sharma,Kolkata Knight Riders,1,26,31,7.153846153846154,0.6,7.556593406593407
419109,I Sharma,Kolkata Knight Riders,0,25,28,6.72,0.6,6.750593406593407
419113,I Sharma,Kolkata Knight Riders,1,24,39,9.75,0.4,7.639054945054946
419118,I Sharma,Kolkata Knight Riders,2,26,37,8.538461538461538,0.8,7.632461538461539
419122,I Sharma,Kolkata Knight Riders,2,25,44,10.559999999999999,1.2,8.544461538461539
419131,I Sharma,Kolkata Knight Riders,1,8,17,12.75,1.2,9.663692307692306
419148,I Sharma,Kolkata Knight Riders,0,26,46,10.615384615384617,1.2,10.442769230769231
501199,I Sharma,Deccan Chargers,0,26,26,6.0,1.0,9.692769230769231
501203,I Sharma,Deccan Chargers,0,18,28,9.333333333333334,0.6,9.85174358974359
501208,I Sharma,Deccan Chargers,1,24,21,5.25,0.4,8.78974358974359
501212,I Sharma,Deccan Chargers,0,26,25,5.76923076923077,0.2,7.393589743589745
501224,I Sharma,Deccan Chargers,1,25,41,9.84,0.4,7.238512820512821
501229,I Sharma,Deccan Chargers,5,19,13,4.105263157894737,1.4,6.8595654520917675
501236,I Sharma,Deccan Chargers,0,25,42,10.08,1.4,7.0088987854251
501239,I Sharma,Deccan Chargers,0,25,38,9.12,1.2,7.782898785425101
501243,I Sharma,Deccan Chargers,2,26,16,3.6923076923076925,1.6,7.3675141700404865
501250,I Sharma,Deccan Chargers,0,18,25,8.333333333333334,1.4,7.066180836707153
501256,I Sharma,Deccan Chargers,2,25,30,7.199999999999999,0.8,7.685128205128206
501259,I Sharma,Deccan Chargers,0,18,19,6.333333333333333,0.8,6.935794871794871
598000,I Sharma,Sunrisers Hyderabad,0,25,22,5.279999999999999,0.8,6.1677948717948725
598004,I Sharma,Sunrisers Hyderabad,3,24,28,7.0,1.0,6.8293333333333335
598010,I Sharma,Sunrisers Hyderabad,2,27,35,7.777777777777778,1.4,6.718222222222222
598013,I Sharma,Sunrisers Hyderabad,1,25,34,8.16,1.2,6.910222222222222
598018,I Sharma,Sunrisers Hyderabad,1,24,22,5.5,1.4,6.743555555555555
598021,I Sharma,Sunrisers Hyderabad,2,26,29,6.6923076923076925,1.8,7.026017094017094
598030,I Sharma,Sunrisers Hyderabad,1,26,35,8.076923076923077,1.4,7.241401709401709
598032,I Sharma,Sunrisers Hyderabad,0,18,35,11.666666666666666,1.0,8.019179487179487
598039,I Sharma,Sunrisers Hyderabad,2,25,16,3.84,1.2,7.1551794871794865
598044,I Sharma,Sunrisers Hyderabad,1,19,11,3.473684210526316,1.2,6.7499163292847495
598048,I Sharma,Sunrisers Hyderabad,1,22,30,8.181818181818182,1.0,7.047818427186849
598051,I Sharma,Sunrisers Hyderabad,0,27,66,14.666666666666666,0.8,8.365767145135566
598056,I Sharma,Sunrisers Hyderabad,0,18,22,7.333333333333333,0.8,7.4991004784688995
598060,I Sharma,Sunrisers Hyderabad,1,25,32,7.68,0.6,8.2671004784689
598065,I Sharma,Sunrisers Hyderabad,0,25,23,5.52,0.4,8.676363636363636
598071,I Sharma,Sunrisers Hyderabad,1,18,31,10.333333333333334,0.4,9.106666666666666
729285,I Sharma,Sunrisers Hyderabad,1,25,29,6.959999999999999,0.6,7.565333333333333
729311,I Sharma,Sunrisers Hyderabad,2,24,37,9.25,1.0,7.948666666666666
733977,I Sharma,Sunrisers Hyderabad,0,19,35,11.052631578947368,0.8,8.62319298245614
829711,I Sharma,Sunrisers Hyderabad,0,22,46,12.545454545454547,0.8,10.028283891547051
829787,I Sharma,Sunrisers Hyderabad,1,18,26,8.666666666666666,0.8,9.694950558213716
829793,I Sharma,Sunrisers Hyderabad,0,24,39,9.75,0.6,10.252950558213715
829799,I Sharma,Sunrisers Hyderabad,0,25,50,12.0,0.2,10.802950558213716
980901,I Sharma,Rising Pune Supergiants,2,28,37,7.928571428571428,0.6,10.178138528138529
980911,I Sharma,Rising Pune Supergiants,1,24,41,10.25,0.8,9.719047619047618
980919,I Sharma,Rising Pune Supergiants,0,18,26,8.666666666666666,0.6,9.719047619047618
980931,I Sharma,Rising Pune Supergiants,0,27,47,10.444444444444445,0.6,9.857936507936508
1082601,I Sharma,Kings XI Punjab,0,14,21,9.0,0.6,9.257936507936508
1082609,I Sharma,Kings XI Punjab,0,27,25,5.555555555555555,0.2,8.783333333333335
1082612,I Sharma,Kings XI Punjab,0,24,60,15.0,0.0,9.733333333333334
1082623,I Sharma,Kings XI Punjab,0,24,42,10.5,0.0,10.1
1082641,I Sharma,Kings XI Punjab,0,19,30,9.473684210526317,0.0,9.905847953216375
1082645,I Sharma,Kings XI Punjab,0,6,12,12.0,0.0,10.505847953216374
1175358,I Sharma,Delhi Capitals,3,24,35,8.75,0.6,11.144736842105264
1175360,I Sharma,Delhi Capitals,1,18,32,10.666666666666666,0.8,10.278070175438597
1175371,I Sharma,Delhi Capitals,1,7,5,4.285714285714286,1.0,9.035213032581453
1178395,I Sharma,Delhi Capitals,0,25,32,7.68,1.0,8.67647619047619
1178401,I Sharma,Delhi Capitals,1,26,22,5.0769230769230775,1.2,7.291860805860805
1178405,I Sharma,Delhi Capitals,0,19,19,6.0,0.6,6.741860805860806
1178409,I Sharma,Delhi Capitals,0,18,18,6.0,0.4,5.808527472527473
1178412,I Sharma,Delhi Capitals,0,26,29,6.6923076923076925,0.2,6.289846153846154
1178415,I Sharma,Delhi Capitals,1,24,30,7.5,0.4,6.253846153846154
1178421,I Sharma,Delhi Capitals,1,24,41,10.25,0.4,7.288461538461538
1178428,I Sharma,Delhi Capitals,3,26,38,8.76923076923077,1.0,7.842307692307694
1181766,I Sharma,Delhi Capitals,2,24,35,8.75,1.4,8.392307692307693
1181767,I Sharma,Delhi Capitals,1,24,28,7.0,1.6,8.453846153846154
1216532,I Sharma,Delhi Capitals,0,20,26,7.8,1.4,8.513846153846155
1254079,I Sharma,Delhi Capitals,1,24,26,6.5,1.4,7.7638461538461545
1254082,I Sharma,Delhi Capitals,0,24,35,8.75,0.8,7.76
1254086,I Sharma,Delhi Capitals,0,24,37,9.25,0.4,7.859999999999999
1359502,I Sharma,Delhi Capitals,2,25,19,4.56,0.6,7.372
1359508,I Sharma,Delhi Capitals,1,18,18,6.0,0.8,7.0120000000000005
1359514,I Sharma,Delhi Capitals,1,18,31,10.333333333333334,0.8,7.778666666666666
1359518,I Sharma,Delhi Capitals,2,25,23,5.52,1.2,7.132666666666667
1359524,I Sharma,Delhi Capitals,0,20,30,9.0,1.2,7.082666666666666
1359529,I Sharma,Delhi Capitals,0,14,24,10.285714285714285,0.8,8.227809523809523
1359533,I Sharma,Delhi Capitals,2,18,28,9.333333333333334,1.0,8.89447619047619
1359538,I Sharma,Delhi Capitals,2,19,37,11.68421052631579,1.2,9.164651629072683
1422120,I Sharma,Delhi Capitals,2,15,16,6.4,1.2,9.340651629072683
1422131,I Sharma,Delhi Capitals,0,20,23,6.8999999999999995,1.2,8.920651629072681
1422134,I Sharma,Delhi Capitals,2,18,44,14.666666666666666,1.6,9.796842105263156
1422138,I Sharma,Delhi Capitals,0,22,40,10.90909090909091,1.2,10.111993620414674
1426264,I Sharma,Delhi Capitals,1,28,36,7.7142857142857135,1.0,9.318008658008656
1426270,I Sharma,Delhi Capitals,3,13,8,3.6923076923076925,1.2,8.776470196470196
1426294,I Sharma,Delhi Capitals,0,19,34,10.736842105263158,1.2,9.543838617522827
1426300,I Sharma,Delhi Capitals,1,21,31,8.857142857142858,1.0,8.381933855618067
1426302,I Sharma,Delhi Capitals,3,26,34,7.846153846153847,1.6,7.769346443030654
1216519,I Udana,Royal Challengers Bangalore,1,25,43,10.319999999999999,0.8,8.965333333333334
1216522,I Udana,Royal Challengers Bangalore,0,20,43,12.899999999999999,0.8,10.345333333333333
1216525,I Udana,Royal Challengers Bangalore,1,24,30,7.5,0.8,10.512
1216531,I Udana,Royal Challengers Bangalore,0,13,15,6.923076923076923,0.8,9.496615384615385
1216540,I Udana,Royal Challengers Bangalore,1,12,19,9.5,0.6,9.428615384615384
1216547,I Udana,Royal Challengers Bangalore,2,27,45,10.0,0.8,9.364615384615384
729303,IC Pandey,Chennai Super Kings,0,24,21,5.25,1.0,8.046153846153846
729311,IC Pandey,Chennai Super Kings,0,18,26,8.666666666666666,1.0,6.7333333333333325
733971,IC Pandey,Chennai Super Kings,0,12,23,11.5,0.8,7.333333333333333
733981,IC Pandey,Chennai Super Kings,0,18,26,8.666666666666666,0.4,7.916666666666666
733987,IC Pandey,Chennai Super Kings,0,24,44,11.0,0.0,9.016666666666666
733995,IC Pandey,Chennai Super Kings,1,26,34,7.846153846153847,0.2,9.535897435897436
734003,IC Pandey,Chennai Super Kings,0,18,18,6.0,0.2,9.002564102564103
734023,IC Pandey,Chennai Super Kings,1,24,31,7.75,0.4,8.252564102564103
734045,IC Pandey,Chennai Super Kings,0,18,27,9.0,0.4,8.319230769230769
734047,IC Pandey,Chennai Super Kings,1,25,36,8.639999999999999,0.6,7.8472307692307695
829707,IC Pandey,Chennai Super Kings,1,24,30,7.5,0.6,7.7780000000000005
829711,IC Pandey,Chennai Super Kings,1,18,31,10.333333333333334,0.8,8.644666666666668
829729,IC Pandey,Chennai Super Kings,1,19,22,6.947368421052632,0.8,8.484140350877194
829735,IC Pandey,Chennai Super Kings,0,12,12,6.0,0.8,7.8841403508771934
829745,IC Pandey,Chennai Super Kings,1,24,21,5.25,0.8,7.2061403508771935
829753,IC Pandey,Chennai Super Kings,1,13,17,7.846153846153847,0.8,7.2753711201079625
829765,IC Pandey,Chennai Super Kings,1,13,18,8.307692307692308,0.8,6.870242914979757
829779,IC Pandey,Chennai Super Kings,2,24,28,7.0,1.0,6.88076923076923
829801,IC Pandey,Chennai Super Kings,2,24,27,6.75,1.4,7.030769230769231
829809,IC Pandey,Chennai Super Kings,1,18,22,7.333333333333333,1.4,7.447435897435898
335999,IK Pathan,Kings XI Punjab,2,25,31,7.4399999999999995,2.0,6.884153846153846
336003,IK Pathan,Kings XI Punjab,2,25,19,4.56,2.0,5.446153846153846
336006,IK Pathan,Kings XI Punjab,3,21,13,3.7142857142857144,2.4,5.21978021978022
336013,IK Pathan,Kings XI Punjab,0,27,33,7.333333333333333,2.0,5.809523809523809
336016,IK Pathan,Kings XI Punjab,2,25,28,6.72,1.8,5.9535238095238086
336019,IK Pathan,Kings XI Punjab,1,24,10,2.5,1.6,4.965523809523809
336022,IK Pathan,Kings XI Punjab,0,12,13,6.5,1.2,5.35352380952381
336028,IK Pathan,Kings XI Punjab,1,25,40,9.6,0.8,6.530666666666667
336035,IK Pathan,Kings XI Punjab,0,23,36,9.391304347826086,0.8,6.942260869565217
336039,IK Pathan,Kings XI Punjab,1,26,24,5.538461538461539,0.6,6.705953177257525
392183,IK Pathan,Kings XI Punjab,0,7,9,7.7142857142857135,0.4,7.748810320114669
392186,IK Pathan,Kings XI Punjab,0,20,27,8.1,0.4,8.068810320114668
392191,IK Pathan,Kings XI Punjab,3,24,35,8.75,0.8,7.898810320114668
392195,IK Pathan,Kings XI Punjab,2,27,27,6.0,1.2,7.22054945054945
392200,IK Pathan,Kings XI Punjab,2,26,20,4.615384615384616,1.4,7.035934065934066
392204,IK Pathan,Kings XI Punjab,2,24,19,4.75,1.8,6.443076923076923
392207,IK Pathan,Kings XI Punjab,0,25,38,9.12,1.8,6.6470769230769235
392210,IK Pathan,Kings XI Punjab,1,24,40,10.0,1.4,6.8970769230769235
392214,IK Pathan,Kings XI Punjab,1,24,39,9.75,1.2,7.6470769230769235
392216,IK Pathan,Kings XI Punjab,1,25,44,10.559999999999999,1.0,8.836
392222,IK Pathan,Kings XI Punjab,0,20,14,4.2,0.6,8.726
392226,IK Pathan,Kings XI Punjab,3,24,22,5.5,1.2,8.002
392229,IK Pathan,Kings XI Punjab,2,19,29,9.157894736842106,1.4,7.83357894736842
392234,IK Pathan,Kings XI Punjab,3,25,35,8.399999999999999,1.8,7.563578947368422
419108,IK Pathan,Kings XI Punjab,1,25,31,7.4399999999999995,1.8,6.93957894736842
419112,IK Pathan,Kings XI Punjab,0,18,33,11.0,1.8,8.29957894736842
419117,IK Pathan,Kings XI Punjab,1,18,16,5.333333333333333,1.4,8.266245614035087
419121,IK Pathan,Kings XI Punjab,1,19,24,7.578947368421053,1.2,7.9504561403508776
419124,IK Pathan,Kings XI Punjab,2,24,45,11.25,1.0,8.520456140350877
419127,IK Pathan,Kings XI Punjab,2,26,42,9.692307692307693,1.2,8.970917678812416
419132,IK Pathan,Kings XI Punjab,1,19,21,6.631578947368421,1.4,8.0972334682861
419136,IK Pathan,Kings XI Punjab,1,20,36,10.799999999999999,1.4,9.190566801619433
419139,IK Pathan,Kings XI Punjab,1,25,36,8.639999999999999,1.4,9.402777327935222
419143,IK Pathan,Kings XI Punjab,0,6,17,17.0,1.0,10.552777327935223
419146,IK Pathan,Kings XI Punjab,3,24,29,7.25,1.2,10.064315789473685
419149,IK Pathan,Kings XI Punjab,3,25,25,6.0,1.6,9.937999999999999
419156,IK Pathan,Kings XI Punjab,1,19,35,11.052631578947368,1.6,9.988526315789475
419159,IK Pathan,Kings XI Punjab,0,22,45,12.272727272727273,1.4,10.715071770334928
501201,IK Pathan,Delhi Daredevils,1,20,15,4.5,1.6,8.215071770334928
501204,IK Pathan,Delhi Daredevils,1,19,32,10.105263157894738,1.2,8.786124401913876
501213,IK Pathan,Delhi Daredevils,0,19,29,9.157894736842106,0.6,9.417703349282297
501216,IK Pathan,Delhi Daredevils,1,25,28,6.72,0.6,8.551177033492824
501223,IK Pathan,Delhi Daredevils,1,18,26,8.666666666666666,0.8,7.829964912280701
501227,IK Pathan,Delhi Daredevils,0,18,31,10.333333333333334,0.6,8.996631578947369
501230,IK Pathan,Delhi Daredevils,1,24,16,4.0,0.6,7.775578947368421
501233,IK Pathan,Delhi Daredevils,2,25,28,6.72,1.0,7.287999999999999
501238,IK Pathan,Delhi Daredevils,0,27,39,8.666666666666666,0.8,7.677333333333334
501243,IK Pathan,Delhi Daredevils,0,18,18,6.0,0.6,7.144
501246,IK Pathan,Delhi Daredevils,1,25,23,5.52,0.8,6.181333333333333
501253,IK Pathan,Delhi Daredevils,2,25,40,9.6,1.0,7.301333333333334
501257,IK Pathan,Delhi Daredevils,3,25,28,6.72,1.2,7.301333333333332
548307,IK Pathan,Delhi Daredevils,0,6,9,9.0,1.2,7.368
548310,IK Pathan,Delhi Daredevils,0,24,49,12.25,1.2,8.618
548316,IK Pathan,Delhi Daredevils,2,24,26,6.5,1.4,8.814000000000002
548321,IK Pathan,Delhi Daredevils,0,24,27,6.75,1.0,8.244
548325,IK Pathan,Delhi Daredevils,1,24,15,3.75,0.6,7.65
548329,IK Pathan,Delhi Daredevils,1,24,46,11.5,0.8,8.15
548333,IK Pathan,Delhi Daredevils,0,25,26,6.239999999999999,0.8,6.948
548337,IK Pathan,Delhi Daredevils,1,24,24,6.0,0.6,6.848000000000001
548342,IK Pathan,Delhi Daredevils,2,25,46,11.04,1.0,7.706
548345,IK Pathan,Delhi Daredevils,1,26,27,6.230769230769231,1.0,8.202153846153845
548349,IK Pathan,Delhi Daredevils,0,12,23,11.5,0.8,8.202153846153845
548357,IK Pathan,Delhi Daredevils,0,19,29,9.157894736842106,0.8,8.785732793522266
548364,IK Pathan,Delhi Daredevils,1,12,15,7.5,0.8,9.085732793522265
548369,IK Pathan,Delhi Daredevils,0,24,26,6.5,0.4,8.177732793522267
548372,IK Pathan,Delhi Daredevils,0,24,44,11.0,0.2,9.131578947368421
548374,IK Pathan,Delhi Daredevils,0,24,25,6.25,0.2,8.081578947368422
548378,IK Pathan,Delhi Daredevils,1,25,20,4.8,0.4,7.209999999999999
597998,IK Pathan,Delhi Daredevils,0,12,15,7.5,0.2,7.209999999999999
598001,IK Pathan,Delhi Daredevils,0,24,32,8.0,0.2,7.51
598006,IK Pathan,Delhi Daredevils,1,24,39,9.75,0.4,7.26
598010,IK Pathan,Delhi Daredevils,1,21,19,5.428571428571429,0.6,7.095714285714285
598017,IK Pathan,Delhi Daredevils,0,24,40,10.0,0.4,8.135714285714286
598020,IK Pathan,Delhi Daredevils,1,24,30,7.5,0.6,8.135714285714286
598024,IK Pathan,Delhi Daredevils,0,24,25,6.25,0.6,7.7857142857142865
598028,IK Pathan,Delhi Daredevils,1,26,30,6.923076923076923,0.6,7.22032967032967
598035,IK Pathan,Delhi Daredevils,2,24,29,7.25,0.8,7.584615384615384
598040,IK Pathan,Delhi Daredevils,2,25,16,3.84,1.2,6.352615384615385
598044,IK Pathan,Delhi Daredevils,0,6,6,6.0,1.0,6.052615384615384
598054,IK Pathan,Delhi Daredevils,1,25,24,5.76,1.2,5.954615384615384
598059,IK Pathan,Delhi Daredevils,1,13,26,12.0,1.2,6.970000000000001
598062,IK Pathan,Delhi Daredevils,0,19,25,7.894736842105264,0.8,7.098947368421054
598067,IK Pathan,Delhi Daredevils,1,24,35,8.75,0.6,8.080947368421054
729295,IK Pathan,Sunrisers Hyderabad,0,12,28,14.0,0.6,9.680947368421053
729317,IK Pathan,Sunrisers Hyderabad,2,13,13,6.0,0.8,9.728947368421052
733977,IK Pathan,Sunrisers Hyderabad,1,18,25,8.333333333333334,0.8,8.99561403508772
733989,IK Pathan,Sunrisers Hyderabad,2,11,8,4.363636363636364,1.2,8.289393939393939
733993,IK Pathan,Sunrisers Hyderabad,0,18,18,6.0,1.0,7.73939393939394
734001,IK Pathan,Sunrisers Hyderabad,0,12,29,14.5,1.0,7.839393939393941
734007,IK Pathan,Sunrisers Hyderabad,0,6,5,5.0,0.6,7.6393939393939405
734015,IK Pathan,Sunrisers Hyderabad,0,18,20,6.666666666666667,0.4,7.306060606060607
734021,IK Pathan,Sunrisers Hyderabad,1,18,29,9.666666666666666,0.2,8.366666666666667
734029,IK Pathan,Sunrisers Hyderabad,0,18,34,11.333333333333334,0.2,9.433333333333334
980919,IK Pathan,Rising Pune Supergiants,0,6,7,7.0,0.2,7.9333333333333345
980997,IK Pathan,Rising Pune Supergiants,0,18,17,5.666666666666667,0.2,8.066666666666666
981005,IK Pathan,Rising Pune Supergiants,0,24,37,9.25,0.2,8.583333333333332
1082625,IK Pathan,Gujarat Lions,2,12,26,13.0,0.4,9.25
1136613,IS Sodhi,Rajasthan Royals,1,24,31,7.75,1.0,6.5166666666666675
1136618,IS Sodhi,Rajasthan Royals,0,24,15,3.75,0.8,5.6
1178407,IS Sodhi,Rajasthan Royals,1,25,41,9.84,0.8,6.818
1178428,IS Sodhi,Rajasthan Royals,3,19,26,8.210526315789474,1.2,6.960105263157894
734031,Imran Tahir,Delhi Daredevils,4,25,37,8.879999999999999,2.0,7.887538461538462
734039,Imran Tahir,Delhi Daredevils,1,25,32,7.68,2.2,8.223538461538462
829707,Imran Tahir,Delhi Daredevils,1,24,27,6.75,2.2,7.123538461538462
829715,Imran Tahir,Delhi Daredevils,4,25,29,6.959999999999999,2.6,7.115538461538461
829725,Imran Tahir,Delhi Daredevils,3,24,43,10.75,2.6,8.203999999999999
829731,Imran Tahir,Delhi Daredevils,1,24,35,8.75,2.0,8.178
829739,Imran Tahir,Delhi Daredevils,1,24,30,7.5,2.0,8.142
829747,Imran Tahir,Delhi Daredevils,3,26,22,5.0769230769230775,2.4,7.807384615384615
829757,Imran Tahir,Delhi Daredevils,0,12,20,10.0,1.6,8.415384615384616
829761,Imran Tahir,Delhi Daredevils,2,26,46,10.615384615384617,1.4,8.388461538461538
829767,Imran Tahir,Delhi Daredevils,0,19,36,11.368421052631579,1.2,8.912145748987854
829783,Imran Tahir,Delhi Daredevils,0,16,27,10.125,1.0,9.437145748987854
980933,Imran Tahir,Delhi Daredevils,0,24,29,7.25,0.4,9.871761133603238
980945,Imran Tahir,Delhi Daredevils,3,24,26,6.5,1.0,9.171761133603237
980965,Imran Tahir,Delhi Daredevils,2,25,27,6.4799999999999995,1.0,8.344684210526315
980993,Imran Tahir,Delhi Daredevils,0,24,59,14.75,1.0,9.021
1082592,Imran Tahir,Rising Pune Supergiant,3,24,28,7.0,1.6,8.396
1082594,Imran Tahir,Rising Pune Supergiant,2,24,29,7.25,2.0,8.396
1082599,Imran Tahir,Rising Pune Supergiant,1,25,25,6.0,1.6,8.296000000000001
1082603,Imran Tahir,Rising Pune Supergiant,1,24,53,13.25,1.4,9.65
1082607,Imran Tahir,Rising Pune Supergiant,1,25,27,6.4799999999999995,1.6,7.996
1082615,Imran Tahir,Rising Pune Supergiant,1,19,23,7.2631578947368425,1.2,8.048631578947369
1082618,Imran Tahir,Rising Pune Supergiant,1,24,32,8.0,1.0,8.198631578947367
1082620,Imran Tahir,Rising Pune Supergiant,0,24,48,12.0,0.8,9.398631578947368
1082624,Imran Tahir,Rising Pune Supergiant,3,24,18,4.5,1.2,7.648631578947368
1082629,Imran Tahir,Rising Pune Supergiant,4,24,27,6.75,1.8,7.7026315789473685
1082631,Imran Tahir,Rising Pune Supergiant,1,24,36,9.0,1.8,8.05
1082634,Imran Tahir,Rising Pune Supergiant,1,25,24,5.76,1.8,7.601999999999999
1136561,Imran Tahir,Chennai Super Kings,1,12,23,11.5,2.0,7.502
1136565,Imran Tahir,Chennai Super Kings,0,24,27,6.75,1.4,7.952
1136572,Imran Tahir,Chennai Super Kings,2,24,34,8.5,1.0,8.302
1136577,Imran Tahir,Chennai Super Kings,1,25,44,10.559999999999999,1.0,8.614
1136584,Imran Tahir,Chennai Super Kings,2,24,35,8.75,1.2,9.212
1136587,Imran Tahir,Chennai Super Kings,0,17,30,10.588235294117647,1.0,9.02964705882353
1175356,Imran Tahir,Chennai Super Kings,3,24,9,2.25,1.6,8.12964705882353
1175360,Imran Tahir,Chennai Super Kings,1,12,20,10.0,1.4,8.42964705882353
1175367,Imran Tahir,Chennai Super Kings,2,24,23,5.75,1.6,7.467647058823529
1175370,Imran Tahir,Chennai Super Kings,1,24,25,6.25,1.4,6.967647058823529
1178393,Imran Tahir,Chennai Super Kings,0,24,20,5.0,1.4,5.85
1178398,Imran Tahir,Chennai Super Kings,2,24,21,5.25,1.2,6.45
1178400,Imran Tahir,Chennai Super Kings,0,24,28,7.0,1.0,5.85
1178404,Imran Tahir,Chennai Super Kings,4,25,27,6.4799999999999995,1.4,5.996
1178408,Imran Tahir,Chennai Super Kings,2,24,20,5.0,1.6,5.746
1178414,Imran Tahir,Chennai Super Kings,1,24,31,7.75,1.8,6.296
1178416,Imran Tahir,Chennai Super Kings,0,24,38,9.5,1.4,7.146000000000001
1178419,Imran Tahir,Chennai Super Kings,1,24,38,9.5,1.6,7.646000000000001
1178425,Imran Tahir,Chennai Super Kings,4,20,12,3.5999999999999996,1.6,7.07
1178430,Imran Tahir,Chennai Super Kings,0,24,40,10.0,1.2,8.07
1181764,Imran Tahir,Chennai Super Kings,2,25,33,7.919999999999999,1.4,8.104
1181767,Imran Tahir,Chennai Super Kings,1,24,32,8.0,1.6,7.803999999999999
1181768,Imran Tahir,Chennai Super Kings,2,18,23,7.666666666666667,1.8,7.437333333333333
1216506,Imran Tahir,Chennai Super Kings,1,24,24,6.0,1.2,7.917333333333334
1216521,Imran Tahir,Chennai Super Kings,0,18,24,8.0,1.2,7.517333333333333
1216544,Imran Tahir,Chennai Super Kings,0,24,30,7.5,0.8,7.433333333333333
1254076,Imran Tahir,Chennai Super Kings,3,26,16,3.6923076923076925,1.2,6.5717948717948715
501198,Iqbal Abdulla,Kolkata Knight Riders,1,24,26,6.5,0.8,7.096666666666667
501203,Iqbal Abdulla,Kolkata Knight Riders,3,24,25,6.25,1.2,6.880000000000001
501209,Iqbal Abdulla,Kolkata Knight Riders,0,12,14,7.0,1.2,7.080000000000001
501214,Iqbal Abdulla,Kolkata Knight Riders,2,19,18,5.684210526315789,1.2,6.766842105263159
501219,Iqbal Abdulla,Kolkata Knight Riders,0,24,24,6.0,1.2,6.286842105263157
501222,Iqbal Abdulla,Kolkata Knight Riders,0,13,12,5.538461538461539,1.0,6.094534412955466
501230,Iqbal Abdulla,Kolkata Knight Riders,3,25,27,6.4799999999999995,1.0,6.140534412955466
501234,Iqbal Abdulla,Kolkata Knight Riders,3,24,19,4.75,1.6,5.690534412955466
501239,Iqbal Abdulla,Kolkata Knight Riders,2,24,35,8.75,1.6,6.303692307692307
501242,Iqbal Abdulla,Kolkata Knight Riders,0,12,16,8.0,1.6,6.703692307692307
501245,Iqbal Abdulla,Kolkata Knight Riders,1,25,16,3.84,1.8,6.364
501255,Iqbal Abdulla,Kolkata Knight Riders,1,18,18,6.0,1.4,6.268
501262,Iqbal Abdulla,Kolkata Knight Riders,1,19,13,4.105263157894737,1.0,6.139052631578947
501267,Iqbal Abdulla,Kolkata Knight Riders,1,24,26,6.5,0.8,5.689052631578948
501269,Iqbal Abdulla,Kolkata Knight Riders,0,18,24,8.0,0.8,5.689052631578948
548307,Iqbal Abdulla,Kolkata Knight Riders,0,6,8,8.0,0.6,6.521052631578948
548312,Iqbal Abdulla,Kolkata Knight Riders,0,12,16,8.0,0.4,6.921052631578948
548347,Iqbal Abdulla,Kolkata Knight Riders,0,18,19,6.333333333333333,0.2,7.366666666666667
548353,Iqbal Abdulla,Kolkata Knight Riders,1,25,26,6.239999999999999,0.2,7.314666666666666
548370,Iqbal Abdulla,Kolkata Knight Riders,1,24,23,5.75,0.4,6.8646666666666665
548375,Iqbal Abdulla,Kolkata Knight Riders,1,19,20,6.315789473684211,0.6,6.527824561403508
548378,Iqbal Abdulla,Kolkata Knight Riders,1,24,26,6.5,0.8,6.227824561403509
548381,Iqbal Abdulla,Kolkata Knight Riders,0,6,9,9.0,0.8,6.761157894736843
598029,Iqbal Abdulla,Kolkata Knight Riders,0,24,35,8.75,0.6,7.263157894736841
598043,Iqbal Abdulla,Kolkata Knight Riders,1,18,22,7.333333333333333,0.6,7.579824561403508
598050,Iqbal Abdulla,Kolkata Knight Riders,1,24,30,7.5,0.6,7.816666666666667
598053,Iqbal Abdulla,Kolkata Knight Riders,2,24,26,6.5,0.8,7.816666666666667
598069,Iqbal Abdulla,Kolkata Knight Riders,3,23,29,7.565217391304348,1.4,7.529710144927536
729315,Iqbal Abdulla,Rajasthan Royals,0,12,18,9.0,1.4,7.579710144927536
829737,Iqbal Abdulla,Royal Challengers Bangalore,0,26,35,8.076923076923077,1.2,7.728428093645485
829745,Iqbal Abdulla,Royal Challengers Bangalore,2,26,36,8.307692307692308,1.4,7.889966555183946
829749,Iqbal Abdulla,Royal Challengers Bangalore,1,25,28,6.72,1.2,7.933966555183946
829757,Iqbal Abdulla,Royal Challengers Bangalore,1,25,17,4.08,0.8,7.236923076923077
829779,Iqbal Abdulla,Royal Challengers Bangalore,0,19,34,10.736842105263158,0.8,7.584291497975708
980927,Iqbal Abdulla,Royal Challengers Bangalore,3,25,40,9.6,1.4,7.888906882591092
980931,Iqbal Abdulla,Royal Challengers Bangalore,0,19,22,6.947368421052632,1.0,7.616842105263157
980937,Iqbal Abdulla,Royal Challengers Bangalore,0,25,41,9.84,0.8,8.240842105263159
980977,Iqbal Abdulla,Royal Challengers Bangalore,0,18,27,9.0,0.6,9.224842105263159
980995,Iqbal Abdulla,Royal Challengers Bangalore,2,25,24,5.76,1.0,8.229473684210527
981011,Iqbal Abdulla,Royal Challengers Bangalore,0,12,14,7.0,0.4,7.7094736842105265
981013,Iqbal Abdulla,Royal Challengers Bangalore,2,25,38,9.12,0.8,8.144
981019,Iqbal Abdulla,Royal Challengers Bangalore,0,6,10,10.0,0.8,8.175999999999998
1082595,Iqbal Abdulla,Royal Challengers Bangalore,2,21,36,10.285714285714286,1.2,8.433142857142858
1082598,Iqbal Abdulla,Royal Challengers Bangalore,0,13,19,8.76923076923077,0.8,9.034989010989012
501204,J Botha,Rajasthan Royals,0,24,36,9.0,1.0,6.97323076923077
501209,J Botha,Rajasthan Royals,0,12,13,6.5,0.8,6.703999999999999
501225,J Botha,Rajasthan Royals,1,25,19,4.56,0.8,6.5120000000000005
501231,J Botha,Rajasthan Royals,3,12,6,3.0,0.8,6.162
501235,J Botha,Rajasthan Royals,1,24,25,6.25,1.0,5.862
501240,J Botha,Rajasthan Royals,1,24,22,5.5,1.2,5.162
501249,J Botha,Rajasthan Royals,1,25,23,5.52,1.4,4.965999999999999
501252,J Botha,Rajasthan Royals,0,24,43,10.75,1.2,6.204
501263,J Botha,Rajasthan Royals,0,25,24,5.76,0.6,6.756
548309,J Botha,Rajasthan Royals,0,24,37,9.25,0.4,7.356
548312,J Botha,Rajasthan Royals,1,26,34,7.846153846153847,0.4,7.825230769230769
548317,J Botha,Rajasthan Royals,0,6,23,23.0,0.2,11.32123076923077
548320,J Botha,Rajasthan Royals,1,25,22,5.279999999999999,0.4,10.227230769230768
548324,J Botha,Rajasthan Royals,1,24,30,7.5,0.6,10.57523076923077
548326,J Botha,Rajasthan Royals,0,24,30,7.5,0.6,10.22523076923077
548354,J Botha,Rajasthan Royals,2,25,23,5.52,0.8,9.76
548358,J Botha,Rajasthan Royals,1,24,26,6.5,1.0,6.459999999999999
548361,J Botha,Rajasthan Royals,0,24,23,5.75,0.8,6.553999999999999
548365,J Botha,Rajasthan Royals,2,24,26,6.5,1.0,6.353999999999999
548373,J Botha,Rajasthan Royals,1,25,30,7.199999999999999,1.2,6.294
597998,J Botha,Delhi Daredevils,1,22,23,6.272727272727273,1.0,6.444545454545455
598001,J Botha,Delhi Daredevils,0,6,19,19.0,0.8,8.944545454545455
598010,J Botha,Delhi Daredevils,1,18,11,3.6666666666666665,1.0,8.527878787878787
598044,J Botha,Delhi Daredevils,2,19,11,3.473684210526316,1.0,7.922615629984051
598059,J Botha,Delhi Daredevils,1,24,27,6.75,1.0,7.83261562998405
598062,J Botha,Delhi Daredevils,0,13,23,10.615384615384617,0.8,8.70114709851552
829743,J Botha,Kolkata Knight Riders,0,25,27,6.4799999999999995,0.8,6.19714709851552
829761,J Botha,Kolkata Knight Riders,0,6,14,14.0,0.6,8.263813765182187
829781,J Botha,Kolkata Knight Riders,1,25,32,7.68,0.4,9.105076923076924
829791,J Botha,Kolkata Knight Riders,0,6,9,9.0,0.2,9.555076923076923
1359509,J Little,Gujarat Titans,0,12,18,9.0,1.0,8.672222222222222
1359513,J Little,Gujarat Titans,2,24,25,6.25,1.2,7.822222222222223
1359518,J Little,Gujarat Titans,0,18,27,9.0,1.2,8.272222222222222
1359522,J Little,Gujarat Titans,1,24,24,6.0,1.2,7.472222222222223
1370352,J Little,Gujarat Titans,1,19,26,8.210526315789474,0.8,7.692105263157894
1370353,J Little,Gujarat Titans,0,12,30,15.0,0.8,8.892105263157895
1426290,J Little,Gujarat Titans,4,25,45,10.799999999999999,1.2,9.802105263157895
829769,J Suchith,Mumbai Indians,1,26,39,9.0,0.6,9.614153846153846
829775,J Suchith,Mumbai Indians,1,25,34,8.16,0.6,9.278153846153845
829783,J Suchith,Mumbai Indians,1,18,24,8.0,0.8,9.328153846153848
829789,J Suchith,Mumbai Indians,1,24,21,5.25,1.0,7.332000000000001
829795,J Suchith,Mumbai Indians,0,18,35,11.666666666666666,0.8,8.415333333333333
829805,J Suchith,Mumbai Indians,1,12,23,11.5,0.8,8.915333333333333
829815,J Suchith,Mumbai Indians,2,18,14,4.666666666666667,1.0,8.216666666666665
829817,J Suchith,Mumbai Indians,1,12,18,9.0,1.0,8.416666666666666
980909,J Suchith,Mumbai Indians,0,14,31,13.285714285714285,0.8,10.023809523809524
1178425,J Suchith,Delhi Capitals,2,24,28,7.0,1.2,9.09047619047619
1254077,J Suchith,Sunrisers Hyderabad,1,24,21,5.25,1.2,7.84047619047619
1254080,J Suchith,Sunrisers Hyderabad,0,18,45,15.0,0.8,9.907142857142858
1304071,J Suchith,Sunrisers Hyderabad,1,18,32,10.666666666666666,0.8,10.24047619047619
1304074,J Suchith,Sunrisers Hyderabad,1,25,28,6.72,1.0,8.927333333333333
1304082,J Suchith,Sunrisers Hyderabad,2,20,12,3.5999999999999996,1.0,8.247333333333334
1304100,J Suchith,Sunrisers Hyderabad,2,26,30,6.923076923076923,1.2,8.581948717948716
1304116,J Suchith,Sunrisers Hyderabad,1,26,39,9.0,1.4,7.381948717948717
501271,J Syed Mohammad,Royal Challengers Bangalore,1,18,39,13.0,1.0,9.0
548356,J Syed Mohammad,Royal Challengers Bangalore,1,18,27,9.0,1.0,9.8
548360,J Syed Mohammad,Royal Challengers Bangalore,0,25,39,9.36,1.0,9.972
598012,J Syed Mohammad,Royal Challengers Bangalore,2,19,16,5.052631578947369,1.2,8.582526315789474
598017,J Syed Mohammad,Royal Challengers Bangalore,0,12,13,6.5,0.8,8.582526315789474
598033,J Syed Mohammad,Royal Challengers Bangalore,2,24,43,10.75,1.0,8.132526315789473
598054,J Syed Mohammad,Royal Challengers Bangalore,0,7,20,17.142857142857142,0.8,9.761097744360901
419149,J Theron,Kings XI Punjab,1,12,12,6.0,1.4,7.574
419156,J Theron,Kings XI Punjab,1,27,32,7.111111111111111,0.6,7.946222222222221
419159,J Theron,Kings XI Punjab,1,25,46,11.04,0.8,8.85822222222222
548341,J Theron,Deccan Chargers,2,27,37,8.222222222222221,1.0,8.774666666666667
548359,J Theron,Deccan Chargers,1,24,29,7.25,1.2,7.924666666666667
829769,J Theron,Rajasthan Royals,1,26,41,9.461538461538462,1.2,8.616974358974359
980965,J Yadav,Delhi Daredevils,0,24,25,6.25,0.6,4.504
980983,J Yadav,Delhi Daredevils,1,25,32,7.68,0.6,5.09
981003,J Yadav,Delhi Daredevils,0,24,37,9.25,0.4,6.14
981011,J Yadav,Delhi Daredevils,0,6,8,8.0,0.4,7.340000000000001
1082611,J Yadav,Delhi Daredevils,0,13,16,7.384615384615385,0.2,7.712923076923078
1082630,J Yadav,Delhi Daredevils,0,24,27,6.75,0.2,7.812923076923077
1178409,J Yadav,Mumbai Indians,0,24,25,6.25,0.0,7.526923076923078
1181764,J Yadav,Mumbai Indians,1,19,25,7.894736842105264,0.2,7.255870445344129
1216535,J Yadav,Mumbai Indians,0,18,18,6.0,0.2,6.855870445344129
1237181,J Yadav,Mumbai Indians,1,24,25,6.25,0.4,6.628947368421052
1254070,J Yadav,Mumbai Indians,1,24,26,6.5,0.6,6.578947368421052
1254074,J Yadav,Mumbai Indians,0,24,20,5.0,0.6,6.328947368421052
1254081,J Yadav,Mumbai Indians,0,21,37,10.571428571428571,0.4,6.864285714285714
1254093,J Yadav,Mumbai Indians,0,12,17,8.5,0.4,7.364285714285714
1254112,J Yadav,Mumbai Indians,2,25,31,7.4399999999999995,0.6,7.602285714285715
1359504,J Yadav,Gujarat Titans,0,24,26,6.5,0.4,7.602285714285715
336009,JA Morkel,Chennai Super Kings,2,26,35,8.076923076923077,0.8,8.200273504273504
336013,JA Morkel,Chennai Super Kings,1,24,25,6.25,0.8,7.761384615384616
336018,JA Morkel,Chennai Super Kings,0,20,47,14.1,0.8,8.613384615384614
336025,JA Morkel,Chennai Super Kings,0,25,26,6.239999999999999,0.8,8.181384615384614
336029,JA Morkel,Chennai Super Kings,4,24,32,8.0,1.4,8.533384615384614
336033,JA Morkel,Chennai Super Kings,2,24,35,8.75,1.4,8.668000000000001
336037,JA Morkel,Chennai Super Kings,3,27,41,9.11111111111111,1.8,9.240222222222222
336039,JA Morkel,Chennai Super Kings,2,24,27,6.75,2.2,7.7702222222222215
336040,JA Morkel,Chennai Super Kings,4,29,27,5.586206896551724,3.0,7.639463601532567
392185,JA Morkel,Chennai Super Kings,1,13,12,5.538461538461539,2.4,7.1471559092248755
392189,JA Morkel,Chennai Super Kings,1,24,41,10.25,2.2,7.447155909224875
392196,JA Morkel,Chennai Super Kings,0,19,30,9.473684210526317,1.6,7.519670529107915
392202,JA Morkel,Chennai Super Kings,2,24,21,5.25,1.6,7.2196705291079155
392206,JA Morkel,Chennai Super Kings,1,24,32,8.0,1.0,7.702429149797571
392209,JA Morkel,Chennai Super Kings,2,19,25,7.894736842105264,1.2,8.173684210526316
392214,JA Morkel,Chennai Super Kings,1,19,36,11.368421052631579,1.2,8.397368421052631
392217,JA Morkel,Chennai Super Kings,1,19,24,7.578947368421053,1.4,8.01842105263158
392224,JA Morkel,Chennai Super Kings,2,25,13,3.1199999999999997,1.4,7.592421052631579
392227,JA Morkel,Chennai Super Kings,3,26,31,7.153846153846154,1.8,7.423190283400811
392231,JA Morkel,Chennai Super Kings,0,19,39,12.31578947368421,1.4,8.307400809716599
392238,JA Morkel,Chennai Super Kings,1,18,26,8.666666666666666,1.4,7.767049932523617
419110,JA Morkel,Chennai Super Kings,1,25,42,10.08,1.4,8.267260458839406
419113,JA Morkel,Chennai Super Kings,1,13,7,3.230769230769231,1.2,8.289414304993253
419116,JA Morkel,Chennai Super Kings,0,19,26,8.210526315789474,0.6,8.500750337381916
419121,JA Morkel,Chennai Super Kings,3,24,23,5.75,1.2,7.187592442645075
419123,JA Morkel,Chennai Super Kings,1,24,28,7.0,1.2,6.854259109311741
419125,JA Morkel,Chennai Super Kings,0,26,27,6.230769230769231,1.0,6.084412955465587
419129,JA Morkel,Chennai Super Kings,2,24,46,11.5,1.2,7.738259109311741
419133,JA Morkel,Chennai Super Kings,0,24,40,10.0,1.2,8.096153846153845
419137,JA Morkel,Chennai Super Kings,2,24,56,14.0,1.0,9.746153846153845
419153,JA Morkel,Chennai Super Kings,0,13,14,6.461538461538462,0.8,9.638461538461538
419155,JA Morkel,Chennai Super Kings,0,17,16,5.647058823529411,0.8,9.521719457013575
419159,JA Morkel,Chennai Super Kings,1,25,50,12.0,0.6,9.621719457013574
419163,JA Morkel,Chennai Super Kings,1,18,15,5.0,0.8,8.621719457013574
419165,JA Morkel,Chennai Super Kings,2,19,20,6.315789473684211,0.8,7.084877351750417
501198,JA Morkel,Chennai Super Kings,0,19,32,10.105263157894738,0.8,7.813622291021673
501206,JA Morkel,Chennai Super Kings,1,18,38,12.666666666666666,1.0,9.217543859649123
501211,JA Morkel,Chennai Super Kings,2,25,34,8.16,1.2,8.449543859649122
501215,JA Morkel,Chennai Super Kings,0,12,17,8.5,1.0,9.149543859649123
501221,JA Morkel,Chennai Super Kings,1,24,19,4.75,0.8,8.83638596491228
501226,JA Morkel,Chennai Super Kings,4,26,30,6.923076923076923,1.6,8.199948717948718
501236,JA Morkel,Chennai Super Kings,3,26,39,9.0,2.0,7.466615384615385
501240,JA Morkel,Chennai Super Kings,2,24,28,7.0,2.0,7.234615384615386
501245,JA Morkel,Chennai Super Kings,0,13,15,6.923076923076923,2.0,6.9192307692307695
501249,JA Morkel,Chennai Super Kings,1,19,21,6.631578947368421,2.0,7.295546558704454
501253,JA Morkel,Chennai Super Kings,1,18,36,12.0,1.4,8.310931174089069
501266,JA Morkel,Chennai Super Kings,1,14,16,6.857142857142857,1.0,7.88235974551764
501268,JA Morkel,Chennai Super Kings,0,24,41,10.25,0.6,8.53235974551764
501271,JA Morkel,Chennai Super Kings,0,18,24,8.0,0.6,8.747744360902256
548306,JA Morkel,Chennai Super Kings,0,25,20,4.8,0.4,8.38142857142857
548311,JA Morkel,Chennai Super Kings,0,13,20,9.230769230769232,0.2,7.827582417582417
548316,JA Morkel,Chennai Super Kings,0,12,24,12.0,0.0,8.856153846153846
548318,JA Morkel,Chennai Super Kings,2,28,37,7.928571428571428,0.4,8.391868131868133
548322,JA Morkel,Chennai Super Kings,0,13,22,10.153846153846155,0.4,8.822637362637362
548343,JA Morkel,Chennai Super Kings,3,24,29,7.25,1.0,9.312637362637364
548347,JA Morkel,Chennai Super Kings,1,29,25,5.172413793103448,1.2,8.500966275104208
548352,JA Morkel,Chennai Super Kings,1,18,16,5.333333333333333,1.4,7.167632941770873
548355,JA Morkel,Chennai Super Kings,0,18,34,11.333333333333334,1.0,7.848585322723255
548361,JA Morkel,Chennai Super Kings,0,19,19,6.0,1.0,7.017816091954023
548364,JA Morkel,Chennai Super Kings,1,25,17,4.08,0.6,6.3838160919540226
548371,JA Morkel,Chennai Super Kings,1,23,29,7.565217391304348,0.6,6.862376811594203
548379,JA Morkel,Chennai Super Kings,2,24,34,8.5,0.8,7.495710144927537
548380,JA Morkel,Chennai Super Kings,1,18,28,9.333333333333334,1.0,7.095710144927537
548381,JA Morkel,Chennai Super Kings,1,26,38,8.76923076923077,1.2,7.649556298773691
598020,JA Morkel,Chennai Super Kings,1,19,13,4.105263157894737,1.2,7.654608930352639
598022,JA Morkel,Chennai Super Kings,0,25,37,8.879999999999999,1.0,7.917565452091767
598038,JA Morkel,Chennai Super Kings,1,18,21,7.0,0.8,7.6175654520917675
598041,JA Morkel,Chennai Super Kings,0,24,22,5.5,0.6,6.850898785425102
598062,JA Morkel,Chennai Super Kings,3,26,32,7.384615384615385,1.0,6.573975708502024
598070,JA Morkel,Chennai Super Kings,1,19,28,8.842105263157896,1.0,7.521344129554656
598073,JA Morkel,Chennai Super Kings,2,18,14,4.666666666666667,1.4,6.67867746288799
729281,JA Morkel,Royal Challengers Bangalore,1,18,18,6.0,1.4,6.4786774628879895
729287,JA Morkel,Royal Challengers Bangalore,1,20,24,7.199999999999999,1.6,6.8186774628879885
729299,JA Morkel,Royal Challengers Bangalore,1,13,21,9.692307692307693,1.2,7.280215924426452
729313,JA Morkel,Royal Challengers Bangalore,0,14,24,10.285714285714285,1.0,7.568937728937729
733991,JA Morkel,Royal Challengers Bangalore,1,24,20,5.0,0.8,7.635604395604396
733999,JA Morkel,Royal Challengers Bangalore,0,12,20,10.0,0.6,8.435604395604397
829707,JA Morkel,Delhi Daredevils,0,19,32,10.105263157894738,0.4,9.016657027183344
829761,JA Morkel,Delhi Daredevils,1,19,25,7.894736842105264,0.4,8.657142857142857
829793,JA Morkel,Delhi Daredevils,0,18,35,11.666666666666666,0.4,8.933333333333334
829801,JA Morkel,Delhi Daredevils,2,18,21,7.0,0.6,9.333333333333334
980939,JA Morkel,Rising Pune Supergiants,3,20,36,10.799999999999999,1.2,9.493333333333334
980949,JA Morkel,Rising Pune Supergiants,0,14,30,12.857142857142856,1.2,10.043709273182957
1136600,JC Archer,Rajasthan Royals,1,24,32,8.0,1.8,8.203478260869565
1136603,JC Archer,Rajasthan Royals,2,30,42,8.4,1.6,8.733478260869564
1136607,JC Archer,Rajasthan Royals,2,27,17,3.7777777777777777,1.4,8.13903381642512
1136609,JC Archer,Rajasthan Royals,0,24,43,10.75,1.2,8.429033816425122
1136613,JC Archer,Rajasthan Royals,0,25,38,9.12,1.0,8.009555555555554
1136618,JC Archer,Rajasthan Royals,2,28,33,7.071428571428571,1.2,7.82384126984127
1175359,JC Archer,Rajasthan Royals,0,24,17,4.25,0.8,6.993841269841269
1175363,JC Archer,Rajasthan Royals,0,26,42,9.692307692307693,0.4,8.176747252747253
1175367,JC Archer,Rajasthan Royals,2,24,17,4.25,0.8,6.876747252747253
1175369,JC Archer,Rajasthan Royals,1,25,49,11.76,1.0,7.404747252747254
1178396,JC Archer,Rajasthan Royals,0,18,15,5.0,0.6,6.990461538461538
1178400,JC Archer,Rajasthan Royals,1,24,23,5.75,0.8,7.290461538461538
1178402,JC Archer,Rajasthan Royals,3,25,40,9.6,1.4,7.272
1178407,JC Archer,Rajasthan Royals,3,25,22,5.279999999999999,1.6,7.478
1178411,JC Archer,Rajasthan Royals,1,24,22,5.5,1.6,6.226000000000001
1178415,JC Archer,Rajasthan Royals,0,24,31,7.75,1.6,6.776000000000001
1178418,JC Archer,Rajasthan Royals,1,25,28,6.72,1.6,6.970000000000001
1216496,JC Archer,Rajasthan Royals,1,25,26,6.239999999999999,1.2,6.298
1216500,JC Archer,Rajasthan Royals,3,25,24,5.76,1.2,6.394
1216504,JC Archer,Rajasthan Royals,2,24,18,4.5,1.4,6.194
1216507,JC Archer,Rajasthan Royals,1,25,25,6.0,1.6,5.843999999999999
1216511,JC Archer,Rajasthan Royals,1,25,38,9.12,1.6,6.324
1216514,JC Archer,Rajasthan Royals,1,24,19,4.75,1.6,6.026
1216518,JC Archer,Rajasthan Royals,2,25,21,5.04,1.4,5.882
1216522,JC Archer,Rajasthan Royals,0,23,38,9.91304347826087,1.0,6.964608695652174
1216527,JC Archer,Rajasthan Royals,0,25,46,11.04,0.8,7.9726086956521725
1216530,JC Archer,Rajasthan Royals,1,24,20,5.0,0.8,7.148608695652174
1216533,JC Archer,Rajasthan Royals,1,24,20,5.0,0.8,7.198608695652174
1216537,JC Archer,Rajasthan Royals,2,24,26,6.5,0.8,7.490608695652173
1216541,JC Archer,Rajasthan Royals,2,25,31,7.4399999999999995,1.2,6.9959999999999996
1216543,JC Archer,Rajasthan Royals,3,27,21,4.666666666666667,1.8,5.721333333333333
1359479,JC Archer,Mumbai Indians,0,24,33,8.25,1.6,6.371333333333333
1359505,JC Archer,Mumbai Indians,1,25,43,10.319999999999999,1.6,7.4353333333333325
1359516,JC Archer,Mumbai Indians,1,28,41,8.785714285714285,1.4,7.89247619047619
1359520,JC Archer,Mumbai Indians,0,27,60,13.333333333333334,1.0,9.071142857142856
1359523,JC Archer,Mumbai Indians,0,25,25,6.0,0.4,9.337809523809522
392221,JD Ryder,Royal Challengers Bangalore,0,24,29,7.25,1.0,7.603578947368422
501202,JD Ryder,Pune Warriors,1,19,9,2.8421052631578947,0.6,7.5
501207,JD Ryder,Pune Warriors,2,12,8,4.0,0.8,6.468421052631579
501213,JD Ryder,Pune Warriors,1,20,34,10.2,1.0,6.108421052631579
501218,JD Ryder,Pune Warriors,0,12,16,8.0,0.8,6.458421052631579
501228,JD Ryder,Pune Warriors,1,13,21,9.692307692307693,1.0,6.946882591093117
501232,JD Ryder,Pune Warriors,0,12,20,10.0,0.8,8.37846153846154
501241,JD Ryder,Pune Warriors,0,6,11,11.0,0.4,9.778461538461539
548313,JD Ryder,Pune Warriors,1,19,29,9.157894736842106,0.4,9.57004048582996
548319,JD Ryder,Pune Warriors,0,12,12,6.0,0.4,9.170040485829961
548333,JD Ryder,Pune Warriors,0,6,18,18.0,0.2,10.831578947368422
548365,JD Ryder,Pune Warriors,0,6,15,15.0,0.2,11.831578947368422
501222,JD Unadkat,Kolkata Knight Riders,0,18,24,8.0,1.2,8.70054945054945
501230,JD Unadkat,Kolkata Knight Riders,1,24,24,6.0,1.4,7.157692307692306
501242,JD Unadkat,Kolkata Knight Riders,2,25,25,6.0,1.2,7.057692307692307
501245,JD Unadkat,Kolkata Knight Riders,0,6,11,11.0,1.0,7.907692307692306
501255,JD Unadkat,Kolkata Knight Riders,1,12,30,15.0,0.8,9.2
548323,JD Unadkat,Kolkata Knight Riders,0,18,32,10.666666666666666,0.8,9.733333333333333
597999,JD Unadkat,Royal Challengers Bangalore,0,24,27,6.75,0.6,9.883333333333333
598004,JD Unadkat,Royal Challengers Bangalore,2,25,24,5.76,0.6,9.835333333333333
598008,JD Unadkat,Royal Challengers Bangalore,0,24,34,8.5,0.6,9.335333333333333
598017,JD Unadkat,Royal Challengers Bangalore,2,26,24,5.538461538461539,0.8,7.44302564102564
598023,JD Unadkat,Royal Challengers Bangalore,1,24,32,8.0,1.0,6.909692307692308
598027,JD Unadkat,Royal Challengers Bangalore,2,24,38,9.5,1.4,7.459692307692308
598033,JD Unadkat,Royal Challengers Bangalore,0,24,32,8.0,1.0,7.907692307692308
598036,JD Unadkat,Royal Challengers Bangalore,0,18,30,10.0,1.0,8.207692307692309
598045,JD Unadkat,Royal Challengers Bangalore,1,24,35,8.75,0.8,8.85
598048,JD Unadkat,Royal Challengers Bangalore,0,24,29,7.25,0.6,8.7
598054,JD Unadkat,Royal Challengers Bangalore,5,25,25,6.0,1.2,8.0
598057,JD Unadkat,Royal Challengers Bangalore,0,24,27,6.75,1.2,7.75
598068,JD Unadkat,Royal Challengers Bangalore,0,13,16,7.384615384615385,1.2,7.226923076923077
729289,JD Unadkat,Delhi Daredevils,1,24,25,6.25,1.2,6.726923076923077
729293,JD Unadkat,Delhi Daredevils,3,24,34,8.5,1.8,6.976923076923077
729301,JD Unadkat,Delhi Daredevils,0,24,43,10.75,0.8,7.926923076923077
729309,JD Unadkat,Delhi Daredevils,3,24,34,8.5,1.4,8.276923076923078
733975,JD Unadkat,Delhi Daredevils,0,22,36,9.818181818181818,1.4,8.763636363636362
733981,JD Unadkat,Delhi Daredevils,0,22,47,12.818181818181818,1.2,10.077272727272726
734019,JD Unadkat,Delhi Daredevils,0,25,31,7.4399999999999995,0.6,9.865272727272728
734031,JD Unadkat,Delhi Daredevils,2,12,25,12.5,1.0,10.215272727272728
734039,JD Unadkat,Delhi Daredevils,1,12,3,1.5,0.6,8.815272727272728
829715,JD Unadkat,Delhi Daredevils,0,18,30,10.0,0.6,8.851636363636365
980947,JD Unadkat,Kolkata Knight Riders,0,19,49,15.473684210526317,0.6,9.382736842105263
1082607,JD Unadkat,Rising Pune Supergiant,2,25,25,6.0,1.0,9.094736842105263
1082615,JD Unadkat,Rising Pune Supergiant,1,24,42,10.5,0.8,8.694736842105263
1082618,JD Unadkat,Rising Pune Supergiant,3,25,41,9.84,1.2,10.362736842105262
1082620,JD Unadkat,Rising Pune Supergiant,1,19,27,8.526315789473685,1.4,10.068000000000001
1082624,JD Unadkat,Rising Pune Supergiant,1,25,20,4.8,1.6,7.9332631578947375
1082629,JD Unadkat,Rising Pune Supergiant,4,23,31,8.08695652173913,2.0,8.350654462242563
1082631,JD Unadkat,Rising Pune Supergiant,2,24,28,7.0,2.2,7.650654462242562
1082634,JD Unadkat,Rising Pune Supergiant,5,24,30,7.5,2.6,7.1826544622425645
1082642,JD Unadkat,Rising Pune Supergiant,3,24,29,7.25,3.0,6.927391304347827
1082645,JD Unadkat,Rising Pune Supergiant,2,18,12,4.0,3.2,6.767391304347827
1082647,JD Unadkat,Rising Pune Supergiant,1,24,24,6.0,2.6,6.35
1082650,JD Unadkat,Rising Pune Supergiant,2,24,21,5.25,2.6,6.0
1136564,JD Unadkat,Rajasthan Royals,1,19,28,8.842105263157896,1.8,6.268421052631579
1136566,JD Unadkat,Rajasthan Royals,1,12,24,12.0,1.4,7.218421052631579
1136571,JD Unadkat,Rajasthan Royals,0,18,35,11.666666666666666,1.0,8.751754385964912
1136575,JD Unadkat,Rajasthan Royals,0,18,34,11.333333333333334,0.8,9.81842105263158
1136577,JD Unadkat,Rajasthan Royals,0,24,39,9.75,0.4,10.71842105263158
1136581,JD Unadkat,Rajasthan Royals,2,24,31,7.75,0.6,10.5
1136588,JD Unadkat,Rajasthan Royals,1,18,33,11.0,0.6,10.3
1136592,JD Unadkat,Rajasthan Royals,3,24,46,11.5,1.2,10.266666666666667
1136598,JD Unadkat,Rajasthan Royals,0,25,26,6.239999999999999,1.2,9.248
1136600,JD Unadkat,Rajasthan Royals,1,25,36,8.639999999999999,1.4,9.026
1136603,JD Unadkat,Rajasthan Royals,0,28,34,7.285714285714286,1.0,8.933142857142856
1136607,JD Unadkat,Rajasthan Royals,1,25,37,8.879999999999999,1.0,8.509142857142857
1136609,JD Unadkat,Rajasthan Royals,0,18,23,7.666666666666667,0.4,7.742476190476189
1136613,JD Unadkat,Rajasthan Royals,2,20,27,8.1,0.8,8.114476190476191
1136618,JD Unadkat,Rajasthan Royals,0,12,33,16.5,0.6,9.68647619047619
1175359,JD Unadkat,Rajasthan Royals,0,19,44,13.894736842105264,0.6,11.008280701754385
1175363,JD Unadkat,Rajasthan Royals,1,20,26,7.8,0.6,10.792280701754384
1175367,JD Unadkat,Rajasthan Royals,1,27,54,12.0,0.8,11.658947368421053
1178400,JD Unadkat,Rajasthan Royals,2,18,23,7.666666666666667,0.8,11.572280701754387
1178402,JD Unadkat,Rajasthan Royals,1,26,36,8.307692307692308,1.0,9.933819163292847
1178407,JD Unadkat,Rajasthan Royals,1,24,49,12.25,1.2,9.604871794871794
1178411,JD Unadkat,Rajasthan Royals,1,27,51,11.333333333333334,1.2,10.311538461538463
1178415,JD Unadkat,Rajasthan Royals,0,20,36,10.799999999999999,1.0,10.071538461538461
1178418,JD Unadkat,Rajasthan Royals,1,25,50,12.0,0.8,10.938205128205128
1178420,JD Unadkat,Rajasthan Royals,2,24,26,6.5,1.0,10.576666666666666
1178424,JD Unadkat,Rajasthan Royals,1,6,9,9.0,1.0,9.926666666666666
1216496,JD Unadkat,Rajasthan Royals,0,26,44,10.153846153846155,0.8,9.69076923076923
1216504,JD Unadkat,Rajasthan Royals,1,12,15,7.5,1.0,9.03076923076923
1216507,JD Unadkat,Rajasthan Royals,2,25,31,7.4399999999999995,1.2,8.118769230769232
1216514,JD Unadkat,Rajasthan Royals,0,18,31,10.333333333333334,0.8,8.885435897435897
1216522,JD Unadkat,Rajasthan Royals,0,25,46,11.04,0.6,9.293435897435897
1216527,JD Unadkat,Rajasthan Royals,0,20,30,9.0,0.6,9.062666666666667
1216543,JD Unadkat,Rajasthan Royals,2,18,32,10.666666666666666,0.8,9.696000000000002
1254064,JD Unadkat,Rajasthan Royals,3,24,15,3.75,1.0,8.958000000000002
1254069,JD Unadkat,Rajasthan Royals,0,24,40,10.0,1.0,8.891333333333332
1254075,JD Unadkat,Rajasthan Royals,1,24,25,6.25,1.2,7.9333333333333345
1254081,JD Unadkat,Rajasthan Royals,0,24,33,8.25,1.2,7.783333333333334
1254100,JD Unadkat,Rajasthan Royals,0,13,20,9.230769230769232,0.8,7.496153846153847
1254106,JD Unadkat,Rajasthan Royals,0,25,35,8.399999999999999,0.2,8.426153846153847
1304064,JD Unadkat,Mumbai Indians,2,24,31,7.75,0.6,7.976153846153847
1304069,JD Unadkat,Mumbai Indians,1,25,44,10.559999999999999,0.6,8.838153846153846
1304072,JD Unadkat,Mumbai Indians,2,25,32,7.68,1.0,8.724153846153845
1304079,JD Unadkat,Mumbai Indians,2,25,48,11.52,1.4,9.181999999999999
1304083,JD Unadkat,Mumbai Indians,0,24,36,9.0,1.4,9.302
1359477,JD Unadkat,Lucknow Super Giants,0,20,39,11.7,1.0,10.091999999999999
1359484,JD Unadkat,Lucknow Super Giants,1,19,26,8.210526315789474,1.0,9.622105263157895
1359489,JD Unadkat,Lucknow Super Giants,0,13,27,12.461538461538462,0.6,10.578412955465588
1422126,JD Unadkat,Sunrisers Hyderabad,2,26,47,10.846153846153847,0.6,10.443643724696356
1422130,JD Unadkat,Sunrisers Hyderabad,0,19,33,10.421052631578949,0.6,10.727854251012145
1422136,JD Unadkat,Sunrisers Hyderabad,1,25,30,7.199999999999999,0.8,9.827854251012146
1426261,JD Unadkat,Sunrisers Hyderabad,1,27,49,10.88888888888889,0.8,10.363526765632027
1426268,JD Unadkat,Sunrisers Hyderabad,1,13,37,17.076923076923077,1.0,11.286603688708952
1426279,JD Unadkat,Sunrisers Hyderabad,3,26,31,7.153846153846154,1.2,10.548142150247413
1426284,JD Unadkat,Sunrisers Hyderabad,1,25,38,9.12,1.4,10.287931623931623
1426288,JD Unadkat,Sunrisers Hyderabad,0,14,23,9.857142857142856,1.2,10.819360195360195
1426295,JD Unadkat,Sunrisers Hyderabad,0,12,19,9.5,1.0,10.541582417582418
1426311,JD Unadkat,Sunrisers Hyderabad,0,7,5,4.285714285714286,0.8,7.9833406593406595
1426312,JD Unadkat,Sunrisers Hyderabad,0,6,9,9.0,0.2,8.352571428571428
392181,JDP Oram,Chennai Super Kings,2,24,30,7.5,1.6,8.642307692307693
392196,JDP Oram,Chennai Super Kings,0,18,29,9.666666666666666,1.6,8.725641025641025
392202,JDP Oram,Chennai Super Kings,2,24,27,6.75,1.8,7.62948717948718
392206,JDP Oram,Chennai Super Kings,0,6,14,14.0,1.2,8.82948717948718
392217,JDP Oram,Chennai Super Kings,0,6,9,9.0,0.8,9.383333333333335
392224,JDP Oram,Chennai Super Kings,2,10,16,9.6,0.8,9.803333333333333
392238,JDP Oram,Chennai Super Kings,0,6,14,14.0,0.8,10.669999999999998
501199,JDP Oram,Rajasthan Royals,0,12,13,6.5,0.4,10.62
501258,JDP Oram,Rajasthan Royals,1,12,33,16.5,0.6,11.12
597999,JDP Oram,Mumbai Indians,0,26,28,6.461538461538462,0.6,10.612307692307692
1216503,JDS Neesham,Kings XI Punjab,0,25,53,12.719999999999999,0.2,12.012571428571428
1216506,JDS Neesham,Kings XI Punjab,0,19,26,8.210526315789474,0.2,11.454676691729322
1216510,JDS Neesham,Kings XI Punjab,0,13,13,6.0,0.2,10.426105263157893
1216527,JDS Neesham,Kings XI Punjab,1,24,40,10.0,0.2,10.986105263157894
1216546,JDS Neesham,Kings XI Punjab,1,12,17,8.5,0.4,9.086105263157894
1254084,JDS Neesham,Mumbai Indians,0,12,26,13.0,0.4,9.142105263157895
1254088,JDS Neesham,Mumbai Indians,2,18,30,10.0,0.8,9.5
1254093,JDS Neesham,Mumbai Indians,3,24,12,3.0,1.4,8.9
1304070,JDS Neesham,Rajasthan Royals,0,18,29,9.666666666666666,1.2,8.833333333333334
501241,JE Taylor,Pune Warriors,2,24,39,9.75,1.2,8.224637362637363
501267,JEC Franklin,Mumbai Indians,2,24,35,8.75,0.6,12.07
501269,JEC Franklin,Mumbai Indians,0,6,10,10.0,0.6,12.27
548306,JEC Franklin,Mumbai Indians,1,12,22,11.0,0.8,12.67
548308,JEC Franklin,Mumbai Indians,0,6,12,12.0,0.6,13.15
548317,JEC Franklin,Mumbai Indians,0,13,22,10.153846153846155,0.6,10.38076923076923
548339,JEC Franklin,Mumbai Indians,1,7,5,4.285714285714286,0.4,9.487912087912088
548346,JEC Franklin,Mumbai Indians,2,18,18,6.0,0.8,8.687912087912087
548351,JEC Franklin,Mumbai Indians,0,18,20,6.666666666666667,0.6,7.821245421245422
548355,JEC Franklin,Mumbai Indians,1,6,9,9.0,0.8,7.221245421245422
548377,JEC Franklin,Mumbai Indians,0,6,6,6.0,0.8,6.390476190476191
548379,JEC Franklin,Mumbai Indians,1,6,12,12.0,0.8,7.933333333333333
335998,JH Kallis,Royal Challengers Bangalore,2,24,39,9.75,0.6,10.286
336002,JH Kallis,Royal Challengers Bangalore,0,9,19,12.666666666666666,0.4,10.323333333333334
336006,JH Kallis,Royal Challengers Bangalore,0,18,19,6.333333333333333,0.4,8.95
336023,JH Kallis,Royal Challengers Bangalore,0,25,39,9.36,0.4,9.422
336026,JH Kallis,Royal Challengers Bangalore,0,12,16,8.0,0.4,9.222
336029,JH Kallis,Royal Challengers Bangalore,0,24,15,3.75,0.0,8.022
336034,JH Kallis,Royal Challengers Bangalore,1,24,36,9.0,0.2,7.288666666666666
392185,JH Kallis,Royal Challengers Bangalore,0,12,32,16.0,0.2,9.222
392188,JH Kallis,Royal Challengers Bangalore,0,12,21,10.5,0.2,9.45
392191,JH Kallis,Royal Challengers Bangalore,2,26,51,11.76923076923077,0.6,10.203846153846154
392194,JH Kallis,Royal Challengers Bangalore,0,21,37,10.571428571428571,0.6,11.568131868131868
392204,JH Kallis,Royal Challengers Bangalore,0,18,19,6.333333333333333,0.4,11.034798534798535
392208,JH Kallis,Royal Challengers Bangalore,0,25,23,5.52,0.4,8.938798534798535
392213,JH Kallis,Royal Challengers Bangalore,1,25,20,4.8,0.6,7.798798534798534
392218,JH Kallis,Royal Challengers Bangalore,0,21,23,6.571428571428571,0.2,6.759238095238095
392221,JH Kallis,Royal Challengers Bangalore,0,26,41,9.461538461538462,0.2,6.537260073260073
392224,JH Kallis,Royal Challengers Bangalore,2,24,19,4.75,0.6,6.220593406593406
392232,JH Kallis,Royal Challengers Bangalore,1,24,17,4.25,0.8,5.9665934065934065
392236,JH Kallis,Royal Challengers Bangalore,0,6,8,8.0,0.6,6.606593406593407
392238,JH Kallis,Royal Challengers Bangalore,1,25,27,6.4799999999999995,0.8,6.588307692307692
392239,JH Kallis,Royal Challengers Bangalore,0,24,24,6.0,0.8,5.896
419109,JH Kallis,Royal Challengers Bangalore,0,18,34,11.333333333333334,0.4,7.212666666666666
419112,JH Kallis,Royal Challengers Bangalore,1,25,39,9.36,0.4,8.234666666666666
419115,JH Kallis,Royal Challengers Bangalore,2,26,20,4.615384615384616,0.8,7.557743589743589
419119,JH Kallis,Royal Challengers Bangalore,1,24,36,9.0,0.8,8.06174358974359
419123,JH Kallis,Royal Challengers Bangalore,0,24,29,7.25,0.8,8.31174358974359
419128,JH Kallis,Royal Challengers Bangalore,0,25,36,8.639999999999999,0.8,7.773076923076923
419133,JH Kallis,Royal Challengers Bangalore,1,18,23,7.666666666666667,0.8,7.434410256410257
419136,JH Kallis,Royal Challengers Bangalore,1,25,45,10.799999999999999,0.6,8.671333333333333
419140,JH Kallis,Royal Challengers Bangalore,1,18,27,9.0,0.6,8.671333333333333
419145,JH Kallis,Royal Challengers Bangalore,0,24,32,8.0,0.6,8.821333333333333
419148,JH Kallis,Royal Challengers Bangalore,3,25,31,7.4399999999999995,1.2,8.581333333333333
419151,JH Kallis,Royal Challengers Bangalore,0,24,40,10.0,1.0,9.047999999999998
419154,JH Kallis,Royal Challengers Bangalore,1,25,23,5.52,1.0,7.992
419157,JH Kallis,Royal Challengers Bangalore,2,25,41,9.84,1.2,8.16
419162,JH Kallis,Royal Challengers Bangalore,0,12,25,12.5,1.2,9.059999999999999
419164,JH Kallis,Royal Challengers Bangalore,2,12,3,1.5,1.0,7.872
501198,JH Kallis,Kolkata Knight Riders,2,18,34,11.333333333333334,1.4,8.138666666666667
501209,JH Kallis,Kolkata Knight Riders,0,26,31,7.153846153846154,1.2,8.465435897435897
501230,JH Kallis,Kolkata Knight Riders,0,12,11,5.5,0.8,7.597435897435898
501239,JH Kallis,Kolkata Knight Riders,1,13,12,5.538461538461539,1.0,6.205128205128206
501242,JH Kallis,Kolkata Knight Riders,1,19,21,6.631578947368421,0.8,7.231443994601889
501245,JH Kallis,Kolkata Knight Riders,0,6,9,9.0,0.4,6.7647773279352235
501255,JH Kallis,Kolkata Knight Riders,2,19,16,5.052631578947369,0.8,6.344534412955467
501262,JH Kallis,Kolkata Knight Riders,0,12,18,9.0,0.8,7.044534412955466
501269,JH Kallis,Kolkata Knight Riders,3,25,18,4.319999999999999,1.2,6.800842105263158
548307,JH Kallis,Kolkata Knight Riders,1,18,24,8.0,1.2,7.074526315789474
548312,JH Kallis,Kolkata Knight Riders,1,25,35,8.399999999999999,1.4,6.954526315789474
548315,JH Kallis,Kolkata Knight Riders,2,12,7,3.5,1.4,6.644
548320,JH Kallis,Kolkata Knight Riders,0,18,26,8.666666666666666,1.4,6.577333333333333
548323,JH Kallis,Kolkata Knight Riders,0,24,32,8.0,0.8,7.313333333333333
548328,JH Kallis,Kolkata Knight Riders,0,18,23,7.666666666666667,0.6,7.246666666666667
548335,JH Kallis,Kolkata Knight Riders,0,12,17,8.5,0.4,7.266666666666666
548344,JH Kallis,Kolkata Knight Riders,2,26,33,7.615384615384616,0.4,8.08974358974359
548347,JH Kallis,Kolkata Knight Riders,2,25,21,5.04,0.8,7.364410256410257
548353,JH Kallis,Kolkata Knight Riders,1,13,16,7.384615384615385,1.0,7.241333333333334
548357,JH Kallis,Kolkata Knight Riders,2,24,20,5.0,1.4,6.708
548363,JH Kallis,Kolkata Knight Riders,0,26,40,9.230769230769232,1.4,6.854153846153847
548368,JH Kallis,Kolkata Knight Riders,0,18,25,8.333333333333334,1.0,6.99774358974359
548370,JH Kallis,Kolkata Knight Riders,2,24,32,8.0,1.0,7.589743589743589
548378,JH Kallis,Kolkata Knight Riders,2,27,25,5.555555555555555,1.2,7.223931623931624
548381,JH Kallis,Kolkata Knight Riders,1,26,34,7.846153846153847,1.0,7.793162393162393
597998,JH Kallis,Kolkata Knight Riders,0,20,23,6.8999999999999995,1.0,7.327008547008548
598005,JH Kallis,Kolkata Knight Riders,1,25,31,7.4399999999999995,1.2,7.14834188034188
598008,JH Kallis,Kolkata Knight Riders,0,26,30,6.923076923076923,0.8,6.932957264957264
598013,JH Kallis,Kolkata Knight Riders,3,25,15,3.5999999999999996,1.0,6.541846153846154
598016,JH Kallis,Kolkata Knight Riders,3,24,25,6.25,1.4,6.222615384615384
598022,JH Kallis,Kolkata Knight Riders,2,24,34,8.5,1.8,6.542615384615385
598031,JH Kallis,Kolkata Knight Riders,2,24,16,4.0,2.0,5.854615384615384
598034,JH Kallis,Kolkata Knight Riders,0,24,51,12.75,2.0,7.019999999999999
598040,JH Kallis,Kolkata Knight Riders,1,18,30,10.0,1.6,8.3
598043,JH Kallis,Kolkata Knight Riders,1,20,26,7.8,1.2,8.61
598050,JH Kallis,Kolkata Knight Riders,0,19,21,6.631578947368421,0.8,8.236315789473684
598053,JH Kallis,Kolkata Knight Riders,2,25,27,6.4799999999999995,0.8,8.732315789473684
598057,JH Kallis,Kolkata Knight Riders,2,24,17,4.25,1.2,7.032315789473683
598061,JH Kallis,Kolkata Knight Riders,2,25,48,11.52,1.4,7.336315789473685
598069,JH Kallis,Kolkata Knight Riders,0,6,13,13.0,1.2,8.376315789473683
729279,JH Kallis,Kolkata Knight Riders,0,18,23,7.666666666666667,1.2,8.583333333333334
729289,JH Kallis,Kolkata Knight Riders,1,12,16,8.0,1.0,8.887333333333334
729299,JH Kallis,Kolkata Knight Riders,1,24,26,6.5,0.8,9.337333333333333
729307,JH Kallis,Kolkata Knight Riders,1,25,34,8.16,0.6,8.665333333333333
729315,JH Kallis,Kolkata Knight Riders,0,6,4,4.0,0.6,6.865333333333334
733971,JH Kallis,Kolkata Knight Riders,0,6,10,10.0,0.6,7.331999999999999
733985,JH Kallis,Kolkata Knight Riders,1,24,42,10.5,0.6,7.831999999999999
733997,JH Kallis,Kolkata Knight Riders,0,19,38,12.0,0.4,8.931999999999999
733983,JJ Bumrah,Mumbai Indians,2,24,23,5.75,1.0,7.632539682539682
733995,JJ Bumrah,Mumbai Indians,0,25,35,8.399999999999999,0.4,7.512539682539682
734001,JJ Bumrah,Mumbai Indians,0,24,24,6.0,0.4,6.541111111111111
734009,JJ Bumrah,Mumbai Indians,0,18,24,8.0,0.4,6.7411111111111115
734017,JJ Bumrah,Mumbai Indians,0,20,23,6.8999999999999995,0.4,7.01
734025,JJ Bumrah,Mumbai Indians,3,24,31,7.75,0.6,7.409999999999999
734031,JJ Bumrah,Mumbai Indians,0,24,38,9.5,0.6,7.63
734041,JJ Bumrah,Mumbai Indians,1,25,30,7.199999999999999,0.8,7.869999999999999
734045,JJ Bumrah,Mumbai Indians,0,23,40,10.434782608695652,0.8,8.35695652173913
829705,JJ Bumrah,Mumbai Indians,1,19,38,12.0,1.0,9.37695652173913
829737,JJ Bumrah,Mumbai Indians,1,29,39,8.068965517241379,0.6,9.440749625187406
829747,JJ Bumrah,Mumbai Indians,1,24,55,13.75,0.8,10.290749625187406
829795,JJ Bumrah,Mumbai Indians,0,26,52,12.0,0.6,11.250749625187407
980901,JJ Bumrah,Mumbai Indians,0,19,30,9.473684210526317,0.6,11.05852994555354
980909,JJ Bumrah,Mumbai Indians,1,24,32,8.0,0.6,10.258529945553539
980917,JJ Bumrah,Mumbai Indians,2,26,32,7.384615384615385,0.8,10.12165991902834
980923,JJ Bumrah,Mumbai Indians,0,19,19,6.0,0.6,8.57165991902834
980927,JJ Bumrah,Mumbai Indians,4,24,31,7.75,1.4,7.72165991902834
980933,JJ Bumrah,Mumbai Indians,0,26,42,9.692307692307693,1.4,7.765384615384616
980941,JJ Bumrah,Mumbai Indians,3,24,27,6.75,1.8,7.515384615384616
980947,JJ Bumrah,Mumbai Indians,0,24,35,8.75,1.4,7.788461538461538
980957,JJ Bumrah,Mumbai Indians,3,24,30,7.5,2.0,8.088461538461539
980973,JJ Bumrah,Mumbai Indians,0,24,35,8.75,1.2,8.288461538461538
980981,JJ Bumrah,Mumbai Indians,1,24,30,7.5,1.4,7.85
980985,JJ Bumrah,Mumbai Indians,0,13,14,6.461538461538462,0.8,7.792307692307692
980993,JJ Bumrah,Mumbai Indians,3,24,14,3.5,1.4,6.742307692307692
981007,JJ Bumrah,Mumbai Indians,1,27,42,9.333333333333334,1.0,7.1089743589743595
1082592,JJ Bumrah,Mumbai Indians,0,24,29,7.25,1.0,6.808974358974359
1082597,JJ Bumrah,Mumbai Indians,1,26,39,9.0,1.0,7.1089743589743595
1082600,JJ Bumrah,Mumbai Indians,3,24,24,6.0,1.6,7.0166666666666675
1082602,JJ Bumrah,Mumbai Indians,1,25,40,9.6,1.2,8.236666666666668
1082606,JJ Bumrah,Mumbai Indians,0,25,46,11.04,1.0,8.578
1082612,JJ Bumrah,Mumbai Indians,1,26,31,7.153846153846154,1.2,8.558769230769231
1082614,JJ Bumrah,Mumbai Indians,2,25,21,5.04,1.4,7.76676923076923
1082618,JJ Bumrah,Mumbai Indians,2,24,30,7.5,1.2,8.06676923076923
1082625,JJ Bumrah,Mumbai Indians,3,34,38,6.705882352941176,1.6,7.487945701357466
1082628,JJ Bumrah,Mumbai Indians,1,24,34,8.5,1.8,6.979945701357465
1082635,JJ Bumrah,Mumbai Indians,1,6,6,6.0,1.8,6.749176470588236
1082638,JJ Bumrah,Mumbai Indians,1,20,24,7.199999999999999,1.6,7.181176470588236
1082641,JJ Bumrah,Mumbai Indians,1,24,25,6.25,1.4,6.931176470588236
1082647,JJ Bumrah,Mumbai Indians,1,24,34,8.5,1.0,7.290000000000001
1082649,JJ Bumrah,Mumbai Indians,3,18,7,2.3333333333333335,1.4,6.056666666666667
1082650,JJ Bumrah,Mumbai Indians,2,24,27,6.75,1.6,6.206666666666666
1136561,JJ Bumrah,Mumbai Indians,1,25,37,8.879999999999999,1.6,6.542666666666666
1136567,JJ Bumrah,Mumbai Indians,2,24,32,8.0,1.8,6.892666666666666
1136569,JJ Bumrah,Mumbai Indians,0,24,27,6.75,1.6,6.542666666666666
1136574,JJ Bumrah,Mumbai Indians,2,25,29,6.959999999999999,1.4,7.468000000000001
1136581,JJ Bumrah,Mumbai Indians,2,25,28,6.72,1.4,7.462000000000001
1136583,JJ Bumrah,Mumbai Indians,1,24,25,6.25,1.4,6.936
1136587,JJ Bumrah,Mumbai Indians,0,25,26,6.239999999999999,1.0,6.583999999999999
1136591,JJ Bumrah,Mumbai Indians,1,24,22,5.5,1.2,6.333999999999999
1136594,JJ Bumrah,Mumbai Indians,1,24,20,5.0,1.0,5.942
1136597,JJ Bumrah,Mumbai Indians,1,24,42,10.5,0.8,6.698
1136601,JJ Bumrah,Mumbai Indians,1,18,17,5.666666666666667,0.8,6.581333333333333
1136607,JJ Bumrah,Mumbai Indians,1,19,34,10.736842105263158,1.0,7.480701754385964
1136610,JJ Bumrah,Mumbai Indians,3,25,15,3.5999999999999996,1.4,7.100701754385964
1136615,JJ Bumrah,Mumbai Indians,1,27,29,6.444444444444445,1.4,7.389590643274853
1175358,JJ Bumrah,Mumbai Indians,1,24,41,10.25,1.4,7.339590643274853
1175362,JJ Bumrah,Mumbai Indians,4,25,21,5.04,2.0,7.21425730994152
1175364,JJ Bumrah,Mumbai Indians,0,22,23,6.272727272727273,1.8,6.321434343434343
1175370,JJ Bumrah,Mumbai Indians,0,25,28,6.72,1.2,6.945434343434343
1178394,JJ Bumrah,Mumbai Indians,1,18,16,5.333333333333333,1.2,6.723212121212121
1178399,JJ Bumrah,Mumbai Indians,1,25,39,9.36,1.2,6.5452121212121215
1178402,JJ Bumrah,Mumbai Indians,2,24,24,6.0,0.8,6.737212121212122
1178406,JJ Bumrah,Mumbai Indians,0,24,24,6.0,0.8,6.682666666666667
1178409,JJ Bumrah,Mumbai Indians,3,24,19,4.75,1.4,6.288666666666667
1178411,JJ Bumrah,Mumbai Indians,1,24,22,5.5,1.4,6.322
1178419,JJ Bumrah,Mumbai Indians,2,19,11,3.473684210526316,1.6,5.144736842105263
1178422,JJ Bumrah,Mumbai Indians,0,26,45,10.384615384615385,1.2,6.02165991902834
1178426,JJ Bumrah,Mumbai Indians,4,28,39,8.357142857142856,2.0,6.493088490456911
1178431,JJ Bumrah,Mumbai Indians,2,25,31,7.4399999999999995,1.8,7.031088490456912
1181764,JJ Bumrah,Mumbai Indians,0,25,31,7.4399999999999995,1.6,7.419088490456912
1181768,JJ Bumrah,Mumbai Indians,2,24,19,4.75,1.6,7.6743516483516485
1216492,JJ Bumrah,Mumbai Indians,1,26,43,9.923076923076923,1.8,7.582043956043956
1216499,JJ Bumrah,Mumbai Indians,3,25,14,3.36,1.6,6.5826153846153845
1216503,JJ Bumrah,Mumbai Indians,2,24,19,4.75,1.6,6.044615384615385
1216508,JJ Bumrah,Mumbai Indians,2,25,34,8.16,2.0,6.188615384615384
1216511,JJ Bumrah,Mumbai Indians,4,24,20,5.0,2.4,6.238615384615384
1216517,JJ Bumrah,Mumbai Indians,5,31,29,5.612903225806451,3.2,5.376580645161289
1216521,JJ Bumrah,Mumbai Indians,2,24,26,6.5,3.0,6.0045806451612895
1216526,JJ Bumrah,Mumbai Indians,1,25,22,5.279999999999999,2.8,6.11058064516129
1216529,JJ Bumrah,Mumbai Indians,0,24,26,6.5,2.4,5.7785806451612896
1216535,JJ Bumrah,Mumbai Indians,4,25,17,4.08,2.4,5.594580645161289
1216538,JJ Bumrah,Mumbai Indians,2,26,44,10.153846153846155,1.8,6.502769230769232
1216541,JJ Bumrah,Mumbai Indians,0,25,40,9.6,1.4,7.122769230769231
1216547,JJ Bumrah,Mumbai Indians,0,31,59,11.419354838709676,1.2,8.350640198511167
1237177,JJ Bumrah,Mumbai Indians,4,25,14,3.36,2.0,7.722640198511167
1237181,JJ Bumrah,Mumbai Indians,0,24,29,7.25,1.2,8.356640198511167
1254058,JJ Bumrah,Mumbai Indians,3,24,26,6.5,1.4,7.6258709677419345
1254062,JJ Bumrah,Mumbai Indians,0,25,33,7.919999999999999,1.4,7.289870967741935
1254066,JJ Bumrah,Mumbai Indians,1,24,14,3.5,1.6,5.706
1254070,JJ Bumrah,Mumbai Indians,1,28,32,6.857142857142857,1.0,6.405428571428571
1254074,JJ Bumrah,Mumbai Indians,0,18,21,7.0,1.0,6.355428571428571
1254081,JJ Bumrah,Mumbai Indians,1,24,16,4.0,0.6,5.855428571428571
1254084,JJ Bumrah,Mumbai Indians,1,27,57,12.666666666666666,0.8,6.804761904761904
1254088,JJ Bumrah,Mumbai Indians,2,27,39,8.666666666666666,1.0,7.838095238095238
1254093,JJ Bumrah,Mumbai Indians,2,25,14,3.36,1.2,7.138666666666667
1254096,JJ Bumrah,Mumbai Indians,3,25,43,10.319999999999999,1.8,7.802666666666667
1254099,JJ Bumrah,Mumbai Indians,2,24,26,6.5,2.0,8.302666666666667
1254104,JJ Bumrah,Mumbai Indians,2,26,34,7.846153846153847,2.2,7.338564102564102
1254108,JJ Bumrah,Mumbai Indians,3,26,38,8.76923076923077,2.4,7.359076923076924
1254112,JJ Bumrah,Mumbai Indians,1,24,29,7.25,2.2,8.137076923076924
1304048,JJ Bumrah,Mumbai Indians,0,20,43,12.899999999999999,1.6,8.653076923076924
1304055,JJ Bumrah,Mumbai Indians,4,24,18,4.5,2.0,8.253076923076923
1304060,JJ Bumrah,Mumbai Indians,0,18,26,8.666666666666666,1.6,8.417179487179487
1304064,JJ Bumrah,Mumbai Indians,0,24,33,8.25,1.0,8.313333333333333
1304069,JJ Bumrah,Mumbai Indians,1,26,32,7.384615384615385,1.0,8.34025641025641
1304072,JJ Bumrah,Mumbai Indians,0,26,25,5.76923076923077,1.0,6.9141025641025635
1304079,JJ Bumrah,Mumbai Indians,0,26,30,6.923076923076923,0.2,7.398717948717949
1304083,JJ Bumrah,Mumbai Indians,1,24,31,7.75,0.4,7.215384615384616
1304090,JJ Bumrah,Mumbai Indians,0,25,27,6.4799999999999995,0.4,6.861384615384615
1304097,JJ Bumrah,Mumbai Indians,0,24,48,12.0,0.2,7.78446153846154
1304102,JJ Bumrah,Mumbai Indians,5,24,10,2.5,1.2,7.130615384615385
1304105,JJ Bumrah,Mumbai Indians,1,18,12,4.0,1.4,6.546000000000001
1304111,JJ Bumrah,Mumbai Indians,1,24,32,8.0,1.4,6.596000000000001
1304115,JJ Bumrah,Mumbai Indians,3,24,25,6.25,2.0,6.55
1422123,JJ Bumrah,Mumbai Indians,3,24,15,3.75,2.6,4.9
1422126,JJ Bumrah,Mumbai Indians,0,26,36,8.307692307692308,1.6,6.061538461538461
1422132,JJ Bumrah,Mumbai Indians,0,29,27,5.586206896551724,1.4,6.378779840848806
1422138,JJ Bumrah,Mumbai Indians,2,24,22,5.5,1.6,5.878779840848806
1426263,JJ Bumrah,Mumbai Indians,5,24,22,5.5,2.0,5.728779840848807
1426267,JJ Bumrah,Mumbai Indians,0,26,27,6.230769230769231,1.4,6.224933687002652
1426271,JJ Bumrah,Mumbai Indians,3,26,21,4.846153846153847,2.0,5.5326259946949605
1426276,JJ Bumrah,Mumbai Indians,0,26,37,8.538461538461538,2.0,6.1230769230769235
1426281,JJ Bumrah,Mumbai Indians,1,27,36,8.0,1.8,6.623076923076923
1426286,JJ Bumrah,Mumbai Indians,0,24,17,4.25,0.8,6.3730769230769235
1426289,JJ Bumrah,Mumbai Indians,3,23,18,4.695652173913043,1.4,6.066053511705686
1426293,JJ Bumrah,Mumbai Indians,1,25,23,5.52,1.0,6.200822742474917
1426298,JJ Bumrah,Mumbai Indians,3,24,40,10.0,1.6,6.493130434782609
1216508,JL Pattinson,Mumbai Indians,2,25,25,6.0,1.0,8.106666666666666
1216511,JL Pattinson,Mumbai Indians,2,19,20,6.315789473684211,1.2,8.073824561403509
1216529,JL Pattinson,Mumbai Indians,0,21,37,10.571428571428571,1.2,8.254776942355889
1216538,JL Pattinson,Mumbai Indians,2,25,29,6.959999999999999,1.6,7.313443609022556
1216541,JL Pattinson,Mumbai Indians,2,22,40,10.90909090909091,1.6,8.151261790840739
1216547,JL Pattinson,Mumbai Indians,0,24,51,12.75,1.2,9.501261790840738
419159,JM Kemp,Chennai Super Kings,0,6,12,12.0,0.6,8.233082706766918
598062,JO Holder,Chennai Super Kings,0,24,39,9.75,0.8,7.764574898785424
598068,JO Holder,Chennai Super Kings,0,6,20,20.0,0.8,10.333805668016193
734037,JO Holder,Sunrisers Hyderabad,1,20,35,10.5,0.8,10.818421052631578
980951,JO Holder,Kolkata Knight Riders,0,25,36,8.639999999999999,0.6,10.778
981001,JO Holder,Kolkata Knight Riders,0,13,14,6.461538461538462,0.2,11.070307692307692
981009,JO Holder,Kolkata Knight Riders,0,19,22,6.947368421052632,0.2,10.509781376518218
981015,JO Holder,Kolkata Knight Riders,3,26,33,7.615384615384616,0.8,8.032858299595143
1216495,JO Holder,Sunrisers Hyderabad,2,24,25,6.25,1.0,7.182858299595142
1216498,JO Holder,Sunrisers Hyderabad,2,26,28,6.461538461538462,1.4,6.747165991902834
1216502,JO Holder,Sunrisers Hyderabad,2,25,28,6.72,1.8,6.798858299595142
1216518,JO Holder,Sunrisers Hyderabad,4,26,33,7.615384615384616,2.6,6.9324615384615385
1216524,JO Holder,Sunrisers Hyderabad,1,25,50,12.0,2.2,7.809384615384616
1237178,JO Holder,Sunrisers Hyderabad,3,26,25,5.76923076923077,2.4,7.713230769230771
1237180,JO Holder,Sunrisers Hyderabad,1,24,50,12.5,2.2,8.920923076923078
1254063,JO Holder,Sunrisers Hyderabad,3,28,30,6.428571428571428,2.4,8.862637362637363
1254088,JO Holder,Sunrisers Hyderabad,4,27,52,11.555555555555555,2.4,9.65067155067155
1254091,JO Holder,Sunrisers Hyderabad,3,24,27,6.75,2.8,8.600671550671551
1254095,JO Holder,Sunrisers Hyderabad,1,26,28,6.461538461538462,2.4,8.73913308913309
1254100,JO Holder,Sunrisers Hyderabad,0,25,27,6.4799999999999995,2.2,7.5351330891330885
1254105,JO Holder,Sunrisers Hyderabad,0,24,33,8.25,1.6,7.899418803418802
1254107,JO Holder,Sunrisers Hyderabad,3,25,19,4.56,1.4,6.5003076923076915
1254109,JO Holder,Sunrisers Hyderabad,2,24,32,8.0,1.2,6.7503076923076915
1304058,JO Holder,Lucknow Super Giants,3,26,34,7.846153846153847,1.6,7.027230769230769
1304061,JO Holder,Lucknow Super Giants,0,27,31,6.888888888888889,1.6,7.109008547008547
1304066,JO Holder,Lucknow Super Giants,2,24,50,12.5,2.0,7.959008547008547
1304072,JO Holder,Lucknow Super Giants,1,26,38,8.76923076923077,1.6,8.8008547008547
1304077,JO Holder,Lucknow Super Giants,3,26,25,5.76923076923077,1.8,8.354700854700855
1304083,JO Holder,Lucknow Super Giants,1,26,36,8.307692307692308,1.4,8.447008547008547
1304088,JO Holder,Lucknow Super Giants,0,6,8,8.0,1.4,8.669230769230769
1304091,JO Holder,Lucknow Super Giants,0,25,45,10.799999999999999,1.0,8.32923076923077
1304099,JO Holder,Lucknow Super Giants,4,15,31,12.4,1.6,9.055384615384614
1304103,JO Holder,Lucknow Super Giants,1,27,42,9.333333333333334,1.2,9.768205128205128
1304109,JO Holder,Lucknow Super Giants,1,12,12,6.0,1.2,9.306666666666667
1304112,JO Holder,Lucknow Super Giants,0,26,47,10.846153846153847,1.2,9.875897435897437
1359478,JO Holder,Rajasthan Royals,1,18,16,5.333333333333333,1.4,8.782564102564104
1359482,JO Holder,Rajasthan Royals,2,24,29,7.25,1.0,7.7525641025641026
1359485,JO Holder,Rajasthan Royals,0,19,29,9.157894736842106,0.8,7.717476383265857
1359491,JO Holder,Rajasthan Royals,0,19,38,12.0,0.6,8.917476383265857
1359500,JO Holder,Rajasthan Royals,1,24,40,10.0,0.8,8.748245614035088
1359506,JO Holder,Rajasthan Royals,0,24,34,8.5,0.6,9.381578947368421
1359511,JO Holder,Rajasthan Royals,0,25,49,11.76,0.2,10.28357894736842
1359516,JO Holder,Rajasthan Royals,0,23,55,14.347826086956522,0.2,11.321565217391305
1178406,JP Behrendorff,Mumbai Indians,1,25,51,12.239999999999998,1.0,8.659894736842105
1359479,JP Behrendorff,Mumbai Indians,0,18,37,12.333333333333334,0.6,10.022561403508773
1359486,JP Behrendorff,Mumbai Indians,1,19,28,8.842105263157896,0.6,10.39098245614035
1359490,JP Behrendorff,Mumbai Indians,4,18,23,7.666666666666667,1.2,10.174315789473685
1359499,JP Behrendorff,Mumbai Indians,3,25,37,8.879999999999999,1.8,9.99242105263158
1359505,JP Behrendorff,Mumbai Indians,2,19,41,12.947368421052632,2.0,10.133894736842105
1359509,JP Behrendorff,Mumbai Indians,1,26,37,8.538461538461538,2.2,9.374920377867747
1359528,JP Behrendorff,Mumbai Indians,3,24,36,9.0,2.6,9.406499325236169
1359531,JP Behrendorff,Mumbai Indians,1,25,37,8.879999999999999,2.0,9.649165991902834
1359537,JP Behrendorff,Mumbai Indians,2,25,32,7.68,1.8,9.409165991902835
1359543,JP Behrendorff,Mumbai Indians,0,21,36,10.285714285714286,1.4,8.876835164835164
1370351,JP Behrendorff,Mumbai Indians,0,18,23,7.666666666666667,1.2,8.70247619047619
1370352,JP Behrendorff,Mumbai Indians,0,24,28,7.0,0.6,8.30247619047619
392227,JP Duminy,Mumbai Indians,0,12,10,5.0,0.8,5.189298245614035
392235,JP Duminy,Mumbai Indians,0,9,14,9.333333333333334,0.6,5.6033333333333335
419146,JP Duminy,Mumbai Indians,1,18,15,5.0,0.6,5.883333333333333
419161,JP Duminy,Mumbai Indians,0,15,22,8.8,0.2,6.8933333333333335
501203,JP Duminy,Deccan Chargers,1,12,23,11.5,0.4,7.926666666666667
501212,JP Duminy,Deccan Chargers,0,14,23,9.857142857142856,0.4,8.898095238095237
501236,JP Duminy,Deccan Chargers,0,19,21,6.631578947368421,0.4,8.357744360902256
501243,JP Duminy,Deccan Chargers,0,6,11,11.0,0.2,9.557744360902257
501250,JP Duminy,Deccan Chargers,0,12,22,11.0,0.2,9.997744360902256
501256,JP Duminy,Deccan Chargers,1,12,7,3.5,0.2,8.397744360902255
501259,JP Duminy,Deccan Chargers,1,12,19,9.5,0.4,8.326315789473686
501264,JP Duminy,Deccan Chargers,1,24,23,5.75,0.6,8.15
548321,JP Duminy,Deccan Chargers,0,18,33,11.0,0.6,8.15
548335,JP Duminy,Deccan Chargers,0,1,1,6.0,0.6,7.15
548341,JP Duminy,Deccan Chargers,0,19,24,7.578947368421053,0.4,7.965789473684211
548346,JP Duminy,Deccan Chargers,1,6,8,8.0,0.4,7.665789473684211
548348,JP Duminy,Deccan Chargers,0,21,25,7.142857142857143,0.2,7.944360902255639
548373,JP Duminy,Deccan Chargers,0,13,13,6.0,0.2,6.944360902255639
729281,JP Duminy,Delhi Daredevils,0,12,10,5.0,0.2,6.744360902255639
729289,JP Duminy,Delhi Daredevils,0,18,25,8.333333333333334,0.2,6.8952380952380965
729293,JP Duminy,Delhi Daredevils,0,25,26,6.239999999999999,0.0,6.543238095238095
729301,JP Duminy,Delhi Daredevils,0,12,19,9.5,0.0,7.014666666666668
729309,JP Duminy,Delhi Daredevils,0,18,13,4.333333333333333,0.0,6.681333333333333
733985,JP Duminy,Delhi Daredevils,0,12,24,12.0,0.0,8.081333333333333
734005,JP Duminy,Delhi Daredevils,0,24,27,6.75,0.0,7.764666666666666
734011,JP Duminy,Delhi Daredevils,1,20,25,7.5,0.2,8.016666666666666
734019,JP Duminy,Delhi Daredevils,2,26,27,6.230769230769231,0.6,7.362820512820512
734031,JP Duminy,Delhi Daredevils,0,24,31,7.75,0.6,8.046153846153846
734039,JP Duminy,Delhi Daredevils,0,13,15,6.923076923076923,0.6,7.030769230769231
829707,JP Duminy,Delhi Daredevils,1,13,15,6.923076923076923,0.8,7.065384615384616
829725,JP Duminy,Delhi Daredevils,2,14,16,6.857142857142857,1.0,6.936813186813187
829731,JP Duminy,Delhi Daredevils,4,19,19,6.0,1.4,6.89065934065934
829739,JP Duminy,Delhi Daredevils,0,6,10,10.0,1.4,7.34065934065934
829747,JP Duminy,Delhi Daredevils,0,6,14,14.0,1.4,8.756043956043957
829757,JP Duminy,Delhi Daredevils,0,6,7,7.0,1.2,8.77142857142857
829761,JP Duminy,Delhi Daredevils,0,6,16,16.0,0.8,10.6
829767,JP Duminy,Delhi Daredevils,1,24,15,3.75,0.2,10.15
829793,JP Duminy,Delhi Daredevils,0,13,16,7.384615384615385,0.2,9.626923076923077
980945,JP Duminy,Delhi Daredevils,1,6,4,4.0,0.4,7.626923076923077
980961,JP Duminy,Delhi Daredevils,0,12,14,7.0,0.4,7.626923076923077
980965,JP Duminy,Delhi Daredevils,0,6,9,9.0,0.4,6.226923076923077
980983,JP Duminy,Delhi Daredevils,0,13,19,8.76923076923077,0.2,7.230769230769231
981003,JP Duminy,Delhi Daredevils,1,6,9,9.0,0.4,7.553846153846154
1136591,JP Duminy,Mumbai Indians,0,12,28,14.0,0.2,9.553846153846154
1136594,JP Duminy,Mumbai Indians,0,6,8,8.0,0.2,9.753846153846153
598014,JP Faulkner,Rajasthan Royals,3,23,30,7.826086956521739,1.8,7.043217391304347
598019,JP Faulkner,Rajasthan Royals,3,21,17,4.857142857142857,2.2,7.014645962732919
598023,JP Faulkner,Rajasthan Royals,1,25,21,5.04,2.0,5.958645962732919
598026,JP Faulkner,Rajasthan Royals,4,24,21,5.25,2.6,5.458645962732919
598032,JP Faulkner,Rajasthan Royals,5,24,20,5.0,3.2,5.594645962732919
598036,JP Faulkner,Rajasthan Royals,0,27,43,9.555555555555555,2.6,5.940539682539682
598043,JP Faulkner,Rajasthan Royals,0,24,17,4.25,2.0,5.819111111111111
598047,JP Faulkner,Rajasthan Royals,2,26,35,8.076923076923077,2.2,6.426495726495728
598049,JP Faulkner,Rajasthan Royals,1,25,38,9.12,1.6,7.200495726495727
598052,JP Faulkner,Rajasthan Royals,1,25,37,8.879999999999999,0.8,7.976495726495726
598058,JP Faulkner,Rajasthan Royals,0,24,24,6.0,0.8,7.265384615384614
598063,JP Faulkner,Rajasthan Royals,3,25,32,7.68,1.4,7.951384615384614
598065,JP Faulkner,Rajasthan Royals,5,26,18,4.153846153846154,2.0,7.166769230769231
598071,JP Faulkner,Rajasthan Royals,2,25,28,6.72,2.2,6.686769230769231
598072,JP Faulkner,Rajasthan Royals,1,26,37,8.538461538461538,2.2,6.618461538461538
729285,JP Faulkner,Rajasthan Royals,0,19,30,9.473684210526317,2.2,7.313198380566801
729291,JP Faulkner,Rajasthan Royals,1,23,46,12.0,1.8,8.177198380566802
729297,JP Faulkner,Rajasthan Royals,1,19,40,12.631578947368421,1.0,9.872744939271254
729315,JP Faulkner,Rajasthan Royals,5,20,23,6.8999999999999995,1.6,9.908744939271255
733975,JP Faulkner,Rajasthan Royals,2,24,28,7.0,1.8,9.601052631578948
733979,JP Faulkner,Rajasthan Royals,0,25,28,6.72,1.8,9.050315789473684
733989,JP Faulkner,Rajasthan Royals,2,25,27,6.4799999999999995,2.0,7.946315789473684
733999,JP Faulkner,Rajasthan Royals,1,25,42,10.08,2.0,7.436
734003,JP Faulkner,Rajasthan Royals,1,25,37,8.879999999999999,1.2,7.831999999999999
734011,JP Faulkner,Rajasthan Royals,1,6,6,6.0,1.0,7.632
734017,JP Faulkner,Rajasthan Royals,1,25,48,11.52,1.2,8.592
734033,JP Faulkner,Rajasthan Royals,1,19,39,12.31578947368421,1.0,9.759157894736841
734041,JP Faulkner,Rajasthan Royals,1,23,55,14.347826086956522,1.0,10.612723112128146
829709,JP Faulkner,Rajasthan Royals,3,24,27,6.75,1.4,10.186723112128146
829715,JP Faulkner,Rajasthan Royals,0,25,55,13.2,1.2,11.626723112128147
829721,JP Faulkner,Rajasthan Royals,0,18,31,10.333333333333334,1.0,11.389389778794813
829727,JP Faulkner,Rajasthan Royals,0,14,20,8.571428571428571,0.8,10.640517598343685
829735,JP Faulkner,Rajasthan Royals,1,25,27,6.4799999999999995,0.8,9.06695238095238
829741,JP Faulkner,Rajasthan Royals,0,24,43,10.75,0.2,9.86695238095238
829749,JP Faulkner,Rajasthan Royals,0,12,17,8.5,0.2,8.92695238095238
829763,JP Faulkner,Rajasthan Royals,0,13,26,12.0,0.2,9.260285714285715
829777,JP Faulkner,Rajasthan Royals,2,25,22,5.279999999999999,0.6,8.602
829787,JP Faulkner,Rajasthan Royals,1,25,37,8.879999999999999,0.6,9.082
829797,JP Faulkner,Rajasthan Royals,0,24,40,10.0,0.6,8.931999999999999
829811,JP Faulkner,Rajasthan Royals,1,28,45,9.642857142857142,0.8,9.160571428571426
829819,JP Faulkner,Rajasthan Royals,1,24,43,10.75,1.0,8.910571428571426
980905,JP Faulkner,Gujarat Lions,0,26,40,9.230769230769232,0.6,9.700725274725276
980911,JP Faulkner,Gujarat Lions,0,12,15,7.5,0.4,9.424725274725274
980917,JP Faulkner,Gujarat Lions,1,28,40,8.571428571428571,0.6,9.139010989010988
980945,JP Faulkner,Gujarat Lions,1,12,23,11.5,0.6,9.510439560439561
980949,JP Faulkner,Gujarat Lions,0,12,22,11.0,0.4,9.56043956043956
980955,JP Faulkner,Gujarat Lions,0,12,19,9.5,0.4,9.614285714285714
980961,JP Faulkner,Gujarat Lions,0,6,9,9.0,0.4,9.914285714285715
1082613,JP Faulkner,Gujarat Lions,1,24,39,9.75,0.4,10.15
1082621,JP Faulkner,Gujarat Lions,2,18,20,6.666666666666667,0.6,9.183333333333334
1082625,JP Faulkner,Gujarat Lions,4,29,45,9.310344827586208,1.4,8.845402298850576
1082629,JP Faulkner,Gujarat Lions,1,17,31,10.941176470588236,1.6,9.133637592968222
1082632,JP Faulkner,Gujarat Lions,0,16,38,14.25,1.6,10.183637592968221
1082637,JP Faulkner,Gujarat Lions,0,24,43,10.75,1.4,10.383637592968222
1082640,JP Faulkner,Gujarat Lions,3,24,39,9.75,1.6,11.000304259634888
1082643,JP Faulkner,Gujarat Lions,0,12,24,12.0,0.8,11.538235294117646
1254091,JR Hazlewood,Chennai Super Kings,3,24,29,7.25,0.8,8.586
1254094,JR Hazlewood,Chennai Super Kings,0,18,22,7.333333333333333,0.8,8.352666666666668
1254098,JR Hazlewood,Chennai Super Kings,2,26,42,9.692307692307693,1.0,9.141128205128206
1254104,JR Hazlewood,Chennai Super Kings,1,24,34,8.5,1.2,9.305128205128204
1254110,JR Hazlewood,Chennai Super Kings,1,24,27,6.75,1.4,7.905128205128205
1254113,JR Hazlewood,Chennai Super Kings,0,25,35,8.399999999999999,0.8,8.135128205128206
1254114,JR Hazlewood,Chennai Super Kings,2,24,29,7.25,1.2,8.118461538461537
1254117,JR Hazlewood,Chennai Super Kings,2,26,29,6.6923076923076925,1.2,7.518461538461539
1304068,JR Hazlewood,Royal Challengers Bangalore,1,25,33,7.919999999999999,1.2,7.402461538461537
1304073,JR Hazlewood,Royal Challengers Bangalore,3,25,28,6.72,1.6,7.396461538461539
1304077,JR Hazlewood,Royal Challengers Bangalore,4,26,25,5.76923076923077,2.4,6.8703076923076924
1304082,JR Hazlewood,Royal Challengers Bangalore,0,18,32,10.666666666666666,2.0,7.553641025641025
1304085,JR Hazlewood,Royal Challengers Bangalore,3,24,19,4.75,2.2,7.165179487179486
1304089,JR Hazlewood,Royal Challengers Bangalore,0,22,36,9.818181818181818,2.0,7.544815850815851
1304095,JR Hazlewood,Royal Challengers Bangalore,1,24,19,4.75,1.6,7.150815850815851
1304100,JR Hazlewood,Royal Challengers Bangalore,2,24,17,4.25,1.2,6.846969696969697
1304106,JR Hazlewood,Royal Challengers Bangalore,0,26,64,14.76923076923077,1.2,7.667482517482517
1304113,JR Hazlewood,Royal Challengers Bangalore,2,24,40,10.0,1.0,8.717482517482518
1312198,JR Hazlewood,Royal Challengers Bangalore,3,27,44,9.777777777777779,1.6,8.709401709401709
1312199,JR Hazlewood,Royal Challengers Bangalore,2,24,23,5.75,1.8,8.90940170940171
1359517,JR Hazlewood,Royal Challengers Bangalore,2,19,15,4.736842105263158,1.8,9.00677013045434
1359524,JR Hazlewood,Royal Challengers Bangalore,1,19,29,9.157894736842106,2.0,7.884502923976609
1359528,JR Hazlewood,Royal Challengers Bangalore,0,19,32,10.105263157894738,1.6,7.905555555555557
336013,JR Hopes,Kings XI Punjab,0,26,38,8.76923076923077,0.4,10.619179487179487
336016,JR Hopes,Kings XI Punjab,0,12,22,11.0,0.2,10.119179487179487
336019,JR Hopes,Kings XI Punjab,2,18,31,10.333333333333334,0.4,10.553846153846154
336022,JR Hopes,Kings XI Punjab,2,6,3,3.0,0.8,8.820512820512821
336028,JR Hopes,Kings XI Punjab,0,12,14,7.0,0.8,8.02051282051282
336035,JR Hopes,Kings XI Punjab,1,12,23,11.5,1.0,8.566666666666666
336039,JR Hopes,Kings XI Punjab,0,12,20,10.0,1.0,8.366666666666667
501213,JR Hopes,Delhi Daredevils,1,25,26,6.239999999999999,0.8,7.548
501216,JR Hopes,Delhi Daredevils,1,24,36,9.0,0.6,8.748
501223,JR Hopes,Delhi Daredevils,1,24,44,11.0,0.8,9.547999999999998
501227,JR Hopes,Delhi Daredevils,1,25,26,6.239999999999999,0.8,8.495999999999999
501230,JR Hopes,Delhi Daredevils,1,27,27,6.0,1.0,7.696
501243,JR Hopes,Delhi Daredevils,1,19,30,9.473684210526317,1.0,8.342736842105262
501246,JR Hopes,Delhi Daredevils,1,24,45,11.25,1.0,8.792736842105262
501253,JR Hopes,Delhi Daredevils,0,12,16,8.0,0.8,8.192736842105262
501257,JR Hopes,Delhi Daredevils,0,18,27,9.0,0.6,8.744736842105263
419130,Jaskaran Singh,Deccan Chargers,2,23,30,7.826086956521739,0.8,10.457127165740438
419135,Jaskaran Singh,Deccan Chargers,2,18,20,6.666666666666667,1.2,9.769407867494824
419138,Jaskaran Singh,Deccan Chargers,0,13,28,12.923076923076923,1.0,10.626023252110208
336001,Joginder Sharma,Chennai Super Kings,1,19,35,11.052631578947368,1.6,8.796318957929941
336007,Joginder Sharma,Chennai Super Kings,0,20,45,13.5,1.4,9.24031895792994
336018,Joginder Sharma,Chennai Super Kings,1,20,25,7.5,1.2,9.348318957929942
392181,Joginder Sharma,Chennai Super Kings,1,24,25,6.25,1.0,9.121395881006865
392185,Joginder Sharma,Chennai Super Kings,1,7,10,8.571428571428571,0.8,9.374812030075187
392189,Joginder Sharma,Chennai Super Kings,0,6,8,8.0,0.6,8.764285714285714
392196,Joginder Sharma,Chennai Super Kings,0,6,14,14.0,0.6,8.864285714285714
419116,Joginder Sharma,Chennai Super Kings,1,25,43,10.319999999999999,0.6,9.428285714285714
419125,Joginder Sharma,Chennai Super Kings,1,14,23,9.857142857142856,0.6,10.149714285714285
419129,Joginder Sharma,Chennai Super Kings,0,12,23,11.5,0.4,10.73542857142857
501221,Joginder Sharma,Chennai Super Kings,0,20,34,10.2,0.4,11.175428571428572
392222,K Goel,Kings XI Punjab,0,12,16,8.0,0.0,8.941025641025641
419132,K Goel,Kings XI Punjab,0,6,7,7.0,0.0,7.841025641025641
1136577,K Gowtham,Rajasthan Royals,0,18,35,11.666666666666666,0.8,9.083333333333332
1136581,K Gowtham,Rajasthan Royals,0,18,20,6.666666666666667,0.8,8.616666666666667
1136588,K Gowtham,Rajasthan Royals,2,24,18,4.5,1.0,7.5166666666666675
1136592,K Gowtham,Rajasthan Royals,0,12,27,13.5,0.8,8.416666666666666
1136598,K Gowtham,Rajasthan Royals,1,19,18,5.684210526315789,0.6,8.403508771929825
1136600,K Gowtham,Rajasthan Royals,2,19,16,5.052631578947369,1.0,7.080701754385966
1136603,K Gowtham,Rajasthan Royals,0,18,28,9.333333333333334,1.0,7.614035087719299
1136607,K Gowtham,Rajasthan Royals,0,14,23,9.857142857142856,0.6,8.685463659147869
1136609,K Gowtham,Rajasthan Royals,0,12,32,16.0,0.6,9.185463659147869
1136613,K Gowtham,Rajasthan Royals,1,12,7,3.5,0.6,8.748621553884712
1136618,K Gowtham,Rajasthan Royals,2,18,19,6.333333333333333,0.6,9.004761904761905
1175359,K Gowtham,Rajasthan Royals,1,25,35,8.399999999999999,0.8,8.818095238095236
1175363,K Gowtham,Rajasthan Royals,0,12,25,12.5,0.8,9.346666666666668
1175367,K Gowtham,Rajasthan Royals,0,13,14,6.461538461538462,0.8,7.438974358974359
1175369,K Gowtham,Rajasthan Royals,0,24,20,5.0,0.6,7.7389743589743585
1178396,K Gowtham,Rajasthan Royals,0,6,22,22.0,0.2,10.872307692307691
1178402,K Gowtham,Rajasthan Royals,0,18,39,13.0,0.0,11.792307692307693
1178428,K Gowtham,Rajasthan Royals,0,24,16,4.0,0.0,10.092307692307694
1216493,K Gowtham,Kings XI Punjab,0,24,39,9.75,0.0,10.75
1216503,K Gowtham,Kings XI Punjab,1,24,45,11.25,0.2,12.0
1304061,K Gowtham,Lucknow Super Giants,1,24,23,5.75,0.4,8.75
1304066,K Gowtham,Lucknow Super Giants,2,24,32,8.0,0.8,7.75
1304091,K Gowtham,Lucknow Super Giants,1,12,23,11.5,1.0,9.25
1304112,K Gowtham,Lucknow Super Giants,1,12,23,11.5,1.2,9.6
1359477,K Gowtham,Lucknow Super Giants,0,25,23,5.52,1.0,8.453999999999999
1359480,K Gowtham,Lucknow Super Giants,0,6,20,20.0,0.8,11.303999999999998
1359495,K Gowtham,Lucknow Super Giants,1,25,31,7.4399999999999995,0.6,11.192
1359517,K Gowtham,Lucknow Super Giants,1,12,10,5.0,0.6,9.892
1359542,K Gowtham,Lucknow Super Giants,1,26,26,6.0,0.6,8.792
1370351,K Gowtham,Lucknow Super Giants,0,6,8,8.0,0.6,9.288
1426295,K Gowtham,Lucknow Super Giants,0,13,30,13.846153846153847,0.6,8.057230769230769
1359486,K Kartikeya,Mumbai Indians,1,24,24,6.0,1.2,7.75
1359509,K Kartikeya,Mumbai Indians,1,24,39,9.75,1.2,8.75
1359516,K Kartikeya,Mumbai Indians,0,12,15,7.5,1.2,8.316666666666666
1359520,K Kartikeya,Mumbai Indians,0,21,25,7.142857142857143,0.8,7.611904761904762
1359528,K Kartikeya,Mumbai Indians,1,25,36,8.639999999999999,0.6,7.806571428571428
1359531,K Kartikeya,Mumbai Indians,2,20,37,11.1,0.8,8.826571428571429
1359543,K Kartikeya,Mumbai Indians,0,25,39,9.36,0.6,8.748571428571427
1370352,K Kartikeya,Mumbai Indians,0,12,16,8.0,0.6,8.848571428571429
1178429,K Khejroliya,Royal Challengers Bangalore,1,25,29,6.959999999999999,0.6,10.818315789473683
1359502,K Khejroliya,Kolkata Knight Riders,0,9,20,13.333333333333334,0.6,11.884982456140351
1359507,K Khejroliya,Kolkata Knight Riders,2,19,44,13.894736842105264,0.6,12.963929824561404
1082632,K Rabada,Delhi Daredevils,3,24,28,7.0,1.4,8.87131623931624
1082635,K Rabada,Delhi Daredevils,1,27,34,7.555555555555555,1.2,9.004649572649573
1175358,K Rabada,Delhi Capitals,2,27,24,5.333333333333333,1.2,8.471316239316238
1175360,K Rabada,Delhi Capitals,1,22,26,7.090909090909091,1.4,8.227959595959595
1175365,K Rabada,Delhi Capitals,3,31,48,9.29032258064516,2.0,7.2540241120886275
1175368,K Rabada,Delhi Capitals,3,24,32,8.0,2.0,7.454024112088628
1175371,K Rabada,Delhi Capitals,1,21,32,9.142857142857142,2.0,7.771484429548946
1178395,K Rabada,Delhi Capitals,4,25,21,5.04,2.4,7.712817762882279
1178401,K Rabada,Delhi Capitals,2,24,42,10.5,2.6,8.39463594470046
1178405,K Rabada,Delhi Capitals,4,24,22,5.5,2.8,7.636571428571429
1178409,K Rabada,Delhi Capitals,2,26,39,9.0,2.6,7.836571428571429
1178412,K Rabada,Delhi Capitals,2,24,26,6.5,2.8,7.308
1178415,K Rabada,Delhi Capitals,3,25,37,8.879999999999999,2.6,8.075999999999999
1178421,K Rabada,Delhi Capitals,2,25,33,7.919999999999999,2.6,7.56
1216493,K Rabada,Delhi Capitals,4,28,31,6.642857142857142,2.6,7.788571428571428
1216497,K Rabada,Delhi Capitals,2,26,33,7.615384615384616,2.6,7.511648351648351
1216500,K Rabada,Delhi Capitals,3,25,36,8.639999999999999,2.8,7.939648351648351
1216505,K Rabada,Delhi Capitals,2,24,30,7.5,2.6,7.663648351648351
1216509,K Rabada,Delhi Capitals,1,26,33,7.615384615384616,2.4,7.602725274725275
1216515,K Rabada,Delhi Capitals,1,24,51,12.75,1.8,8.824153846153845
1216519,K Rabada,Delhi Capitals,4,26,24,5.538461538461539,2.2,8.40876923076923
1216524,K Rabada,Delhi Capitals,0,24,58,14.5,1.6,9.580769230769231
1216529,K Rabada,Delhi Capitals,2,27,28,6.222222222222222,1.6,9.325213675213677
1216532,K Rabada,Delhi Capitals,2,24,23,5.75,1.8,8.952136752136752
1216535,K Rabada,Delhi Capitals,0,18,27,9.0,1.6,8.202136752136752
1216539,K Rabada,Delhi Capitals,3,24,27,6.75,1.4,8.444444444444446
1216543,K Rabada,Delhi Capitals,1,24,28,7.0,1.6,6.944444444444445
1216546,K Rabada,Delhi Capitals,2,25,27,6.4799999999999995,1.6,6.9959999999999996
1237177,K Rabada,Delhi Capitals,0,25,44,10.559999999999999,1.2,7.958
1237180,K Rabada,Delhi Capitals,4,26,29,6.6923076923076925,2.0,7.4964615384615385
1237181,K Rabada,Delhi Capitals,1,18,36,12.0,1.6,8.54646153846154
1254064,K Rabada,Delhi Capitals,2,24,30,7.5,1.8,8.646461538461539
1254068,K Rabada,Delhi Capitals,1,24,47,11.75,1.6,9.70046153846154
1254070,K Rabada,Delhi Capitals,1,18,25,8.333333333333334,1.8,9.255128205128205
1254077,K Rabada,Delhi Capitals,0,19,28,8.842105263157896,1.0,9.685087719298247
1254079,K Rabada,Delhi Capitals,1,24,38,9.5,1.0,9.185087719298247
1254082,K Rabada,Delhi Capitals,0,25,31,7.4399999999999995,0.6,9.173087719298247
1254086,K Rabada,Delhi Capitals,3,24,36,9.0,1.0,8.623087719298246
1254092,K Rabada,Delhi Capitals,1,19,28,8.842105263157896,1.0,8.724842105263159
1254097,K Rabada,Delhi Capitals,1,26,26,6.0,1.2,8.15642105263158
1254101,K Rabada,Delhi Capitals,0,24,37,9.25,1.0,8.106421052631578
1254105,K Rabada,Delhi Capitals,3,25,37,8.879999999999999,1.6,8.39442105263158
1254110,K Rabada,Delhi Capitals,0,24,21,5.25,1.0,7.64442105263158
1254112,K Rabada,Delhi Capitals,0,26,33,7.615384615384616,0.8,7.399076923076923
1254114,K Rabada,Delhi Capitals,1,18,23,7.666666666666667,0.8,7.732410256410256
1254116,K Rabada,Delhi Capitals,2,26,24,5.538461538461539,1.2,6.990102564102564
1304054,K Rabada,Punjab Kings,1,19,23,7.2631578947368425,0.8,6.666734143049934
1304057,K Rabada,Punjab Kings,1,20,28,8.4,1.0,7.2967341430499335
1304062,K Rabada,Punjab Kings,2,25,36,8.639999999999999,1.4,7.501657219973009
1304069,K Rabada,Punjab Kings,2,24,29,7.25,1.6,7.418323886639676
1304074,K Rabada,Punjab Kings,1,24,29,7.25,1.4,7.760631578947368
1304078,K Rabada,Punjab Kings,0,19,35,11.052631578947368,1.2,8.518526315789474
1304084,K Rabada,Punjab Kings,2,24,24,6.0,1.4,8.038526315789474
1304088,K Rabada,Punjab Kings,4,25,38,9.12,1.8,8.134526315789474
1304094,K Rabada,Punjab Kings,4,27,38,8.444444444444445,2.2,8.373415204678363
1304098,K Rabada,Punjab Kings,1,25,50,12.0,2.2,9.323415204678364
1304106,K Rabada,Punjab Kings,3,26,21,4.846153846153847,2.8,8.082119658119657
1304110,K Rabada,Punjab Kings,1,18,24,8.0,2.6,8.482119658119657
1304116,K Rabada,Punjab Kings,1,27,39,8.666666666666666,2.0,8.391452991452992
1359492,K Rabada,Punjab Kings,1,24,41,10.25,1.4,8.752564102564103
1359495,K Rabada,Punjab Kings,2,26,34,7.846153846153847,1.6,7.921794871794871
1359512,K Rabada,Punjab Kings,2,28,57,12.214285714285714,1.4,9.395421245421245
1359515,K Rabada,Punjab Kings,0,25,35,8.399999999999999,1.2,9.475421245421245
1359538,K Rabada,Punjab Kings,0,18,36,12.0,1.0,10.142087912087913
1359540,K Rabada,Punjab Kings,2,26,40,9.230769230769232,1.2,9.938241758241759
1422120,K Rabada,Punjab Kings,1,25,41,9.84,1.0,10.337010989010988
1422124,K Rabada,Punjab Kings,2,25,28,6.72,1.0,9.238153846153846
1422129,K Rabada,Punjab Kings,1,24,39,9.75,1.2,9.508153846153846
1422135,K Rabada,Punjab Kings,2,25,44,10.559999999999999,1.6,9.220153846153845
1426261,K Rabada,Punjab Kings,1,25,33,7.919999999999999,1.4,8.958
1426265,K Rabada,Punjab Kings,2,24,18,4.5,1.6,7.890000000000001
1426271,K Rabada,Punjab Kings,1,24,43,10.75,1.4,8.696000000000002
1426275,K Rabada,Punjab Kings,0,24,40,10.0,1.2,8.746
1426280,K Rabada,Punjab Kings,0,22,52,14.181818181818182,0.8,9.470363636363636
1426287,K Rabada,Punjab Kings,1,25,24,5.76,0.8,9.038363636363636
1426291,K Rabada,Punjab Kings,0,19,24,7.578947368421053,0.4,9.654153110047847
1254076,KA Jamieson,Royal Challengers Bangalore,0,19,31,9.789473684210527,1.2,9.156728744939272
1254079,KA Jamieson,Royal Challengers Bangalore,1,24,32,8.0,1.2,9.460728744939273
1254083,KA Jamieson,Royal Challengers Bangalore,2,19,32,10.105263157894738,1.4,9.46072874493927
1254087,KA Jamieson,Royal Challengers Bangalore,0,15,26,10.4,0.8,8.951255060728746
1254108,KA Jamieson,Royal Challengers Bangalore,0,13,22,10.153846153846155,0.6,9.689716599190284
419138,KA Pollard,Mumbai Indians,2,27,27,6.0,0.8,8.514285714285714
419142,KA Pollard,Mumbai Indians,2,24,27,6.75,1.0,8.664285714285715
419146,KA Pollard,Mumbai Indians,1,7,9,7.7142857142857135,1.2,7.807142857142857
419150,KA Pollard,Mumbai Indians,1,12,19,9.5,1.2,7.707142857142857
419152,KA Pollard,Mumbai Indians,1,24,15,3.75,1.4,6.742857142857143
419157,KA Pollard,Mumbai Indians,3,26,28,6.461538461538462,1.6,6.835164835164835
419162,KA Pollard,Mumbai Indians,4,26,17,3.9230769230769234,2.0,6.269780219780221
419165,KA Pollard,Mumbai Indians,1,24,45,11.25,2.0,6.976923076923077
501201,KA Pollard,Mumbai Indians,0,19,18,5.684210526315789,1.8,6.2137651821862345
501205,KA Pollard,Mumbai Indians,2,25,28,6.72,2.0,6.807765182186235
501210,KA Pollard,Mumbai Indians,0,21,43,12.285714285714286,1.4,7.972600347021401
501218,KA Pollard,Mumbai Indians,0,7,13,11.142857142857142,0.6,9.416556390977444
501221,KA Pollard,Mumbai Indians,1,27,30,6.666666666666667,0.6,8.499889724310776
501224,KA Pollard,Mumbai Indians,2,14,20,8.571428571428571,1.0,9.077333333333334
501231,KA Pollard,Mumbai Indians,0,13,16,7.384615384615385,0.6,9.21025641025641
501237,KA Pollard,Mumbai Indians,1,19,19,6.0,0.8,7.953113553113553
501241,KA Pollard,Mumbai Indians,2,24,36,9.0,1.2,7.5245421245421245
501246,KA Pollard,Mumbai Indians,2,15,24,9.6,1.4,8.11120879120879
501251,KA Pollard,Mumbai Indians,0,12,13,6.5,1.0,7.696923076923076
501256,KA Pollard,Mumbai Indians,1,12,10,5.0,1.2,7.219999999999999
501263,KA Pollard,Mumbai Indians,0,12,19,9.5,1.0,7.919999999999999
501267,KA Pollard,Mumbai Indians,1,12,23,11.5,0.8,8.419999999999998
501269,KA Pollard,Mumbai Indians,0,18,31,10.333333333333334,0.4,8.566666666666666
501270,KA Pollard,Mumbai Indians,1,20,24,7.199999999999999,0.6,8.706666666666667
548306,KA Pollard,Mumbai Indians,2,26,15,3.4615384615384617,0.8,8.398974358974359
548308,KA Pollard,Mumbai Indians,2,26,31,7.153846153846154,1.2,7.92974358974359
548314,KA Pollard,Mumbai Indians,2,26,33,7.615384615384616,1.4,7.152820512820513
548317,KA Pollard,Mumbai Indians,4,26,44,10.153846153846155,2.2,7.116923076923077
548325,KA Pollard,Mumbai Indians,0,8,6,4.5,2.0,6.5769230769230775
548334,KA Pollard,Mumbai Indians,2,24,14,3.5,2.0,6.584615384615385
548339,KA Pollard,Mumbai Indians,0,18,27,9.0,1.6,6.953846153846155
548342,KA Pollard,Mumbai Indians,0,7,23,19.71428571428571,1.2,9.373626373626374
548360,KA Pollard,Mumbai Indians,0,19,33,10.421052631578949,0.4,9.427067669172931
548363,KA Pollard,Mumbai Indians,1,25,29,6.959999999999999,0.6,9.919067669172932
548367,KA Pollard,Mumbai Indians,1,21,20,5.714285714285714,0.4,10.361924812030075
548370,KA Pollard,Mumbai Indians,1,21,20,5.714285714285714,0.6,9.704781954887219
548377,KA Pollard,Mumbai Indians,2,21,30,8.571428571428571,1.0,7.476210526315789
548379,KA Pollard,Mumbai Indians,1,18,27,9.0,1.2,7.191999999999998
597999,KA Pollard,Mumbai Indians,0,6,15,15.0,1.0,8.799999999999999
598002,KA Pollard,Mumbai Indians,1,27,40,8.88888888888889,1.0,9.434920634920633
598006,KA Pollard,Mumbai Indians,2,26,35,8.076923076923077,1.2,9.907448107448106
598011,KA Pollard,Mumbai Indians,1,19,19,6.0,1.0,9.393162393162392
598019,KA Pollard,Mumbai Indians,1,14,24,10.285714285714285,1.0,9.650305250305248
598024,KA Pollard,Mumbai Indians,0,6,11,11.0,1.0,8.850305250305249
598029,KA Pollard,Mumbai Indians,0,12,14,7.0,0.8,8.47252747252747
598033,KA Pollard,Mumbai Indians,0,12,19,9.5,0.4,8.757142857142856
598037,KA Pollard,Mumbai Indians,0,6,15,15.0,0.2,10.557142857142855
598060,KA Pollard,Mumbai Indians,0,6,10,10.0,0.0,10.499999999999998
598066,KA Pollard,Mumbai Indians,1,12,22,11.0,0.2,10.499999999999998
598070,KA Pollard,Mumbai Indians,1,18,28,9.333333333333334,0.4,10.966666666666665
598072,KA Pollard,Mumbai Indians,2,6,6,6.0,0.8,10.266666666666666
598073,KA Pollard,Mumbai Indians,1,27,34,7.555555555555555,1.0,8.777777777777777
729279,KA Pollard,Mumbai Indians,0,12,19,9.5,1.0,8.677777777777777
729303,KA Pollard,Mumbai Indians,0,6,10,10.0,0.8,8.477777777777778
729317,KA Pollard,Mumbai Indians,0,25,36,8.639999999999999,0.6,8.339111111111112
733973,KA Pollard,Mumbai Indians,0,16,34,12.75,0.2,9.689111111111112
733983,KA Pollard,Mumbai Indians,1,25,37,8.879999999999999,0.2,9.953999999999999
733995,KA Pollard,Mumbai Indians,1,18,42,14.0,0.4,10.854
734001,KA Pollard,Mumbai Indians,0,13,21,9.692307692307693,0.4,10.792461538461538
734009,KA Pollard,Mumbai Indians,0,6,7,7.0,0.4,10.464461538461538
734017,KA Pollard,Mumbai Indians,0,6,11,11.0,0.4,10.114461538461537
734031,KA Pollard,Mumbai Indians,0,6,4,4.0,0.2,9.138461538461538
734041,KA Pollard,Mumbai Indians,1,19,34,10.736842105263158,0.2,8.485829959514168
734045,KA Pollard,Mumbai Indians,0,8,10,7.5,0.2,8.04736842105263
829717,KA Pollard,Mumbai Indians,0,6,11,11.0,0.2,8.84736842105263
829729,KA Pollard,Mumbai Indians,1,13,26,12.0,0.4,9.04736842105263
829737,KA Pollard,Mumbai Indians,1,6,9,9.0,0.6,10.04736842105263
829747,KA Pollard,Mumbai Indians,0,13,25,11.53846153846154,0.4,10.207692307692307
829775,KA Pollard,Mumbai Indians,0,6,7,7.0,0.4,10.107692307692307
829805,KA Pollard,Mumbai Indians,1,7,6,5.142857142857142,0.6,8.936263736263736
829815,KA Pollard,Mumbai Indians,2,12,14,7.0,0.8,7.936263736263736
829817,KA Pollard,Mumbai Indians,1,18,23,7.666666666666667,0.8,7.669597069597069
980933,KA Pollard,Mumbai Indians,0,6,11,11.0,0.8,7.561904761904762
980941,KA Pollard,Mumbai Indians,0,12,25,12.5,0.8,8.661904761904761
980973,KA Pollard,Mumbai Indians,0,13,23,10.615384615384617,0.6,9.756410256410257
980981,KA Pollard,Mumbai Indians,0,6,23,23.0,0.2,12.956410256410257
1082592,KA Pollard,Mumbai Indians,0,12,30,15.0,0.0,14.423076923076923
1216499,KA Pollard,Mumbai Indians,1,6,5,5.0,0.2,13.223076923076922
1216508,KA Pollard,Mumbai Indians,1,19,21,6.631578947368421,0.4,12.049392712550608
1216511,KA Pollard,Mumbai Indians,1,12,24,12.0,0.6,12.326315789473686
1216517,KA Pollard,Mumbai Indians,0,14,26,11.142857142857142,0.6,9.954887218045112
1216521,KA Pollard,Mumbai Indians,0,6,4,4.0,0.6,7.754887218045113
1216529,KA Pollard,Mumbai Indians,0,6,10,10.0,0.4,8.754887218045113
1216538,KA Pollard,Mumbai Indians,0,20,20,6.0,0.2,8.628571428571428
1216541,KA Pollard,Mumbai Indians,0,15,18,7.2,0.0,7.668571428571428
1216547,KA Pollard,Mumbai Indians,0,6,13,13.0,0.0,8.04
1237177,KA Pollard,Mumbai Indians,1,27,36,8.0,0.2,8.84
1237181,KA Pollard,Mumbai Indians,0,7,13,11.142857142857142,0.2,9.068571428571428
1254062,KA Pollard,Mumbai Indians,0,6,12,12.0,0.2,10.268571428571429
1254066,KA Pollard,Mumbai Indians,1,12,10,5.0,0.4,9.828571428571427
1254070,KA Pollard,Mumbai Indians,1,8,9,6.75,0.6,8.578571428571427
1254074,KA Pollard,Mumbai Indians,0,6,11,11.0,0.4,9.178571428571427
1254084,KA Pollard,Mumbai Indians,2,13,12,5.538461538461539,0.8,8.057692307692307
1254093,KA Pollard,Mumbai Indians,0,12,9,4.5,0.8,6.557692307692307
1254099,KA Pollard,Mumbai Indians,2,7,8,6.857142857142857,1.0,6.9291208791208785
1254104,KA Pollard,Mumbai Indians,0,13,15,6.923076923076923,0.8,6.963736263736263
1254112,KA Pollard,Mumbai Indians,0,8,9,6.75,0.8,6.113736263736262
1304055,KA Pollard,Mumbai Indians,1,25,50,12.0,0.6,7.406043956043955
1304064,KA Pollard,Mumbai Indians,0,19,24,7.578947368421053,0.6,8.021833429728165
1304083,KA Pollard,Mumbai Indians,2,12,8,4.0,0.6,7.450404858299595
1304090,KA Pollard,Mumbai Indians,0,6,8,8.0,0.6,7.665789473684209
1304097,KA Pollard,Mumbai Indians,1,12,14,7.0,0.8,7.715789473684209
1304102,KA Pollard,Mumbai Indians,0,13,26,12.0,0.6,7.715789473684209
980985,KC Cariappa,Kings XI Punjab,0,25,36,8.639999999999999,0.8,8.418666666666667
980999,KC Cariappa,Kings XI Punjab,0,19,55,17.36842105263158,0.6,9.092350877192981
1082605,KC Cariappa,Kings XI Punjab,1,19,23,7.2631578947368425,0.8,9.54498245614035
1082609,KC Cariappa,Kings XI Punjab,1,25,38,9.12,0.8,9.54498245614035
1082616,KC Cariappa,Kings XI Punjab,2,24,24,6.0,0.8,9.678315789473682
1082623,KC Cariappa,Kings XI Punjab,0,26,42,9.692307692307693,0.8,9.888777327935221
1178413,KC Cariappa,Kolkata Knight Riders,0,13,34,15.692307692307693,0.8,9.553554655870446
980947,KH Pandya,Mumbai Indians,0,12,21,10.5,0.6,7.607142857142857
980957,KH Pandya,Mumbai Indians,0,13,28,12.923076923076923,0.4,9.141758241758243
980973,KH Pandya,Mumbai Indians,0,6,5,5.0,0.0,8.984615384615385
980981,KH Pandya,Mumbai Indians,1,24,15,3.75,0.2,8.534615384615384
980985,KH Pandya,Mumbai Indians,0,24,32,8.0,0.2,8.034615384615384
980993,KH Pandya,Mumbai Indians,3,14,15,6.428571428571428,0.8,7.22032967032967
981007,KH Pandya,Mumbai Indians,0,12,28,14.0,0.8,7.435714285714286
1082592,KH Pandya,Mumbai Indians,0,12,21,10.5,0.8,8.535714285714286
1082597,KH Pandya,Mumbai Indians,3,24,24,6.0,1.2,8.985714285714286
1082600,KH Pandya,Mumbai Indians,0,8,12,9.0,1.2,9.185714285714287
1082602,KH Pandya,Mumbai Indians,1,24,25,6.25,0.8,9.15
1082606,KH Pandya,Mumbai Indians,0,18,18,6.0,0.8,7.55
1082612,KH Pandya,Mumbai Indians,1,26,31,7.153846153846154,1.0,6.88076923076923
1082614,KH Pandya,Mumbai Indians,0,6,8,8.0,0.4,7.280769230769231
1082625,KH Pandya,Mumbai Indians,3,25,15,3.5999999999999996,1.0,6.200769230769231
1082628,KH Pandya,Mumbai Indians,2,25,34,8.16,1.2,6.58276923076923
1082644,KH Pandya,Mumbai Indians,0,12,14,7.0,1.2,6.78276923076923
1082647,KH Pandya,Mumbai Indians,0,24,22,5.5,1.0,6.452
1082649,KH Pandya,Mumbai Indians,0,18,25,8.333333333333334,1.0,6.518666666666666
1082650,KH Pandya,Mumbai Indians,0,24,31,7.75,0.4,7.3486666666666665
1136567,KH Pandya,Mumbai Indians,0,12,10,5.0,0.0,6.716666666666667
1136569,KH Pandya,Mumbai Indians,2,18,21,7.0,0.4,6.716666666666667
1136574,KH Pandya,Mumbai Indians,3,25,28,6.72,1.0,6.960666666666667
1136581,KH Pandya,Mumbai Indians,1,26,33,7.615384615384616,1.2,6.817076923076923
1136583,KH Pandya,Mumbai Indians,0,13,14,6.461538461538462,1.2,6.559384615384616
1136587,KH Pandya,Mumbai Indians,2,25,32,7.68,1.6,7.095384615384615
1136591,KH Pandya,Mumbai Indians,0,24,25,6.25,1.2,6.945384615384616
1136594,KH Pandya,Mumbai Indians,1,6,10,10.0,0.8,7.601384615384616
1136597,KH Pandya,Mumbai Indians,1,18,29,9.666666666666666,0.8,8.011641025641026
1136601,KH Pandya,Mumbai Indians,3,19,12,3.7894736842105265,1.4,7.477228070175438
1136607,KH Pandya,Mumbai Indians,0,24,24,6.0,1.0,7.141228070175439
1136610,KH Pandya,Mumbai Indians,0,24,37,9.25,1.0,7.741228070175438
1136615,KH Pandya,Mumbai Indians,1,12,13,6.5,1.0,7.041228070175438
1175358,KH Pandya,Mumbai Indians,0,12,21,10.5,0.8,7.207894736842105
1175362,KH Pandya,Mumbai Indians,0,24,28,7.0,0.2,7.85
1175364,KH Pandya,Mumbai Indians,2,25,44,10.559999999999999,0.6,8.762
1175370,KH Pandya,Mumbai Indians,0,14,13,5.571428571428571,0.6,8.026285714285715
1178394,KH Pandya,Mumbai Indians,0,12,9,4.5,0.4,7.626285714285714
1178399,KH Pandya,Mumbai Indians,0,12,17,8.5,0.4,7.226285714285714
1178402,KH Pandya,Mumbai Indians,3,25,34,8.16,1.0,7.458285714285713
1178406,KH Pandya,Mumbai Indians,0,6,10,10.0,0.6,7.346285714285715
1178409,KH Pandya,Mumbai Indians,1,12,7,3.5,0.8,6.932
1178411,KH Pandya,Mumbai Indians,0,12,24,12.0,0.8,8.432
1178419,KH Pandya,Mumbai Indians,2,18,7,2.3333333333333335,1.2,7.198666666666666
1178422,KH Pandya,Mumbai Indians,0,18,27,9.0,0.6,7.366666666666665
1178426,KH Pandya,Mumbai Indians,2,25,22,5.279999999999999,1.0,6.422666666666666
1178431,KH Pandya,Mumbai Indians,0,25,14,3.36,0.8,6.394666666666667
1181764,KH Pandya,Mumbai Indians,1,24,21,5.25,1.0,5.044666666666667
1181768,KH Pandya,Mumbai Indians,1,18,39,13.0,0.8,7.178
1216492,KH Pandya,Mumbai Indians,1,25,37,8.879999999999999,1.0,7.153999999999999
1216495,KH Pandya,Mumbai Indians,0,20,37,11.1,0.6,8.318
1216499,KH Pandya,Mumbai Indians,0,24,27,6.75,0.6,8.995999999999999
1216503,KH Pandya,Mumbai Indians,1,27,27,6.0,0.6,9.145999999999999
1216508,KH Pandya,Mumbai Indians,0,6,10,10.0,0.4,8.546
1216511,KH Pandya,Mumbai Indians,0,12,22,11.0,0.2,8.97
1216517,KH Pandya,Mumbai Indians,0,12,12,6.0,0.2,7.95
1216521,KH Pandya,Mumbai Indians,0,19,16,5.052631578947369,0.2,7.610526315789474
1216526,KH Pandya,Mumbai Indians,0,24,24,6.0,0.0,7.610526315789474
1216529,KH Pandya,Mumbai Indians,2,24,26,6.5,0.4,6.910526315789474
1216535,KH Pandya,Mumbai Indians,0,19,16,5.052631578947369,0.4,5.721052631578948
1216538,KH Pandya,Mumbai Indians,1,28,37,7.928571428571428,0.6,6.106766917293234
1216541,KH Pandya,Mumbai Indians,0,12,21,10.5,0.6,7.19624060150376
1216547,KH Pandya,Mumbai Indians,0,19,23,7.2631578947368425,0.6,7.4488721804511275
1237177,KH Pandya,Mumbai Indians,1,25,22,5.279999999999999,0.4,7.204872180451128
1237181,KH Pandya,Mumbai Indians,0,19,30,9.473684210526317,0.4,8.089082706766916
1254058,KH Pandya,Mumbai Indians,1,24,25,6.25,0.4,7.753368421052633
1254062,KH Pandya,Mumbai Indians,1,25,13,3.1199999999999997,0.6,6.277368421052632
1254066,KH Pandya,Mumbai Indians,1,18,30,10.0,0.8,6.8247368421052625
1254070,KH Pandya,Mumbai Indians,0,12,17,8.5,0.6,7.468736842105263
1254074,KH Pandya,Mumbai Indians,0,21,31,8.857142857142858,0.6,7.345428571428572
1254081,KH Pandya,Mumbai Indians,0,6,12,12.0,0.4,8.495428571428572
1254088,KH Pandya,Mumbai Indians,0,7,16,13.714285714285714,0.2,10.614285714285714
1254096,KH Pandya,Mumbai Indians,0,18,26,8.666666666666666,0.0,10.347619047619048
1254099,KH Pandya,Mumbai Indians,1,25,24,5.76,0.2,9.799619047619048
1254104,KH Pandya,Mumbai Indians,0,14,27,11.571428571428571,0.2,10.342476190476189
1254108,KH Pandya,Mumbai Indians,0,27,28,6.222222222222222,0.2,9.186920634920634
1254112,KH Pandya,Mumbai Indians,1,13,18,8.307692307692308,0.4,8.105601953601953
1304050,KH Pandya,Lucknow Super Giants,1,24,18,4.5,0.6,7.272268620268619
1304053,KH Pandya,Lucknow Super Giants,0,19,37,11.68421052631579,0.4,8.457110725531779
1304058,KH Pandya,Lucknow Super Giants,2,24,27,6.75,0.8,7.492825011246064
1304061,KH Pandya,Lucknow Super Giants,0,12,12,6.0,0.8,7.448380566801619
1304072,KH Pandya,Lucknow Super Giants,0,12,17,8.5,0.6,7.4868421052631575
1304077,KH Pandya,Lucknow Super Giants,1,24,29,7.25,0.6,8.036842105263158
1304083,KH Pandya,Lucknow Super Giants,4,25,19,4.56,1.4,6.612
1304088,KH Pandya,Lucknow Super Giants,2,25,12,2.88,1.4,5.838
1304091,KH Pandya,Lucknow Super Giants,0,6,19,19.0,1.4,8.437999999999999
1304103,KH Pandya,Lucknow Super Giants,0,24,24,6.0,1.4,7.938
1304109,KH Pandya,Lucknow Super Giants,0,12,16,8.0,1.2,8.088
1312198,KH Pandya,Lucknow Super Giants,1,25,39,9.36,0.6,9.048
1359480,KH Pandya,Lucknow Super Giants,0,12,22,11.0,0.2,10.672
1359484,KH Pandya,Lucknow Super Giants,3,24,18,4.5,0.8,7.772
1359489,KH Pandya,Lucknow Super Giants,0,24,36,9.0,0.8,8.372
1359495,KH Pandya,Lucknow Super Giants,1,18,32,10.666666666666666,1.0,8.905333333333333
1359504,KH Pandya,Lucknow Super Giants,2,24,16,4.0,1.2,7.833333333333333
1359512,KH Pandya,Lucknow Super Giants,0,7,13,11.142857142857142,1.2,7.861904761904762
1359517,KH Pandya,Lucknow Super Giants,0,24,21,5.25,0.6,8.011904761904763
1359525,KH Pandya,Lucknow Super Giants,0,24,38,9.5,0.6,8.111904761904762
1359532,KH Pandya,Lucknow Super Giants,2,24,24,6.0,0.8,7.178571428571429
1359537,KH Pandya,Lucknow Super Giants,0,24,27,6.75,0.4,7.7285714285714295
1359542,KH Pandya,Lucknow Super Giants,1,24,31,7.75,0.6,7.05
1370351,KH Pandya,Lucknow Super Giants,0,24,42,10.5,0.6,8.1
1422122,KH Pandya,Lucknow Super Giants,0,24,20,5.0,0.6,7.2
1422129,KH Pandya,Lucknow Super Giants,0,18,26,8.666666666666666,0.2,7.7333333333333325
1422133,KH Pandya,Lucknow Super Giants,0,6,10,10.0,0.2,8.383333333333333
1422139,KH Pandya,Lucknow Super Giants,3,24,11,2.75,0.6,7.383333333333333
1426264,KH Pandya,Lucknow Super Giants,0,21,46,13.142857142857142,0.6,7.911904761904762
1426266,KH Pandya,Lucknow Super Giants,0,6,14,14.0,0.6,9.711904761904762
1426272,KH Pandya,Lucknow Super Giants,2,18,16,5.333333333333333,1.0,9.045238095238094
1426277,KH Pandya,Lucknow Super Giants,0,12,16,8.0,1.0,8.645238095238096
1426282,KH Pandya,Lucknow Super Giants,0,24,24,6.0,0.4,9.295238095238094
1426292,KH Pandya,Lucknow Super Giants,0,14,26,11.142857142857142,0.4,8.895238095238094
1426302,KH Pandya,Lucknow Super Giants,0,13,20,9.230769230769232,0.4,7.941391941391942
1426305,KH Pandya,Lucknow Super Giants,1,25,29,6.959999999999999,0.2,8.266725274725275
981005,KJ Abbott,Kings XI Punjab,0,18,26,8.666666666666666,0.4,10.678857142857144
1178416,KK Ahmed,Sunrisers Hyderabad,0,24,27,6.75,1.4,7.967824561403509
1178420,KK Ahmed,Sunrisers Hyderabad,1,24,33,8.25,1.6,7.154666666666666
1178423,KK Ahmed,Sunrisers Hyderabad,3,27,40,8.88888888888889,1.6,7.444444444444445
1178426,KK Ahmed,Sunrisers Hyderabad,3,24,42,10.5,2.0,8.344444444444445
1178429,KK Ahmed,Sunrisers Hyderabad,3,28,37,7.928571428571428,2.0,8.463492063492064
1181766,KK Ahmed,Sunrisers Hyderabad,3,18,24,8.0,2.6,8.713492063492064
1216498,KK Ahmed,Sunrisers Hyderabad,1,24,31,7.75,2.6,8.613492063492064
1216507,KK Ahmed,Sunrisers Hyderabad,2,23,37,9.652173913043478,2.4,8.766149068322981
1216516,KK Ahmed,Sunrisers Hyderabad,0,25,34,8.16,1.8,8.298149068322981
1216528,KK Ahmed,Sunrisers Hyderabad,2,25,47,11.28,1.6,8.968434782608695
1216532,KK Ahmed,Sunrisers Hyderabad,1,25,43,10.319999999999999,1.2,9.432434782608695
1216542,KK Ahmed,Sunrisers Hyderabad,3,18,24,8.0,1.6,9.482434782608696
1216545,KK Ahmed,Sunrisers Hyderabad,1,18,29,9.666666666666666,1.4,9.485333333333333
1254066,KK Ahmed,Sunrisers Hyderabad,1,26,28,6.461538461538462,1.6,9.145641025641027
1254071,KK Ahmed,Sunrisers Hyderabad,3,24,21,5.25,1.8,7.939641025641026
1254077,KK Ahmed,Sunrisers Hyderabad,0,24,43,10.75,1.6,8.025641025641026
1254080,KK Ahmed,Sunrisers Hyderabad,0,25,36,8.639999999999999,1.0,8.153641025641026
1254085,KK Ahmed,Sunrisers Hyderabad,0,24,41,10.25,0.8,8.270307692307693
1254105,KK Ahmed,Sunrisers Hyderabad,1,26,33,7.615384615384616,0.8,8.501076923076925
1254107,KK Ahmed,Sunrisers Hyderabad,0,19,23,7.2631578947368425,0.2,8.90370850202429
1304048,KK Ahmed,Delhi Capitals,2,24,27,6.75,0.6,8.103708502024293
1304056,KK Ahmed,Delhi Capitals,2,24,34,8.5,1.0,8.075708502024293
1304065,KK Ahmed,Delhi Capitals,3,24,25,6.25,1.6,7.275708502024292
1304073,KK Ahmed,Delhi Capitals,1,24,36,9.0,1.6,7.552631578947368
1304078,KK Ahmed,Delhi Capitals,2,25,21,5.04,2.0,7.108
1304080,KK Ahmed,Delhi Capitals,1,25,47,11.28,1.8,8.014
1304096,KK Ahmed,Delhi Capitals,3,24,30,7.5,2.0,7.814
1304101,KK Ahmed,Delhi Capitals,2,27,28,6.222222222222222,1.8,7.8084444444444445
1304110,KK Ahmed,Delhi Capitals,0,24,43,10.75,1.6,8.158444444444445
1304115,KK Ahmed,Delhi Capitals,0,21,24,6.857142857142857,1.2,8.521873015873016
1359477,KK Ahmed,Delhi Capitals,2,25,31,7.4399999999999995,1.4,7.753873015873016
1359481,KK Ahmed,Delhi Capitals,1,25,39,9.36,1.0,8.125873015873015
1359485,KK Ahmed,Delhi Capitals,0,14,31,13.285714285714285,0.6,9.538571428571426
1359518,KK Ahmed,Delhi Capitals,2,24,24,6.0,1.0,8.588571428571427
1359524,KK Ahmed,Delhi Capitals,1,25,46,11.04,1.2,9.425142857142855
1359529,KK Ahmed,Delhi Capitals,1,26,33,7.615384615384616,1.0,9.460219780219779
1359533,KK Ahmed,Delhi Capitals,1,27,36,8.0,1.0,9.188219780219779
1359538,KK Ahmed,Delhi Capitals,1,19,23,7.2631578947368425,1.2,7.983708502024292
1359541,KK Ahmed,Delhi Capitals,1,27,46,10.222222222222221,1.0,8.828152946468736
1422120,KK Ahmed,Delhi Capitals,2,24,43,10.75,1.2,8.770152946468736
1422127,KK Ahmed,Delhi Capitals,1,26,24,5.538461538461539,1.2,8.35476833108412
1422131,KK Ahmed,Delhi Capitals,2,28,22,4.714285714285714,1.4,7.6976254739412635
1422134,KK Ahmed,Delhi Capitals,1,31,47,9.096774193548386,1.4,8.064348733703572
1422138,KK Ahmed,Delhi Capitals,1,24,39,9.75,1.4,7.969904289259128
1426264,KK Ahmed,Delhi Capitals,2,25,43,10.319999999999999,1.4,7.883904289259128
1426270,KK Ahmed,Delhi Capitals,1,25,20,4.8,1.4,7.73621198156682
1426273,KK Ahmed,Delhi Capitals,0,18,52,17.333333333333332,1.0,10.260021505376343
1426278,KK Ahmed,Delhi Capitals,0,13,26,12.0,0.8,10.840666666666667
1426281,KK Ahmed,Delhi Capitals,2,24,47,11.75,1.0,11.240666666666666
1426285,KK Ahmed,Delhi Capitals,0,18,28,9.333333333333334,0.6,11.043333333333333
1426294,KK Ahmed,Delhi Capitals,2,31,47,9.096774193548386,0.8,11.90268817204301
1426300,KK Ahmed,Delhi Capitals,2,24,32,8.0,1.2,10.036021505376345
1426302,KK Ahmed,Delhi Capitals,1,13,23,10.615384615384617,1.4,9.759098428453267
548336,KK Cooper,Rajasthan Royals,0,26,42,9.692307692307693,2.0,7.976923076923077
548345,KK Cooper,Rajasthan Royals,0,25,22,5.279999999999999,1.2,7.682923076923077
598001,KK Cooper,Rajasthan Royals,3,26,32,7.384615384615385,1.2,7.821384615384616
598005,KK Cooper,Rajasthan Royals,3,25,15,3.5999999999999996,1.6,6.341384615384615
598009,KK Cooper,Rajasthan Royals,0,24,27,6.75,1.2,6.541384615384615
598014,KK Cooper,Rajasthan Royals,2,19,33,10.421052631578949,1.6,6.687133603238867
598019,KK Cooper,Rajasthan Royals,1,19,25,7.894736842105264,1.8,7.210080971659918
598026,KK Cooper,Rajasthan Royals,0,24,50,12.5,1.2,8.233157894736843
598032,KK Cooper,Rajasthan Royals,1,28,42,9.0,0.8,9.313157894736843
598047,KK Cooper,Rajasthan Royals,1,26,39,9.0,1.0,9.763157894736842
598052,KK Cooper,Rajasthan Royals,3,26,23,5.307692307692308,1.2,8.740485829959514
598058,KK Cooper,Rajasthan Royals,2,24,32,8.0,1.4,8.76153846153846
598063,KK Cooper,Rajasthan Royals,2,25,27,6.4799999999999995,1.8,7.557538461538461
598065,KK Cooper,Rajasthan Royals,2,24,40,10.0,2.0,7.757538461538462
598071,KK Cooper,Rajasthan Royals,0,26,36,8.307692307692308,1.8,7.619076923076923
598072,KK Cooper,Rajasthan Royals,2,25,35,8.399999999999999,1.6,8.237538461538461
734003,KK Cooper,Rajasthan Royals,1,24,26,6.5,1.4,7.937538461538462
734011,KK Cooper,Rajasthan Royals,1,19,20,6.315789473684211,1.2,7.904696356275304
734017,KK Cooper,Rajasthan Royals,0,19,27,8.526315789473685,0.8,7.609959514170041
734033,KK Cooper,Rajasthan Royals,0,24,33,8.25,0.8,7.598421052631579
734041,KK Cooper,Rajasthan Royals,2,24,40,10.0,0.8,7.9184210526315795
1216523,KL Nagarkoti,Kolkata Knight Riders,0,18,40,13.333333333333334,0.8,8.566666666666666
1216530,KL Nagarkoti,Kolkata Knight Riders,1,25,25,6.0,1.0,8.666666666666668
1216536,KL Nagarkoti,Kolkata Knight Riders,0,18,34,11.333333333333334,0.8,9.533333333333335
1216540,KL Nagarkoti,Kolkata Knight Riders,0,24,36,9.0,0.4,10.033333333333335
1216545,KL Nagarkoti,Kolkata Knight Riders,0,13,18,8.307692307692308,0.2,9.594871794871796
1254072,KL Nagarkoti,Kolkata Knight Riders,0,12,25,12.5,0.2,9.428205128205128
1304048,KL Nagarkoti,Delhi Capitals,0,13,29,13.384615384615385,0.0,10.905128205128204
1359482,KM Asif,Rajasthan Royals,0,28,55,11.785714285714285,0.8,9.58421052631579
1359530,KM Asif,Rajasthan Royals,1,19,27,8.526315789473685,0.6,8.573684210526315
1359534,KM Asif,Rajasthan Royals,2,25,42,10.08,0.8,8.568631578947368
1178409,KMA Paul,Delhi Capitals,0,19,37,11.68421052631579,1.2,7.789457489878542
1178428,KMA Paul,Delhi Capitals,0,20,15,4.5,1.0,7.429457489878542
1181766,KMA Paul,Delhi Capitals,4,30,33,6.6,1.8,7.549457489878543
1181767,KMA Paul,Delhi Capitals,0,20,50,15.0,1.4,8.341457489878541
548343,KMDN Kulasekara,Chennai Super Kings,1,27,29,6.444444444444445,1.2,6.704994152046784
392221,KP Appanna,Royal Challengers Bangalore,0,6,10,10.0,0.4,7.9
419140,KP Appanna,Royal Challengers Bangalore,2,24,24,6.0,0.6,7.9
419151,KP Appanna,Royal Challengers Bangalore,1,19,27,8.526315789473685,0.6,7.605263157894737
548327,KP Appanna,Royal Challengers Bangalore,0,13,23,10.615384615384617,0.6,8.32834008097166
548336,KP Appanna,Royal Challengers Bangalore,4,25,19,4.56,1.4,7.94034008097166
548344,KP Appanna,Royal Challengers Bangalore,0,20,27,8.1,1.4,7.5603400809716605
548350,KP Appanna,Royal Challengers Bangalore,1,18,30,10.0,1.2,8.36034008097166
548362,KP Appanna,Royal Challengers Bangalore,1,25,31,7.4399999999999995,1.2,8.143076923076922
548367,KP Appanna,Royal Challengers Bangalore,0,6,19,19.0,1.2,9.819999999999999
419133,KP Pietersen,Royal Challengers Bangalore,1,12,26,13.0,1.2,7.991025641025641
419136,KP Pietersen,Royal Challengers Bangalore,0,6,8,8.0,0.8,8.65769230769231
419140,KP Pietersen,Royal Challengers Bangalore,0,6,3,3.0,0.4,7.607692307692309
419157,KP Pietersen,Royal Challengers Bangalore,1,6,10,10.0,0.6,7.907692307692308
419162,KP Pietersen,Royal Challengers Bangalore,1,24,20,5.0,0.6,7.8
419164,KP Pietersen,Royal Challengers Bangalore,0,6,10,10.0,0.4,7.2
548316,KP Pietersen,Delhi Daredevils,1,12,16,8.0,0.6,7.2
548321,KP Pietersen,Delhi Daredevils,0,13,16,7.384615384615385,0.6,8.076923076923077
548333,KP Pietersen,Delhi Daredevils,0,15,21,8.4,0.4,7.756923076923077
1359525,KR Mayers,Lucknow Super Giants,0,7,16,13.714285714285714,0.0,7.219780219780219
1359532,KR Mayers,Lucknow Super Giants,0,7,11,9.428571428571429,0.0,7.905494505494505
1304093,KR Sen,Rajasthan Royals,1,22,28,7.636363636363637,1.6,8.684415584415584
1304098,KR Sen,Rajasthan Royals,0,26,43,9.923076923076923,1.4,8.919030969030969
1304104,KR Sen,Rajasthan Royals,0,19,33,10.421052631578949,1.2,8.45324149534676
1359491,KR Sen,Rajasthan Royals,0,12,9,4.5,0.4,8.210384352489616
1359516,KR Sen,Rajasthan Royals,0,7,20,17.142857142857142,0.2,9.924670066775331
1426262,KR Sen,Rajasthan Royals,3,29,42,8.689655172413794,0.6,10.135328373985363
1426265,KR Sen,Rajasthan Royals,1,24,35,8.75,0.8,9.900712989369977
1426269,KR Sen,Rajasthan Royals,2,26,50,11.53846153846154,1.2,10.124194770746495
598032,KV Sharma,Sunrisers Hyderabad,0,11,24,13.090909090909092,0.8,6.718181818181819
598039,KV Sharma,Sunrisers Hyderabad,0,24,25,6.25,0.6,6.668181818181819
598044,KV Sharma,Sunrisers Hyderabad,1,12,9,4.5,0.6,6.701515151515151
598051,KV Sharma,Sunrisers Hyderabad,0,13,19,8.76923076923077,0.2,6.922027972027972
598056,KV Sharma,Sunrisers Hyderabad,0,6,6,6.0,0.2,7.722027972027972
598060,KV Sharma,Sunrisers Hyderabad,3,19,22,6.947368421052632,0.8,6.493319838056681
598065,KV Sharma,Sunrisers Hyderabad,2,24,34,8.5,1.2,6.943319838056681
598069,KV Sharma,Sunrisers Hyderabad,1,18,15,5.0,1.2,7.04331983805668
598071,KV Sharma,Sunrisers Hyderabad,1,12,24,12.0,1.4,7.689473684210526
729285,KV Sharma,Sunrisers Hyderabad,0,12,8,4.0,1.4,7.289473684210526
729295,KV Sharma,Sunrisers Hyderabad,0,25,41,9.84,0.8,7.868
729301,KV Sharma,Sunrisers Hyderabad,1,25,24,5.76,0.6,7.32
729311,KV Sharma,Sunrisers Hyderabad,1,24,36,9.0,0.6,8.120000000000001
729317,KV Sharma,Sunrisers Hyderabad,0,24,33,8.25,0.4,7.37
733977,KV Sharma,Sunrisers Hyderabad,3,24,17,4.25,1.0,7.42
733989,KV Sharma,Sunrisers Hyderabad,1,24,24,6.0,1.2,6.651999999999999
733993,KV Sharma,Sunrisers Hyderabad,0,19,29,9.157894736842106,1.0,7.331578947368422
734001,KV Sharma,Sunrisers Hyderabad,0,16,25,9.375,0.8,7.406578947368422
734007,KV Sharma,Sunrisers Hyderabad,1,24,47,11.75,1.0,8.106578947368423
734015,KV Sharma,Sunrisers Hyderabad,1,24,19,4.75,0.6,8.206578947368422
734021,KV Sharma,Sunrisers Hyderabad,1,18,28,9.333333333333334,0.6,8.873245614035088
734029,KV Sharma,Sunrisers Hyderabad,3,24,23,5.75,1.2,8.191666666666666
734037,KV Sharma,Sunrisers Hyderabad,5,24,39,9.75,2.2,8.266666666666666
829711,KV Sharma,Sunrisers Hyderabad,0,24,52,13.0,2.0,8.516666666666666
829719,KV Sharma,Sunrisers Hyderabad,1,24,21,5.25,2.0,8.616666666666665
829727,KV Sharma,Sunrisers Hyderabad,1,18,19,6.333333333333333,2.0,8.016666666666667
829731,KV Sharma,Sunrisers Hyderabad,0,12,25,12.5,1.4,9.366666666666665
829743,KV Sharma,Sunrisers Hyderabad,0,6,5,5.0,0.4,8.416666666666666
829751,KV Sharma,Sunrisers Hyderabad,1,24,30,7.5,0.6,7.3166666666666655
829759,KV Sharma,Sunrisers Hyderabad,2,24,22,5.5,0.8,7.366666666666665
829773,KV Sharma,Sunrisers Hyderabad,0,12,20,10.0,0.6,8.1
829781,KV Sharma,Sunrisers Hyderabad,2,24,29,7.25,1.0,7.05
829787,KV Sharma,Sunrisers Hyderabad,1,18,29,9.666666666666666,1.2,7.9833333333333325
829793,KV Sharma,Sunrisers Hyderabad,2,18,12,4.0,1.4,7.283333333333333
829799,KV Sharma,Sunrisers Hyderabad,0,12,21,10.5,1.0,8.283333333333333
829807,KV Sharma,Sunrisers Hyderabad,0,6,14,14.0,1.0,9.083333333333332
829815,KV Sharma,Sunrisers Hyderabad,1,17,39,13.76470588235294,0.8,10.386274509803922
980907,KV Sharma,Sunrisers Hyderabad,0,25,58,13.919999999999998,0.6,11.236941176470589
980915,KV Sharma,Sunrisers Hyderabad,0,14,24,10.285714285714285,0.2,12.494084033613444
980991,KV Sharma,Sunrisers Hyderabad,0,24,28,7.0,0.2,11.794084033613444
981003,KV Sharma,Sunrisers Hyderabad,1,18,25,8.333333333333334,0.4,10.660750700280111
981009,KV Sharma,Sunrisers Hyderabad,0,19,39,12.31578947368421,0.2,10.370967418546366
1082618,KV Sharma,Mumbai Indians,2,24,39,9.75,0.6,9.536967418546364
1082628,KV Sharma,Mumbai Indians,1,19,23,7.2631578947368425,0.8,8.932456140350878
1082635,KV Sharma,Mumbai Indians,3,23,12,3.1304347826086953,1.4,8.158543096872616
1082638,KV Sharma,Mumbai Indians,0,12,20,10.0,1.2,8.49187643020595
1082641,KV Sharma,Mumbai Indians,1,18,32,10.666666666666666,1.4,8.16205186880244
1082644,KV Sharma,Mumbai Indians,1,18,26,8.666666666666666,1.2,7.945385202135773
1082647,KV Sharma,Mumbai Indians,1,24,30,7.5,1.2,7.992753623188406
1082649,KV Sharma,Mumbai Indians,4,25,17,4.08,1.4,8.182666666666666
1082650,KV Sharma,Mumbai Indians,0,26,18,4.153846153846154,1.4,7.0134358974358975
1136577,KV Sharma,Chennai Super Kings,2,9,13,8.666666666666666,1.6,6.613435897435897
1136580,KV Sharma,Chennai Super Kings,1,18,30,10.0,1.6,6.880102564102563
1136593,KV Sharma,Chennai Super Kings,0,6,11,11.0,1.4,7.580102564102563
1136603,KV Sharma,Chennai Super Kings,0,6,11,11.0,0.6,8.964102564102564
1136620,KV Sharma,Chennai Super Kings,1,19,25,7.894736842105264,0.8,9.712280701754386
1178408,KV Sharma,Chennai Super Kings,1,17,33,11.647058823529411,0.6,10.308359133126935
1216501,KV Sharma,Chennai Super Kings,2,24,25,6.25,0.8,9.558359133126936
1216509,KV Sharma,Chennai Super Kings,0,18,34,11.333333333333334,0.8,9.625025799793601
1216525,KV Sharma,Chennai Super Kings,0,25,34,8.16,0.8,9.057025799793603
1216528,KV Sharma,Chennai Super Kings,2,27,37,8.222222222222221,1.0,9.122522875816994
1216536,KV Sharma,Chennai Super Kings,1,24,35,8.75,1.0,8.543111111111111
1359479,KV Sharma,Royal Challengers Bangalore,2,25,32,7.68,1.0,8.82911111111111
1359483,KV Sharma,Royal Challengers Bangalore,2,18,26,8.666666666666666,1.4,8.295777777777776
1359489,KV Sharma,Royal Challengers Bangalore,1,19,50,15.789473684210527,1.6,9.821672514619882
1359517,KV Sharma,Royal Challengers Bangalore,2,24,20,5.0,1.6,9.177228070175438
1359524,KV Sharma,Royal Challengers Bangalore,1,18,37,12.333333333333334,1.6,9.893894736842105
1359534,KV Sharma,Royal Challengers Bangalore,3,9,19,12.666666666666666,1.8,10.891228070175439
1359539,KV Sharma,Royal Challengers Bangalore,0,19,45,14.210526315789474,1.4,12.0
1422119,KV Sharma,Royal Challengers Bengaluru,1,12,24,12.0,1.4,11.242105263157896
1426274,KV Sharma,Royal Challengers Bengaluru,0,24,34,8.5,1.0,11.942105263157895
1426279,KV Sharma,Royal Challengers Bengaluru,2,26,29,6.6923076923076925,1.2,10.813900134952766
1426283,KV Sharma,Royal Challengers Bengaluru,0,19,38,12.0,0.6,10.680566801619435
1426290,KV Sharma,Royal Challengers Bengaluru,1,18,43,14.333333333333334,0.8,10.705128205128204
1426296,KV Sharma,Royal Challengers Bengaluru,2,18,36,12.0,1.0,10.705128205128204
1426300,KV Sharma,Royal Challengers Bengaluru,0,12,19,9.5,1.0,10.905128205128204
1426306,KV Sharma,Royal Challengers Bengaluru,0,6,14,14.0,0.6,12.366666666666667
1426310,KV Sharma,Royal Challengers Bengaluru,1,14,19,8.142857142857142,0.8,11.595238095238095
729291,KW Richardson,Rajasthan Royals,1,19,25,7.894736842105264,1.0,7.897101214574898
729305,KW Richardson,Rajasthan Royals,2,24,18,4.5,1.4,6.925101214574899
729315,KW Richardson,Rajasthan Royals,2,25,28,6.72,1.6,6.4691012145748985
733975,KW Richardson,Rajasthan Royals,1,25,39,9.36,1.6,6.941101214574898
733989,KW Richardson,Rajasthan Royals,0,24,29,7.25,1.2,7.144947368421053
733999,KW Richardson,Rajasthan Royals,2,24,43,10.75,1.4,7.715999999999999
980927,KW Richardson,Royal Challengers Bangalore,1,18,26,8.666666666666666,1.2,8.549333333333333
980931,KW Richardson,Royal Challengers Bangalore,4,18,13,4.333333333333333,1.6,8.072
980937,KW Richardson,Royal Challengers Bangalore,1,26,54,12.461538461538462,1.6,8.692307692307693
980953,KW Richardson,Royal Challengers Bangalore,2,24,45,11.25,2.0,9.492307692307694
1254073,KW Richardson,Royal Challengers Bangalore,1,19,29,9.157894736842106,1.8,9.173886639676114
392202,Kamran Khan,Rajasthan Royals,0,17,36,12.705882352941176,2.0,7.802875816993463
419107,Kamran Khan,Rajasthan Royals,0,6,10,10.0,2.0,8.336209150326798
419154,Kamran Khan,Rajasthan Royals,2,18,30,10.0,1.4,9.06562091503268
419158,Kamran Khan,Rajasthan Royals,2,14,13,5.571428571428571,1.0,9.33546218487395
501232,Kamran Khan,Pune Warriors,0,18,47,15.666666666666666,0.8,10.788795518207282
734049,Karanveer Singh,Kings XI Punjab,4,27,54,12.0,2.4,7.723999999999999
829709,Karanveer Singh,Kings XI Punjab,0,24,43,10.75,2.0,9.106
829753,Karanveer Singh,Kings XI Punjab,1,25,44,10.559999999999999,1.8,10.118
829775,Karanveer Singh,Kings XI Punjab,1,24,31,7.75,1.4,9.748000000000001
829785,Karanveer Singh,Kings XI Punjab,0,14,41,17.57142857142857,1.2,11.726285714285714
1216522,Kartik Tyagi,Rajasthan Royals,1,27,32,7.111111111111111,0.8,9.175999999999998
1216530,Kartik Tyagi,Rajasthan Royals,2,24,37,9.25,1.0,9.25
1216533,Kartik Tyagi,Rajasthan Royals,2,25,36,8.639999999999999,1.2,9.044666666666666
1216537,Kartik Tyagi,Rajasthan Royals,0,25,47,11.28,1.0,9.656222222222222
1216541,Kartik Tyagi,Rajasthan Royals,1,24,45,11.25,1.2,9.506222222222222
1216543,Kartik Tyagi,Rajasthan Royals,1,25,30,7.199999999999999,1.2,9.524
1254085,Kartik Tyagi,Rajasthan Royals,1,25,32,7.68,1.0,9.209999999999999
1254097,Kartik Tyagi,Rajasthan Royals,1,29,41,8.482758620689655,0.8,9.17855172413793
1254103,Kartik Tyagi,Rajasthan Royals,0,14,23,9.857142857142856,0.8,8.893980295566502
1254111,Kartik Tyagi,Rajasthan Royals,2,25,29,6.959999999999999,1.0,8.035980295566501
1304096,Kartik Tyagi,Sunrisers Hyderabad,0,26,37,8.538461538461538,0.8,8.303672603258809
1304100,Kartik Tyagi,Sunrisers Hyderabad,1,28,42,9.0,0.8,8.56767260325881
1359521,Kartik Tyagi,Sunrisers Hyderabad,1,15,30,12.0,0.8,9.271120879120877
1359539,Kartik Tyagi,Sunrisers Hyderabad,0,9,21,14.0,0.8,10.099692307692308
1359543,Kartik Tyagi,Sunrisers Hyderabad,0,20,41,12.299999999999999,0.4,11.167692307692308
1426297,Kartik Tyagi,Gujarat Titans,0,26,52,12.0,0.4,11.86
1082597,Kuldeep Yadav,Kolkata Knight Riders,1,25,35,8.399999999999999,2.0,7.897999999999999
1082604,Kuldeep Yadav,Kolkata Knight Riders,1,24,23,5.75,2.0,7.272
1082608,Kuldeep Yadav,Kolkata Knight Riders,0,18,29,9.666666666666666,1.4,7.813333333333333
1082613,Kuldeep Yadav,Kolkata Knight Riders,2,24,33,8.25,1.2,7.663333333333332
1082620,Kuldeep Yadav,Kolkata Knight Riders,2,24,31,7.75,1.2,7.963333333333333
1082622,Kuldeep Yadav,Kolkata Knight Riders,0,24,27,6.75,1.0,7.633333333333333
1082627,Kuldeep Yadav,Kolkata Knight Riders,0,26,43,9.923076923076923,0.8,8.467948717948719
1082631,Kuldeep Yadav,Kolkata Knight Riders,1,24,35,8.75,1.0,8.284615384615384
1082639,Kuldeep Yadav,Kolkata Knight Riders,2,19,35,11.052631578947368,1.0,8.845141700404858
1082644,Kuldeep Yadav,Kolkata Knight Riders,1,18,29,9.666666666666666,0.8,9.228475033738192
1136563,Kuldeep Yadav,Kolkata Knight Riders,0,19,33,10.421052631578949,0.8,9.96268556005398
1136565,Kuldeep Yadav,Kolkata Knight Riders,1,19,29,9.157894736842106,1.0,9.80964912280702
1136570,Kuldeep Yadav,Kolkata Knight Riders,1,24,23,5.75,1.0,9.209649122807019
1136573,Kuldeep Yadav,Kolkata Knight Riders,3,20,32,9.6,1.2,8.919122807017544
1136575,Kuldeep Yadav,Kolkata Knight Riders,1,24,24,6.0,1.2,8.18578947368421
1136578,Kuldeep Yadav,Kolkata Knight Riders,0,6,13,13.0,1.2,8.701578947368422
1136586,Kuldeep Yadav,Kolkata Knight Riders,0,12,22,11.0,1.0,9.069999999999999
1136589,Kuldeep Yadav,Kolkata Knight Riders,1,24,22,5.5,1.0,9.02
1136593,Kuldeep Yadav,Kolkata Knight Riders,1,25,34,8.16,0.6,8.732000000000001
1136597,Kuldeep Yadav,Kolkata Knight Riders,0,12,17,8.5,0.4,9.232000000000001
1136601,Kuldeep Yadav,Kolkata Knight Riders,0,18,43,14.333333333333334,0.4,9.498666666666669
1136604,Kuldeep Yadav,Kolkata Knight Riders,1,13,29,13.384615384615385,0.6,9.975589743589744
1136609,Kuldeep Yadav,Kolkata Knight Riders,4,24,20,5.0,1.2,9.875589743589744
1136614,Kuldeep Yadav,Kolkata Knight Riders,1,24,35,8.75,1.2,9.993589743589743
1136618,Kuldeep Yadav,Kolkata Knight Riders,1,24,18,4.5,1.4,9.193589743589744
1136619,Kuldeep Yadav,Kolkata Knight Riders,3,24,29,7.25,2.0,7.776923076923078
1175357,Kuldeep Yadav,Kolkata Knight Riders,0,12,18,9.0,1.8,6.9
1175361,Kuldeep Yadav,Kolkata Knight Riders,0,26,32,7.384615384615385,1.0,7.376923076923077
1175365,Kuldeep Yadav,Kolkata Knight Riders,3,24,41,10.25,1.4,7.676923076923077
1175372,Kuldeep Yadav,Kolkata Knight Riders,1,24,31,7.75,1.4,8.326923076923077
1178396,Kuldeep Yadav,Kolkata Knight Riders,0,24,33,8.25,0.8,8.526923076923078
1178398,Kuldeep Yadav,Kolkata Knight Riders,0,24,16,4.0,0.8,7.526923076923078
1178401,Kuldeep Yadav,Kolkata Knight Riders,0,25,28,6.72,0.8,7.394
1178404,Kuldeep Yadav,Kolkata Knight Riders,0,18,28,9.333333333333334,0.2,7.210666666666667
1178410,Kuldeep Yadav,Kolkata Knight Riders,1,25,59,14.159999999999998,0.2,8.492666666666667
1216504,Kuldeep Yadav,Kolkata Knight Riders,1,18,21,7.0,0.4,8.242666666666667
1216508,Kuldeep Yadav,Kolkata Knight Riders,0,26,40,9.230769230769232,0.4,9.288820512820513
1216512,Kuldeep Yadav,Kolkata Knight Riders,0,19,19,6.0,0.4,9.144820512820512
1216545,Kuldeep Yadav,Kolkata Knight Riders,0,12,15,7.5,0.4,8.778153846153845
1304048,Kuldeep Yadav,Delhi Capitals,3,24,18,4.5,0.8,6.846153846153847
1304056,Kuldeep Yadav,Delhi Capitals,1,24,32,8.0,0.8,7.046153846153847
1304061,Kuldeep Yadav,Delhi Capitals,2,22,31,8.454545454545455,1.2,6.890909090909091
1304065,Kuldeep Yadav,Delhi Capitals,4,26,35,8.076923076923077,2.0,7.306293706293706
1304073,Kuldeep Yadav,Delhi Capitals,1,27,46,10.222222222222221,2.2,7.850738150738151
1304078,Kuldeep Yadav,Delhi Capitals,2,24,24,6.0,2.0,8.150738150738151
1304080,Kuldeep Yadav,Delhi Capitals,0,19,40,12.631578947368421,1.8,9.077053940211835
1304087,Kuldeep Yadav,Delhi Capitals,4,18,15,5.0,2.2,8.386144849302744
1304091,Kuldeep Yadav,Delhi Capitals,0,18,29,9.666666666666666,1.4,8.704093567251462
1304096,Kuldeep Yadav,Delhi Capitals,1,24,40,10.0,1.4,8.659649122807016
1304101,Kuldeep Yadav,Delhi Capitals,0,20,43,12.899999999999999,1.0,10.039649122807017
1304104,Kuldeep Yadav,Delhi Capitals,0,18,20,6.666666666666667,1.0,8.846666666666668
1304110,Kuldeep Yadav,Delhi Capitals,2,18,14,4.666666666666667,0.6,8.78
1304115,Kuldeep Yadav,Delhi Capitals,1,24,33,8.25,0.8,8.496666666666666
1359477,Kuldeep Yadav,Delhi Capitals,1,24,37,9.25,0.8,8.346666666666668
1359481,Kuldeep Yadav,Delhi Capitals,0,19,18,5.684210526315789,0.8,6.9035087719298245
1359485,Kuldeep Yadav,Delhi Capitals,1,24,31,7.75,1.0,7.12017543859649
1359490,Kuldeep Yadav,Delhi Capitals,0,12,23,11.5,0.6,8.48684210526316
1359494,Kuldeep Yadav,Delhi Capitals,2,24,25,6.25,0.8,8.086842105263159
1359502,Kuldeep Yadav,Delhi Capitals,2,19,15,4.736842105263158,1.0,7.18421052631579
1359508,Kuldeep Yadav,Delhi Capitals,1,24,22,5.5,1.2,7.147368421052631
1359514,Kuldeep Yadav,Delhi Capitals,0,18,27,9.0,1.0,7.397368421052631
1359518,Kuldeep Yadav,Delhi Capitals,1,24,15,3.75,1.2,5.847368421052631
1359524,Kuldeep Yadav,Delhi Capitals,0,24,37,9.25,0.8,6.447368421052632
1359529,Kuldeep Yadav,Delhi Capitals,1,27,29,6.444444444444445,0.6,6.788888888888889
1359533,Kuldeep Yadav,Delhi Capitals,1,24,32,8.0,0.6,7.288888888888889
1359538,Kuldeep Yadav,Delhi Capitals,0,19,21,6.631578947368421,0.6,6.815204678362574
1359541,Kuldeep Yadav,Delhi Capitals,0,18,34,11.333333333333334,0.4,8.331871345029239
1422120,Kuldeep Yadav,Delhi Capitals,2,24,21,5.25,0.8,7.53187134502924
1422127,Kuldeep Yadav,Delhi Capitals,1,26,41,9.461538461538462,0.8,8.135290148448044
1426264,Kuldeep Yadav,Delhi Capitals,3,25,20,4.8,1.2,7.495290148448044
1426270,Kuldeep Yadav,Delhi Capitals,0,24,18,4.5,1.2,7.0689743589743586
1426273,Kuldeep Yadav,Delhi Capitals,4,26,55,12.692307692307693,2.0,7.340769230769231
1426278,Kuldeep Yadav,Delhi Capitals,2,25,29,6.959999999999999,2.0,7.68276923076923
1426281,Kuldeep Yadav,Delhi Capitals,0,19,47,14.842105263157896,1.8,8.758882591093117
1426285,Kuldeep Yadav,Delhi Capitals,0,24,34,8.5,1.2,9.498882591093118
1426294,Kuldeep Yadav,Delhi Capitals,2,25,25,6.0,1.6,9.798882591093117
1426300,Kuldeep Yadav,Delhi Capitals,1,25,53,12.719999999999999,1.0,9.804421052631579
1426302,Kuldeep Yadav,Delhi Capitals,1,24,33,8.25,0.8,10.06242105263158
336029,L Balaji,Chennai Super Kings,1,24,35,8.75,1.8,7.1776923076923085
336033,L Balaji,Chennai Super Kings,0,18,45,15.0,1.4,8.377692307692309
336037,L Balaji,Chennai Super Kings,2,24,35,8.75,0.8,8.927692307692308
336039,L Balaji,Chennai Super Kings,0,24,29,7.25,0.8,9.657692307692306
336040,L Balaji,Chennai Super Kings,0,25,42,10.08,0.6,9.966000000000001
392185,L Balaji,Chennai Super Kings,2,14,18,7.7142857142857135,0.8,9.758857142857142
392189,L Balaji,Chennai Super Kings,3,25,19,4.56,1.4,7.670857142857142
392196,L Balaji,Chennai Super Kings,1,22,41,11.181818181818182,1.2,8.15722077922078
392202,L Balaji,Chennai Super Kings,4,22,21,5.7272727272727275,2.0,7.8526753246753245
392206,L Balaji,Chennai Super Kings,0,18,26,8.666666666666666,2.0,7.570008658008658
392209,L Balaji,Chennai Super Kings,0,6,18,18.0,1.6,9.627151515151516
392214,L Balaji,Chennai Super Kings,1,25,41,9.84,1.2,10.683151515151515
392217,L Balaji,Chennai Super Kings,1,18,16,5.333333333333333,1.2,9.513454545454547
392224,L Balaji,Chennai Super Kings,2,25,32,7.68,0.8,9.904
392227,L Balaji,Chennai Super Kings,0,12,17,8.5,0.8,9.870666666666668
392231,L Balaji,Chennai Super Kings,0,18,40,13.333333333333334,0.8,8.937333333333333
392234,L Balaji,Chennai Super Kings,0,12,15,7.5,0.6,8.469333333333333
392238,L Balaji,Chennai Super Kings,0,12,16,8.0,0.4,9.002666666666666
419110,L Balaji,Chennai Super Kings,1,25,37,8.879999999999999,0.2,9.242666666666667
419113,L Balaji,Chennai Super Kings,3,14,9,3.8571428571428568,0.8,8.314095238095238
419116,L Balaji,Chennai Super Kings,2,18,22,7.333333333333333,1.2,7.114095238095237
419121,L Balaji,Chennai Super Kings,2,25,30,7.199999999999999,1.6,7.054095238095238
419123,L Balaji,Chennai Super Kings,1,26,53,12.230769230769232,1.8,7.900249084249083
419125,L Balaji,Chennai Super Kings,1,25,47,11.28,1.8,8.380249084249083
419155,L Balaji,Chennai Super Kings,0,14,16,6.857142857142857,1.2,8.980249084249085
501198,L Balaji,Kolkata Knight Riders,0,24,26,6.5,0.8,8.813582417582419
501203,L Balaji,Kolkata Knight Riders,1,25,32,7.68,0.6,8.909582417582417
501209,L Balaji,Kolkata Knight Riders,0,26,34,7.846153846153847,0.4,8.03265934065934
501214,L Balaji,Kolkata Knight Riders,3,18,15,5.0,0.8,6.776659340659341
501219,L Balaji,Kolkata Knight Riders,0,26,25,5.76923076923077,0.8,6.559076923076924
501222,L Balaji,Kolkata Knight Riders,1,27,43,9.555555555555555,1.0,7.170188034188035
501230,L Balaji,Kolkata Knight Riders,2,24,39,9.75,1.2,7.584188034188034
501234,L Balaji,Kolkata Knight Riders,0,18,21,7.0,1.2,7.414957264957266
501239,L Balaji,Kolkata Knight Riders,0,19,27,8.526315789473685,0.6,8.120220422852004
501245,L Balaji,Kolkata Knight Riders,2,25,33,7.919999999999999,1.0,8.550374269005847
501255,L Balaji,Kolkata Knight Riders,1,11,10,5.454545454545455,1.0,7.730172248803828
501262,L Balaji,Kolkata Knight Riders,2,7,7,6.0,1.0,6.980172248803828
501267,L Balaji,Kolkata Knight Riders,1,20,55,16.5,1.2,8.880172248803827
501269,L Balaji,Kolkata Knight Riders,0,12,16,8.0,1.2,8.774909090909091
548315,L Balaji,Kolkata Knight Riders,4,25,19,4.56,1.6,8.10290909090909
548320,L Balaji,Kolkata Knight Riders,0,27,28,6.222222222222222,1.4,8.256444444444444
548328,L Balaji,Kolkata Knight Riders,1,24,20,5.0,1.2,8.056444444444445
548335,L Balaji,Kolkata Knight Riders,2,24,22,5.5,1.4,5.856444444444445
548368,L Balaji,Kolkata Knight Riders,1,25,33,7.919999999999999,1.6,5.8404444444444445
548370,L Balaji,Kolkata Knight Riders,2,25,13,3.1199999999999997,1.2,5.552444444444444
548375,L Balaji,Kolkata Knight Riders,1,26,22,5.0769230769230775,1.4,5.323384615384616
548378,L Balaji,Kolkata Knight Riders,1,13,12,5.538461538461539,1.4,5.431076923076923
597998,L Balaji,Kolkata Knight Riders,1,24,20,5.0,1.2,5.331076923076923
598008,L Balaji,Kolkata Knight Riders,1,23,33,8.608695652173912,1.2,5.468816053511706
598013,L Balaji,Kolkata Knight Riders,0,24,33,8.25,0.8,6.494816053511707
598016,L Balaji,Kolkata Knight Riders,1,26,39,9.0,0.8,7.279431438127091
598022,L Balaji,Kolkata Knight Riders,1,25,30,7.199999999999999,0.8,7.611739130434782
598029,L Balaji,Kolkata Knight Riders,0,24,28,7.0,0.6,8.011739130434782
598031,L Balaji,Kolkata Knight Riders,1,24,46,11.5,0.6,8.59
598034,L Balaji,Kolkata Knight Riders,1,25,45,10.799999999999999,0.8,9.1
598040,L Balaji,Kolkata Knight Riders,1,24,35,8.75,0.8,9.05
598050,L Balaji,Kolkata Knight Riders,0,20,7,2.1,0.6,8.03
598053,L Balaji,Kolkata Knight Riders,3,23,19,4.956521739130435,1.2,7.621304347826087
598057,L Balaji,Kolkata Knight Riders,2,25,23,5.52,1.4,6.425304347826087
598061,L Balaji,Kolkata Knight Riders,1,24,41,10.25,1.4,6.315304347826087
729283,L Balaji,Kings XI Punjab,2,26,44,10.153846153846155,1.6,6.596073578595318
729291,L Balaji,Kings XI Punjab,0,24,46,11.5,1.6,8.476073578595319
729295,L Balaji,Kings XI Punjab,4,25,14,3.36,1.8,8.156769230769232
729307,L Balaji,Kings XI Punjab,1,19,22,6.947368421052632,1.6,8.442242914979758
729313,L Balaji,Kings XI Punjab,1,24,17,4.25,1.6,7.242242914979758
733973,L Balaji,Kings XI Punjab,1,24,39,9.75,1.4,7.1614736842105255
733991,L Balaji,Kings XI Punjab,2,20,44,13.2,1.8,7.501473684210526
734033,L Balaji,Kings XI Punjab,1,25,38,9.12,1.2,8.653473684210526
734049,L Balaji,Kings XI Punjab,0,24,41,10.25,1.0,9.314
1136616,L Ngidi,Chennai Super Kings,4,25,11,2.6399999999999997,2.0,6.255838056680162
1136617,L Ngidi,Chennai Super Kings,1,24,20,5.0,2.0,6.0096842105263155
1136620,L Ngidi,Chennai Super Kings,2,24,26,6.5,2.2,5.036
1216492,L Ngidi,Chennai Super Kings,3,26,38,8.76923076923077,2.4,5.541846153846154
1216496,L Ngidi,Chennai Super Kings,2,28,56,12.0,2.4,6.9818461538461545
1216506,L Ngidi,Chennai Super Kings,3,25,40,9.6,2.2,8.373846153846154
1216536,L Ngidi,Chennai Super Kings,2,25,35,8.399999999999999,2.4,9.053846153846154
1254072,L Ngidi,Chennai Super Kings,3,25,32,7.68,2.6,9.289846153846153
1254080,L Ngidi,Chennai Super Kings,2,26,35,8.076923076923077,2.4,9.151384615384615
1254084,L Ngidi,Chennai Super Kings,0,24,62,15.5,2.0,9.851384615384614
1136596,LE Plunkett,Delhi Daredevils,1,25,27,6.4799999999999995,0.8,9.341333333333333
1136602,LE Plunkett,Delhi Daredevils,0,24,42,10.5,0.2,10.529333333333332
1136615,LE Plunkett,Delhi Daredevils,0,20,27,8.1,0.2,10.949333333333332
1175357,LH Ferguson,Kolkata Knight Riders,0,24,36,9.0,1.0,7.347210702341139
1175361,LH Ferguson,Kolkata Knight Riders,1,26,42,9.692307692307693,1.2,7.2087491638796
1175365,LH Ferguson,Kolkata Knight Riders,1,26,38,8.76923076923077,0.8,8.578595317725753
1175372,LH Ferguson,Kolkata Knight Riders,0,12,32,16.0,0.6,10.630769230769232
1178401,LH Ferguson,Kolkata Knight Riders,0,19,37,11.68421052631579,0.4,11.02914979757085
1216494,LH Ferguson,Kolkata Knight Riders,2,25,17,4.08,0.8,10.045149797570849
1216497,LH Ferguson,Kolkata Knight Riders,1,24,30,7.5,0.8,9.60668825910931
1216512,LH Ferguson,Kolkata Knight Riders,5,27,18,4.0,1.6,8.652842105263158
1216520,LH Ferguson,Kolkata Knight Riders,1,24,34,8.5,1.8,7.152842105263159
1216536,LH Ferguson,Kolkata Knight Riders,0,27,54,12.0,1.8,7.215999999999999
1254087,LH Ferguson,Kolkata Knight Riders,2,25,24,5.76,1.8,7.552
1254092,LH Ferguson,Kolkata Knight Riders,2,12,10,5.0,2.0,7.052
1254096,LH Ferguson,Kolkata Knight Riders,3,24,27,6.75,1.6,7.601999999999999
1254098,LH Ferguson,Kolkata Knight Riders,1,26,34,7.846153846153847,1.6,7.471230769230769
1254106,LH Ferguson,Kolkata Knight Riders,3,24,18,4.5,2.2,5.971230769230769
1254115,LH Ferguson,Kolkata Knight Riders,2,25,31,7.4399999999999995,2.2,6.307230769230769
1254116,LH Ferguson,Kolkata Knight Riders,1,24,26,6.5,2.0,6.607230769230769
1254117,LH Ferguson,Kolkata Knight Riders,0,26,56,12.923076923076923,1.4,7.841846153846154
1304050,LH Ferguson,Gujarat Titans,0,25,24,5.76,1.2,7.424615384615384
1304056,LH Ferguson,Gujarat Titans,4,25,29,6.959999999999999,1.4,7.916615384615383
1304062,LH Ferguson,Gujarat Titans,2,25,33,7.919999999999999,1.4,8.012615384615383
1304067,LH Ferguson,Gujarat Titans,0,26,48,11.076923076923078,1.2,8.928
1304070,LH Ferguson,Gujarat Titans,4,24,23,5.75,2.0,7.493384615384616
1304075,LH Ferguson,Gujarat Titans,1,24,46,11.5,2.2,8.641384615384615
1304081,LH Ferguson,Gujarat Titans,1,25,33,7.919999999999999,1.6,8.833384615384615
1304086,LH Ferguson,Gujarat Titans,0,26,52,12.0,1.2,9.649384615384616
1304089,LH Ferguson,Gujarat Titans,1,24,37,9.25,1.4,9.284
1304094,LH Ferguson,Gujarat Titans,1,21,30,8.571428571428571,0.8,9.848285714285714
1304097,LH Ferguson,Gujarat Titans,2,25,35,8.399999999999999,1.0,9.228285714285715
1304113,LH Ferguson,Gujarat Titans,0,10,21,12.6,0.8,10.164285714285715
1312200,LH Ferguson,Gujarat Titans,0,18,22,7.333333333333333,0.8,9.230952380952381
1359487,LH Ferguson,Kolkata Knight Riders,0,26,42,9.692307692307693,0.6,9.319413919413918
1359493,LH Ferguson,Kolkata Knight Riders,0,14,37,15.857142857142856,0.4,10.776556776556777
1359496,LH Ferguson,Kolkata Knight Riders,1,10,19,11.4,0.2,11.376556776556777
1426268,LH Ferguson,Royal Challengers Bengaluru,2,24,54,13.5,0.6,11.556556776556777
1426274,LH Ferguson,Royal Challengers Bengaluru,1,25,47,11.28,0.8,12.34589010989011
1426279,LH Ferguson,Royal Challengers Bengaluru,0,12,28,14.0,0.8,13.20742857142857
1426296,LH Ferguson,Royal Challengers Bengaluru,3,18,31,10.333333333333334,1.4,12.102666666666668
1426300,LH Ferguson,Royal Challengers Bengaluru,2,24,24,6.0,1.6,11.022666666666666
1426306,LH Ferguson,Royal Challengers Bengaluru,1,20,39,11.7,1.4,10.662666666666667
1426310,LH Ferguson,Royal Challengers Bengaluru,1,24,37,9.25,1.4,10.256666666666666
598038,LJ Wright,Pune Warriors,1,6,12,12.0,0.4,10.916742081447964
598061,LJ Wright,Pune Warriors,0,6,11,11.0,0.4,10.716742081447965
336010,LR Shukla,Kolkata Knight Riders,0,6,15,15.0,0.4,11.442857142857143
336014,LR Shukla,Kolkata Knight Riders,1,13,16,7.384615384615385,0.4,11.319780219780219
336017,LR Shukla,Kolkata Knight Riders,3,6,6,6.0,1.0,10.61978021978022
336027,LR Shukla,Kolkata Knight Riders,0,6,8,8.0,1.0,10.01978021978022
336035,LR Shukla,Kolkata Knight Riders,0,13,23,10.615384615384617,0.8,9.4
392186,LR Shukla,Kolkata Knight Riders,1,14,22,9.428571428571429,1.0,8.285714285714286
392197,LR Shukla,Kolkata Knight Riders,3,24,26,6.5,1.4,8.108791208791208
392203,LR Shukla,Kolkata Knight Riders,0,18,25,8.333333333333334,0.8,8.575457875457875
392207,LR Shukla,Kolkata Knight Riders,0,7,8,6.857142857142857,0.8,8.346886446886447
392233,LR Shukla,Kolkata Knight Riders,1,25,21,5.04,1.0,7.231809523809524
419106,LR Shukla,Kolkata Knight Riders,1,18,30,10.0,1.0,7.346095238095238
419113,LR Shukla,Kolkata Knight Riders,1,24,37,9.25,0.6,7.896095238095238
419153,LR Shukla,Kolkata Knight Riders,0,6,10,10.0,0.6,8.22942857142857
419158,LR Shukla,Kolkata Knight Riders,1,24,31,7.75,0.8,8.408000000000001
548344,LR Shukla,Kolkata Knight Riders,1,6,5,5.0,0.8,8.4
548347,LR Shukla,Kolkata Knight Riders,0,6,7,7.0,0.6,7.8
597998,LR Shukla,Kolkata Knight Riders,0,6,8,8.0,0.4,7.55
598005,LR Shukla,Kolkata Knight Riders,1,12,14,7.0,0.6,6.95
729301,LR Shukla,Delhi Daredevils,0,12,21,10.5,0.4,7.5
729309,LR Shukla,Delhi Daredevils,0,6,5,5.0,0.2,7.5
733981,LR Shukla,Delhi Daredevils,1,25,35,8.399999999999999,0.4,7.779999999999999
733985,LR Shukla,Delhi Daredevils,0,13,20,9.230769230769232,0.4,8.026153846153846
733993,LR Shukla,Delhi Daredevils,0,2,7,21.0,0.2,10.826153846153847
1304062,LS Livingstone,Punjab Kings,0,6,12,12.0,0.4,14.178947368421053
1304069,LS Livingstone,Punjab Kings,0,6,11,11.0,0.4,13.778947368421052
1304074,LS Livingstone,Punjab Kings,0,12,19,9.5,0.4,13.278947368421052
1304084,LS Livingstone,Punjab Kings,0,6,12,12.0,0.4,10.478947368421052
1304088,LS Livingstone,Punjab Kings,0,13,23,10.615384615384617,0.0,11.023076923076925
1304094,LS Livingstone,Punjab Kings,1,15,15,6.0,0.2,9.823076923076922
1304098,LS Livingstone,Punjab Kings,0,7,6,5.142857142857142,0.2,8.651648351648351
1304110,LS Livingstone,Punjab Kings,3,26,27,6.230769230769231,0.8,7.997802197802197
1304116,LS Livingstone,Punjab Kings,0,24,25,6.25,0.8,6.847802197802198
1359501,LS Livingstone,Punjab Kings,0,6,9,9.0,0.8,6.524725274725275
1359505,LS Livingstone,Punjab Kings,1,12,23,11.5,0.8,7.624725274725274
1359512,LS Livingstone,Punjab Kings,1,6,19,19.0,1.0,10.396153846153846
1359515,LS Livingstone,Punjab Kings,0,6,16,16.0,0.4,12.35
1359527,LS Livingstone,Punjab Kings,0,12,27,13.5,0.4,13.8
1426265,LS Livingstone,Punjab Kings,1,19,21,6.631578947368421,0.6,13.326315789473686
1426271,LS Livingstone,Punjab Kings,0,12,16,8.0,0.4,12.626315789473685
1426275,LS Livingstone,Punjab Kings,2,25,21,5.04,0.6,9.834315789473685
1426296,LS Livingstone,Punjab Kings,0,19,28,8.842105263157896,0.6,8.402736842105265
1254092,Lalit Yadav,Delhi Capitals,1,18,35,11.666666666666666,0.8,7.916666666666667
1304048,Lalit Yadav,Delhi Capitals,0,12,15,7.5,0.8,7.216666666666667
1304061,Lalit Yadav,Delhi Capitals,1,24,23,5.75,0.8,7.5166666666666675
1304065,Lalit Yadav,Delhi Capitals,1,6,8,8.0,0.6,8.25
1304078,Lalit Yadav,Delhi Capitals,2,12,11,5.5,1.0,7.6833333333333345
1304080,Lalit Yadav,Delhi Capitals,0,24,41,10.25,0.8,7.4
1304087,Lalit Yadav,Delhi Capitals,0,19,32,10.105263157894738,0.8,7.921052631578948
1304091,Lalit Yadav,Delhi Capitals,0,6,16,16.0,0.6,9.971052631578948
1304110,Lalit Yadav,Delhi Capitals,0,7,6,5.142857142857142,0.4,9.399624060150376
1359490,Lalit Yadav,Delhi Capitals,1,25,23,5.52,0.2,9.403624060150374
1359494,Lalit Yadav,Delhi Capitals,1,25,30,7.199999999999999,0.4,8.793624060150375
1359529,Lalit Yadav,Delhi Capitals,1,18,35,11.666666666666666,0.6,9.10590476190476
1359541,Lalit Yadav,Delhi Capitals,0,14,32,13.714285714285714,0.6,8.648761904761903
1422138,Lalit Yadav,Delhi Capitals,0,6,15,15.0,0.6,10.620190476190476
1426273,Lalit Yadav,Delhi Capitals,0,12,42,21.0,0.4,13.716190476190476
980939,M Ashwin,Rising Pune Supergiants,1,25,32,7.68,1.4,8.605230769230769
980943,M Ashwin,Rising Pune Supergiants,0,6,6,6.0,1.2,9.005230769230769
980949,M Ashwin,Rising Pune Supergiants,0,18,22,7.333333333333333,0.8,8.902666666666667
980957,M Ashwin,Rising Pune Supergiants,0,15,25,10.0,0.2,9.102666666666668
980965,M Ashwin,Rising Pune Supergiants,0,18,32,10.666666666666666,0.2,8.336
980989,M Ashwin,Rising Pune Supergiants,0,8,13,9.75,0.0,8.75
1136589,M Ashwin,Royal Challengers Bangalore,2,25,37,8.879999999999999,0.4,9.325999999999999
1136595,M Ashwin,Royal Challengers Bangalore,1,20,17,5.1,0.6,8.879333333333332
1175364,M Ashwin,Kings XI Punjab,2,24,26,6.5,1.0,8.179333333333332
1175368,M Ashwin,Kings XI Punjab,0,12,19,9.5,1.0,7.946
1178393,M Ashwin,Kings XI Punjab,0,25,23,5.52,1.0,7.1
1178403,M Ashwin,Kings XI Punjab,0,24,24,6.0,0.6,6.524000000000001
1178407,M Ashwin,Kings XI Punjab,1,25,24,5.76,0.6,6.656000000000001
1178412,M Ashwin,Kings XI Punjab,0,21,21,6.0,0.2,6.556
1178417,M Ashwin,Kings XI Punjab,1,24,31,7.75,0.4,6.206
1178423,M Ashwin,Kings XI Punjab,1,26,32,7.384615384615385,0.6,6.578923076923077
1178427,M Ashwin,Kings XI Punjab,0,12,24,12.0,0.6,7.778923076923077
1178430,M Ashwin,Kings XI Punjab,0,18,33,11.0,0.4,8.826923076923077
1216498,M Ashwin,Kings XI Punjab,1,24,27,6.75,0.6,8.976923076923077
1216506,M Ashwin,Kings XI Punjab,0,24,17,4.25,0.4,8.276923076923078
1216510,M Ashwin,Kings XI Punjab,3,19,22,6.947368421052632,0.8,8.189473684210526
1216517,M Ashwin,Kings XI Punjab,0,18,32,10.666666666666666,0.8,7.92280701754386
1216520,M Ashwin,Kings XI Punjab,1,24,27,6.75,1.0,7.072807017543861
1216527,M Ashwin,Kings XI Punjab,1,9,16,10.666666666666666,1.0,7.856140350877193
1216531,M Ashwin,Kings XI Punjab,2,24,23,5.75,1.4,8.156140350877193
1216537,M Ashwin,Kings XI Punjab,1,24,43,10.75,1.0,8.916666666666668
1216546,M Ashwin,Kings XI Punjab,1,25,33,7.919999999999999,1.2,8.367333333333333
1254061,M Ashwin,Punjab Kings,0,27,45,10.0,1.0,9.017333333333331
1254065,M Ashwin,Punjab Kings,1,19,32,10.105263157894738,1.0,8.905052631578947
1254071,M Ashwin,Punjab Kings,0,25,23,5.52,0.6,8.859052631578948
1304048,M Ashwin,Mumbai Indians,2,24,14,3.5,0.8,7.409052631578947
1304055,M Ashwin,Mumbai Indians,0,21,32,9.142857142857142,0.6,7.653624060150376
1304060,M Ashwin,Mumbai Indians,2,18,27,9.0,1.0,7.453624060150377
1304064,M Ashwin,Mumbai Indians,0,19,26,8.210526315789474,0.8,7.074676691729323
1304069,M Ashwin,Mumbai Indians,1,24,37,9.25,1.0,7.820676691729323
1304072,M Ashwin,Mumbai Indians,1,24,33,8.25,0.8,8.770676691729324
1304097,M Ashwin,Mumbai Indians,2,24,29,7.25,1.2,8.392105263157895
1304102,M Ashwin,Mumbai Indians,1,25,35,8.399999999999999,1.0,8.272105263157894
1359485,M Ashwin,Rajasthan Royals,0,7,11,9.428571428571429,1.0,8.515714285714285
1359526,M Ashwin,Rajasthan Royals,0,18,42,14.0,0.8,9.465714285714286
1304071,M Jansen,Sunrisers Hyderabad,1,25,27,6.4799999999999995,1.2,7.027868131868132
1304074,M Jansen,Sunrisers Hyderabad,0,25,35,8.399999999999999,0.6,7.422153846153845
1304082,M Jansen,Sunrisers Hyderabad,3,27,25,5.555555555555555,1.2,6.833264957264957
1304086,M Jansen,Sunrisers Hyderabad,0,26,63,14.53846153846154,1.0,8.240957264957265
1304092,M Jansen,Sunrisers Hyderabad,0,24,40,10.0,0.8,8.994803418803418
1304107,M Jansen,Sunrisers Hyderabad,1,24,31,7.75,0.8,9.24880341880342
1359488,M Jansen,Sunrisers Hyderabad,2,19,16,5.052631578947369,1.2,8.579329734592893
1359493,M Jansen,Sunrisers Hyderabad,2,30,38,7.6,1.0,8.988218623481782
1359499,M Jansen,Sunrisers Hyderabad,2,25,43,10.319999999999999,1.4,8.144526315789474
1359503,M Jansen,Sunrisers Hyderabad,0,18,38,12.666666666666666,1.4,8.677859649122805
1359508,M Jansen,Sunrisers Hyderabad,0,12,27,13.5,1.2,9.827859649122805
1359521,M Jansen,Sunrisers Hyderabad,2,19,24,7.578947368421053,1.2,10.333122807017542
1359526,M Jansen,Sunrisers Hyderabad,1,25,48,11.52,1.0,11.117122807017543
1359536,M Jansen,Sunrisers Hyderabad,1,30,39,7.8,0.8,10.613122807017543
1422121,M Jansen,Sunrisers Hyderabad,1,19,40,12.631578947368421,1.0,10.606105263157895
1426288,M Jansen,Sunrisers Hyderabad,0,29,44,9.10344827586207,1.0,9.72679491833031
1426293,M Jansen,Sunrisers Hyderabad,1,20,50,15.0,0.8,11.211005444646098
336014,M Kartik,Kolkata Knight Riders,0,18,31,10.333333333333334,1.0,9.339553429027115
392184,M Kartik,Kolkata Knight Riders,0,24,24,6.0,0.2,9.612280701754386
392186,M Kartik,Kolkata Knight Riders,0,6,7,7.0,0.2,8.745614035087721
392199,M Kartik,Kolkata Knight Riders,0,25,26,6.239999999999999,0.2,8.414666666666665
392203,M Kartik,Kolkata Knight Riders,1,18,21,7.0,0.2,7.314666666666666
392207,M Kartik,Kolkata Knight Riders,0,20,20,6.0,0.2,6.448
392211,M Kartik,Kolkata Knight Riders,0,24,18,4.5,0.2,6.148
392219,M Kartik,Kolkata Knight Riders,0,24,23,5.75,0.2,5.898
392221,M Kartik,Kolkata Knight Riders,2,26,28,6.461538461538462,0.6,5.9423076923076925
392228,M Kartik,Kolkata Knight Riders,1,24,12,3.0,0.6,5.142307692307693
392231,M Kartik,Kolkata Knight Riders,1,19,28,8.842105263157896,0.8,5.710728744939272
419106,M Kartik,Kolkata Knight Riders,1,18,18,6.0,1.0,6.0107287449392715
419109,M Kartik,Kolkata Knight Riders,2,25,23,5.52,1.4,5.964728744939271
419113,M Kartik,Kolkata Knight Riders,0,25,22,5.279999999999999,1.0,5.728421052631579
419118,M Kartik,Kolkata Knight Riders,1,25,26,6.239999999999999,1.0,6.376421052631579
419122,M Kartik,Kolkata Knight Riders,1,24,21,5.25,1.0,5.6579999999999995
419131,M Kartik,Kolkata Knight Riders,0,24,26,6.5,0.8,5.758
419135,M Kartik,Kolkata Knight Riders,1,24,31,7.75,0.6,6.204
419139,M Kartik,Kolkata Knight Riders,1,25,41,9.84,0.8,7.116
419158,M Kartik,Kolkata Knight Riders,1,24,31,7.75,0.8,7.418000000000001
419161,M Kartik,Kolkata Knight Riders,2,24,22,5.5,1.0,7.468000000000001
501202,M Kartik,Pune Warriors,1,6,10,10.0,1.2,8.168000000000001
501207,M Kartik,Pune Warriors,0,26,30,6.923076923076923,1.0,8.002615384615385
501218,M Kartik,Pune Warriors,0,25,29,6.959999999999999,0.8,7.426615384615384
501226,M Kartik,Pune Warriors,0,24,29,7.25,0.6,7.326615384615384
501228,M Kartik,Pune Warriors,1,24,27,6.75,0.4,7.576615384615384
501235,M Kartik,Pune Warriors,0,25,45,10.799999999999999,0.2,7.736615384615385
548308,M Kartik,Pune Warriors,2,18,14,4.666666666666667,0.6,7.285333333333332
548313,M Kartik,Pune Warriors,0,20,24,7.199999999999999,0.6,7.333333333333333
548322,M Kartik,Pune Warriors,0,18,18,6.0,0.6,7.083333333333333
548330,M Kartik,Pune Warriors,0,24,24,6.0,0.4,6.933333333333333
548333,M Kartik,Pune Warriors,1,19,25,7.894736842105264,0.6,6.3522807017543865
548337,M Kartik,Pune Warriors,0,25,26,6.239999999999999,0.2,6.666947368421051
548348,M Kartik,Pune Warriors,0,12,16,8.0,0.2,6.826947368421052
548351,M Kartik,Pune Warriors,0,19,27,8.526315789473685,0.2,7.332210526315789
548353,M Kartik,Pune Warriors,1,26,22,5.0769230769230775,0.4,7.147595141700405
548358,M Kartik,Pune Warriors,0,18,32,10.666666666666666,0.2,7.701981106612687
548365,M Kartik,Pune Warriors,0,26,39,9.0,0.2,8.253981106612688
597999,M Kartik,Royal Challengers Bangalore,2,25,24,5.76,0.6,7.805981106612687
598004,M Kartik,Royal Challengers Bangalore,1,26,28,6.461538461538462,0.8,7.393025641025642
598012,M Kartik,Royal Challengers Bangalore,0,18,29,9.666666666666666,0.6,8.31097435897436
598023,M Kartik,Royal Challengers Bangalore,1,24,35,8.75,0.8,7.927641025641026
598027,M Kartik,Royal Challengers Bangalore,1,20,25,7.5,1.0,7.627641025641026
598036,M Kartik,Royal Challengers Bangalore,0,18,32,10.666666666666666,0.6,8.60897435897436
598042,M Kartik,Royal Challengers Bangalore,2,24,29,7.25,0.8,8.766666666666666
598048,M Kartik,Royal Challengers Bangalore,1,19,21,6.631578947368421,1.0,8.159649122807016
598054,M Kartik,Royal Challengers Bangalore,0,24,22,5.5,0.8,7.509649122807017
598057,M Kartik,Royal Challengers Bangalore,1,24,17,4.25,0.8,6.859649122807016
598064,M Kartik,Royal Challengers Bangalore,2,19,28,8.842105263157896,1.2,6.494736842105263
729291,M Kartik,Kings XI Punjab,1,25,51,12.239999999999998,1.0,7.492736842105264
733987,M Kartik,Kings XI Punjab,1,24,40,10.0,1.0,8.166421052631579
1136581,M Markande,Mumbai Indians,0,12,15,7.5,1.6,8.046
1136583,M Markande,Mumbai Indians,2,18,15,5.0,1.4,7.845999999999999
1136587,M Markande,Mumbai Indians,0,19,31,9.789473684210527,0.6,8.553894736842105
1136591,M Markande,Mumbai Indians,1,18,29,9.666666666666666,0.8,7.687228070175439
1136594,M Markande,Mumbai Indians,1,19,29,9.157894736842106,0.8,8.222807017543861
1136597,M Markande,Mumbai Indians,1,18,25,8.333333333333334,1.0,8.389473684210525
1136601,M Markande,Mumbai Indians,1,24,27,6.75,0.8,8.739473684210527
1136607,M Markande,Mumbai Indians,0,18,32,10.666666666666666,0.8,8.914912280701754
1136610,M Markande,Mumbai Indians,0,19,34,10.736842105263158,0.6,9.128947368421054
1136615,M Markande,Mumbai Indians,1,12,21,10.5,0.6,9.397368421052631
1175362,M Markande,Mumbai Indians,1,18,23,7.666666666666667,0.6,9.264035087719297
1175364,M Markande,Mumbai Indians,0,7,12,10.285714285714285,0.4,9.971177944862156
1178411,M Markande,Mumbai Indians,0,12,24,12.0,0.4,10.237844611528821
1254089,M Markande,Rajasthan Royals,0,18,26,8.666666666666666,0.4,9.823809523809523
1304111,M Markande,Mumbai Indians,0,18,31,10.333333333333334,0.2,9.79047619047619
1304115,M Markande,Mumbai Indians,1,24,30,7.5,0.2,9.757142857142856
1359488,M Markande,Sunrisers Hyderabad,4,24,15,3.75,1.0,8.45
1359493,M Markande,Sunrisers Hyderabad,2,24,27,6.75,1.4,7.4
1359499,M Markande,Sunrisers Hyderabad,0,25,35,8.399999999999999,1.4,7.346666666666667
1359503,M Markande,Sunrisers Hyderabad,2,24,23,5.75,1.8,6.43
1359508,M Markande,Sunrisers Hyderabad,0,25,34,8.16,1.6,6.562
1359514,M Markande,Sunrisers Hyderabad,2,24,20,5.0,1.2,6.812
1359521,M Markande,Sunrisers Hyderabad,1,24,29,7.25,1.0,6.912000000000001
1359526,M Markande,Sunrisers Hyderabad,0,24,51,12.75,1.0,7.781999999999999
1359532,M Markande,Sunrisers Hyderabad,1,18,39,13.0,0.8,9.232
1359536,M Markande,Sunrisers Hyderabad,0,18,27,9.0,0.8,9.4
1422121,M Markande,Sunrisers Hyderabad,2,24,39,9.75,0.8,10.35
1422126,M Markande,Sunrisers Hyderabad,0,26,52,12.0,0.6,11.3
1422130,M Markande,Sunrisers Hyderabad,1,20,33,9.9,0.8,10.73
1422136,M Markande,Sunrisers Hyderabad,0,12,21,10.5,0.6,10.23
1426268,M Markande,Sunrisers Hyderabad,2,27,46,10.222222222222221,1.0,10.474444444444446
1426273,M Markande,Sunrisers Hyderabad,2,14,26,11.142857142857142,1.0,10.753015873015872
1426279,M Markande,Sunrisers Hyderabad,1,19,42,13.263157894736842,1.2,11.00564745196324
501201,M Morkel,Delhi Daredevils,1,27,30,6.666666666666667,0.4,7.01103668261563
501204,M Morkel,Delhi Daredevils,1,24,15,3.75,0.4,6.80103668261563
501216,M Morkel,Delhi Daredevils,0,25,33,7.919999999999999,0.4,7.121878787878788
501223,M Morkel,Delhi Daredevils,1,26,32,7.384615384615385,0.6,6.74425641025641
501227,M Morkel,Delhi Daredevils,3,26,26,6.0,1.2,6.344256410256411
501230,M Morkel,Delhi Daredevils,1,25,42,10.08,1.2,7.026923076923078
501233,M Morkel,Delhi Daredevils,3,24,18,4.5,1.6,7.176923076923077
501238,M Morkel,Delhi Daredevils,1,21,29,8.285714285714286,1.8,7.250065934065934
501243,M Morkel,Delhi Daredevils,1,24,39,9.75,1.8,7.723142857142856
501246,M Morkel,Delhi Daredevils,1,27,49,10.88888888888889,1.4,8.700920634920635
501257,M Morkel,Delhi Daredevils,1,25,23,5.52,1.4,7.788920634920634
548307,M Morkel,Delhi Daredevils,4,18,22,7.333333333333333,1.6,8.355587301587303
548310,M Morkel,Delhi Daredevils,2,25,30,7.199999999999999,1.8,8.138444444444444
548316,M Morkel,Delhi Daredevils,3,26,20,4.615384615384616,2.2,7.111521367521368
548321,M Morkel,Delhi Daredevils,4,25,23,5.52,2.8,6.037743589743589
548325,M Morkel,Delhi Daredevils,2,25,23,5.52,3.0,6.03774358974359
548329,M Morkel,Delhi Daredevils,1,25,32,7.68,2.4,6.107076923076923
548333,M Morkel,Delhi Daredevils,3,26,50,11.53846153846154,2.6,6.974769230769231
548337,M Morkel,Delhi Daredevils,1,24,38,9.5,2.2,7.951692307692308
548342,M Morkel,Delhi Daredevils,2,25,21,5.04,1.8,7.855692307692307
548345,M Morkel,Delhi Daredevils,1,24,26,6.5,1.6,8.051692307692308
548349,M Morkel,Delhi Daredevils,1,24,24,6.0,1.6,7.715692307692308
548357,M Morkel,Delhi Daredevils,1,25,35,8.399999999999999,1.2,7.087999999999999
548364,M Morkel,Delhi Daredevils,0,24,31,7.75,1.0,6.7379999999999995
548369,M Morkel,Delhi Daredevils,1,24,33,8.25,0.8,7.38
548374,M Morkel,Delhi Daredevils,4,25,20,4.8,1.4,7.039999999999999
548378,M Morkel,Delhi Daredevils,0,24,38,9.5,1.2,7.74
598006,M Morkel,Delhi Daredevils,1,25,46,11.04,1.2,8.268
598010,M Morkel,Delhi Daredevils,2,25,27,6.4799999999999995,1.6,8.014
598017,M Morkel,Delhi Daredevils,2,25,33,7.919999999999999,1.8,7.947999999999999
598020,M Morkel,Delhi Daredevils,1,25,42,10.08,1.2,9.004000000000001
598028,M Morkel,Delhi Daredevils,1,24,22,5.5,1.4,8.203999999999999
598035,M Morkel,Delhi Daredevils,0,25,37,8.879999999999999,1.2,7.772
598040,M Morkel,Delhi Daredevils,1,25,23,5.52,1.0,7.58
598049,M Morkel,Delhi Daredevils,0,24,40,10.0,0.6,7.9959999999999996
598054,M Morkel,Delhi Daredevils,0,25,35,8.399999999999999,0.4,7.659999999999999
598067,M Morkel,Delhi Daredevils,0,24,36,9.0,0.2,8.36
729279,M Morkel,Kolkata Knight Riders,1,24,16,4.0,0.4,7.383999999999999
729289,M Morkel,Kolkata Knight Riders,2,26,41,9.461538461538462,0.6,8.172307692307692
729299,M Morkel,Kolkata Knight Riders,0,24,35,8.75,0.6,7.922307692307692
729307,M Morkel,Kolkata Knight Riders,2,25,26,6.239999999999999,1.0,7.4903076923076926
729315,M Morkel,Kolkata Knight Riders,1,27,40,8.88888888888889,1.2,7.4680854700854695
733997,M Morkel,Kolkata Knight Riders,2,24,20,5.0,1.4,7.66808547008547
734009,M Morkel,Kolkata Knight Riders,2,29,36,7.448275862068966,1.4,7.265432950191571
734015,M Morkel,Kolkata Knight Riders,0,27,39,8.666666666666666,1.4,7.248766283524904
734027,M Morkel,Kolkata Knight Riders,0,24,22,5.5,1.0,7.100766283524905
734037,M Morkel,Kolkata Knight Riders,1,26,36,8.307692307692308,1.0,6.984526967285587
734043,M Morkel,Kolkata Knight Riders,2,25,24,5.76,1.0,7.1365269672855876
734049,M Morkel,Kolkata Knight Riders,0,24,41,10.25,0.6,7.696871794871794
829705,M Morkel,Kolkata Knight Riders,2,24,18,4.5,1.0,6.863538461538463
829713,M Morkel,Kolkata Knight Riders,2,24,35,8.75,1.4,7.513538461538462
829733,M Morkel,Kolkata Knight Riders,3,24,29,7.25,1.8,7.302000000000001
829739,M Morkel,Kolkata Knight Riders,2,26,30,6.923076923076923,1.8,7.534615384615384
829743,M Morkel,Kolkata Knight Riders,2,24,31,7.75,2.2,7.034615384615384
829805,M Morkel,Kolkata Knight Riders,1,27,27,6.0,2.0,7.334615384615384
829811,M Morkel,Kolkata Knight Riders,0,25,42,10.08,1.6,7.600615384615385
980915,M Morkel,Kolkata Knight Riders,2,28,35,7.499999999999999,1.4,7.650615384615385
980925,M Morkel,Kolkata Knight Riders,2,24,27,6.75,1.4,7.616
980939,M Morkel,Kolkata Knight Riders,0,18,30,10.0,1.0,8.065999999999999
980959,M Morkel,Kolkata Knight Riders,2,24,28,7.0,1.2,8.266
980963,M Morkel,Kolkata Knight Riders,1,25,28,6.72,1.4,7.593999999999999
980975,M Morkel,Kolkata Knight Riders,0,24,38,9.5,1.0,7.994
980989,M Morkel,Kolkata Knight Riders,0,19,22,6.947368421052632,0.6,8.033473684210525
980995,M Morkel,Kolkata Knight Riders,0,12,20,10.0,0.6,8.033473684210525
981001,M Morkel,Kolkata Knight Riders,1,22,39,10.636363636363637,0.4,8.760746411483254
981015,M Morkel,Kolkata Knight Riders,2,24,32,8.0,0.6,9.016746411483254
336005,M Muralitharan,Chennai Super Kings,1,26,20,4.615384615384616,0.8,6.191140415140415
336007,M Muralitharan,Chennai Super Kings,1,25,25,6.0,0.8,5.711140415140415
336009,M Muralitharan,Chennai Super Kings,0,27,28,6.222222222222222,0.4,5.241299145299145
336013,M Muralitharan,Chennai Super Kings,1,25,32,7.68,0.6,6.199521367521368
336018,M Muralitharan,Chennai Super Kings,0,13,20,9.230769230769232,0.6,6.749675213675213
336025,M Muralitharan,Chennai Super Kings,0,24,44,11.0,0.4,8.02659829059829
336029,M Muralitharan,Chennai Super Kings,1,24,19,4.75,0.4,7.776598290598291
336033,M Muralitharan,Chennai Super Kings,0,25,32,7.68,0.4,8.068153846153846
336037,M Muralitharan,Chennai Super Kings,1,26,23,5.307692307692308,0.4,7.593692307692308
336039,M Muralitharan,Chennai Super Kings,1,25,19,4.56,0.6,6.659538461538462
336040,M Muralitharan,Chennai Super Kings,2,24,39,9.75,1.0,6.40953846153846
392185,M Muralitharan,Chennai Super Kings,4,24,11,2.75,1.6,6.009538461538461
392189,M Muralitharan,Chennai Super Kings,0,18,26,8.666666666666666,1.6,6.206871794871795
392196,M Muralitharan,Chennai Super Kings,1,25,17,4.08,1.6,5.961333333333333
392202,M Muralitharan,Chennai Super Kings,0,25,34,8.16,1.4,6.681333333333333
392206,M Muralitharan,Chennai Super Kings,1,24,22,5.5,1.2,5.831333333333333
392209,M Muralitharan,Chennai Super Kings,2,19,13,4.105263157894737,0.8,6.102385964912281
392214,M Muralitharan,Chennai Super Kings,0,25,37,8.879999999999999,0.8,6.145052631578947
392217,M Muralitharan,Chennai Super Kings,2,24,23,5.75,1.0,6.479052631578947
392224,M Muralitharan,Chennai Super Kings,1,24,24,6.0,1.2,6.047052631578947
392227,M Muralitharan,Chennai Super Kings,0,24,19,4.75,1.0,5.897052631578947
392231,M Muralitharan,Chennai Super Kings,2,24,16,4.0,1.0,5.8759999999999994
392234,M Muralitharan,Chennai Super Kings,2,24,8,2.0,1.4,4.5
392238,M Muralitharan,Chennai Super Kings,1,24,17,4.25,1.2,4.2
419110,M Muralitharan,Chennai Super Kings,0,28,28,6.0,1.0,4.2
419113,M Muralitharan,Chennai Super Kings,1,25,17,4.08,1.2,4.066
419116,M Muralitharan,Chennai Super Kings,2,26,26,6.0,1.2,4.465999999999999
419121,M Muralitharan,Chennai Super Kings,4,28,26,5.571428571428571,1.6,5.180285714285715
419123,M Muralitharan,Chennai Super Kings,3,25,30,7.199999999999999,2.0,5.7702857142857145
419125,M Muralitharan,Chennai Super Kings,2,25,32,7.68,2.4,6.106285714285714
419129,M Muralitharan,Chennai Super Kings,0,25,34,8.16,2.2,6.9222857142857155
419133,M Muralitharan,Chennai Super Kings,0,24,21,5.25,1.8,6.772285714285715
419137,M Muralitharan,Chennai Super Kings,1,25,55,13.2,1.2,8.297999999999998
419153,M Muralitharan,Chennai Super Kings,1,27,48,10.666666666666666,0.8,8.991333333333333
419163,M Muralitharan,Chennai Super Kings,1,24,17,4.25,0.6,8.305333333333333
419165,M Muralitharan,Chennai Super Kings,1,24,22,5.5,0.8,7.773333333333333
501200,M Muralitharan,Kochi Tuskers Kerala,0,24,27,6.75,0.8,8.073333333333334
501207,M Muralitharan,Kochi Tuskers Kerala,1,24,42,10.5,0.8,7.533333333333333
501219,M Muralitharan,Kochi Tuskers Kerala,1,25,22,5.279999999999999,0.8,6.456
501225,M Muralitharan,Kochi Tuskers Kerala,0,20,28,8.4,0.6,7.286
501261,M Muralitharan,Kochi Tuskers Kerala,0,24,26,6.5,0.4,7.486
548310,M Muralitharan,Royal Challengers Bangalore,3,24,25,6.25,1.0,7.386
548315,M Muralitharan,Royal Challengers Bangalore,2,26,32,7.384615384615385,1.2,6.7629230769230775
548318,M Muralitharan,Royal Challengers Bangalore,3,24,21,5.25,1.6,6.756923076923077
548324,M Muralitharan,Royal Challengers Bangalore,0,24,35,8.75,1.6,6.8269230769230775
548356,M Muralitharan,Royal Challengers Bangalore,0,24,18,4.5,1.6,6.426923076923077
548360,M Muralitharan,Royal Challengers Bangalore,2,24,24,6.0,1.4,6.376923076923077
548362,M Muralitharan,Royal Challengers Bangalore,2,24,16,4.0,1.4,5.7
548367,M Muralitharan,Royal Challengers Bangalore,1,25,16,3.84,1.0,5.418
548372,M Muralitharan,Royal Challengers Bangalore,1,25,47,11.28,1.2,5.9239999999999995
548376,M Muralitharan,Royal Challengers Bangalore,1,25,30,7.199999999999999,1.4,6.464
597999,M Muralitharan,Royal Challengers Bangalore,0,24,32,8.0,1.0,6.864
598004,M Muralitharan,Royal Challengers Bangalore,1,25,25,6.0,0.8,7.264
598008,M Muralitharan,Royal Challengers Bangalore,0,25,32,7.68,0.6,8.032
598042,M Muralitharan,Royal Challengers Bangalore,0,19,33,10.421052631578949,0.4,7.8602105263157895
598045,M Muralitharan,Royal Challengers Bangalore,1,24,47,11.75,0.4,8.77021052631579
598048,M Muralitharan,Royal Challengers Bangalore,1,24,23,5.75,0.6,8.320210526315789
729299,M Muralitharan,Royal Challengers Bangalore,0,12,25,12.5,0.4,9.62021052631579
734005,M Muralitharan,Royal Challengers Bangalore,2,24,26,6.5,0.8,9.384210526315789
734013,M Muralitharan,Royal Challengers Bangalore,1,26,29,6.6923076923076925,1.0,8.638461538461538
734021,M Muralitharan,Royal Challengers Bangalore,1,24,26,6.5,1.0,7.588461538461539
734027,M Muralitharan,Royal Challengers Bangalore,0,13,19,8.76923076923077,0.8,8.192307692307693
336029,M Ntini,Chennai Super Kings,0,24,27,6.75,0.8,7.052
336033,M Ntini,Chennai Super Kings,1,25,47,11.28,1.0,7.808
336037,M Ntini,Chennai Super Kings,1,25,25,6.0,1.2,7.808
336039,M Ntini,Chennai Super Kings,2,24,23,5.75,1.6,7.108
336040,M Ntini,Chennai Super Kings,0,24,26,6.5,0.8,7.256
1359507,M Pathirana,Chennai Super Kings,1,27,27,6.0,1.4,7.04525874125874
1359511,M Pathirana,Chennai Super Kings,1,26,49,11.307692307692308,1.2,7.888615384615385
1359515,M Pathirana,Chennai Super Kings,1,25,33,7.919999999999999,1.4,8.088
1359519,M Pathirana,Chennai Super Kings,2,22,22,6.0,1.4,7.349538461538461
1359523,M Pathirana,Chennai Super Kings,3,24,19,4.75,1.6,7.195538461538462
1359529,M Pathirana,Chennai Super Kings,3,28,41,8.785714285714285,2.0,7.752681318681319
1359535,M Pathirana,Chennai Super Kings,1,21,23,6.571428571428571,2.0,6.805428571428571
1359541,M Pathirana,Chennai Super Kings,2,29,23,4.758620689655173,2.2,6.173152709359606
1370350,M Pathirana,Chennai Super Kings,3,31,38,7.354838709677419,2.4,6.444120451295089
1370353,M Pathirana,Chennai Super Kings,2,26,46,10.615384615384617,2.2,7.617197374372013
1422125,M Pathirana,Chennai Super Kings,1,28,29,6.2142857142857135,1.8,7.102911660086299
1422131,M Pathirana,Chennai Super Kings,3,26,32,7.384615384615385,2.2,7.265549022723661
1426267,M Pathirana,Chennai Super Kings,4,25,30,7.199999999999999,2.6,7.7538248847926265
1426272,M Pathirana,Chennai Super Kings,1,26,31,7.153846153846154,2.2,7.713626373626374
1426277,M Pathirana,Chennai Super Kings,2,26,36,8.307692307692308,2.2,7.252087912087913
1426284,M Pathirana,Chennai Super Kings,2,14,17,7.285714285714286,2.4,7.466373626373627
1136614,M Prasidh Krishna,Kolkata Knight Riders,5,26,30,6.923076923076923,2.0,8.455384615384615
1136618,M Prasidh Krishna,Kolkata Knight Riders,1,24,28,7.0,2.2,7.983384615384615
1136619,M Prasidh Krishna,Kolkata Knight Riders,1,27,56,12.444444444444445,2.2,8.504273504273504
1175357,M Prasidh Krishna,Kolkata Knight Riders,0,27,34,7.555555555555555,1.8,8.584615384615384
1175361,M Prasidh Krishna,Kolkata Knight Riders,0,25,42,10.08,1.4,8.800615384615385
1175365,M Prasidh Krishna,Kolkata Knight Riders,1,31,43,8.32258064516129,0.6,9.080516129032258
1175372,M Prasidh Krishna,Kolkata Knight Riders,0,19,42,13.263157894736842,0.4,10.333147707979627
1178396,M Prasidh Krishna,Kolkata Knight Riders,1,27,36,8.0,0.4,9.444258819090738
1178398,M Prasidh Krishna,Kolkata Knight Riders,0,25,23,5.52,0.4,9.037147707979624
1178401,M Prasidh Krishna,Kolkata Knight Riders,1,18,26,8.666666666666666,0.6,8.75448104131296
1178404,M Prasidh Krishna,Kolkata Knight Riders,0,25,30,7.199999999999999,0.4,8.5299649122807
1178410,M Prasidh Krishna,Kolkata Knight Riders,0,24,53,13.25,0.4,8.527333333333333
1178418,M Prasidh Krishna,Kolkata Knight Riders,1,21,43,12.285714285714286,0.4,9.384476190476189
1178431,M Prasidh Krishna,Kolkata Knight Riders,1,18,22,7.333333333333333,0.6,9.747142857142858
1216494,M Prasidh Krishna,Kolkata Knight Riders,0,16,20,7.5,0.4,9.513809523809524
1216497,M Prasidh Krishna,Kolkata Knight Riders,0,15,20,8.0,0.4,9.673809523809524
1216520,M Prasidh Krishna,Kolkata Knight Riders,0,18,24,8.0,0.4,8.623809523809523
1216523,M Prasidh Krishna,Kolkata Knight Riders,3,24,29,7.25,0.8,7.616666666666665
1216526,M Prasidh Krishna,Kolkata Knight Riders,0,12,30,15.0,0.6,9.15
1216540,M Prasidh Krishna,Kolkata Knight Riders,1,24,42,10.5,0.8,9.75
1254060,M Prasidh Krishna,Kolkata Knight Riders,2,28,35,7.499999999999999,1.2,9.65
1254062,M Prasidh Krishna,Kolkata Knight Riders,1,24,46,11.5,1.4,10.35
1254067,M Prasidh Krishna,Kolkata Knight Riders,1,25,31,7.4399999999999995,1.0,10.388
1254072,M Prasidh Krishna,Kolkata Knight Riders,0,27,49,10.88888888888889,1.0,9.565777777777779
1254075,M Prasidh Krishna,Kolkata Knight Riders,1,20,21,6.3,1.0,8.725777777777777
1254078,M Prasidh Krishna,Kolkata Knight Riders,3,26,30,6.923076923076923,1.2,8.610393162393162
1254082,M Prasidh Krishna,Kolkata Knight Riders,0,22,37,10.090909090909092,1.0,8.328574980574981
1254087,M Prasidh Krishna,Kolkata Knight Riders,1,27,24,5.333333333333333,1.0,7.907241647241648
1254096,M Prasidh Krishna,Kolkata Knight Riders,2,30,43,8.6,1.4,7.4494638694638695
1254098,M Prasidh Krishna,Kolkata Knight Riders,1,24,41,10.25,1.4,8.23946386946387
1304051,M Prasidh Krishna,Rajasthan Royals,2,24,16,4.0,1.2,7.654848484848484
1304055,M Prasidh Krishna,Rajasthan Royals,2,30,37,7.4,1.6,7.116666666666667
1304059,M Prasidh Krishna,Rajasthan Royals,0,26,41,9.461538461538462,1.4,7.942307692307693
1304066,M Prasidh Krishna,Rajasthan Royals,1,25,36,8.639999999999999,1.2,7.950307692307692
1304070,M Prasidh Krishna,Rajasthan Royals,1,26,35,8.076923076923077,1.2,7.515692307692308
1304076,M Prasidh Krishna,Rajasthan Royals,1,29,43,8.896551724137932,1.0,8.495002652519894
1304080,M Prasidh Krishna,Rajasthan Royals,3,24,22,5.5,1.2,8.115002652519895
1304085,M Prasidh Krishna,Rajasthan Royals,2,27,23,5.111111111111111,1.6,7.244917182434423
1304090,M Prasidh Krishna,Rajasthan Royals,1,25,29,6.959999999999999,1.6,6.908917182434424
1304093,M Prasidh Krishna,Rajasthan Royals,1,28,37,7.928571428571428,1.6,6.879246852764095
1304098,M Prasidh Krishna,Rajasthan Royals,1,27,49,10.88888888888889,1.6,7.277714285714285
1304104,M Prasidh Krishna,Rajasthan Royals,0,18,20,6.666666666666667,1.0,7.511047619047618
1304109,M Prasidh Krishna,Rajasthan Royals,2,26,33,7.615384615384616,1.0,8.01190231990232
1304114,M Prasidh Krishna,Rajasthan Royals,0,24,32,8.0,0.8,8.219902319902321
1312197,M Prasidh Krishna,Rajasthan Royals,0,22,41,11.181818181818182,0.6,8.87055167055167
1312199,M Prasidh Krishna,Rajasthan Royals,3,25,30,7.199999999999999,1.0,8.132773892773892
1312200,M Prasidh Krishna,Rajasthan Royals,1,26,40,9.230769230769232,1.2,8.645594405594405
1304084,M Theekshana,Chennai Super Kings,1,26,32,7.384615384615385,1.6,7.8269230769230775
1304092,M Theekshana,Chennai Super Kings,0,24,27,6.75,1.6,7.626923076923077
1304095,M Theekshana,Chennai Super Kings,3,24,27,6.75,1.4,7.3269230769230775
1304101,M Theekshana,Chennai Super Kings,1,24,30,7.5,1.2,7.426923076923077
1304105,M Theekshana,Chennai Super Kings,0,18,24,8.0,1.0,7.276923076923078
1359491,M Theekshana,Chennai Super Kings,0,24,42,10.5,0.8,7.9
1359498,M Theekshana,Chennai Super Kings,1,25,42,10.08,1.0,8.565999999999999
1359503,M Theekshana,Chennai Super Kings,1,24,28,7.0,0.6,8.616
1359507,M Theekshana,Chennai Super Kings,2,25,32,7.68,0.8,8.652
1359511,M Theekshana,Chennai Super Kings,1,25,30,7.199999999999999,1.0,8.491999999999999
1359515,M Theekshana,Chennai Super Kings,0,25,37,8.879999999999999,1.0,8.168
1359519,M Theekshana,Chennai Super Kings,2,24,37,9.25,1.2,8.001999999999999
1359523,M Theekshana,Chennai Super Kings,0,24,28,7.0,1.0,8.001999999999999
1359529,M Theekshana,Chennai Super Kings,0,12,16,8.0,0.6,8.065999999999999
1359535,M Theekshana,Chennai Super Kings,0,18,22,7.333333333333333,0.4,8.092666666666666
1359541,M Theekshana,Chennai Super Kings,2,24,23,5.75,0.8,7.466666666666667
1370350,M Theekshana,Chennai Super Kings,2,24,28,7.0,0.8,7.0166666666666675
1370353,M Theekshana,Chennai Super Kings,0,24,36,9.0,0.8,7.416666666666666
1422119,M Theekshana,Chennai Super Kings,0,24,37,9.25,0.8,7.666666666666666
1422136,M Theekshana,Chennai Super Kings,1,24,28,7.0,1.0,7.6
1426260,M Theekshana,Chennai Super Kings,1,24,28,7.0,0.8,7.85
1426299,M Theekshana,Chennai Super Kings,0,24,28,7.0,0.4,7.85
1426306,M Theekshana,Chennai Super Kings,0,25,25,6.0,0.4,7.25
829789,M de Lange,Mumbai Indians,1,26,30,6.923076923076923,1.2,9.222312190733245
729313,MA Starc,Royal Challengers Bangalore,0,26,15,3.4615384615384617,1.6,6.435384615384615
733977,MA Starc,Royal Challengers Bangalore,2,24,23,5.75,1.8,6.062307692307693
733983,MA Starc,Royal Challengers Bangalore,1,25,34,8.16,1.4,6.594307692307692
733991,MA Starc,Royal Challengers Bangalore,2,29,45,9.310344827586208,1.4,6.776376657824935
733999,MA Starc,Royal Challengers Bangalore,0,20,33,9.9,1.0,7.316376657824934
734005,MA Starc,Royal Challengers Bangalore,3,25,26,6.239999999999999,1.6,7.872068965517242
734013,MA Starc,Royal Challengers Bangalore,0,24,24,6.0,1.2,7.9220689655172425
734021,MA Starc,Royal Challengers Bangalore,0,23,33,8.608695652173912,1.0,8.011808095952023
734027,MA Starc,Royal Challengers Bangalore,1,25,33,7.919999999999999,0.8,7.733739130434782
734035,MA Starc,Royal Challengers Bangalore,0,19,33,10.421052631578949,0.8,7.837949656750572
829745,MA Starc,Royal Challengers Bangalore,1,24,29,7.25,0.4,8.03994965675057
829749,MA Starc,Royal Challengers Bangalore,3,26,22,5.0769230769230775,1.0,7.855334272135186
829757,MA Starc,Royal Challengers Bangalore,3,25,21,5.04,1.6,7.141595141700405
829771,MA Starc,Royal Challengers Bangalore,1,16,17,6.375,1.6,6.832595141700405
829779,MA Starc,Royal Challengers Bangalore,4,25,24,5.76,2.4,5.900384615384615
829785,MA Starc,Royal Challengers Bangalore,4,26,20,4.615384615384616,3.0,5.373461538461539
829795,MA Starc,Royal Challengers Bangalore,1,25,41,9.84,2.6,6.326076923076924
829803,MA Starc,Royal Challengers Bangalore,1,13,20,9.230769230769232,2.2,7.16423076923077
829807,MA Starc,Royal Challengers Bangalore,1,18,27,9.0,2.2,7.68923076923077
829813,MA Starc,Royal Challengers Bangalore,0,25,35,8.399999999999999,1.4,8.21723076923077
829819,MA Starc,Royal Challengers Bangalore,1,25,22,5.279999999999999,0.8,8.350153846153848
829821,MA Starc,Royal Challengers Bangalore,2,24,28,7.0,1.0,7.782153846153847
1422121,MA Starc,Kolkata Knight Riders,0,26,53,12.230769230769232,0.8,8.382153846153845
1422128,MA Starc,Kolkata Knight Riders,1,25,47,11.28,0.8,8.838153846153846
1422134,MA Starc,Kolkata Knight Riders,2,18,29,9.666666666666666,1.2,9.091487179487178
1426260,MA Starc,Kolkata Knight Riders,0,20,29,8.7,1.0,9.77548717948718
1426266,MA Starc,Kolkata Knight Riders,3,25,29,6.959999999999999,1.2,9.76748717948718
1426269,MA Starc,Kolkata Knight Riders,1,29,50,10.344827586206897,1.4,9.390298850574712
1426274,MA Starc,Kolkata Knight Riders,2,19,56,17.68421052631579,1.6,10.67114095583787
1426285,MA Starc,Kolkata Knight Riders,1,20,43,12.899999999999999,1.4,11.317807622504537
1426289,MA Starc,Kolkata Knight Riders,4,24,33,8.25,2.2,11.227807622504537
1426292,MA Starc,Kolkata Knight Riders,1,12,22,11.0,1.8,12.035807622504539
1426298,MA Starc,Kolkata Knight Riders,0,6,11,11.0,1.6,12.166842105263157
1426309,MA Starc,Kolkata Knight Riders,3,25,34,8.16,1.8,10.262
1426312,MA Starc,Kolkata Knight Riders,2,18,14,4.666666666666667,2.0,8.615333333333334
1359495,MA Wood,Lucknow Super Giants,2,26,36,8.307692307692308,2.2,9.165384615384616
419120,MC Henriques,Delhi Daredevils,1,24,35,8.75,0.6,11.501384615384614
598004,MC Henriques,Royal Challengers Bangalore,2,19,15,4.736842105263158,1.0,7.648753036437247
598008,MC Henriques,Royal Challengers Bangalore,2,25,24,5.76,1.2,7.264753036437247
598036,MC Henriques,Royal Challengers Bangalore,1,13,7,3.230769230769231,1.4,6.1109068825910935
598042,MC Henriques,Royal Challengers Bangalore,2,24,44,11.0,1.6,6.695522267206478
598045,MC Henriques,Royal Challengers Bangalore,0,14,29,12.428571428571427,1.4,7.431236552920763
598048,MC Henriques,Royal Challengers Bangalore,0,6,18,18.0,1.0,10.083868131868133
598054,MC Henriques,Royal Challengers Bangalore,1,12,21,10.5,0.8,11.031868131868132
598064,MC Henriques,Royal Challengers Bangalore,0,19,29,9.157894736842106,0.6,12.217293233082707
733989,MC Henriques,Sunrisers Hyderabad,1,12,11,5.5,0.4,11.117293233082707
733993,MC Henriques,Sunrisers Hyderabad,2,18,26,8.666666666666666,0.8,10.364912280701756
734001,MC Henriques,Sunrisers Hyderabad,1,21,23,6.571428571428571,1.0,8.079197994987467
734007,MC Henriques,Sunrisers Hyderabad,0,12,36,18.0,0.8,9.579197994987469
829743,MC Henriques,Sunrisers Hyderabad,1,7,9,7.7142857142857135,1.0,9.290476190476191
829759,MC Henriques,Sunrisers Hyderabad,1,24,31,7.75,1.0,9.74047619047619
829773,MC Henriques,Sunrisers Hyderabad,2,25,20,4.8,1.0,8.967142857142857
829781,MC Henriques,Sunrisers Hyderabad,1,18,25,8.333333333333334,1.0,9.31952380952381
829787,MC Henriques,Sunrisers Hyderabad,1,19,29,9.157894736842106,1.2,7.551102756892232
829793,MC Henriques,Sunrisers Hyderabad,0,12,14,7.0,1.0,7.408245614035087
829799,MC Henriques,Sunrisers Hyderabad,3,26,16,3.6923076923076925,1.4,6.596707152496625
829807,MC Henriques,Sunrisers Hyderabad,2,7,3,2.571428571428571,1.4,6.150992866782341
829815,MC Henriques,Sunrisers Hyderabad,0,19,17,5.368421052631579,1.2,5.558010410641989
980907,MC Henriques,Sunrisers Hyderabad,0,24,41,10.25,1.0,5.7764314632735685
980915,MC Henriques,Sunrisers Hyderabad,0,13,19,8.76923076923077,1.0,6.130277617119722
980923,MC Henriques,Sunrisers Hyderabad,0,25,23,5.52,0.4,6.495816078658183
980929,MC Henriques,Sunrisers Hyderabad,0,19,18,5.684210526315789,0.0,7.118372469635628
980935,MC Henriques,Sunrisers Hyderabad,2,25,33,7.919999999999999,0.4,7.628688259109312
980943,MC Henriques,Sunrisers Hyderabad,1,12,16,8.0,0.6,7.178688259109312
980953,MC Henriques,Sunrisers Hyderabad,2,24,40,10.0,1.0,7.424842105263158
980967,MC Henriques,Sunrisers Hyderabad,1,20,24,7.199999999999999,1.2,7.760842105263157
980973,MC Henriques,Sunrisers Hyderabad,1,24,20,5.0,1.4,7.6240000000000006
980979,MC Henriques,Sunrisers Hyderabad,1,18,20,6.666666666666667,1.2,7.373333333333333
980983,MC Henriques,Sunrisers Hyderabad,2,18,19,6.333333333333333,1.4,7.040000000000001
980991,MC Henriques,Sunrisers Hyderabad,1,18,29,9.666666666666666,1.2,6.973333333333334
981003,MC Henriques,Sunrisers Hyderabad,0,12,18,9.0,1.0,7.333333333333333
981009,MC Henriques,Sunrisers Hyderabad,0,12,14,7.0,0.8,7.7333333333333325
981015,MC Henriques,Sunrisers Hyderabad,3,18,17,5.666666666666667,1.2,7.533333333333333
981017,MC Henriques,Sunrisers Hyderabad,0,18,27,9.0,0.8,8.066666666666666
981019,MC Henriques,Sunrisers Hyderabad,0,18,40,13.333333333333334,0.6,8.8
1082591,MC Henriques,Sunrisers Hyderabad,1,13,20,9.230769230769232,0.8,8.846153846153847
1082596,MC Henriques,Sunrisers Hyderabad,0,6,12,12.0,0.8,9.846153846153847
1082604,MC Henriques,Sunrisers Hyderabad,0,13,26,12.0,0.2,11.112820512820512
1082609,MC Henriques,Sunrisers Hyderabad,1,12,6,3.0,0.4,9.912820512820513
1082611,MC Henriques,Sunrisers Hyderabad,0,19,32,10.105263157894738,0.4,9.267206477732795
1082615,MC Henriques,Sunrisers Hyderabad,0,6,4,4.0,0.2,8.221052631578948
1082623,MC Henriques,Sunrisers Hyderabad,0,18,39,13.0,0.2,8.421052631578949
1082627,MC Henriques,Sunrisers Hyderabad,0,18,31,10.333333333333334,0.2,8.087719298245613
1082630,MC Henriques,Sunrisers Hyderabad,0,14,36,15.428571428571427,0.0,10.5734335839599
1082634,MC Henriques,Sunrisers Hyderabad,0,17,15,5.294117647058823,0.0,9.611204481792717
1082638,MC Henriques,Sunrisers Hyderabad,0,6,15,15.0,0.0,11.811204481792718
1082643,MC Henriques,Sunrisers Hyderabad,0,6,12,12.0,0.0,11.611204481792717
1254071,MC Henriques,Punjab Kings,0,6,7,7.0,0.0,10.94453781512605
1254074,MC Henriques,Punjab Kings,0,18,12,4.0,0.0,8.658823529411766
1254078,MC Henriques,Punjab Kings,1,6,5,5.0,0.2,8.6
1254090,MC Henriques,Punjab Kings,3,24,14,3.5,0.8,6.3
1254094,MC Henriques,Punjab Kings,0,7,9,7.7142857142857135,0.8,5.442857142857143
336017,MF Maharoof,Delhi Daredevils,2,25,25,6.0,1.8,6.693587044534413
336020,MF Maharoof,Delhi Daredevils,2,24,39,9.75,1.8,7.943587044534413
336022,MF Maharoof,Delhi Daredevils,0,6,12,12.0,1.4,8.615587044534413
336026,MF Maharoof,Delhi Daredevils,4,24,13,3.25,2.2,7.307692307692307
336032,MF Maharoof,Delhi Daredevils,1,29,27,5.586206896551724,1.8,7.317241379310344
336038,MF Maharoof,Delhi Daredevils,3,24,34,8.5,2.0,7.817241379310344
392226,MF Maharoof,Delhi Daredevils,2,30,31,6.2,2.0,7.107241379310345
392230,MF Maharoof,Delhi Daredevils,2,24,27,6.75,2.4,6.057241379310345
392232,MF Maharoof,Delhi Daredevils,0,12,9,4.5,1.6,6.307241379310345
419108,MF Maharoof,Delhi Daredevils,3,26,37,8.538461538461538,2.0,6.897692307692307
419111,MF Maharoof,Delhi Daredevils,1,25,32,7.68,1.6,6.7336923076923085
419114,MF Maharoof,Delhi Daredevils,2,26,52,12.0,1.6,7.893692307692308
419134,MF Maharoof,Delhi Daredevils,3,18,13,4.333333333333333,1.8,7.4103589743589735
419140,MF Maharoof,Delhi Daredevils,1,24,29,7.25,2.0,7.960358974358973
419144,MF Maharoof,Delhi Daredevils,0,18,30,10.0,1.4,8.252666666666666
419149,MF Maharoof,Delhi Daredevils,0,12,17,8.5,1.2,8.416666666666666
1359544,MG Bracewell,Royal Challengers Bangalore,0,6,16,16.0,1.2,9.433333333333334
598019,MG Johnson,Mumbai Indians,0,26,41,9.461538461538462,1.4,7.743692307692308
598029,MG Johnson,Mumbai Indians,2,25,26,6.239999999999999,1.6,8.091692307692309
598033,MG Johnson,Mumbai Indians,0,24,32,8.0,1.4,8.676307692307692
598037,MG Johnson,Mumbai Indians,2,27,30,6.666666666666667,1.4,7.657641025641025
598039,MG Johnson,Mumbai Indians,1,18,21,7.0,1.0,7.473641025641027
598046,MG Johnson,Mumbai Indians,3,20,27,8.1,1.6,7.201333333333333
598050,MG Johnson,Mumbai Indians,2,24,17,4.25,1.6,6.803333333333333
598055,MG Johnson,Mumbai Indians,2,24,8,2.0,2.0,5.6033333333333335
598060,MG Johnson,Mumbai Indians,1,25,43,10.319999999999999,1.8,6.334
598063,MG Johnson,Mumbai Indians,2,25,24,5.76,2.0,6.086
598070,MG Johnson,Mumbai Indians,0,24,40,10.0,1.4,6.465999999999999
598072,MG Johnson,Mumbai Indians,0,19,23,7.2631578947368425,1.0,7.068631578947368
598073,MG Johnson,Mumbai Indians,2,26,20,4.615384615384616,1.0,7.591708502024292
729283,MG Johnson,Kings XI Punjab,0,25,48,11.52,0.8,7.831708502024291
729291,MG Johnson,Kings XI Punjab,1,25,32,7.68,0.6,8.215708502024292
729295,MG Johnson,Kings XI Punjab,2,26,26,6.0,1.0,7.415708502024292
729307,MG Johnson,Kings XI Punjab,2,21,22,6.285714285714286,1.4,7.2202197802197805
729313,MG Johnson,Kings XI Punjab,2,25,19,4.56,1.4,7.209142857142856
733973,MG Johnson,Kings XI Punjab,0,26,37,8.538461538461538,1.4,6.612835164835164
733987,MG Johnson,Kings XI Punjab,2,24,37,9.25,1.6,6.926835164835166
733991,MG Johnson,Kings XI Punjab,1,24,25,6.25,1.4,6.976835164835165
733997,MG Johnson,Kings XI Punjab,0,18,35,11.666666666666666,1.0,8.053025641025641
734007,MG Johnson,Kings XI Punjab,0,27,26,5.777777777777778,0.6,8.296581196581197
734039,MG Johnson,Kings XI Punjab,2,19,27,8.526315789473685,1.0,8.294152046783626
734043,MG Johnson,Kings XI Punjab,2,26,31,7.153846153846154,1.0,7.874921277552856
734047,MG Johnson,Kings XI Punjab,1,28,44,9.428571428571429,1.0,8.510635563267144
734049,MG Johnson,Kings XI Punjab,2,26,41,9.461538461538462,1.4,8.0696099222415
829709,MG Johnson,Kings XI Punjab,2,29,37,7.655172413793104,1.8,8.445088849444566
829717,MG Johnson,Kings XI Punjab,2,24,23,5.75,1.8,7.889825691549831
829725,MG Johnson,Kings XI Punjab,0,25,43,10.319999999999999,1.4,8.523056460780598
829733,MG Johnson,Kings XI Punjab,1,23,41,10.695652173913043,1.4,8.77647260984892
829741,MG Johnson,Kings XI Punjab,3,30,39,7.8,1.6,8.444164917541228
829753,MG Johnson,Kings XI Punjab,0,26,40,9.230769230769232,1.2,8.759284280936454
829759,MG Johnson,Kings XI Punjab,2,24,39,9.75,1.2,9.559284280936454
829775,MG Johnson,Kings XI Punjab,1,24,41,10.25,1.4,9.545284280936453
829785,MG Johnson,Kings XI Punjab,0,26,43,9.923076923076923,1.2,9.390769230769232
980905,MG Johnson,Kings XI Punjab,2,26,37,8.538461538461538,1.0,9.538461538461538
980913,MG Johnson,Kings XI Punjab,0,18,28,9.333333333333334,1.0,9.558974358974359
980941,MG Johnson,Kings XI Punjab,1,25,43,10.319999999999999,0.8,9.67297435897436
1082614,MG Johnson,Mumbai Indians,1,25,23,5.52,0.8,8.726974358974358
1082618,MG Johnson,Mumbai Indians,1,25,34,8.16,1.0,8.374358974358973
1082644,MG Johnson,Mumbai Indians,1,25,31,7.4399999999999995,0.8,8.154666666666667
1082649,MG Johnson,Mumbai Indians,2,26,28,6.461538461538462,1.2,7.5803076923076915
1082650,MG Johnson,Mumbai Indians,4,24,31,7.75,1.8,7.066307692307691
1136563,MG Johnson,Kolkata Knight Riders,1,24,30,7.5,1.8,7.462307692307692
1136570,MG Johnson,Kolkata Knight Riders,1,22,30,8.181818181818182,1.8,7.466671328671327
1136586,MG Johnson,Kolkata Knight Riders,0,24,42,10.5,1.6,8.078671328671328
1136589,MG Johnson,Kolkata Knight Riders,0,19,39,12.31578947368421,1.2,9.249521531100479
1136593,MG Johnson,Kolkata Knight Riders,0,24,51,12.75,0.4,10.249521531100479
1136597,MG Johnson,Kolkata Knight Riders,0,20,26,7.8,0.2,10.30952153110048
548375,MJ Clarke,Pune Warriors,1,24,31,7.75,0.6,6.15
1426282,MJ Henry,Lucknow Super Giants,0,18,34,11.333333333333334,0.6,11.158974358974358
1426305,MJ Henry,Lucknow Super Giants,0,14,24,10.285714285714285,0.2,11.149450549450549
829775,MJ McClenaghan,Mumbai Indians,0,25,31,7.4399999999999995,1.8,7.287627805145047
829783,MJ McClenaghan,Mumbai Indians,0,25,38,9.12,1.6,7.33231746031746
829789,MJ McClenaghan,Mumbai Indians,1,24,34,8.5,1.4,7.343428571428572
829795,MJ McClenaghan,Mumbai Indians,0,25,40,9.6,0.8,8.303428571428572
829805,MJ McClenaghan,Mumbai Indians,1,27,31,6.888888888888889,0.4,8.309777777777777
829815,MJ McClenaghan,Mumbai Indians,3,25,17,4.08,1.0,7.637777777777776
829817,MJ McClenaghan,Mumbai Indians,1,21,46,13.142857142857142,1.2,8.442349206349206
829823,MJ McClenaghan,Mumbai Indians,3,24,25,6.25,1.6,7.992349206349206
980901,MJ McClenaghan,Mumbai Indians,0,18,27,9.0,1.6,7.872349206349206
980909,MJ McClenaghan,Mumbai Indians,2,25,25,6.0,1.8,7.694571428571429
980917,MJ McClenaghan,Mumbai Indians,4,24,26,6.5,2.0,8.178571428571427
980923,MJ McClenaghan,Mumbai Indians,0,21,33,9.428571428571429,1.8,7.435714285714286
980927,MJ McClenaghan,Mumbai Indians,1,24,48,12.0,1.4,8.585714285714285
980933,MJ McClenaghan,Mumbai Indians,2,27,32,7.111111111111111,1.8,8.207936507936507
980941,MJ McClenaghan,Mumbai Indians,2,27,32,7.111111111111111,1.8,8.43015873015873
980947,MJ McClenaghan,Mumbai Indians,1,24,33,8.25,1.2,8.78015873015873
980957,MJ McClenaghan,Mumbai Indians,1,25,27,6.4799999999999995,1.4,8.190444444444443
980973,MJ McClenaghan,Mumbai Indians,1,25,39,9.36,1.4,7.662444444444444
980981,MJ McClenaghan,Mumbai Indians,1,25,37,8.879999999999999,1.2,8.016222222222222
980985,MJ McClenaghan,Mumbai Indians,2,20,24,7.199999999999999,1.2,8.033999999999999
980993,MJ McClenaghan,Mumbai Indians,1,24,27,6.75,1.2,7.733999999999999
981007,MJ McClenaghan,Mumbai Indians,0,23,39,10.17391304347826,1.0,8.47278260869565
1082592,MJ McClenaghan,Mumbai Indians,1,24,36,9.0,1.0,8.400782608695652
1082597,MJ McClenaghan,Mumbai Indians,1,28,52,11.142857142857142,1.0,8.85335403726708
1082600,MJ McClenaghan,Mumbai Indians,1,24,42,10.5,0.8,9.513354037267082
1082602,MJ McClenaghan,Mumbai Indians,2,25,20,4.8,1.0,9.123354037267081
1082606,MJ McClenaghan,Mumbai Indians,2,26,24,5.538461538461539,1.4,8.196263736263736
1082612,MJ McClenaghan,Mumbai Indians,2,25,47,11.28,1.6,8.652263736263738
1082614,MJ McClenaghan,Mumbai Indians,3,25,25,6.0,2.0,7.623692307692307
1082618,MJ McClenaghan,Mumbai Indians,0,25,37,8.879999999999999,1.8,7.299692307692307
1082625,MJ McClenaghan,Mumbai Indians,0,25,50,12.0,1.4,8.739692307692307
1082628,MJ McClenaghan,Mumbai Indians,4,24,34,8.5,1.8,9.331999999999999
1082635,MJ McClenaghan,Mumbai Indians,1,12,18,9.0,1.6,8.876
1082638,MJ McClenaghan,Mumbai Indians,1,25,26,6.239999999999999,1.2,8.924
1082641,MJ McClenaghan,Mumbai Indians,1,28,54,11.571428571428571,1.4,9.462285714285715
1082647,MJ McClenaghan,Mumbai Indians,1,29,47,9.724137931034484,1.6,9.00711330049261
1136561,MJ McClenaghan,Mumbai Indians,1,25,44,10.559999999999999,1.0,9.419113300492612
1136574,MJ McClenaghan,Mumbai Indians,2,18,24,8.0,1.2,9.219113300492612
1136581,MJ McClenaghan,Mumbai Indians,1,19,32,10.105263157894738,1.2,9.992165932071558
1136583,MJ McClenaghan,Mumbai Indians,3,19,26,8.210526315789474,1.6,9.319985480943739
1136587,MJ McClenaghan,Mumbai Indians,2,24,26,6.5,1.8,8.675157894736842
1136591,MJ McClenaghan,Mumbai Indians,2,26,35,8.076923076923077,2.0,8.178542510121456
1136594,MJ McClenaghan,Mumbai Indians,1,25,31,7.4399999999999995,1.8,8.066542510121456
1136597,MJ McClenaghan,Mumbai Indians,1,24,30,7.5,1.8,7.54548987854251
1136601,MJ McClenaghan,Mumbai Indians,1,18,24,8.0,1.4,7.503384615384616
1136607,MJ McClenaghan,Mumbai Indians,0,27,29,6.444444444444445,1.0,7.492273504273504
1136610,MJ McClenaghan,Mumbai Indians,2,25,39,9.36,1.0,7.748888888888888
1175358,MJ McClenaghan,Mumbai Indians,3,24,40,10.0,1.4,8.26088888888889
1175362,MJ McClenaghan,Mumbai Indians,0,12,24,12.0,1.2,9.160888888888888
1175364,MJ McClenaghan,Mumbai Indians,0,25,35,8.399999999999999,1.0,9.24088888888889
1178431,MJ McClenaghan,Mumbai Indians,0,27,20,4.444444444444445,1.0,8.84088888888889
1181768,MJ McClenaghan,Mumbai Indians,0,26,24,5.538461538461539,0.6,8.076581196581198
1216536,MJ Santner,Chennai Super Kings,1,18,30,10.0,1.0,7.634615384615384
1216544,MJ Santner,Chennai Super Kings,1,24,23,5.75,1.2,6.384615384615385
1304047,MJ Santner,Chennai Super Kings,1,24,31,7.75,1.2,6.734615384615384
1304079,MJ Santner,Chennai Super Kings,1,18,16,5.333333333333333,1.2,6.416666666666667
1304084,MJ Santner,Chennai Super Kings,0,12,9,4.5,0.8,6.666666666666667
1304092,MJ Santner,Chennai Super Kings,1,18,36,12.0,0.8,7.0666666666666655
1304108,MJ Santner,Chennai Super Kings,0,24,28,7.0,0.6,7.3166666666666655
1304114,MJ Santner,Chennai Super Kings,1,18,15,5.0,0.6,6.766666666666666
1359475,MJ Santner,Chennai Super Kings,0,24,32,8.0,0.4,7.3
1359480,MJ Santner,Chennai Super Kings,1,24,22,5.5,0.6,7.5
1359486,MJ Santner,Chennai Super Kings,2,24,28,7.0,0.8,6.5
1426291,MJ Santner,Chennai Super Kings,1,18,10,3.3333333333333335,1.0,5.766666666666667
1426297,MJ Santner,Chennai Super Kings,0,12,31,15.5,0.8,7.866666666666667
1426306,MJ Santner,Chennai Super Kings,2,24,23,5.75,1.2,7.416666666666667
1254103,MK Lomror,Rajasthan Royals,0,13,13,6.0,0.2,7.166666666666667
1254111,MK Lomror,Rajasthan Royals,0,6,7,7.0,0.2,6.966666666666667
1304100,MK Lomror,Royal Challengers Bangalore,0,6,7,7.0,0.2,6.466666666666667
1304113,MK Lomror,Royal Challengers Bangalore,0,6,11,11.0,0.2,7.666666666666666
1359517,MK Lomror,Royal Challengers Bangalore,1,6,4,4.0,0.2,7.0
1359524,MK Lomror,Royal Challengers Bangalore,0,6,13,13.0,0.2,8.4
1426268,MK Lomror,Royal Challengers Bengaluru,0,9,18,12.0,0.2,9.4
734011,MK Tiwary,Delhi Daredevils,0,12,28,14.0,0.2,11.228571428571428
1136585,MK Tiwary,Kings XI Punjab,0,7,10,8.571428571428571,0.2,10.742857142857144
1136613,MM Ali,Royal Challengers Bangalore,0,12,19,9.5,1.2,7.687179487179487
1175356,MM Ali,Royal Challengers Bangalore,1,24,19,4.75,1.4,7.3038461538461545
1175362,MM Ali,Royal Challengers Bangalore,0,6,13,13.0,1.2,8.75
1175366,MM Ali,Royal Challengers Bangalore,0,18,29,9.666666666666666,0.4,9.483333333333333
1175369,MM Ali,Royal Challengers Bangalore,0,6,14,14.0,0.2,10.183333333333334
1178395,MM Ali,Royal Challengers Bangalore,1,24,22,5.5,0.4,9.383333333333333
1178403,MM Ali,Royal Challengers Bangalore,1,25,19,4.56,0.4,9.345333333333333
1178406,MM Ali,Royal Challengers Bangalore,2,24,18,4.5,0.8,7.645333333333333
1178410,MM Ali,Royal Challengers Bangalore,1,6,13,13.0,1.0,8.312000000000001
1178417,MM Ali,Royal Challengers Bangalore,1,18,22,7.333333333333333,1.2,6.978666666666667
1216519,MM Ali,Royal Challengers Bangalore,1,14,21,9.0,1.2,7.6786666666666665
1216544,MM Ali,Royal Challengers Bangalore,0,12,17,8.5,1.0,8.466666666666665
1237178,MM Ali,Royal Challengers Bangalore,0,6,4,4.0,0.6,8.366666666666665
1254059,MM Ali,Chennai Super Kings,0,19,33,10.421052631578949,0.4,7.850877192982456
1254065,MM Ali,Chennai Super Kings,1,18,17,5.666666666666667,0.4,7.517543859649123
1254069,MM Ali,Chennai Super Kings,3,18,8,2.6666666666666665,0.8,6.250877192982456
1254080,MM Ali,Chennai Super Kings,0,12,17,8.5,0.8,6.250877192982456
1254084,MM Ali,Chennai Super Kings,1,6,1,1.0,1.0,5.650877192982456
1254089,MM Ali,Chennai Super Kings,0,14,23,9.857142857142856,1.0,5.538095238095238
1254091,MM Ali,Chennai Super Kings,0,6,5,5.0,0.8,5.404761904761904
1254104,MM Ali,Chennai Super Kings,1,18,16,5.333333333333333,0.4,5.938095238095238
1254110,MM Ali,Chennai Super Kings,0,18,16,5.333333333333333,0.4,5.3047619047619055
1254114,MM Ali,Chennai Super Kings,1,25,27,6.4799999999999995,0.4,6.400761904761905
1304053,MM Ali,Chennai Super Kings,0,6,14,14.0,0.4,7.229333333333332
1304057,MM Ali,Chennai Super Kings,0,6,8,8.0,0.4,7.829333333333333
1304063,MM Ali,Chennai Super Kings,0,6,10,10.0,0.2,8.762666666666666
1304068,MM Ali,Chennai Super Kings,0,18,19,6.333333333333333,0.2,8.962666666666667
1304075,MM Ali,Chennai Super Kings,0,12,17,8.5,0.0,9.366666666666665
1304095,MM Ali,Chennai Super Kings,2,27,29,6.444444444444445,0.4,7.855555555555554
1304101,MM Ali,Chennai Super Kings,3,24,13,3.25,1.0,6.905555555555556
1304105,MM Ali,Chennai Super Kings,1,11,17,9.272727272727273,1.2,6.76010101010101
1304108,MM Ali,Chennai Super Kings,1,12,11,5.5,1.4,6.593434343434343
1304114,MM Ali,Chennai Super Kings,1,24,21,5.25,1.6,5.943434343434343
1359480,MM Ali,Chennai Super Kings,4,25,26,6.239999999999999,2.0,5.902545454545455
1359491,MM Ali,Chennai Super Kings,1,12,21,10.5,1.6,7.352545454545455
1359498,MM Ali,Chennai Super Kings,1,6,13,13.0,1.6,8.098
1359503,MM Ali,Chennai Super Kings,0,12,18,9.0,1.4,8.798
1359507,MM Ali,Chennai Super Kings,1,6,20,20.0,1.4,11.748000000000001
1359511,MM Ali,Chennai Super Kings,0,12,17,8.5,0.6,12.2
1359515,MM Ali,Chennai Super Kings,0,6,10,10.0,0.4,12.1
1359519,MM Ali,Chennai Super Kings,2,24,13,3.25,0.6,10.15
1359523,MM Ali,Chennai Super Kings,0,6,11,11.0,0.6,10.55
1359529,MM Ali,Chennai Super Kings,0,24,17,4.25,0.4,7.4
1359535,MM Ali,Chennai Super Kings,0,24,32,8.0,0.4,7.3
1422136,MM Ali,Chennai Super Kings,2,19,23,7.2631578947368425,0.8,6.752631578947368
1426272,MM Ali,Chennai Super Kings,0,6,5,5.0,0.4,7.102631578947369
1426277,MM Ali,Chennai Super Kings,0,12,21,10.5,0.4,7.002631578947368
1426287,MM Ali,Chennai Super Kings,0,12,22,11.0,0.4,8.352631578947369
336000,MM Patel,Rajasthan Royals,0,24,30,7.5,0.8,8.838461538461539
336005,MM Patel,Rajasthan Royals,2,24,16,4.0,1.2,7.971794871794872
336008,MM Patel,Rajasthan Royals,0,19,22,6.947368421052632,0.8,7.561268556005397
336011,MM Patel,Rajasthan Royals,1,24,28,7.0,1.0,6.4228070175438585
336015,MM Patel,Rajasthan Royals,1,25,25,6.0,0.8,6.2894736842105265
336019,MM Patel,Rajasthan Royals,0,25,37,8.879999999999999,0.8,6.565473684210526
336023,MM Patel,Rajasthan Royals,2,24,21,5.25,0.8,6.815473684210526
336027,MM Patel,Rajasthan Royals,2,24,22,5.5,1.2,6.525999999999999
336033,MM Patel,Rajasthan Royals,1,25,55,13.2,1.2,7.766
336038,MM Patel,Rajasthan Royals,3,24,17,4.25,1.6,7.4159999999999995
336040,MM Patel,Rajasthan Royals,0,12,14,7.0,1.6,7.040000000000001
392182,MM Patel,Rajasthan Royals,2,19,25,7.894736842105264,1.6,7.568947368421052
392190,MM Patel,Rajasthan Royals,1,19,38,12.0,1.4,8.868947368421052
392195,MM Patel,Rajasthan Royals,2,25,24,5.76,1.6,7.380947368421053
392198,MM Patel,Rajasthan Royals,2,25,16,3.84,1.4,7.298947368421052
392202,MM Patel,Rajasthan Royals,2,24,25,6.25,1.8,7.1489473684210525
392205,MM Patel,Rajasthan Royals,0,12,23,11.5,1.4,7.87
392213,MM Patel,Rajasthan Royals,1,13,16,7.384615384615385,1.4,6.946923076923076
392220,MM Patel,Rajasthan Royals,0,6,3,3.0,1.0,6.394923076923077
392225,MM Patel,Rajasthan Royals,4,23,22,5.739130434782608,1.4,6.7747491638796
392230,MM Patel,Rajasthan Royals,2,27,39,8.666666666666666,1.4,7.258082497212932
392233,MM Patel,Rajasthan Royals,2,25,14,3.36,1.8,5.630082497212932
419111,MM Patel,Rajasthan Royals,1,18,32,10.666666666666666,1.8,6.286492753623188
419115,MM Patel,Rajasthan Royals,0,18,23,7.666666666666667,1.8,7.219826086956521
419118,MM Patel,Rajasthan Royals,2,18,20,6.666666666666667,1.4,7.405333333333333
419124,MM Patel,Rajasthan Royals,2,24,43,10.75,1.4,7.822
501201,MM Patel,Mumbai Indians,0,18,20,6.666666666666667,1.0,8.483333333333333
501205,MM Patel,Mumbai Indians,0,18,12,4.0,0.8,7.15
501210,MM Patel,Mumbai Indians,0,18,17,5.666666666666667,0.8,6.75
501218,MM Patel,Mumbai Indians,3,14,8,3.4285714285714284,1.0,6.102380952380953
501221,MM Patel,Mumbai Indians,1,25,40,9.6,0.8,5.8723809523809525
501224,MM Patel,Mumbai Indians,1,24,35,8.75,1.0,6.289047619047619
501231,MM Patel,Mumbai Indians,2,24,18,4.5,1.4,6.389047619047619
501237,MM Patel,Mumbai Indians,2,24,24,6.0,1.8,6.455714285714286
501241,MM Patel,Mumbai Indians,1,24,34,8.5,1.4,7.470000000000001
501246,MM Patel,Mumbai Indians,2,25,29,6.959999999999999,1.6,6.941999999999998
501251,MM Patel,Mumbai Indians,5,24,25,6.25,2.4,6.441999999999998
501256,MM Patel,Mumbai Indians,0,24,38,9.5,2.0,7.441999999999998
501263,MM Patel,Mumbai Indians,0,19,23,7.2631578947368425,1.6,7.6946315789473685
501269,MM Patel,Mumbai Indians,3,24,27,6.75,2.0,7.344631578947369
501270,MM Patel,Mumbai Indians,2,24,27,6.75,2.0,7.302631578947368
548308,MM Patel,Mumbai Indians,3,24,26,6.5,1.6,7.352631578947369
548314,MM Patel,Mumbai Indians,4,24,21,5.25,2.4,6.502631578947368
548317,MM Patel,Mumbai Indians,4,22,28,7.636363636363637,3.2,6.577272727272728
548325,MM Patel,Mumbai Indians,0,18,19,6.333333333333333,2.6,6.493939393939394
548334,MM Patel,Mumbai Indians,0,24,41,10.25,2.2,7.193939393939393
548339,MM Patel,Mumbai Indians,0,25,41,9.84,1.6,7.8619393939393944
548346,MM Patel,Mumbai Indians,1,25,24,5.76,1.0,7.963939393939394
548351,MM Patel,Mumbai Indians,1,25,24,5.76,0.4,7.588666666666667
548355,MM Patel,Mumbai Indians,0,25,46,11.04,0.4,8.53
548363,MM Patel,Mumbai Indians,1,24,32,8.0,0.6,8.08
548367,MM Patel,Mumbai Indians,2,28,55,11.785714285714285,1.0,8.469142857142856
548370,MM Patel,Mumbai Indians,1,24,17,4.25,1.0,8.167142857142858
597999,MM Patel,Mumbai Indians,0,24,41,10.25,0.8,9.065142857142856
598002,MM Patel,Mumbai Indians,3,25,29,6.959999999999999,1.4,8.249142857142857
598024,MM Patel,Mumbai Indians,0,24,36,9.0,1.2,8.449142857142856
598070,MM Patel,Mumbai Indians,0,18,32,10.666666666666666,0.8,8.225333333333333
1082606,MM Patel,Gujarat Lions,1,24,36,9.0,0.8,9.175333333333333
1082643,MM Patel,Gujarat Lions,0,18,22,7.333333333333333,0.8,8.592
598030,MM Sharma,Chennai Super Kings,2,24,33,8.25,1.2,6.316666666666666
598034,MM Sharma,Chennai Super Kings,1,24,24,6.0,1.4,6.216666666666667
598038,MM Sharma,Chennai Super Kings,3,25,21,5.04,1.4,6.624666666666667
598041,MM Sharma,Chennai Super Kings,2,24,31,7.75,1.6,7.308
598046,MM Sharma,Chennai Super Kings,0,25,20,4.8,1.6,6.368
598051,MM Sharma,Chennai Super Kings,2,25,28,6.72,1.6,6.061999999999999
598058,MM Sharma,Chennai Super Kings,1,24,21,5.25,1.6,5.912
598062,MM Sharma,Chennai Super Kings,2,25,22,5.279999999999999,1.4,5.96
598068,MM Sharma,Chennai Super Kings,1,7,14,12.0,1.2,6.81
598070,MM Sharma,Chennai Super Kings,2,22,32,8.727272727272728,1.6,7.595454545454546
598073,MM Sharma,Chennai Super Kings,1,24,26,6.5,1.4,7.551454545454545
729283,MM Sharma,Chennai Super Kings,0,17,35,12.352941176470587,1.2,8.972042780748662
729293,MM Sharma,Chennai Super Kings,1,18,17,5.666666666666667,1.0,9.049376114081998
729297,MM Sharma,Chennai Super Kings,1,12,13,6.5,1.0,7.949376114081997
729303,MM Sharma,Chennai Super Kings,5,24,14,3.5,1.6,6.903921568627451
729311,MM Sharma,Chennai Super Kings,2,24,28,7.0,1.8,7.003921568627452
733971,MM Sharma,Chennai Super Kings,3,18,22,7.333333333333333,2.4,6.0
733981,MM Sharma,Chennai Super Kings,2,24,51,12.75,2.6,7.416666666666667
733987,MM Sharma,Chennai Super Kings,2,24,39,9.75,2.8,8.066666666666666
733995,MM Sharma,Chennai Super Kings,1,24,26,6.5,2.0,8.666666666666668
734003,MM Sharma,Chennai Super Kings,3,24,32,8.0,2.2,8.866666666666667
734013,MM Sharma,Chennai Super Kings,0,12,14,7.0,1.6,8.8
734023,MM Sharma,Chennai Super Kings,0,18,29,9.666666666666666,1.2,8.183333333333334
734029,MM Sharma,Chennai Super Kings,0,18,33,11.0,0.8,8.433333333333334
734035,MM Sharma,Chennai Super Kings,1,18,16,5.333333333333333,0.8,8.2
734045,MM Sharma,Chennai Super Kings,3,24,42,10.5,0.8,8.7
734047,MM Sharma,Chennai Super Kings,2,25,46,11.04,1.2,9.508
829707,MM Sharma,Chennai Super Kings,1,25,33,7.919999999999999,1.4,9.158666666666665
829711,MM Sharma,Chennai Super Kings,2,24,36,9.0,1.8,8.758666666666667
829723,MM Sharma,Chennai Super Kings,1,24,22,5.5,1.8,8.791999999999998
829729,MM Sharma,Chennai Super Kings,1,24,43,10.75,1.4,8.841999999999999
829735,MM Sharma,Chennai Super Kings,0,24,33,8.25,1.0,8.284
829745,MM Sharma,Chennai Super Kings,0,24,39,9.75,0.8,8.65
829753,MM Sharma,Chennai Super Kings,1,18,10,3.3333333333333335,0.6,7.5166666666666675
829765,MM Sharma,Chennai Super Kings,1,19,24,7.578947368421053,0.6,7.932456140350877
829773,MM Sharma,Chennai Super Kings,0,25,58,13.919999999999998,0.4,8.566456140350876
829779,MM Sharma,Chennai Super Kings,2,24,29,7.25,0.8,8.366456140350877
829789,MM Sharma,Chennai Super Kings,0,12,19,9.5,0.8,8.316456140350876
829797,MM Sharma,Chennai Super Kings,3,26,25,5.76923076923077,1.2,8.803635627530364
829801,MM Sharma,Chennai Super Kings,0,12,17,8.5,1.0,8.987846153846153
829817,MM Sharma,Chennai Super Kings,1,21,33,9.428571428571429,1.2,8.08956043956044
829821,MM Sharma,Chennai Super Kings,1,24,23,5.75,1.0,7.789560439560439
829823,MM Sharma,Chennai Super Kings,1,24,38,9.5,1.2,7.789560439560439
980905,MM Sharma,Kings XI Punjab,0,16,24,9.0,0.6,8.435714285714287
980913,MM Sharma,Kings XI Punjab,0,13,11,5.0769230769230775,0.6,7.751098901098902
980919,MM Sharma,Kings XI Punjab,4,24,24,6.0,1.2,7.065384615384616
980925,MM Sharma,Kings XI Punjab,0,20,29,8.7,1.0,7.655384615384617
980935,MM Sharma,Kings XI Punjab,2,21,20,5.714285714285714,1.2,6.898241758241758
980941,MM Sharma,Kings XI Punjab,3,26,38,8.76923076923077,1.8,6.852087912087913
980955,MM Sharma,Kings XI Punjab,3,24,32,8.0,2.4,7.436703296703297
980963,MM Sharma,Kings XI Punjab,1,24,39,9.75,1.8,8.186703296703296
980971,MM Sharma,Kings XI Punjab,0,24,21,5.25,1.8,7.496703296703297
980977,MM Sharma,Kings XI Punjab,0,21,33,9.428571428571429,1.4,8.239560439560439
980985,MM Sharma,Kings XI Punjab,2,25,26,6.239999999999999,1.2,7.733714285714287
980991,MM Sharma,Kings XI Punjab,0,23,41,10.695652173913043,0.6,8.272844720496895
980999,MM Sharma,Kings XI Punjab,0,18,33,11.0,0.4,8.522844720496895
981005,MM Sharma,Kings XI Punjab,1,25,39,9.36,0.6,9.344844720496894
1082594,MM Sharma,Kings XI Punjab,0,24,34,8.5,0.6,9.159130434782607
1082598,MM Sharma,Kings XI Punjab,0,24,47,11.75,0.2,10.26113043478261
1082601,MM Sharma,Kings XI Punjab,0,18,30,10.0,0.2,10.122
1082605,MM Sharma,Kings XI Punjab,1,25,37,8.879999999999999,0.4,9.697999999999999
1082609,MM Sharma,Kings XI Punjab,2,24,25,6.25,0.6,9.075999999999999
1082612,MM Sharma,Kings XI Punjab,1,16,29,10.875,0.8,9.550999999999998
1082616,MM Sharma,Kings XI Punjab,1,25,27,6.4799999999999995,1.0,8.497
1082623,MM Sharma,Kings XI Punjab,1,18,34,11.333333333333334,1.2,8.763666666666666
1082626,MM Sharma,Kings XI Punjab,1,7,3,2.571428571428571,1.2,7.501952380952382
1082633,MM Sharma,Kings XI Punjab,2,24,24,6.0,1.2,7.45195238095238
1082637,MM Sharma,Kings XI Punjab,0,24,35,8.75,1.0,7.02695238095238
1082639,MM Sharma,Kings XI Punjab,2,18,24,8.0,1.2,7.330952380952381
1082641,MM Sharma,Kings XI Punjab,2,24,57,14.25,1.4,7.914285714285714
1082645,MM Sharma,Kings XI Punjab,0,6,6,6.0,1.2,8.6
1136562,MM Sharma,Kings XI Punjab,2,24,34,8.5,1.2,9.1
1136568,MM Sharma,Kings XI Punjab,0,21,45,12.857142857142858,1.2,9.921428571428573
1136572,MM Sharma,Kings XI Punjab,1,25,47,11.28,1.0,10.577428571428573
1136576,MM Sharma,Kings XI Punjab,2,25,52,12.479999999999999,1.0,10.223428571428572
1136600,MM Sharma,Kings XI Punjab,0,20,29,8.7,1.0,10.763428571428571
1136604,MM Sharma,Kings XI Punjab,1,25,40,9.6,0.8,10.983428571428572
1136608,MM Sharma,Kings XI Punjab,0,6,15,15.0,0.8,11.411999999999999
1136610,MM Sharma,Kings XI Punjab,0,20,38,11.4,0.6,11.436
1136616,MM Sharma,Kings XI Punjab,1,20,28,8.4,0.4,10.62
1175370,MM Sharma,Chennai Super Kings,1,18,27,9.0,0.6,10.680000000000001
1216493,MM Sharma,Delhi Capitals,1,25,45,10.799999999999999,0.6,10.92
1359492,MM Sharma,Gujarat Titans,2,24,18,4.5,1.0,8.82
1359497,MM Sharma,Gujarat Titans,0,12,7,3.5,1.0,7.24
1359504,MM Sharma,Gujarat Titans,4,18,17,5.666666666666667,1.6,6.693333333333333
1359509,MM Sharma,Gujarat Titans,3,24,38,9.5,2.0,6.793333333333334
1359513,MM Sharma,Gujarat Titans,0,6,12,12.0,1.8,7.033333333333334
1359518,MM Sharma,Gujarat Titans,2,24,33,8.25,1.8,7.783333333333334
1359522,MM Sharma,Gujarat Titans,1,5,5,6.0,2.0,8.283333333333335
1359525,MM Sharma,Gujarat Titans,4,25,29,6.959999999999999,2.0,8.541999999999998
1359531,MM Sharma,Gujarat Titans,1,24,43,10.75,1.6,8.791999999999998
1359536,MM Sharma,Gujarat Titans,4,24,28,7.0,2.4,7.792
1359544,MM Sharma,Gujarat Titans,0,26,54,12.461538461538462,2.0,8.634307692307692
1370350,MM Sharma,Gujarat Titans,2,24,31,7.75,2.2,8.984307692307691
1370352,MM Sharma,Gujarat Titans,5,14,11,4.714285714285714,2.4,8.535164835164835
1370353,MM Sharma,Gujarat Titans,3,18,36,12.0,2.8,8.785164835164835
1422123,MM Sharma,Gujarat Titans,2,25,32,7.68,2.4,8.921164835164834
1422125,MM Sharma,Gujarat Titans,2,25,36,8.639999999999999,2.8,8.156857142857143
1422130,MM Sharma,Gujarat Titans,4,24,25,6.25,3.2,7.856857142857143
1422135,MM Sharma,Gujarat Titans,1,24,40,10.0,2.4,8.914
1422139,MM Sharma,Gujarat Titans,0,18,34,11.333333333333334,1.8,8.780666666666667
1426262,MM Sharma,Gujarat Titans,1,28,51,10.928571428571427,1.6,9.430380952380952
1426275,MM Sharma,Gujarat Titans,3,25,33,7.919999999999999,1.8,9.286380952380952
1426278,MM Sharma,Gujarat Titans,0,25,73,17.52,1.0,11.540380952380952
1426283,MM Sharma,Gujarat Titans,0,13,41,18.923076923076923,0.8,13.324996336996335
1426290,MM Sharma,Gujarat Titans,0,12,32,16.0,0.8,14.258329670329669
1426297,MM Sharma,Gujarat Titans,3,26,31,7.153846153846154,1.2,13.503384615384615
548327,MN Samuels,Pune Warriors,1,12,5,2.5,0.8,5.5707272727272725
548330,MN Samuels,Pune Warriors,3,24,39,9.75,1.2,6.464727272727272
548341,MN Samuels,Pune Warriors,1,26,39,9.0,1.0,7.114727272727272
548348,MN Samuels,Pune Warriors,1,18,33,11.0,1.2,7.841999999999999
598000,MN Samuels,Pune Warriors,1,25,34,8.16,1.4,8.081999999999999
1082632,MN Samuels,Delhi Daredevils,0,12,22,11.0,1.2,9.782
1082642,MN Samuels,Delhi Daredevils,0,6,12,12.0,0.6,10.232
980977,MP Stoinis,Kings XI Punjab,0,18,35,11.666666666666666,1.0,9.982666666666667
980985,MP Stoinis,Kings XI Punjab,4,24,21,5.25,1.6,8.332666666666666
980991,MP Stoinis,Kings XI Punjab,0,19,28,8.842105263157896,1.4,8.901087719298246
1082594,MP Stoinis,Kings XI Punjab,1,21,28,8.0,1.6,8.767754385964912
1082598,MP Stoinis,Kings XI Punjab,0,19,28,8.842105263157896,1.0,8.520175438596493
1082601,MP Stoinis,Kings XI Punjab,0,9,15,10.0,1.0,8.186842105263157
1082612,MP Stoinis,Kings XI Punjab,1,13,28,12.923076923076923,0.4,9.721457489878542
1082616,MP Stoinis,Kings XI Punjab,0,7,12,10.285714285714285,0.4,10.010179294389822
1136562,MP Stoinis,Kings XI Punjab,0,6,7,7.0,0.2,9.81017929438982
1136594,MP Stoinis,Kings XI Punjab,1,18,37,12.333333333333334,0.4,10.508424908424908
1136598,MP Stoinis,Kings XI Punjab,0,6,6,6.0,0.4,9.708424908424908
1136600,MP Stoinis,Kings XI Punjab,1,12,15,7.5,0.4,8.623809523809523
1136608,MP Stoinis,Kings XI Punjab,0,6,13,13.0,0.4,9.166666666666666
1136610,MP Stoinis,Kings XI Punjab,1,18,43,14.333333333333334,0.6,10.633333333333333
1175369,MP Stoinis,Royal Challengers Bangalore,0,18,28,9.333333333333334,0.4,10.033333333333333
1175372,MP Stoinis,Royal Challengers Bangalore,0,11,28,15.272727272727273,0.4,11.887878787878789
1178410,MP Stoinis,Royal Challengers Bangalore,1,25,32,7.68,0.4,11.923878787878788
1178414,MP Stoinis,Royal Challengers Bangalore,0,19,22,6.947368421052632,0.4,10.713352472089316
1178417,MP Stoinis,Royal Challengers Bangalore,1,12,13,6.5,0.4,9.146685805422647
1178421,MP Stoinis,Royal Challengers Bangalore,0,18,24,8.0,0.4,8.88001913875598
1216493,MP Stoinis,Delhi Capitals,2,18,30,10.0,0.8,7.825473684210526
1216497,MP Stoinis,Delhi Capitals,2,26,42,9.692307692307693,1.0,8.227935222672064
1216500,MP Stoinis,Delhi Capitals,2,13,17,7.846153846153847,1.4,8.407692307692308
1216509,MP Stoinis,Delhi Capitals,0,6,10,10.0,1.2,9.107692307692307
1216515,MP Stoinis,Delhi Capitals,1,25,47,11.28,1.4,9.763692307692308
1216524,MP Stoinis,Delhi Capitals,0,12,15,7.5,1.0,9.263692307692308
1216529,MP Stoinis,Delhi Capitals,1,16,31,11.625,0.8,9.65023076923077
1216532,MP Stoinis,Delhi Capitals,0,18,23,7.666666666666667,0.4,9.614333333333333
1216535,MP Stoinis,Delhi Capitals,0,6,4,4.0,0.4,8.414333333333333
1216546,MP Stoinis,Delhi Capitals,0,7,14,12.0,0.2,8.558333333333334
1237177,MP Stoinis,Delhi Capitals,1,6,5,5.0,0.4,8.058333333333334
1237180,MP Stoinis,Delhi Capitals,3,19,26,8.210526315789474,0.8,7.375438596491229
1237181,MP Stoinis,Delhi Capitals,1,12,23,11.5,1.0,8.142105263157895
1254059,MP Stoinis,Delhi Capitals,0,13,31,14.307692307692308,1.0,10.203643724696358
1254064,MP Stoinis,Delhi Capitals,0,6,15,15.0,1.0,10.803643724696357
1254070,MP Stoinis,Delhi Capitals,1,18,20,6.666666666666667,1.0,11.13697705802969
1254077,MP Stoinis,Delhi Capitals,0,6,12,12.0,0.4,11.894871794871795
1254079,MP Stoinis,Delhi Capitals,0,7,23,19.71428571428571,0.2,13.537728937728938
1254082,MP Stoinis,Delhi Capitals,1,6,8,8.0,0.4,12.276190476190475
1254086,MP Stoinis,Delhi Capitals,0,6,6,6.0,0.4,10.476190476190476
1254105,MP Stoinis,Delhi Capitals,0,7,9,7.7142857142857135,0.2,10.685714285714285
1304072,MP Stoinis,Lucknow Super Giants,1,12,13,6.5,0.4,9.585714285714285
1304077,MP Stoinis,Lucknow Super Giants,0,7,14,12.0,0.4,8.042857142857143
1304091,MP Stoinis,Lucknow Super Giants,0,7,14,12.0,0.2,8.842857142857143
1304109,MP Stoinis,Lucknow Super Giants,0,6,15,15.0,0.2,10.642857142857142
1304112,MP Stoinis,Lucknow Super Giants,3,12,23,11.5,0.8,11.4
1359500,MP Stoinis,Lucknow Super Giants,2,24,28,7.0,1.0,11.5
1359504,MP Stoinis,Lucknow Super Giants,2,18,20,6.666666666666667,1.4,10.433333333333334
1359512,MP Stoinis,Lucknow Super Giants,1,15,22,8.8,1.6,9.793333333333333
1359517,MP Stoinis,Lucknow Super Giants,0,6,11,11.0,1.6,8.993333333333334
1359525,MP Stoinis,Lucknow Super Giants,0,6,20,20.0,1.0,10.693333333333333
1422133,MP Stoinis,Lucknow Super Giants,1,7,9,7.7142857142857135,0.8,10.836190476190476
1426264,MP Stoinis,Lucknow Super Giants,0,6,10,10.0,0.4,11.502857142857142
1426272,MP Stoinis,Lucknow Super Giants,1,12,7,3.5,0.4,10.442857142857141
1426277,MP Stoinis,Lucknow Super Giants,1,25,50,12.0,0.6,10.642857142857142
1426282,MP Stoinis,Lucknow Super Giants,1,6,3,3.0,0.8,7.242857142857142
1426286,MP Stoinis,Lucknow Super Giants,1,19,19,6.0,0.8,6.9
1426292,MP Stoinis,Lucknow Super Giants,0,12,29,14.5,0.8,7.8
501248,MR Marsh,Pune Warriors,2,24,27,6.75,0.8,8.192735042735043
501250,MR Marsh,Pune Warriors,4,24,25,6.25,1.4,7.753846153846155
501259,MR Marsh,Pune Warriors,0,19,30,9.473684210526317,1.4,8.048582995951417
501265,MR Marsh,Pune Warriors,1,13,11,5.0769230769230775,1.4,7.310121457489879
598003,MR Marsh,Pune Warriors,0,22,24,6.545454545454546,1.4,6.819212366580788
598009,MR Marsh,Pune Warriors,0,6,11,11.0,1.0,7.669212366580789
598011,MR Marsh,Pune Warriors,1,13,24,11.076923076923078,0.4,8.634596981965403
598015,MR Marsh,Pune Warriors,2,25,35,8.399999999999999,0.8,8.41986013986014
598018,MR Marsh,Pune Warriors,1,25,26,6.239999999999999,0.8,8.652475524475523
598027,MR Marsh,Pune Warriors,1,19,57,18.0,1.0,10.943384615384616
598053,MR Marsh,Pune Warriors,2,12,7,3.5,1.4,9.443384615384616
980901,MR Marsh,Rising Pune Supergiants,2,25,21,5.04,1.6,8.236
980911,MR Marsh,Rising Pune Supergiants,0,6,10,10.0,1.2,8.556000000000001
980943,MR Marsh,Rising Pune Supergiants,2,24,14,3.5,1.4,8.008
1216534,MR Marsh,Sunrisers Hyderabad,0,4,6,9.0,1.2,6.208
1304096,MR Marsh,Delhi Capitals,1,25,36,8.639999999999999,1.0,7.236
1304101,MR Marsh,Delhi Capitals,1,21,34,9.714285714285714,0.8,8.170857142857141
1304104,MR Marsh,Delhi Capitals,2,18,25,8.333333333333334,1.2,7.837523809523809
1304115,MR Marsh,Delhi Capitals,0,12,7,3.5,0.8,7.837523809523809
1359481,MR Marsh,Delhi Capitals,1,20,24,7.199999999999999,1.0,7.4775238095238095
1359494,MR Marsh,Delhi Capitals,2,12,19,9.5,1.2,7.649523809523809
1359502,MR Marsh,Delhi Capitals,0,14,25,10.714285714285714,1.0,7.849523809523809
1359508,MR Marsh,Delhi Capitals,0,13,16,7.384615384615385,0.6,7.659780219780219
1359514,MR Marsh,Delhi Capitals,4,26,27,6.230769230769231,1.4,8.205934065934064
1359524,MR Marsh,Delhi Capitals,2,19,21,6.631578947368421,1.6,8.09224985540775
1359529,MR Marsh,Delhi Capitals,3,21,19,5.428571428571429,1.8,7.277964141122037
1359533,MR Marsh,Delhi Capitals,0,7,21,18.0,1.8,8.735106998264893
1422120,MR Marsh,Delhi Capitals,0,25,52,12.479999999999999,1.8,9.754183921341816
1422131,MR Marsh,Delhi Capitals,0,7,14,12.0,1.0,10.90803007518797
1422134,MR Marsh,Delhi Capitals,1,22,37,10.090909090909092,0.8,11.599896103896103
336001,MS Gony,Chennai Super Kings,1,25,39,9.36,1.6,8.580615384615385
336005,MS Gony,Chennai Super Kings,0,18,26,8.666666666666666,1.4,8.329333333333334
336007,MS Gony,Chennai Super Kings,1,18,15,5.0,1.4,8.225333333333333
336009,MS Gony,Chennai Super Kings,1,25,37,8.879999999999999,1.2,8.081333333333333
336013,MS Gony,Chennai Super Kings,1,24,38,9.5,0.8,8.281333333333333
336018,MS Gony,Chennai Super Kings,0,21,31,8.857142857142858,0.6,8.180761904761905
336025,MS Gony,Chennai Super Kings,0,24,18,4.5,0.6,7.347428571428571
336029,MS Gony,Chennai Super Kings,2,25,13,3.1199999999999997,0.8,6.971428571428571
336033,MS Gony,Chennai Super Kings,0,18,32,10.666666666666666,0.6,7.328761904761905
336037,MS Gony,Chennai Super Kings,1,24,23,5.75,0.6,6.578761904761905
336039,MS Gony,Chennai Super Kings,3,25,14,3.36,1.2,5.479333333333333
336040,MS Gony,Chennai Super Kings,1,24,30,7.5,1.4,6.079333333333333
392181,MS Gony,Chennai Super Kings,2,25,32,7.68,1.4,6.9913333333333325
392185,MS Gony,Chennai Super Kings,1,20,25,7.5,1.6,6.358
392189,MS Gony,Chennai Super Kings,1,24,45,11.25,1.6,7.458
392196,MS Gony,Chennai Super Kings,0,7,20,17.142857142857142,1.0,10.214571428571428
392214,MS Gony,Chennai Super Kings,0,6,19,19.0,0.8,12.51457142857143
392234,MS Gony,Chennai Super Kings,0,12,9,4.5,0.4,11.878571428571428
392238,MS Gony,Chennai Super Kings,1,13,23,10.615384615384617,0.4,12.501648351648353
419113,MS Gony,Chennai Super Kings,1,18,33,11.0,0.4,12.451648351648352
419121,MS Gony,Chennai Super Kings,0,12,20,10.0,0.4,11.023076923076923
419133,MS Gony,Chennai Super Kings,0,21,39,11.142857142857142,0.4,9.45164835164835
501208,MS Gony,Deccan Chargers,3,24,31,7.75,1.0,10.10164835164835
501212,MS Gony,Deccan Chargers,0,13,36,16.615384615384617,0.8,11.301648351648351
501229,MS Gony,Deccan Chargers,1,18,19,6.333333333333333,0.8,10.36831501831502
548311,MS Gony,Deccan Chargers,0,25,55,13.2,0.8,11.008315018315018
548329,MS Gony,Deccan Chargers,0,25,30,7.199999999999999,0.8,10.21974358974359
548341,MS Gony,Deccan Chargers,2,25,28,6.72,0.6,10.013743589743589
548366,MS Gony,Deccan Chargers,1,25,40,9.6,0.8,8.610666666666665
548373,MS Gony,Deccan Chargers,1,25,26,6.239999999999999,0.8,8.591999999999999
548376,MS Gony,Deccan Chargers,0,26,38,8.76923076923077,0.8,7.705846153846153
598016,MS Gony,Kings XI Punjab,1,26,18,4.153846153846154,1.0,7.096615384615385
598021,MS Gony,Kings XI Punjab,2,24,29,7.25,1.0,7.202615384615385
598025,MS Gony,Kings XI Punjab,1,24,32,8.0,1.0,6.882615384615384
598037,MS Gony,Kings XI Punjab,1,26,43,9.923076923076923,1.0,7.61923076923077
598041,MS Gony,Kings XI Punjab,0,12,29,14.5,1.0,8.765384615384615
598045,MS Gony,Kings XI Punjab,0,27,47,10.444444444444445,0.8,10.023504273504274
598052,MS Gony,Kings XI Punjab,0,12,22,11.0,0.4,10.773504273504274
598064,MS Gony,Kings XI Punjab,2,24,41,10.25,0.6,11.223504273504274
1082593,MS Gony,Gujarat Lions,0,15,32,12.8,0.4,11.798888888888888
1422124,Mayank Dagar,Royal Challengers Bengaluru,0,18,34,11.333333333333334,0.2,7.366666666666667
1422128,Mayank Dagar,Royal Challengers Bengaluru,1,17,25,8.823529411764705,0.4,7.731372549019608
1422133,Mayank Dagar,Royal Challengers Bengaluru,0,13,23,10.615384615384617,0.4,8.60444947209653
1422137,Mayank Dagar,Royal Challengers Bengaluru,0,12,34,17.0,0.2,10.15444947209653
336004,Mohammad Asif,Delhi Daredevils,1,27,46,10.222222222222221,1.2,9.046444444444443
336009,Mohammad Asif,Delhi Daredevils,1,24,35,8.75,1.0,9.796444444444443
336020,Mohammad Asif,Delhi Daredevils,0,26,51,11.76923076923077,0.6,10.230290598290598
336038,Mohammad Asif,Delhi Daredevils,2,24,32,8.0,1.0,9.380290598290598
1136585,Mohammad Nabi,Sunrisers Hyderabad,0,12,24,12.0,0.6,7.1833333333333345
1175366,Mohammad Nabi,Sunrisers Hyderabad,4,24,15,3.75,1.2,6.533333333333334
1175371,Mohammad Nabi,Sunrisers Hyderabad,2,24,23,5.75,1.4,7.033333333333334
1178394,Mohammad Nabi,Sunrisers Hyderabad,1,24,13,3.25,1.6,6.483333333333334
1178397,Mohammad Nabi,Sunrisers Hyderabad,0,23,43,11.217391304347826,1.4,7.193478260869566
1178423,Mohammad Nabi,Sunrisers Hyderabad,0,18,28,9.333333333333334,1.4,6.660144927536232
1178426,Mohammad Nabi,Sunrisers Hyderabad,1,24,24,6.0,0.8,7.110144927536231
1178429,Mohammad Nabi,Sunrisers Hyderabad,0,14,26,11.142857142857142,0.4,8.18871635610766
1181766,Mohammad Nabi,Sunrisers Hyderabad,0,24,29,7.25,0.2,8.98871635610766
1216545,Mohammad Nabi,Sunrisers Hyderabad,0,26,24,5.538461538461539,0.2,7.852930402930403
1254060,Mohammad Nabi,Sunrisers Hyderabad,2,24,32,8.0,0.6,7.586263736263736
1254085,Mohammad Nabi,Sunrisers Hyderabad,0,6,21,21.0,0.4,10.586263736263737
1254088,Mohammad Nabi,Sunrisers Hyderabad,0,18,33,11.0,0.4,10.55769230769231
1422138,Mohammad Nabi,Mumbai Indians,0,12,17,8.5,0.4,10.80769230769231
1426263,Mohammad Nabi,Mumbai Indians,0,6,7,7.0,0.4,11.1
1426267,Mohammad Nabi,Mumbai Indians,0,18,19,6.333333333333333,0.0,10.766666666666667
1426276,Mohammad Nabi,Mumbai Indians,0,18,31,10.333333333333334,0.0,8.633333333333333
1426281,Mohammad Nabi,Mumbai Indians,1,12,20,10.0,0.2,8.433333333333334
1426286,Mohammad Nabi,Mumbai Indians,1,8,16,12.0,0.4,9.133333333333335
729289,Mohammed Shami,Delhi Daredevils,1,29,34,7.03448275862069,0.6,7.914588859416446
729293,Mohammed Shami,Delhi Daredevils,2,25,45,10.799999999999999,1.0,8.274588859416445
729301,Mohammed Shami,Delhi Daredevils,0,25,38,9.12,1.0,8.252435013262598
729309,Mohammed Shami,Delhi Daredevils,2,24,37,9.25,1.2,8.625511936339521
733975,Mohammed Shami,Delhi Daredevils,1,24,22,5.5,1.2,8.340896551724137
733981,Mohammed Shami,Delhi Daredevils,0,25,43,10.319999999999999,1.0,8.998
733985,Mohammed Shami,Delhi Daredevils,0,24,23,5.75,0.6,7.9879999999999995
733993,Mohammed Shami,Delhi Daredevils,0,7,10,8.571428571428571,0.6,7.878285714285714
734005,Mohammed Shami,Delhi Daredevils,1,25,31,7.4399999999999995,0.4,7.516285714285713
734019,Mohammed Shami,Delhi Daredevils,1,27,41,9.11111111111111,0.4,8.238507936507936
734039,Mohammed Shami,Delhi Daredevils,1,20,27,8.1,0.6,7.7945079365079355
980921,Mohammed Shami,Delhi Daredevils,3,25,36,8.639999999999999,1.2,8.372507936507935
980933,Mohammed Shami,Delhi Daredevils,1,18,24,8.0,1.4,8.258222222222221
980951,Mohammed Shami,Delhi Daredevils,0,25,34,8.16,1.2,8.402222222222223
980961,Mohammed Shami,Delhi Daredevils,2,24,33,8.25,1.4,8.23
980965,Mohammed Shami,Delhi Daredevils,0,21,50,14.285714285714286,1.2,9.467142857142857
980971,Mohammed Shami,Delhi Daredevils,1,19,34,10.736842105263158,0.8,9.886511278195488
980983,Mohammed Shami,Delhi Daredevils,1,18,28,9.333333333333334,0.8,10.153177944862156
980997,Mohammed Shami,Delhi Daredevils,0,6,13,13.0,0.8,11.121177944862156
1082608,Mohammed Shami,Delhi Daredevils,0,20,28,8.4,0.4,11.151177944862155
1082626,Mohammed Shami,Delhi Daredevils,0,13,19,8.76923076923077,0.4,10.047881241565452
1082630,Mohammed Shami,Delhi Daredevils,2,25,40,9.6,0.6,9.820512820512821
1082632,Mohammed Shami,Delhi Daredevils,1,18,40,13.333333333333334,0.6,10.62051282051282
1082635,Mohammed Shami,Delhi Daredevils,0,12,16,8.0,0.6,9.62051282051282
1082640,Mohammed Shami,Delhi Daredevils,2,26,37,8.538461538461538,1.0,9.648205128205129
1082642,Mohammed Shami,Delhi Daredevils,2,26,37,8.538461538461538,1.4,9.602051282051281
1082646,Mohammed Shami,Delhi Daredevils,1,25,31,7.4399999999999995,1.2,9.170051282051283
1136562,Mohammed Shami,Delhi Daredevils,0,12,26,13.0,1.0,9.103384615384616
1136566,Mohammed Shami,Delhi Daredevils,1,24,29,7.25,1.2,8.953384615384616
1136569,Mohammed Shami,Delhi Daredevils,1,24,36,9.0,1.0,9.045692307692308
1136573,Mohammed Shami,Delhi Daredevils,1,25,53,12.719999999999999,0.8,9.882
1175359,Mohammed Shami,Kings XI Punjab,1,24,33,8.25,0.8,10.044
1175361,Mohammed Shami,Kings XI Punjab,1,25,44,10.559999999999999,1.0,9.556
1175364,Mohammed Shami,Kings XI Punjab,2,25,43,10.319999999999999,1.2,10.169999999999998
1175368,Mohammed Shami,Kings XI Punjab,3,24,27,6.75,1.6,9.719999999999999
1178393,Mohammed Shami,Kings XI Punjab,0,25,41,9.84,1.4,9.144
1178397,Mohammed Shami,Kings XI Punjab,1,24,30,7.5,1.4,8.994
1178399,Mohammed Shami,Kings XI Punjab,3,26,21,4.846153846153847,1.8,7.85123076923077
1178403,Mohammed Shami,Kings XI Punjab,1,24,43,10.75,1.6,7.937230769230768
1178407,Mohammed Shami,Kings XI Punjab,2,24,46,11.5,1.4,8.887230769230769
1178412,Mohammed Shami,Kings XI Punjab,2,24,22,5.5,1.8,8.019230769230768
1178417,Mohammed Shami,Kings XI Punjab,1,25,57,13.68,1.8,9.255230769230769
1178423,Mohammed Shami,Kings XI Punjab,2,25,36,8.639999999999999,1.6,10.014
1178427,Mohammed Shami,Kings XI Punjab,1,18,16,5.333333333333333,1.6,8.930666666666665
1178430,Mohammed Shami,Kings XI Punjab,2,18,18,6.0,1.6,7.8306666666666676
1216493,Mohammed Shami,Kings XI Punjab,4,29,19,3.931034482758621,2.0,7.516873563218391
1216498,Mohammed Shami,Kings XI Punjab,1,25,34,8.16,2.0,6.41287356321839
1216503,Mohammed Shami,Kings XI Punjab,1,26,36,8.307692307692308,1.8,6.346412024756852
1216506,Mohammed Shami,Kings XI Punjab,0,25,33,7.919999999999999,1.6,6.863745358090185
1216510,Mohammed Shami,Kings XI Punjab,1,18,15,5.0,1.4,6.663745358090185
1216513,Mohammed Shami,Kings XI Punjab,0,24,35,8.75,0.6,7.627538461538461
1216517,Mohammed Shami,Kings XI Punjab,3,30,35,7.0,1.0,7.395538461538462
1216520,Mohammed Shami,Kings XI Punjab,3,24,36,9.0,1.4,7.534000000000001
1216523,Mohammed Shami,Kings XI Punjab,2,24,32,8.0,1.8,7.55
1216527,Mohammed Shami,Kings XI Punjab,3,25,53,12.719999999999999,2.2,9.094
1216531,Mohammed Shami,Kings XI Punjab,2,24,49,12.25,2.6,9.794
1216537,Mohammed Shami,Kings XI Punjab,0,18,37,12.333333333333334,2.0,10.860666666666667
1216542,Mohammed Shami,Kings XI Punjab,1,24,40,10.0,1.6,11.060666666666666
1216546,Mohammed Shami,Kings XI Punjab,2,26,28,6.461538461538462,1.6,10.75297435897436
1254061,Mohammed Shami,Punjab Kings,2,26,33,7.615384615384616,1.4,9.732051282051282
1254065,Mohammed Shami,Punjab Kings,2,24,21,5.25,1.4,8.332051282051282
1254068,Mohammed Shami,Punjab Kings,0,26,53,12.230769230769232,1.4,8.311538461538461
1254071,Mohammed Shami,Punjab Kings,0,12,16,8.0,1.2,7.911538461538461
1254074,Mohammed Shami,Punjab Kings,2,24,21,5.25,1.2,7.6692307692307695
1254078,Mohammed Shami,Punjab Kings,1,25,25,6.0,1.0,7.346153846153845
1254083,Mohammed Shami,Punjab Kings,1,22,30,8.181818181818182,0.8,7.932517482517483
1254086,Mohammed Shami,Punjab Kings,0,18,38,12.666666666666666,0.8,8.01969696969697
1254090,Mohammed Shami,Punjab Kings,3,24,39,9.75,1.4,8.36969696969697
1254094,Mohammed Shami,Punjab Kings,1,25,22,5.279999999999999,1.2,8.37569696969697
1254099,Mohammed Shami,Punjab Kings,1,24,42,10.5,1.2,9.27569696969697
1254102,Mohammed Shami,Punjab Kings,2,25,25,6.0,1.4,8.839333333333332
1254107,Mohammed Shami,Punjab Kings,2,24,14,3.5,1.8,7.006
1254111,Mohammed Shami,Punjab Kings,3,24,21,5.25,1.8,6.106
1304050,Mohammed Shami,Gujarat Titans,3,24,25,6.25,2.2,6.3
1304056,Mohammed Shami,Gujarat Titans,2,24,30,7.5,2.4,5.7
1304062,Mohammed Shami,Gujarat Titans,1,24,36,9.0,2.2,6.3
1304067,Mohammed Shami,Gujarat Titans,0,24,32,8.0,1.8,7.2
1304070,Mohammed Shami,Gujarat Titans,1,24,39,9.75,1.4,8.1
1304075,Mohammed Shami,Gujarat Titans,1,26,20,4.615384615384616,1.0,7.773076923076923
1304081,Mohammed Shami,Gujarat Titans,2,25,20,4.8,1.0,7.233076923076922
1304086,Mohammed Shami,Gujarat Titans,3,26,39,9.0,1.4,7.233076923076922
1304089,Mohammed Shami,Gujarat Titans,1,25,41,9.84,1.6,7.601076923076922
1304094,Mohammed Shami,Gujarat Titans,1,24,43,10.75,1.6,7.801076923076923
1304097,Mohammed Shami,Gujarat Titans,0,26,42,9.692307692307693,1.4,8.816461538461539
1304103,Mohammed Shami,Gujarat Titans,1,19,5,1.5789473684210527,1.2,8.17225101214575
1304108,Mohammed Shami,Gujarat Titans,2,24,19,4.75,1.0,7.322251012145749
1304113,Mohammed Shami,Gujarat Titans,0,13,23,10.615384615384617,0.8,7.4773279352226725
1312197,Mohammed Shami,Gujarat Titans,1,26,43,9.923076923076923,0.8,7.311943319838058
1312200,Mohammed Shami,Gujarat Titans,2,24,34,8.5,1.2,7.073481781376519
1359475,Mohammed Shami,Gujarat Titans,2,25,30,7.199999999999999,1.4,8.197692307692307
1359481,Mohammed Shami,Gujarat Titans,3,28,41,8.785714285714285,1.6,9.004835164835164
1359487,Mohammed Shami,Gujarat Titans,1,24,28,7.0,1.8,8.281758241758242
1359492,Mohammed Shami,Gujarat Titans,1,25,44,10.559999999999999,1.8,8.409142857142857
1359497,Mohammed Shami,Gujarat Titans,3,25,26,6.239999999999999,2.0,7.9571428571428555
1359504,Mohammed Shami,Gujarat Titans,0,18,19,6.333333333333333,1.6,7.7838095238095235
1359509,Mohammed Shami,Gujarat Titans,0,25,18,4.319999999999999,1.0,6.890666666666666
1359513,Mohammed Shami,Gujarat Titans,3,24,33,8.25,1.4,7.140666666666666
1359518,Mohammed Shami,Gujarat Titans,4,24,11,2.75,2.0,5.578666666666666
1359522,Mohammed Shami,Gujarat Titans,1,26,27,6.230769230769231,1.6,5.576820512820513
1359525,Mohammed Shami,Gujarat Titans,1,25,39,9.36,1.8,6.182153846153846
1359531,Mohammed Shami,Gujarat Titans,0,24,55,13.75,1.8,8.068153846153844
1359536,Mohammed Shami,Gujarat Titans,4,24,21,5.25,2.0,7.468153846153845
1359544,Mohammed Shami,Gujarat Titans,1,25,40,9.6,1.4,8.838153846153846
1370350,Mohammed Shami,Gujarat Titans,2,25,30,7.199999999999999,1.6,9.032
1370352,Mohammed Shami,Gujarat Titans,2,18,41,13.666666666666666,1.8,9.893333333333333
1370353,Mohammed Shami,Gujarat Titans,0,18,29,9.666666666666666,1.8,9.076666666666666
1082638,Mohammed Siraj,Sunrisers Hyderabad,0,21,33,9.428571428571429,1.2,9.335714285714285
1082643,Mohammed Siraj,Sunrisers Hyderabad,4,24,32,8.0,1.6,8.985714285714286
1136574,Mohammed Siraj,Royal Challengers Bangalore,0,26,34,7.846153846153847,1.6,8.404945054945056
1136579,Mohammed Siraj,Royal Challengers Bangalore,0,26,36,8.307692307692308,1.2,8.766483516483516
1136584,Mohammed Siraj,Royal Challengers Bangalore,0,28,48,10.285714285714285,0.8,8.773626373626374
1136589,Mohammed Siraj,Royal Challengers Bangalore,3,28,40,8.571428571428571,1.4,8.602197802197802
1136591,Mohammed Siraj,Royal Challengers Bangalore,2,27,28,6.222222222222222,1.0,8.246642246642246
1136595,Mohammed Siraj,Royal Challengers Bangalore,0,12,18,9.0,1.0,8.477411477411476
1136599,Mohammed Siraj,Royal Challengers Bangalore,3,25,26,6.239999999999999,1.6,8.063873015873016
1136605,Mohammed Siraj,Royal Challengers Bangalore,1,24,46,11.5,1.8,8.306730158730158
1136608,Mohammed Siraj,Royal Challengers Bangalore,1,19,17,5.368421052631579,1.4,7.66612865497076
1136611,Mohammed Siraj,Royal Challengers Bangalore,1,25,45,10.799999999999999,1.2,8.581684210526316
1136613,Mohammed Siraj,Royal Challengers Bangalore,1,24,34,8.5,1.4,8.481684210526316
1175356,Mohammed Siraj,Royal Challengers Bangalore,1,12,5,2.5,1.0,7.733684210526316
1175362,Mohammed Siraj,Royal Challengers Bangalore,2,25,39,9.36,1.2,7.305684210526316
1175366,Mohammed Siraj,Royal Challengers Bangalore,1,24,39,9.75,1.2,8.181999999999999
1175369,Mohammed Siraj,Royal Challengers Bangalore,1,25,25,6.0,1.2,7.2219999999999995
1175372,Mohammed Siraj,Royal Challengers Bangalore,0,17,36,12.705882352941176,1.0,8.063176470588235
1178395,Mohammed Siraj,Royal Challengers Bangalore,1,11,14,7.636363636363637,1.0,9.090449197860963
1178403,Mohammed Siraj,Royal Challengers Bangalore,1,24,54,13.5,0.8,9.918449197860962
1178406,Mohammed Siraj,Royal Challengers Bangalore,1,14,21,9.0,0.8,9.768449197860964
1178410,Mohammed Siraj,Royal Challengers Bangalore,0,27,38,8.444444444444445,0.6,10.25733808674985
1216494,Mohammed Siraj,Royal Challengers Bangalore,3,24,9,2.25,1.2,8.166161616161617
1216499,Mohammed Siraj,Royal Challengers Bangalore,2,20,29,8.7,1.4,8.37888888888889
1216502,Mohammed Siraj,Royal Challengers Bangalore,0,6,12,12.0,1.2,8.078888888888889
1216505,Mohammed Siraj,Royal Challengers Bangalore,1,20,30,9.0,1.2,8.078888888888889
1216519,Mohammed Siraj,Royal Challengers Bangalore,2,26,34,7.846153846153847,1.6,7.9592307692307696
1216531,Mohammed Siraj,Royal Challengers Bangalore,0,19,44,13.894736842105264,1.0,10.288178137651823
1216540,Mohammed Siraj,Royal Challengers Bangalore,1,18,24,8.0,0.8,10.148178137651822
1216544,Mohammed Siraj,Royal Challengers Bangalore,0,12,29,14.5,0.8,10.648178137651822
1237178,Mohammed Siraj,Royal Challengers Bangalore,2,27,33,7.333333333333333,1.0,10.314844804318488
1254058,Mohammed Siraj,Royal Challengers Bangalore,0,25,22,5.279999999999999,0.6,9.80161403508772
1254063,Mohammed Siraj,Royal Challengers Bangalore,2,25,29,6.959999999999999,1.0,8.414666666666665
1254067,Mohammed Siraj,Royal Challengers Bangalore,0,19,17,5.368421052631579,0.8,7.888350877192982
1254073,Mohammed Siraj,Royal Challengers Bangalore,3,25,27,6.4799999999999995,1.4,6.284350877192982
1254076,Mohammed Siraj,Royal Challengers Bangalore,0,24,32,8.0,1.0,6.417684210526315
1254079,Mohammed Siraj,Royal Challengers Bangalore,1,24,48,12.0,1.2,7.761684210526316
1254083,Mohammed Siraj,Royal Challengers Bangalore,0,19,25,7.894736842105264,0.8,7.948631578947368
1254087,Mohammed Siraj,Royal Challengers Bangalore,0,13,12,5.538461538461539,0.8,7.982639676113361
1254090,Mohammed Siraj,Royal Challengers Bangalore,0,25,34,8.16,0.2,8.31863967611336
1254095,Mohammed Siraj,Royal Challengers Bangalore,0,19,17,5.368421052631579,0.2,7.792323886639676
1254101,Mohammed Siraj,Royal Challengers Bangalore,2,24,27,6.75,0.4,6.742323886639676
1254103,Mohammed Siraj,Royal Challengers Bangalore,0,19,18,5.684210526315789,0.4,6.300218623481781
1254108,Mohammed Siraj,Royal Challengers Bangalore,1,18,16,5.333333333333333,0.6,6.25919298245614
1254113,Mohammed Siraj,Royal Challengers Bangalore,0,18,23,7.666666666666667,0.6,6.160526315789474
1254115,Mohammed Siraj,Royal Challengers Bangalore,2,24,19,4.75,1.0,6.036842105263157
1304049,Mohammed Siraj,Royal Challengers Bangalore,2,30,60,12.0,1.0,7.086842105263157
1304052,Mohammed Siraj,Royal Challengers Bangalore,1,24,28,7.0,1.2,7.35
1304059,Mohammed Siraj,Royal Challengers Bangalore,0,26,43,9.923076923076923,1.0,8.267948717948718
1304064,Mohammed Siraj,Royal Challengers Bangalore,0,26,51,11.76923076923077,1.0,9.088461538461539
1304068,Mohammed Siraj,Royal Challengers Bangalore,0,25,37,8.879999999999999,0.6,9.91446153846154
1304073,Mohammed Siraj,Royal Challengers Bangalore,2,24,31,7.75,0.6,9.06446153846154
1304077,Mohammed Siraj,Royal Challengers Bangalore,1,25,32,7.68,0.6,9.20046153846154
1304082,Mohammed Siraj,Royal Challengers Bangalore,0,13,15,6.923076923076923,0.6,8.600461538461538
1304085,Mohammed Siraj,Royal Challengers Bangalore,2,24,30,7.5,1.0,7.746615384615384
1304089,Mohammed Siraj,Royal Challengers Bangalore,0,26,39,9.0,1.0,7.770615384615384
1304095,Mohammed Siraj,Royal Challengers Bangalore,0,12,22,11.0,0.6,8.420615384615385
1304100,Mohammed Siraj,Royal Challengers Bangalore,0,19,28,8.842105263157896,0.4,8.653036437246964
1304106,Mohammed Siraj,Royal Challengers Bangalore,0,13,36,16.615384615384617,0.4,10.591497975708503
1312198,Mohammed Siraj,Royal Challengers Bangalore,1,26,42,9.692307692307693,0.2,11.029959514170042
1312199,Mohammed Siraj,Royal Challengers Bangalore,0,12,31,15.5,0.2,12.329959514170042
1359479,Mohammed Siraj,Royal Challengers Bangalore,1,30,21,4.2,0.4,10.969959514170041
1359483,Mohammed Siraj,Royal Challengers Bangalore,1,28,50,10.714285714285714,0.6,11.344395604395604
1359489,Mohammed Siraj,Royal Challengers Bangalore,3,28,26,5.571428571428571,1.2,9.135604395604394
1359494,Mohammed Siraj,Royal Challengers Bangalore,3,24,23,5.75,1.6,8.347142857142856
1359498,Mohammed Siraj,Royal Challengers Bangalore,1,25,30,7.199999999999999,1.8,6.687142857142857
1359501,Mohammed Siraj,Royal Challengers Bangalore,4,24,22,5.5,2.4,6.9471428571428575
1359506,Mohammed Siraj,Royal Challengers Bangalore,1,27,40,8.88888888888889,2.4,6.582063492063492
1359510,Mohammed Siraj,Royal Challengers Bangalore,1,24,33,8.25,2.0,7.1177777777777775
1359517,Mohammed Siraj,Royal Challengers Bangalore,1,22,25,6.818181818181818,1.6,7.331414141414141
1359524,Mohammed Siraj,Royal Challengers Bangalore,0,13,29,13.384615384615385,1.4,8.568337218337218
1359528,Mohammed Siraj,Royal Challengers Bangalore,0,19,32,10.105263157894738,0.6,9.489389849916165
1359534,Mohammed Siraj,Royal Challengers Bangalore,1,13,10,4.615384615384616,0.6,8.634688995215312
1359539,Mohammed Siraj,Royal Challengers Bangalore,1,26,18,4.153846153846154,0.6,7.815458225984543
1359544,Mohammed Siraj,Royal Challengers Bangalore,2,26,36,8.307692307692308,0.8,8.11336032388664
1422119,Mohammed Siraj,Royal Challengers Bengaluru,0,25,38,9.12,0.8,7.260437246963562
1422124,Mohammed Siraj,Royal Challengers Bengaluru,2,24,27,6.75,1.2,6.589384615384615
1422128,Mohammed Siraj,Royal Challengers Bengaluru,0,20,46,13.799999999999999,1.0,8.426307692307692
1422133,Mohammed Siraj,Royal Challengers Bengaluru,1,27,47,10.444444444444445,1.0,9.68442735042735
1422137,Mohammed Siraj,Royal Challengers Bengaluru,1,25,35,8.399999999999999,0.8,9.70288888888889
1426263,Mohammed Siraj,Royal Challengers Bengaluru,0,18,37,12.333333333333334,0.8,10.345555555555556
1426274,Mohammed Siraj,Royal Challengers Bengaluru,1,26,44,10.153846153846155,0.6,11.026324786324786
1426279,Mohammed Siraj,Royal Challengers Bengaluru,0,26,21,4.846153846153847,0.6,9.235555555555555
1426283,Mohammed Siraj,Royal Challengers Bengaluru,1,28,34,7.285714285714286,0.6,8.603809523809524
1426290,Mohammed Siraj,Royal Challengers Bengaluru,2,27,29,6.444444444444445,0.8,8.212698412698412
1426296,Mohammed Siraj,Royal Challengers Bengaluru,3,26,43,9.923076923076923,1.4,7.730647130647131
1426300,Mohammed Siraj,Royal Challengers Bengaluru,1,26,33,7.615384615384616,1.4,7.222954822954823
1426306,Mohammed Siraj,Royal Challengers Bengaluru,1,25,39,9.36,1.6,8.125724053724053
1426310,Mohammed Siraj,Royal Challengers Bengaluru,2,27,34,7.555555555555555,1.8,8.179692307692308
1304099,Mohsin Khan,Lucknow Super Giants,1,18,7,2.3333333333333335,1.8,5.573128205128205
1304103,Mohsin Khan,Lucknow Super Giants,1,24,18,4.5,2.0,4.673128205128205
1304109,Mohsin Khan,Lucknow Super Giants,0,25,43,10.319999999999999,1.8,5.490974358974358
1304112,Mohsin Khan,Lucknow Super Giants,3,25,20,4.8,1.8,5.158666666666666
1312198,Mohsin Khan,Lucknow Super Giants,1,25,25,6.0,1.2,5.590666666666666
1359525,Mohsin Khan,Lucknow Super Giants,1,20,42,12.6,1.2,7.644
1359537,Mohsin Khan,Lucknow Super Giants,1,20,26,7.8,1.2,8.303999999999998
1359542,Mohsin Khan,Lucknow Super Giants,0,6,15,15.0,1.2,9.24
1370351,Mohsin Khan,Lucknow Super Giants,1,18,28,9.333333333333334,0.8,10.146666666666667
1422122,Mohsin Khan,Lucknow Super Giants,1,25,45,10.799999999999999,0.8,11.106666666666666
1422129,Mohsin Khan,Lucknow Super Giants,2,25,34,8.16,1.0,10.218666666666667
1426266,Mohsin Khan,Lucknow Super Giants,2,25,29,6.959999999999999,1.2,10.050666666666668
1426272,Mohsin Khan,Lucknow Super Giants,1,27,37,8.222222222222221,1.4,8.69511111111111
1426277,Mohsin Khan,Lucknow Super Giants,1,24,50,12.5,1.4,9.328444444444445
1426282,Mohsin Khan,Lucknow Super Giants,0,24,52,13.0,1.2,9.768444444444444
1426286,Mohsin Khan,Lucknow Super Giants,2,24,36,9.0,1.2,9.936444444444444
1426292,Mohsin Khan,Lucknow Super Giants,0,13,28,12.923076923076923,0.8,11.129059829059829
1426302,Mohsin Khan,Lucknow Super Giants,0,24,29,7.25,0.6,10.934615384615384
1426305,Mohsin Khan,Lucknow Super Giants,1,26,45,10.384615384615385,0.6,10.51153846153846
1136578,Mujeeb Ur Rahman,Kings XI Punjab,2,25,32,7.68,1.0,6.8759999999999994
1136582,Mujeeb Ur Rahman,Kings XI Punjab,2,24,25,6.25,1.0,6.781999999999999
1136585,Mujeeb Ur Rahman,Kings XI Punjab,1,25,17,4.08,1.0,6.098000000000001
1136594,Mujeeb Ur Rahman,Kings XI Punjab,2,25,37,8.879999999999999,1.4,6.6739999999999995
1136598,Mujeeb Ur Rahman,Kings XI Punjab,3,25,28,6.72,2.0,6.7219999999999995
1136600,Mujeeb Ur Rahman,Kings XI Punjab,2,24,22,5.5,2.0,6.286
1136604,Mujeeb Ur Rahman,Kings XI Punjab,0,14,28,12.0,1.6,7.436
1175359,Mujeeb Ur Rahman,Kings XI Punjab,2,25,31,7.4399999999999995,1.8,8.108
1175368,Mujeeb Ur Rahman,Kings XI Punjab,0,25,36,8.639999999999999,1.4,8.059999999999999
1178397,Mujeeb Ur Rahman,Kings XI Punjab,1,26,36,8.307692307692308,1.0,8.37753846153846
1178407,Mujeeb Ur Rahman,Kings XI Punjab,0,20,24,7.199999999999999,0.6,8.717538461538462
1178423,Mujeeb Ur Rahman,Kings XI Punjab,0,27,66,14.666666666666666,0.6,9.250871794871795
1216523,Mujeeb Ur Rahman,Kings XI Punjab,0,25,44,10.559999999999999,0.2,9.874871794871794
1216542,Mujeeb Ur Rahman,Kings XI Punjab,0,24,39,9.75,0.2,10.096871794871793
1254066,Mujeeb Ur Rahman,Sunrisers Hyderabad,2,26,30,6.923076923076923,0.4,9.819948717948717
1304075,Mukesh Choudhary,Chennai Super Kings,1,19,18,5.684210526315789,0.8,9.29795321637427
1304079,Mukesh Choudhary,Chennai Super Kings,3,19,19,6.0,1.4,8.54795321637427
1304084,Mukesh Choudhary,Chennai Super Kings,0,27,36,8.0,1.2,7.836842105263157
1304092,Mukesh Choudhary,Chennai Super Kings,4,25,46,11.04,1.8,8.544842105263157
1304095,Mukesh Choudhary,Chennai Super Kings,0,19,30,9.473684210526317,1.6,8.03957894736842
1304101,Mukesh Choudhary,Chennai Super Kings,2,18,22,7.333333333333333,1.8,8.36940350877193
1304105,Mukesh Choudhary,Chennai Super Kings,3,27,24,5.333333333333333,1.8,8.236070175438595
1304108,Mukesh Choudhary,Chennai Super Kings,0,18,28,9.333333333333334,1.8,8.502736842105262
1304114,Mukesh Choudhary,Chennai Super Kings,0,24,41,10.25,1.0,8.344736842105263
1422136,Mukesh Choudhary,Chennai Super Kings,0,7,27,23.142857142857142,1.0,11.07857142857143
1359502,Mukesh Kumar,Delhi Capitals,2,28,34,7.285714285714286,1.2,9.955142857142857
1359508,Mukesh Kumar,Delhi Capitals,0,18,27,9.0,1.2,10.123142857142858
1359514,Mukesh Kumar,Delhi Capitals,0,15,38,15.2,1.2,11.147142857142857
1359524,Mukesh Kumar,Delhi Capitals,1,19,30,9.473684210526317,1.0,11.19187969924812
1359533,Mukesh Kumar,Delhi Capitals,1,6,3,3.0,0.8,8.79187969924812
1359538,Mukesh Kumar,Delhi Capitals,1,25,53,12.719999999999999,0.6,9.878736842105264
1422127,Mukesh Kumar,Delhi Capitals,1,25,49,11.76,0.8,10.430736842105263
1422131,Mukesh Kumar,Delhi Capitals,3,19,21,6.631578947368421,1.4,8.717052631578948
1426264,Mukesh Kumar,Delhi Capitals,1,25,41,9.84,1.4,8.790315789473684
1426270,Mukesh Kumar,Delhi Capitals,3,18,15,5.0,1.8,9.190315789473683
1426273,Mukesh Kumar,Delhi Capitals,2,24,57,14.25,2.0,9.496315789473684
1426278,Mukesh Kumar,Delhi Capitals,1,25,45,10.799999999999999,2.0,9.304315789473684
1426281,Mukesh Kumar,Delhi Capitals,4,24,60,15.0,2.2,10.978
1426294,Mukesh Kumar,Delhi Capitals,2,19,34,10.736842105263158,2.4,11.157368421052631
1426300,Mukesh Kumar,Delhi Capitals,3,18,24,8.0,2.4,11.75736842105263
1426302,Mukesh Kumar,Delhi Capitals,2,26,33,7.615384615384616,2.4,10.430445344129556
980935,Mustafizur Rahman,Sunrisers Hyderabad,3,24,9,2.25,1.6,5.676
980943,Mustafizur Rahman,Sunrisers Hyderabad,0,14,22,9.428571428571429,1.2,6.261714285714286
980953,Mustafizur Rahman,Sunrisers Hyderabad,1,24,35,8.75,1.2,6.619714285714285
980967,Mustafizur Rahman,Sunrisers Hyderabad,2,24,17,4.25,1.4,5.885714285714285
980973,Mustafizur Rahman,Sunrisers Hyderabad,3,20,16,4.8,1.8,5.895714285714286
980979,Mustafizur Rahman,Sunrisers Hyderabad,0,24,26,6.5,1.2,6.7457142857142856
980983,Mustafizur Rahman,Sunrisers Hyderabad,0,25,39,9.36,1.2,6.731999999999999
980991,Mustafizur Rahman,Sunrisers Hyderabad,1,24,32,8.0,1.2,6.581999999999999
981003,Mustafizur Rahman,Sunrisers Hyderabad,1,26,24,5.538461538461539,1.0,6.8396923076923075
981009,Mustafizur Rahman,Sunrisers Hyderabad,1,25,32,7.68,0.6,7.415692307692308
981015,Mustafizur Rahman,Sunrisers Hyderabad,0,24,30,7.5,0.6,7.615692307692308
981019,Mustafizur Rahman,Sunrisers Hyderabad,2,24,38,9.5,1.0,7.643692307692308
1082600,Mustafizur Rahman,Sunrisers Hyderabad,0,17,34,12.0,0.8,8.443692307692308
1136561,Mustafizur Rahman,Mumbai Indians,1,23,40,10.434782608695652,0.8,9.42295652173913
1136567,Mustafizur Rahman,Mumbai Indians,3,24,24,6.0,1.2,9.08695652173913
1136569,Mustafizur Rahman,Mumbai Indians,1,24,26,6.5,1.4,8.886956521739132
1136574,Mustafizur Rahman,Mumbai Indians,0,25,55,13.2,1.0,9.62695652173913
1136581,Mustafizur Rahman,Mumbai Indians,1,25,35,8.399999999999999,1.2,8.90695652173913
1136583,Mustafizur Rahman,Mumbai Indians,2,22,18,4.909090909090909,1.4,7.80181818181818
1136615,Mustafizur Rahman,Mumbai Indians,1,24,34,8.5,1.0,8.30181818181818
1254061,Mustafizur Rahman,Rajasthan Royals,0,28,45,9.642857142857142,0.8,8.930389610389609
1254064,Mustafizur Rahman,Rajasthan Royals,3,26,29,6.6923076923076925,1.4,7.628851148851149
1254069,Mustafizur Rahman,Rajasthan Royals,3,27,37,8.222222222222221,1.8,7.5932955932955934
1254073,Mustafizur Rahman,Rajasthan Royals,0,22,35,9.545454545454545,1.4,8.520568320568321
1254075,Mustafizur Rahman,Rajasthan Royals,2,24,23,5.75,1.6,7.970568320568321
1254081,Mustafizur Rahman,Rajasthan Royals,1,21,37,10.571428571428571,1.8,8.156282606282605
1254085,Mustafizur Rahman,Rajasthan Royals,3,26,21,4.846153846153847,1.8,7.787051837051837
1254089,Mustafizur Rahman,Rajasthan Royals,0,25,51,12.239999999999998,1.2,8.590607392607392
1254093,Mustafizur Rahman,Rajasthan Royals,1,15,32,12.8,1.4,9.241516483516483
1254097,Mustafizur Rahman,Rajasthan Royals,2,24,24,6.0,1.4,9.291516483516483
1254100,Mustafizur Rahman,Rajasthan Royals,1,22,30,8.181818181818182,1.4,8.813594405594404
1254103,Mustafizur Rahman,Rajasthan Royals,2,18,22,7.333333333333333,1.2,9.311030303030304
1254106,Mustafizur Rahman,Rajasthan Royals,0,25,32,7.68,1.2,8.399030303030303
1254111,Mustafizur Rahman,Rajasthan Royals,0,24,30,7.5,1.0,7.339030303030303
1304056,Mustafizur Rahman,Delhi Capitals,3,25,26,6.239999999999999,1.2,7.387030303030303
1304061,Mustafizur Rahman,Delhi Capitals,0,26,26,6.0,1.0,6.950666666666666
1304065,Mustafizur Rahman,Delhi Capitals,0,24,21,5.25,0.6,6.534000000000001
1304073,Mustafizur Rahman,Delhi Capitals,0,25,48,11.52,0.6,7.302
1304078,Mustafizur Rahman,Delhi Capitals,2,24,28,7.0,1.0,7.202
1304080,Mustafizur Rahman,Delhi Capitals,1,24,43,10.75,0.6,8.104
1304087,Mustafizur Rahman,Delhi Capitals,3,25,19,4.56,1.2,7.816
1304091,Mustafizur Rahman,Delhi Capitals,0,26,37,8.538461538461538,1.2,8.473692307692307
1359490,Mustafizur Rahman,Delhi Capitals,1,24,38,9.5,1.4,8.069692307692307
1359494,Mustafizur Rahman,Delhi Capitals,0,18,41,13.666666666666666,1.0,9.403025641025641
1422119,Mustafizur Rahman,Chennai Super Kings,4,26,30,6.923076923076923,1.6,8.637641025641026
1422125,Mustafizur Rahman,Chennai Super Kings,2,24,31,7.75,1.4,9.275641025641026
1422131,Mustafizur Rahman,Chennai Super Kings,1,27,50,11.11111111111111,1.6,9.790170940170942
1426260,Mustafizur Rahman,Chennai Super Kings,2,27,23,5.111111111111111,1.8,8.912393162393162
1426267,Mustafizur Rahman,Chennai Super Kings,1,27,55,12.222222222222221,2.0,8.623504273504272
1426272,Mustafizur Rahman,Chennai Super Kings,1,26,43,9.923076923076923,1.4,9.223504273504274
1426277,Mustafizur Rahman,Chennai Super Kings,1,22,51,13.90909090909091,1.2,10.455322455322456
1426284,Mustafizur Rahman,Chennai Super Kings,2,17,19,6.705882352941176,1.4,9.574276703688469
1426287,Mustafizur Rahman,Chennai Super Kings,0,29,22,4.551724137931035,1.0,9.462399309052454
1426299,N Burger,Rajasthan Royals,1,18,21,7.0,1.4,8.819897435897435
1136597,N Rana,Kolkata Knight Riders,0,13,17,7.846153846153847,0.8,5.469230769230769
1136614,N Rana,Kolkata Knight Riders,0,6,5,5.0,0.8,5.86923076923077
1175357,N Rana,Kolkata Knight Riders,0,6,9,9.0,0.4,5.469230769230769
1175365,N Rana,Kolkata Knight Riders,0,6,9,9.0,0.0,6.1692307692307695
1175372,N Rana,Kolkata Knight Riders,1,14,22,9.428571428571429,0.2,8.054945054945055
1178401,N Rana,Kolkata Knight Riders,1,12,12,6.0,0.4,7.685714285714286
1178418,N Rana,Kolkata Knight Riders,0,6,13,13.0,0.4,9.285714285714286
1178427,N Rana,Kolkata Knight Riders,1,6,8,8.0,0.6,9.085714285714285
1216523,N Rana,Kolkata Knight Riders,0,6,7,7.0,0.6,8.685714285714287
1216536,N Rana,Kolkata Knight Riders,0,7,16,13.714285714285714,0.4,9.542857142857141
1254096,N Rana,Kolkata Knight Riders,0,6,5,5.0,0.2,9.342857142857142
1254102,N Rana,Kolkata Knight Riders,0,6,7,7.0,0.2,8.142857142857142
1304087,N Rana,Kolkata Knight Riders,0,6,14,14.0,0.0,9.342857142857142
1304112,N Rana,Kolkata Knight Riders,0,6,9,9.0,0.0,9.742857142857142
1359502,N Rana,Kolkata Knight Riders,2,24,17,4.25,0.4,7.85
1359510,N Rana,Kolkata Knight Riders,0,6,8,8.0,0.4,8.45
1359513,N Rana,Kolkata Knight Riders,0,6,14,14.0,0.4,9.85
1359527,N Rana,Kolkata Knight Riders,1,6,7,7.0,0.6,8.45
1359530,N Rana,Kolkata Knight Riders,0,6,26,26.0,0.6,11.85
1359542,N Rana,Kolkata Knight Riders,0,6,3,3.0,0.2,11.6
1426293,N Thushara,Mumbai Indians,0,28,43,9.214285714285714,0.8,9.521611721611722
1426298,N Thushara,Mumbai Indians,1,20,31,9.299999999999999,1.0,9.514945054945054
1426305,N Thushara,Mumbai Indians,3,26,28,6.461538461538462,1.6,8.222637362637363
501229,NLTC Perera,Kochi Tuskers Kerala,2,24,31,7.75,1.0,9.906
548334,NLTC Perera,Mumbai Indians,0,9,19,12.666666666666666,1.0,8.639333333333333
548351,NLTC Perera,Mumbai Indians,0,6,8,8.0,1.0,8.319333333333333
598000,NLTC Perera,Sunrisers Hyderabad,3,25,29,6.959999999999999,1.2,8.175333333333333
598004,NLTC Perera,Sunrisers Hyderabad,1,25,21,5.04,1.2,8.083333333333332
598010,NLTC Perera,Sunrisers Hyderabad,2,24,31,7.75,1.2,8.083333333333332
598013,NLTC Perera,Sunrisers Hyderabad,0,26,46,10.615384615384617,1.2,7.6730769230769225
598018,NLTC Perera,Sunrisers Hyderabad,3,24,20,5.0,1.8,7.073076923076923
598021,NLTC Perera,Sunrisers Hyderabad,1,24,25,6.25,1.4,6.931076923076924
598032,NLTC Perera,Sunrisers Hyderabad,1,24,35,8.75,1.4,7.6730769230769225
598039,NLTC Perera,Sunrisers Hyderabad,0,26,37,8.538461538461538,1.0,7.8307692307692305
598044,NLTC Perera,Sunrisers Hyderabad,2,20,11,3.3,1.4,6.367692307692307
598048,NLTC Perera,Sunrisers Hyderabad,1,20,35,10.5,1.0,7.467692307692308
598051,NLTC Perera,Sunrisers Hyderabad,3,25,47,11.28,1.4,8.473692307692307
598056,NLTC Perera,Sunrisers Hyderabad,1,24,24,6.0,1.4,7.923692307692308
598060,NLTC Perera,Sunrisers Hyderabad,0,22,55,15.0,1.4,9.216
598065,NLTC Perera,Sunrisers Hyderabad,2,18,25,8.333333333333334,1.4,10.222666666666665
598069,NLTC Perera,Sunrisers Hyderabad,1,24,35,8.75,1.4,9.872666666666666
598071,NLTC Perera,Sunrisers Hyderabad,0,18,14,4.666666666666667,0.8,8.55
829733,NLTC Perera,Kings XI Punjab,1,25,33,7.919999999999999,0.8,8.934000000000001
829767,NLTC Perera,Kings XI Punjab,0,12,22,11.0,0.8,8.134
980919,NLTC Perera,Rising Pune Supergiants,0,16,30,11.25,0.4,8.717333333333334
980931,NLTC Perera,Rising Pune Supergiants,3,26,34,7.846153846153847,0.8,8.536564102564103
980939,NLTC Perera,Rising Pune Supergiants,2,21,28,8.0,1.2,9.203230769230768
980943,NLTC Perera,Rising Pune Supergiants,1,24,32,8.0,1.2,9.219230769230768
980949,NLTC Perera,Rising Pune Supergiants,3,25,41,9.84,1.8,8.987230769230768
980957,NLTC Perera,Rising Pune Supergiants,0,24,35,8.75,1.8,8.487230769230768
980965,NLTC Perera,Rising Pune Supergiants,0,6,9,9.0,1.2,8.718
980969,NLTC Perera,Rising Pune Supergiants,0,18,40,13.333333333333334,0.8,9.784666666666668
980979,NLTC Perera,Rising Pune Supergiants,0,12,26,13.0,0.6,10.784666666666666
980997,NLTC Perera,Rising Pune Supergiants,0,18,27,9.0,0.0,10.616666666666667
981005,NLTC Perera,Rising Pune Supergiants,1,12,24,12.0,0.2,11.266666666666667
829725,NM Coulter-Nile,Delhi Daredevils,0,19,14,4.421052631578948,1.2,7.122364372469636
829731,NM Coulter-Nile,Delhi Daredevils,2,24,26,6.5,1.4,7.030364372469636
829739,NM Coulter-Nile,Delhi Daredevils,1,25,34,8.16,1.2,7.416210526315789
829747,NM Coulter-Nile,Delhi Daredevils,1,27,37,8.222222222222221,0.8,7.476654970760234
829757,NM Coulter-Nile,Delhi Daredevils,0,22,30,8.181818181818182,0.8,7.09701860712387
829767,NM Coulter-Nile,Delhi Daredevils,4,25,21,5.04,1.6,7.220808080808081
829777,NM Coulter-Nile,Delhi Daredevils,1,24,39,9.75,1.4,7.8708080808080805
829783,NM Coulter-Nile,Delhi Daredevils,2,24,30,7.5,1.6,7.738808080808082
829793,NM Coulter-Nile,Delhi Daredevils,2,24,25,6.25,1.8,7.344363636363636
980903,NM Coulter-Nile,Delhi Daredevils,0,24,32,8.0,1.8,7.308000000000002
980983,NM Coulter-Nile,Delhi Daredevils,2,26,29,6.6923076923076925,1.4,7.638461538461539
980997,NM Coulter-Nile,Delhi Daredevils,0,19,21,6.631578947368421,1.2,7.014777327935223
981003,NM Coulter-Nile,Delhi Daredevils,2,24,38,9.5,1.2,7.414777327935224
1082608,NM Coulter-Nile,Kolkata Knight Riders,3,25,22,5.279999999999999,1.4,7.220777327935222
1082613,NM Coulter-Nile,Kolkata Knight Riders,2,21,41,11.714285714285714,1.8,7.963634470792366
1082617,NM Coulter-Nile,Kolkata Knight Riders,3,21,22,6.285714285714286,2.0,7.882315789473684
1082622,NM Coulter-Nile,Kolkata Knight Riders,3,24,34,8.5,2.6,8.256
1082627,NM Coulter-Nile,Kolkata Knight Riders,1,25,35,8.399999999999999,2.4,8.035999999999998
1082631,NM Coulter-Nile,Kolkata Knight Riders,0,20,41,12.299999999999999,1.8,9.44
1082648,NM Coulter-Nile,Kolkata Knight Riders,3,24,22,5.5,2.0,8.197142857142856
1082649,NM Coulter-Nile,Kolkata Knight Riders,1,18,15,5.0,1.6,7.9399999999999995
1216495,NM Coulter-Nile,Mumbai Indians,0,25,27,6.4799999999999995,1.0,7.536
1216517,NM Coulter-Nile,Mumbai Indians,0,24,33,8.25,0.8,7.506
1216521,NM Coulter-Nile,Mumbai Indians,1,27,25,5.555555555555555,1.0,6.157111111111111
1216526,NM Coulter-Nile,Mumbai Indians,1,27,51,11.333333333333334,0.6,7.323777777777778
1216535,NM Coulter-Nile,Mumbai Indians,1,12,14,7.0,0.6,7.723777777777778
1237177,NM Coulter-Nile,Mumbai Indians,0,25,27,6.4799999999999995,0.6,7.7237777777777765
1237181,NM Coulter-Nile,Mumbai Indians,3,25,29,6.959999999999999,1.2,7.465777777777778
1254081,NM Coulter-Nile,Mumbai Indians,0,25,36,8.639999999999999,1.0,8.082666666666665
1254088,NM Coulter-Nile,Mumbai Indians,2,24,40,10.0,1.2,7.816
1254093,NM Coulter-Nile,Mumbai Indians,4,24,14,3.5,1.8,7.116
1254099,NM Coulter-Nile,Mumbai Indians,0,24,20,5.0,1.8,6.8199999999999985
1254112,NM Coulter-Nile,Mumbai Indians,1,24,21,5.25,1.4,6.478
1304051,NM Coulter-Nile,Rajasthan Royals,0,20,49,14.7,1.4,7.69
1304116,NT Ellis,Punjab Kings,4,26,42,9.692307692307693,1.0,7.816175824175824
1359476,NT Ellis,Punjab Kings,1,20,28,8.4,1.0,8.696175824175825
1359482,NT Ellis,Punjab Kings,4,24,30,7.5,1.8,7.988175824175824
1359488,NT Ellis,Punjab Kings,0,18,28,9.333333333333334,1.8,8.27084249084249
1359501,NT Ellis,Punjab Kings,1,25,42,10.08,2.0,9.001128205128206
1359505,NT Ellis,Punjab Kings,1,24,44,11.0,1.4,9.262666666666666
1359520,NT Ellis,Punjab Kings,2,24,34,8.5,1.6,9.282666666666666
1359527,NT Ellis,Punjab Kings,1,24,30,7.5,1.0,9.282666666666666
1359533,NT Ellis,Punjab Kings,2,25,26,6.239999999999999,1.4,8.664
1359538,NT Ellis,Punjab Kings,0,24,46,11.5,1.2,8.947999999999999
1359540,NT Ellis,Punjab Kings,1,25,34,8.16,1.2,8.379999999999999
1426303,NT Ellis,Punjab Kings,1,24,24,6.0,1.0,7.879999999999998
1178395,Navdeep Saini,Royal Challengers Bangalore,2,26,24,5.538461538461539,0.8,7.670769230769231
1178403,Navdeep Saini,Royal Challengers Bangalore,0,25,23,5.52,0.8,7.620923076923077
1178406,Navdeep Saini,Royal Challengers Bangalore,0,19,34,10.736842105263158,0.8,7.848291497975708
1178410,Navdeep Saini,Royal Challengers Bangalore,1,24,31,7.75,1.0,7.478291497975709
1178414,Navdeep Saini,Royal Challengers Bangalore,2,25,26,6.239999999999999,1.0,7.1570607287449395
1178417,Navdeep Saini,Royal Challengers Bangalore,2,24,33,8.25,1.0,7.699368421052631
1178421,Navdeep Saini,Royal Challengers Bangalore,1,24,48,12.0,1.2,8.995368421052632
1178424,Navdeep Saini,Royal Challengers Bangalore,0,6,12,12.0,1.2,9.248
1178429,Navdeep Saini,Royal Challengers Bangalore,2,24,40,10.0,1.4,9.697999999999999
1216494,Navdeep Saini,Royal Challengers Bangalore,1,18,23,7.666666666666667,1.2,9.983333333333333
1216502,Navdeep Saini,Royal Challengers Bangalore,1,13,30,13.846153846153847,1.0,11.102564102564102
1216510,Navdeep Saini,Royal Challengers Bangalore,0,26,41,9.461538461538462,0.8,10.594871794871796
1216514,Navdeep Saini,Royal Challengers Bangalore,1,25,37,8.879999999999999,1.0,9.970871794871794
1216519,Navdeep Saini,Royal Challengers Bangalore,0,19,49,15.473684210526317,0.6,11.065608636977057
1216522,Navdeep Saini,Royal Challengers Bangalore,0,24,30,7.5,0.4,11.032275303643726
1216525,Navdeep Saini,Royal Challengers Bangalore,1,27,18,4.0,0.4,9.063044534412956
1216531,Navdeep Saini,Royal Challengers Bangalore,0,24,22,5.5,0.4,8.270736842105261
1216534,Navdeep Saini,Royal Challengers Bangalore,2,25,25,6.0,0.6,7.694736842105263
1216540,Navdeep Saini,Royal Challengers Bangalore,1,21,17,4.857142857142857,0.8,5.571428571428571
1216544,Navdeep Saini,Royal Challengers Bangalore,0,18,19,6.333333333333333,0.8,5.338095238095238
1216547,Navdeep Saini,Royal Challengers Bangalore,1,32,50,9.375,0.8,6.413095238095238
1237178,Navdeep Saini,Royal Challengers Bangalore,0,22,31,8.454545454545455,0.8,7.004004329004329
1254076,Navdeep Saini,Royal Challengers Bangalore,0,13,27,12.461538461538462,0.4,8.296312021312023
1254113,Navdeep Saini,Royal Challengers Bangalore,0,12,26,13.0,0.2,9.924883449883449
1304055,Navdeep Saini,Rajasthan Royals,2,20,36,10.799999999999999,0.6,10.818216783216783
1304059,Navdeep Saini,Rajasthan Royals,1,19,37,11.68421052631579,0.6,11.28005888847994
1359540,Navdeep Saini,Rajasthan Royals,3,25,40,9.6,1.2,11.509149797570851
1359537,Naveen-ul-Haq,Lucknow Super Giants,0,25,41,9.84,1.4,6.858769230769231
1359542,Naveen-ul-Haq,Lucknow Super Giants,0,24,46,11.5,1.4,8.19876923076923
1370351,Naveen-ul-Haq,Lucknow Super Giants,4,27,39,8.666666666666666,2.0,8.932102564102564
1422122,Naveen-ul-Haq,Lucknow Super Giants,2,28,41,8.785714285714285,1.8,9.258476190476191
1422129,Naveen-ul-Haq,Lucknow Super Giants,0,25,44,10.559999999999999,1.2,9.87047619047619
1422133,Naveen-ul-Haq,Lucknow Super Giants,2,23,26,6.782608695652174,1.6,9.258997929606625
1422139,Naveen-ul-Haq,Lucknow Super Giants,1,26,37,8.538461538461538,1.8,8.666690237298933
1426264,Naveen-ul-Haq,Lucknow Super Giants,1,18,24,8.0,1.2,8.533356903965599
1426286,Naveen-ul-Haq,Lucknow Super Giants,2,24,16,4.0,1.2,7.5762140468227415
1426292,Naveen-ul-Haq,Lucknow Super Giants,3,25,49,11.76,1.8,7.816214046822742
1426295,Naveen-ul-Haq,Lucknow Super Giants,0,12,37,18.5,1.4,10.159692307692307
1426302,Naveen-ul-Haq,Lucknow Super Giants,2,25,51,12.239999999999998,1.6,10.9
1426305,Naveen-ul-Haq,Lucknow Super Giants,2,26,50,11.53846153846154,1.8,11.607692307692307
1426284,Nithish Kumar Reddy,Sunrisers Hyderabad,0,7,9,7.7142857142857135,0.6,9.171390013495277
1426288,Nithish Kumar Reddy,Sunrisers Hyderabad,0,8,12,9.0,0.6,9.217543859649123
1426293,Nithish Kumar Reddy,Sunrisers Hyderabad,0,12,16,8.0,0.6,8.484210526315788
1426307,Nithish Kumar Reddy,Sunrisers Hyderabad,1,21,54,15.428571428571429,0.6,9.485714285714286
1426309,Nithish Kumar Reddy,Sunrisers Hyderabad,0,6,13,13.0,0.2,10.62857142857143
1359518,Noor Ahmad,Gujarat Titans,0,26,20,4.615384615384616,1.6,7.001076923076923
1359522,Noor Ahmad,Gujarat Titans,2,21,25,7.142857142857143,1.8,6.109648351648351
1359525,Noor Ahmad,Gujarat Titans,1,25,27,6.4799999999999995,1.6,6.505648351648351
1359531,Noor Ahmad,Gujarat Titans,0,24,38,9.5,1.0,6.555648351648351
1359536,Noor Ahmad,Gujarat Titans,0,18,39,13.0,0.6,8.147648351648352
1359544,Noor Ahmad,Gujarat Titans,2,26,40,9.230769230769232,1.0,9.070725274725275
1370350,Noor Ahmad,Gujarat Titans,1,24,29,7.25,0.8,9.092153846153845
1370352,Noor Ahmad,Gujarat Titans,0,26,35,8.076923076923077,0.6,9.411538461538461
1370353,Noor Ahmad,Gujarat Titans,2,21,17,4.857142857142857,1.0,8.482967032967034
1422130,Noor Ahmad,Gujarat Titans,1,24,32,8.0,1.2,7.482967032967034
1422135,Noor Ahmad,Gujarat Titans,2,26,33,7.615384615384616,1.2,7.159890109890109
1422139,Noor Ahmad,Gujarat Titans,0,24,22,5.5,1.0,6.80989010989011
1426262,Noor Ahmad,Gujarat Titans,0,25,43,10.319999999999999,1.0,7.258505494505494
1426270,Noor Ahmad,Gujarat Titans,0,11,15,8.181818181818182,0.6,7.923440559440559
1426275,Noor Ahmad,Gujarat Titans,2,24,20,5.0,0.8,7.3234405594405585
1426278,Noor Ahmad,Gujarat Titans,1,19,36,11.368421052631579,0.6,8.074047846889952
1426283,Noor Ahmad,Gujarat Titans,0,25,47,11.28,0.6,9.230047846889951
1426290,Noor Ahmad,Gujarat Titans,2,24,24,6.0,1.0,8.366047846889952
1426297,Noor Ahmad,Gujarat Titans,0,12,25,12.5,1.0,9.229684210526315
1312197,OC McCoy,Rajasthan Royals,1,28,40,8.571428571428571,1.6,9.272527472527472
1312199,OC McCoy,Rajasthan Royals,3,25,23,5.52,1.8,8.48421978021978
1312200,OC McCoy,Rajasthan Royals,0,19,26,8.210526315789474,1.6,6.926325043377675
1359526,OC McCoy,Rajasthan Royals,0,7,13,11.142857142857142,1.2,7.612039329091961
1304069,OF Smith,Punjab Kings,4,20,30,9.0,1.4,11.554526315789474
1304074,OF Smith,Punjab Kings,0,6,8,8.0,1.4,10.610526315789475
336009,P Amarnath,Chennai Super Kings,0,18,36,12.0,1.2,10.9
336013,P Amarnath,Chennai Super Kings,1,18,35,11.666666666666666,1.2,10.983333333333333
548343,P Awana,Kings XI Punjab,0,25,34,8.16,2.0,7.156945054945055
548350,P Awana,Kings XI Punjab,0,26,48,11.076923076923078,1.8,8.32232967032967
548354,P Awana,Kings XI Punjab,0,26,34,7.846153846153847,1.0,8.32232967032967
548359,P Awana,Kings XI Punjab,2,25,31,7.4399999999999995,1.0,8.824615384615385
548366,P Awana,Kings XI Punjab,1,25,42,10.08,0.6,8.920615384615385
548369,P Awana,Kings XI Punjab,3,24,23,5.75,1.2,8.438615384615385
548371,P Awana,Kings XI Punjab,2,24,12,3.0,1.6,6.8232307692307685
548374,P Awana,Kings XI Punjab,0,18,40,13.333333333333334,1.6,7.9206666666666665
598003,P Awana,Kings XI Punjab,2,24,16,4.0,1.6,7.232666666666667
598007,P Awana,Kings XI Punjab,0,12,20,10.0,1.4,7.216666666666667
598014,P Awana,Kings XI Punjab,1,24,36,9.0,1.0,7.866666666666667
598016,P Awana,Kings XI Punjab,2,24,39,9.75,1.0,9.216666666666667
598025,P Awana,Kings XI Punjab,1,25,38,9.12,1.2,8.373999999999999
598028,P Awana,Kings XI Punjab,1,25,28,6.72,1.0,8.918
598037,P Awana,Kings XI Punjab,0,25,17,4.08,1.0,7.734
598041,P Awana,Kings XI Punjab,2,25,30,7.199999999999999,1.2,7.374
598045,P Awana,Kings XI Punjab,3,25,39,9.36,1.4,7.295999999999999
598052,P Awana,Kings XI Punjab,0,26,39,9.0,1.2,7.272
598056,P Awana,Kings XI Punjab,1,24,35,8.75,1.2,7.678
598059,P Awana,Kings XI Punjab,1,24,21,5.25,1.4,7.912000000000001
598064,P Awana,Kings XI Punjab,1,25,29,6.959999999999999,1.2,7.863999999999999
598066,P Awana,Kings XI Punjab,1,24,29,7.25,0.8,7.442
729283,P Awana,Kings XI Punjab,1,20,35,10.5,1.0,7.742
729291,P Awana,Kings XI Punjab,2,25,40,9.6,1.2,7.912000000000001
733997,P Awana,Kings XI Punjab,1,13,20,9.230769230769232,1.2,8.708153846153845
734039,P Awana,Kings XI Punjab,2,18,16,5.333333333333333,1.4,8.382820512820512
734043,P Awana,Kings XI Punjab,1,24,34,8.5,1.4,8.632820512820512
734047,P Awana,Kings XI Punjab,2,25,60,14.399999999999999,1.6,9.412820512820513
734049,P Awana,Kings XI Punjab,0,21,43,12.285714285714286,1.2,9.949963369963369
335998,P Kumar,Royal Challengers Bangalore,0,24,24,6.0,0.8,8.809999999999999
336006,P Kumar,Royal Challengers Bangalore,2,24,22,5.5,1.2,7.941999999999998
336010,P Kumar,Royal Challengers Bangalore,1,18,37,12.333333333333334,1.2,9.016666666666667
336012,P Kumar,Royal Challengers Bangalore,0,14,21,9.0,1.0,8.016666666666667
336016,P Kumar,Royal Challengers Bangalore,0,16,15,5.625,0.6,7.691666666666667
336023,P Kumar,Royal Challengers Bangalore,0,26,31,7.153846153846154,0.6,7.922435897435898
336026,P Kumar,Royal Challengers Bangalore,1,12,34,17.0,0.4,10.222435897435897
336029,P Kumar,Royal Challengers Bangalore,1,25,27,6.4799999999999995,0.4,9.05176923076923
336034,P Kumar,Royal Challengers Bangalore,3,24,24,6.0,1.0,8.45176923076923
392182,P Kumar,Royal Challengers Bangalore,2,21,7,2.0,1.4,7.72676923076923
392185,P Kumar,Royal Challengers Bangalore,2,24,38,9.5,1.8,8.196000000000002
392188,P Kumar,Royal Challengers Bangalore,1,24,41,10.25,1.8,6.846000000000001
392191,P Kumar,Royal Challengers Bangalore,0,25,37,8.879999999999999,1.6,7.325999999999999
392199,P Kumar,Royal Challengers Bangalore,1,25,25,6.0,1.2,7.325999999999999
392204,P Kumar,Royal Challengers Bangalore,2,26,27,6.230769230769231,1.2,8.172153846153845
392208,P Kumar,Royal Challengers Bangalore,0,18,15,5.0,0.8,7.272153846153846
392213,P Kumar,Royal Challengers Bangalore,0,25,31,7.4399999999999995,0.6,6.710153846153846
392224,P Kumar,Royal Challengers Bangalore,3,22,35,9.545454545454545,1.2,6.843244755244754
392232,P Kumar,Royal Challengers Bangalore,3,24,30,7.5,1.6,7.143244755244754
392236,P Kumar,Royal Challengers Bangalore,1,25,46,11.04,1.4,8.105090909090908
392238,P Kumar,Royal Challengers Bangalore,1,24,26,6.5,1.6,8.405090909090909
392239,P Kumar,Royal Challengers Bangalore,0,29,43,8.896551724137932,1.6,8.696401253918495
419109,P Kumar,Royal Challengers Bangalore,1,24,16,4.0,1.2,7.587310344827586
419112,P Kumar,Royal Challengers Bangalore,1,28,44,9.428571428571429,0.8,7.973024630541872
419115,P Kumar,Royal Challengers Bangalore,3,26,18,4.153846153846154,1.2,6.595793861311103
419119,P Kumar,Royal Challengers Bangalore,1,25,43,10.319999999999999,1.2,7.359793861311102
419123,P Kumar,Royal Challengers Bangalore,1,26,22,5.0769230769230775,1.4,6.595868131868132
419128,P Kumar,Royal Challengers Bangalore,1,27,46,10.222222222222221,1.4,7.840312576312575
419133,P Kumar,Royal Challengers Bangalore,0,19,42,13.263157894736842,1.2,8.607229869545659
419136,P Kumar,Royal Challengers Bangalore,1,25,38,9.12,0.8,9.600460638776427
419145,P Kumar,Royal Challengers Bangalore,1,25,38,9.12,0.8,9.360460638776427
419148,P Kumar,Royal Challengers Bangalore,0,20,37,11.1,0.6,10.565076023391812
419162,P Kumar,Royal Challengers Bangalore,0,19,29,9.157894736842106,0.4,10.35221052631579
419164,P Kumar,Royal Challengers Bangalore,2,24,19,4.75,0.8,8.649578947368422
501202,P Kumar,Kings XI Punjab,1,19,28,8.842105263157896,0.8,8.594
501206,P Kumar,Kings XI Punjab,2,24,40,10.0,1.0,8.77
501212,P Kumar,Kings XI Punjab,0,24,29,7.25,1.0,8.0
501220,P Kumar,Kings XI Punjab,2,24,23,5.75,1.4,7.318421052631578
501223,P Kumar,Kings XI Punjab,1,27,46,10.222222222222221,1.2,8.412865497076023
501234,P Kumar,Kings XI Punjab,0,12,14,7.0,1.0,8.044444444444446
501237,P Kumar,Kings XI Punjab,0,18,30,10.0,0.6,8.044444444444444
501244,P Kumar,Kings XI Punjab,0,24,37,9.25,0.6,8.444444444444445
501248,P Kumar,Kings XI Punjab,1,24,18,4.5,0.4,8.194444444444445
501251,P Kumar,Kings XI Punjab,2,24,19,4.75,0.6,7.1
501257,P Kumar,Kings XI Punjab,1,26,32,7.384615384615385,0.8,7.176923076923077
501260,P Kumar,Kings XI Punjab,0,18,11,3.6666666666666665,0.8,5.910256410256411
501264,P Kumar,Kings XI Punjab,0,19,26,8.210526315789474,0.8,5.7023616734143046
548309,P Kumar,Kings XI Punjab,0,26,43,9.923076923076923,0.6,6.78697705802969
548313,P Kumar,Kings XI Punjab,1,26,29,6.6923076923076925,0.4,7.175438596491229
548319,P Kumar,Kings XI Punjab,1,27,19,4.222222222222222,0.4,6.542959964012596
548323,P Kumar,Kings XI Punjab,0,26,23,5.307692307692308,0.4,6.8711650922177245
548328,P Kumar,Kings XI Punjab,0,18,25,8.333333333333334,0.4,6.895726495726497
548331,P Kumar,Kings XI Punjab,0,28,35,7.499999999999999,0.4,6.411111111111111
548334,P Kumar,Kings XI Punjab,2,24,37,9.25,0.6,6.922649572649573
548339,P Kumar,Kings XI Punjab,0,25,25,6.0,0.4,7.278205128205128
548343,P Kumar,Kings XI Punjab,1,25,40,9.6,0.6,8.136666666666667
548350,P Kumar,Kings XI Punjab,0,24,8,2.0,0.6,6.869999999999999
548354,P Kumar,Kings XI Punjab,0,25,34,8.16,0.6,7.002
548359,P Kumar,Kings XI Punjab,3,24,16,4.0,0.8,5.952
548366,P Kumar,Kings XI Punjab,1,24,31,7.75,1.0,6.302
548369,P Kumar,Kings XI Punjab,1,24,28,7.0,1.0,5.781999999999999
548371,P Kumar,Kings XI Punjab,2,24,19,4.75,1.4,6.331999999999999
548374,P Kumar,Kings XI Punjab,0,25,33,7.919999999999999,1.4,6.284000000000001
598003,P Kumar,Kings XI Punjab,2,25,31,7.4399999999999995,1.2,6.9719999999999995
598007,P Kumar,Kings XI Punjab,0,15,18,7.2,1.0,6.862
598014,P Kumar,Kings XI Punjab,2,25,14,3.36,1.2,6.134
598016,P Kumar,Kings XI Punjab,3,26,32,7.384615384615385,1.4,6.660923076923078
598021,P Kumar,Kings XI Punjab,1,18,12,4.0,1.6,5.8769230769230765
598025,P Kumar,Kings XI Punjab,0,27,38,8.444444444444445,1.2,6.077811965811966
598028,P Kumar,Kings XI Punjab,1,24,19,4.75,1.4,5.587811965811966
598031,P Kumar,Kings XI Punjab,0,25,28,6.72,1.0,6.2598119658119655
598037,P Kumar,Kings XI Punjab,1,25,25,6.0,0.6,5.982888888888889
598041,P Kumar,Kings XI Punjab,0,24,38,9.5,0.4,7.082888888888888
598052,P Kumar,Kings XI Punjab,0,25,28,6.72,0.4,6.738000000000001
598056,P Kumar,Kings XI Punjab,0,25,34,8.16,0.2,7.42
598059,P Kumar,Kings XI Punjab,2,25,30,7.199999999999999,0.6,7.516
598064,P Kumar,Kings XI Punjab,0,26,30,6.923076923076923,0.4,7.700615384615384
598066,P Kumar,Kings XI Punjab,1,19,17,5.368421052631579,0.6,6.8742995951417
733995,P Kumar,Mumbai Indians,2,24,32,8.0,1.0,7.1302995951417
734025,P Kumar,Mumbai Indians,2,25,20,4.8,1.4,6.458299595141701
734045,P Kumar,Mumbai Indians,0,24,29,7.25,1.0,6.4682995951416995
829719,P Kumar,Sunrisers Hyderabad,1,24,36,9.0,1.2,6.883684210526316
829727,P Kumar,Sunrisers Hyderabad,0,26,31,7.153846153846154,1.0,7.2407692307692315
829731,P Kumar,Sunrisers Hyderabad,1,26,38,8.76923076923077,0.8,7.394615384615385
829743,P Kumar,Sunrisers Hyderabad,1,12,18,9.0,0.6,8.234615384615385
829751,P Kumar,Sunrisers Hyderabad,2,27,35,7.777777777777778,1.0,8.34017094017094
829759,P Kumar,Sunrisers Hyderabad,1,26,34,7.846153846153847,1.0,8.10940170940171
829773,P Kumar,Sunrisers Hyderabad,0,26,34,7.846153846153847,1.0,8.247863247863247
829781,P Kumar,Sunrisers Hyderabad,0,6,11,11.0,0.8,8.694017094017095
829787,P Kumar,Sunrisers Hyderabad,0,24,41,10.25,0.6,8.944017094017095
829793,P Kumar,Sunrisers Hyderabad,0,13,35,16.153846153846153,0.2,10.61923076923077
829807,P Kumar,Sunrisers Hyderabad,1,6,10,10.0,0.2,11.05
829815,P Kumar,Sunrisers Hyderabad,0,14,15,6.428571428571428,0.2,10.766483516483516
980905,P Kumar,Gujarat Lions,0,24,25,6.25,0.2,9.816483516483517
980911,P Kumar,Gujarat Lions,0,12,12,6.0,0.2,8.966483516483517
980917,P Kumar,Gujarat Lions,0,19,20,6.315789473684211,0.2,6.998872180451127
980929,P Kumar,Gujarat Lions,0,14,31,13.285714285714285,0.0,7.656015037593986
980937,P Kumar,Gujarat Lions,0,18,28,9.333333333333334,0.0,8.236967418546367
980945,P Kumar,Gujarat Lions,0,24,14,3.5,0.0,7.686967418546367
980949,P Kumar,Gujarat Lions,1,24,37,9.25,0.2,8.336967418546367
980955,P Kumar,Gujarat Lions,2,17,25,8.823529411764705,0.6,8.838515406162465
980961,P Kumar,Gujarat Lions,0,13,20,9.230769230769232,0.6,8.027526395173455
980967,P Kumar,Gujarat Lions,1,25,28,6.72,0.8,7.504859728506787
980975,P Kumar,Gujarat Lions,2,24,19,4.75,1.2,7.754859728506787
980987,P Kumar,Gujarat Lions,2,24,46,11.5,1.4,8.204859728506786
981001,P Kumar,Gujarat Lions,0,14,12,5.142857142857142,1.0,7.4687252747252755
981007,P Kumar,Gujarat Lions,2,24,24,6.0,1.4,6.822571428571427
981013,P Kumar,Gujarat Lions,0,22,34,9.272727272727273,1.2,7.333116883116884
981017,P Kumar,Gujarat Lions,0,21,33,9.428571428571429,0.8,8.268831168831168
1082593,P Kumar,Gujarat Lions,0,12,13,6.5,0.4,7.268831168831168
1082596,P Kumar,Gujarat Lions,1,12,16,8.0,0.6,7.840259740259741
1082603,P Kumar,Gujarat Lions,1,27,51,11.333333333333334,0.4,8.906926406926408
1082606,P Kumar,Gujarat Lions,1,20,25,7.5,0.6,8.552380952380952
1082613,P Kumar,Gujarat Lions,1,12,24,12.0,0.8,9.066666666666666
1082643,P Kumar,Gujarat Lions,2,25,25,6.0,1.2,8.966666666666665
548378,P Negi,Delhi Daredevils,1,24,19,4.75,1.2,6.980666666666667
548380,P Negi,Delhi Daredevils,1,24,33,8.25,1.4,7.530666666666667
598049,P Negi,Delhi Daredevils,0,26,28,6.461538461538462,0.6,7.958974358974359
729283,P Negi,Chennai Super Kings,0,19,37,11.68421052631579,0.4,8.695816464237517
734029,P Negi,Chennai Super Kings,1,24,39,9.75,0.6,8.17914979757085
829723,P Negi,Chennai Super Kings,1,25,24,5.76,0.6,8.38114979757085
829773,P Negi,Chennai Super Kings,1,12,20,10.0,0.6,8.73114979757085
829779,P Negi,Chennai Super Kings,0,12,19,9.5,0.6,9.338842105263158
829789,P Negi,Chennai Super Kings,1,24,35,8.75,0.8,8.752
829797,P Negi,Chennai Super Kings,0,25,35,8.399999999999999,0.6,8.482000000000001
829801,P Negi,Chennai Super Kings,2,18,28,9.333333333333334,0.8,9.196666666666667
829809,P Negi,Chennai Super Kings,2,25,30,7.199999999999999,1.0,8.636666666666667
829817,P Negi,Chennai Super Kings,0,24,46,11.5,1.0,9.036666666666665
829821,P Negi,Chennai Super Kings,0,6,4,4.0,0.8,8.086666666666666
829823,P Negi,Chennai Super Kings,0,12,18,9.0,0.8,8.206666666666667
980913,P Negi,Delhi Daredevils,1,6,10,10.0,0.6,8.34
980921,P Negi,Delhi Daredevils,0,18,26,8.666666666666666,0.2,8.633333333333333
980933,P Negi,Delhi Daredevils,0,6,19,19.0,0.2,10.133333333333335
980965,P Negi,Delhi Daredevils,0,6,10,10.0,0.2,11.333333333333334
981011,P Negi,Delhi Daredevils,1,18,19,6.333333333333333,0.4,10.8
1082595,P Negi,Royal Challengers Bangalore,2,6,3,3.0,0.6,9.4
1082598,P Negi,Royal Challengers Bangalore,0,6,8,8.0,0.6,9.266666666666667
1082602,P Negi,Royal Challengers Bangalore,0,14,29,12.428571428571427,0.6,7.952380952380952
1082607,P Negi,Royal Challengers Bangalore,1,19,13,4.105263157894737,0.8,6.7734335839599
1082610,P Negi,Royal Challengers Bangalore,1,25,21,5.04,0.8,6.514766917293234
1082617,P Negi,Royal Challengers Bangalore,2,19,15,4.736842105263158,0.8,6.862135338345865
1082621,P Negi,Royal Challengers Bangalore,1,13,24,11.076923076923078,1.0,7.477519953730481
1082624,P Negi,Royal Challengers Bangalore,1,25,18,4.319999999999999,1.2,5.855805668016195
1082628,P Negi,Royal Challengers Bangalore,3,24,18,4.5,1.6,5.9347530364372485
1082633,P Negi,Royal Challengers Bangalore,1,18,22,7.333333333333333,1.6,6.393419703103914
1082636,P Negi,Royal Challengers Bangalore,2,19,21,6.631578947368421,1.6,6.772367071524966
1082646,P Negi,Royal Challengers Bangalore,3,12,10,5.0,2.0,5.556982456140352
1136571,P Negi,Royal Challengers Bangalore,0,6,13,13.0,1.8,7.292982456140351
1136584,P Negi,Royal Challengers Bangalore,1,18,36,12.0,1.4,8.79298245614035
1175372,P Negi,Royal Challengers Bangalore,2,19,21,6.631578947368421,1.6,8.65263157894737
1178395,P Negi,Royal Challengers Bangalore,1,19,28,8.842105263157896,1.4,9.094736842105265
1178406,P Negi,Royal Challengers Bangalore,0,26,47,10.846153846153847,0.8,10.263967611336033
1178414,P Negi,Royal Challengers Bangalore,0,6,7,7.0,0.8,9.063967611336034
501258,P Parameswaran,Kochi Tuskers Kerala,2,22,20,5.454545454545455,0.8,9.485414585414585
548356,P Parameswaran,Royal Challengers Bangalore,1,25,47,11.28,0.6,10.291414585414586
548372,P Parameswaran,Royal Challengers Bangalore,3,19,30,9.473684210526317,1.2,11.136151427519849
548376,P Parameswaran,Royal Challengers Bangalore,1,18,12,4.0,1.4,8.164722856091277
980941,P Sahu,Kings XI Punjab,0,18,35,11.666666666666666,0.6,8.894333333333332
829729,P Suyal,Mumbai Indians,0,21,28,8.0,0.4,8.505263157894737
501237,PC Valthaty,Kings XI Punjab,0,6,11,11.0,0.8,9.392
501248,PC Valthaty,Kings XI Punjab,0,13,17,7.846153846153847,0.0,9.569230769230769
501257,PC Valthaty,Kings XI Punjab,1,24,35,8.75,0.2,9.419230769230769
501260,PC Valthaty,Kings XI Punjab,1,24,30,7.5,0.4,8.319230769230769
501264,PC Valthaty,Kings XI Punjab,1,25,24,5.76,0.6,8.17123076923077
548309,PC Valthaty,Kings XI Punjab,0,6,16,16.0,0.6,9.17123076923077
419152,PD Collingwood,Delhi Daredevils,0,24,27,6.75,0.8,6.933846153846154
419160,PD Collingwood,Delhi Daredevils,1,18,23,7.666666666666667,0.8,6.787179487179488
1082595,PJ Cummins,Delhi Daredevils,1,25,30,7.199999999999999,0.8,8.355934065934067
1082599,PJ Cummins,Delhi Daredevils,2,20,25,7.5,0.8,8.405934065934066
1082605,PJ Cummins,Delhi Daredevils,2,24,24,6.0,1.0,6.882857142857143
1082608,PJ Cummins,Delhi Daredevils,2,25,40,9.6,1.4,7.602857142857142
1082611,PJ Cummins,Delhi Daredevils,0,25,38,9.12,1.4,7.883999999999999
1082614,PJ Cummins,Delhi Daredevils,2,25,22,5.279999999999999,1.6,7.5
1082622,PJ Cummins,Delhi Daredevils,0,18,22,7.333333333333333,1.2,7.466666666666667
1082632,PJ Cummins,Delhi Daredevils,2,24,31,7.75,1.2,7.816666666666667
1082635,PJ Cummins,Delhi Daredevils,0,28,65,13.928571428571427,0.8,8.682380952380951
1082640,PJ Cummins,Delhi Daredevils,1,24,39,9.75,1.0,8.808380952380952
1082642,PJ Cummins,Delhi Daredevils,2,25,35,8.399999999999999,1.0,9.432380952380951
1082646,PJ Cummins,Delhi Daredevils,2,26,22,5.0769230769230775,1.4,8.9810989010989
1216494,PJ Cummins,Kolkata Knight Riders,0,19,20,6.315789473684211,1.0,8.694256795835742
1216497,PJ Cummins,Kolkata Knight Riders,3,24,17,4.25,1.6,6.7585425101214565
1216501,PJ Cummins,Kolkata Knight Riders,0,26,26,6.0,1.4,6.008542510121457
1216504,PJ Cummins,Kolkata Knight Riders,1,18,15,5.0,1.2,5.328542510121458
1216508,PJ Cummins,Kolkata Knight Riders,0,21,49,14.0,0.8,7.113157894736842
1216512,PJ Cummins,Kolkata Knight Riders,1,24,32,8.0,1.0,7.45
1216515,PJ Cummins,Kolkata Knight Riders,0,24,49,12.25,0.4,9.05
1216520,PJ Cummins,Kolkata Knight Riders,0,24,31,7.75,0.4,9.4
1216523,PJ Cummins,Kolkata Knight Riders,0,24,29,7.25,0.2,9.85
1216526,PJ Cummins,Kolkata Knight Riders,0,18,33,11.0,0.2,9.25
1216530,PJ Cummins,Kolkata Knight Riders,4,25,34,8.16,0.8,9.282
1216536,PJ Cummins,Kolkata Knight Riders,2,25,31,7.4399999999999995,1.2,8.32
1216540,PJ Cummins,Kolkata Knight Riders,0,25,39,9.36,1.2,8.642
1216545,PJ Cummins,Kolkata Knight Riders,1,24,19,4.75,1.4,8.142
1254060,PJ Cummins,Kolkata Knight Riders,1,24,30,7.5,1.6,7.442
1254062,PJ Cummins,Kolkata Knight Riders,2,24,24,6.0,1.2,7.01
1254067,PJ Cummins,Kolkata Knight Riders,1,26,34,7.846153846153847,1.0,7.091230769230769
1254072,PJ Cummins,Kolkata Knight Riders,0,27,58,12.88888888888889,1.0,7.797008547008548
1254075,PJ Cummins,Kolkata Knight Riders,0,24,36,9.0,0.8,8.647008547008548
1254078,PJ Cummins,Kolkata Knight Riders,2,19,31,9.789473684210527,1.0,9.104903283850653
1254082,PJ Cummins,Kolkata Knight Riders,3,24,24,6.0,1.2,9.104903283850653
1304060,PJ Cummins,Kolkata Knight Riders,2,25,49,11.76,1.4,9.887672514619883
1304065,PJ Cummins,Kolkata Knight Riders,0,26,53,12.230769230769232,1.4,9.756048582995952
1304071,PJ Cummins,Kolkata Knight Riders,1,25,40,9.6,1.6,9.876048582995953
1304076,PJ Cummins,Kolkata Knight Riders,1,26,51,11.76923076923077,1.4,10.272
1304102,PJ Cummins,Kolkata Knight Riders,4,25,26,6.239999999999999,1.6,10.32
1422121,PJ Cummins,Sunrisers Hyderabad,1,24,32,8.0,1.4,9.568000000000001
1422126,PJ Cummins,Sunrisers Hyderabad,2,25,35,8.399999999999999,1.8,8.801846153846153
1422130,PJ Cummins,Sunrisers Hyderabad,1,25,28,6.72,1.8,8.225846153846154
1422136,PJ Cummins,Sunrisers Hyderabad,1,24,29,7.25,1.8,7.322
1426261,PJ Cummins,Sunrisers Hyderabad,1,24,22,5.5,1.2,7.1739999999999995
1426268,PJ Cummins,Sunrisers Hyderabad,3,25,43,10.319999999999999,1.6,7.638
1426273,PJ Cummins,Sunrisers Hyderabad,0,24,35,8.75,1.2,7.708
1426279,PJ Cummins,Sunrisers Hyderabad,1,25,55,13.2,1.2,9.004
1426284,PJ Cummins,Sunrisers Hyderabad,0,25,50,12.0,1.0,9.953999999999999
1426288,PJ Cummins,Sunrisers Hyderabad,2,24,34,8.5,1.2,10.553999999999998
1426293,PJ Cummins,Sunrisers Hyderabad,1,25,35,8.399999999999999,0.8,10.169999999999998
1426295,PJ Cummins,Sunrisers Hyderabad,1,24,47,11.75,1.0,10.77
1426307,PJ Cummins,Sunrisers Hyderabad,1,24,36,9.0,1.0,9.929999999999998
1426309,PJ Cummins,Sunrisers Hyderabad,1,19,42,13.263157894736842,1.2,10.182631578947369
1426311,PJ Cummins,Sunrisers Hyderabad,1,25,30,7.199999999999999,1.0,9.922631578947367
1426312,PJ Cummins,Sunrisers Hyderabad,1,13,18,8.307692307692308,1.0,9.904170040485829
336017,PJ Sangwan,Delhi Daredevils,2,27,29,6.444444444444445,1.2,7.481042735042735
336022,PJ Sangwan,Delhi Daredevils,1,7,12,10.285714285714285,1.2,7.692031746031745
336026,PJ Sangwan,Delhi Daredevils,0,21,51,14.571428571428571,1.0,9.550317460317459
392183,PJ Sangwan,Delhi Daredevils,0,12,21,10.5,0.6,10.21031746031746
392189,PJ Sangwan,Delhi Daredevils,3,27,28,6.222222222222222,1.2,9.604761904761904
392194,PJ Sangwan,Delhi Daredevils,1,25,33,7.919999999999999,1.0,9.899873015873016
392198,PJ Sangwan,Delhi Daredevils,1,26,30,6.923076923076923,1.0,9.227345543345544
392201,PJ Sangwan,Delhi Daredevils,1,24,24,6.0,1.2,7.513059829059829
392206,PJ Sangwan,Delhi Daredevils,1,19,41,12.947368421052632,1.4,8.002533513270356
392211,PJ Sangwan,Delhi Daredevils,2,25,29,6.959999999999999,1.2,8.15008906882591
392215,PJ Sangwan,Delhi Daredevils,1,25,19,4.56,1.2,7.478089068825911
392219,PJ Sangwan,Delhi Daredevils,1,19,32,10.105263157894738,1.2,8.114526315789472
392223,PJ Sangwan,Delhi Daredevils,3,27,19,4.222222222222222,1.6,7.758970760233919
392226,PJ Sangwan,Delhi Daredevils,1,24,42,10.5,1.6,7.2694970760233915
392235,PJ Sangwan,Delhi Daredevils,3,27,35,7.777777777777778,1.8,7.433052631578947
392237,PJ Sangwan,Delhi Daredevils,0,17,21,7.411764705882352,1.6,8.003405572755417
419108,PJ Sangwan,Delhi Daredevils,1,24,33,8.25,1.6,7.632352941176469
419111,PJ Sangwan,Delhi Daredevils,1,26,20,4.615384615384616,1.2,7.710985419808949
419114,PJ Sangwan,Delhi Daredevils,1,26,41,9.461538461538462,1.2,7.5032931121166415
419116,PJ Sangwan,Delhi Daredevils,0,24,46,11.5,0.6,8.247737556561086
419128,PJ Sangwan,Delhi Daredevils,1,28,33,7.071428571428571,0.8,8.17967032967033
419140,PJ Sangwan,Delhi Daredevils,3,24,22,5.5,1.2,7.62967032967033
419144,PJ Sangwan,Delhi Daredevils,0,19,30,9.473684210526317,1.0,8.60133024869867
419152,PJ Sangwan,Delhi Daredevils,2,28,35,7.499999999999999,1.2,8.209022556390977
548357,PJ Sangwan,Kolkata Knight Riders,1,25,42,10.08,1.4,7.925022556390976
598008,PJ Sangwan,Kolkata Knight Riders,0,14,34,14.571428571428571,1.2,9.425022556390978
598069,PJ Sangwan,Kolkata Knight Riders,0,12,18,9.0,0.6,10.125022556390977
980905,PJ Sangwan,Gujarat Lions,0,12,21,10.5,0.6,10.330285714285713
980967,PJ Sangwan,Gujarat Lions,0,13,28,12.923076923076923,0.2,11.4149010989011
1082629,PJ Sangwan,Gujarat Lions,2,25,38,9.12,0.4,11.222901098901099
1082632,PJ Sangwan,Gujarat Lions,1,25,45,10.799999999999999,0.6,10.468615384615385
1082637,PJ Sangwan,Gujarat Lions,1,18,28,9.333333333333334,0.8,10.53528205128205
1082640,PJ Sangwan,Gujarat Lions,2,18,35,11.666666666666666,1.2,10.768615384615384
1082643,PJ Sangwan,Gujarat Lions,0,24,37,9.25,1.2,10.034
1136567,PJ Sangwan,Mumbai Indians,0,12,20,10.0,0.8,10.209999999999999
1304089,PJ Sangwan,Gujarat Titans,2,24,19,4.75,1.0,9.0
1304094,PJ Sangwan,Gujarat Titans,0,12,23,11.5,0.8,9.433333333333334
1304097,PJ Sangwan,Gujarat Titans,1,20,24,7.199999999999999,0.6,8.54
335999,PP Chawla,Kings XI Punjab,4,24,28,7.0,1.2,10.059999999999999
336003,PP Chawla,Kings XI Punjab,0,6,16,16.0,1.2,9.459999999999999
336006,PP Chawla,Kings XI Punjab,3,25,25,6.0,1.8,7.959999999999999
336013,PP Chawla,Kings XI Punjab,1,19,36,11.368421052631579,1.6,9.465684210526314
336016,PP Chawla,Kings XI Punjab,2,25,33,7.919999999999999,2.0,9.657684210526316
336019,PP Chawla,Kings XI Punjab,3,24,35,8.75,1.8,10.007684210526316
336022,PP Chawla,Kings XI Punjab,0,6,13,13.0,1.8,9.407684210526316
336028,PP Chawla,Kings XI Punjab,2,24,27,6.75,1.6,9.557684210526315
336031,PP Chawla,Kings XI Punjab,0,24,32,8.0,1.4,8.884
336035,PP Chawla,Kings XI Punjab,2,24,37,9.25,1.4,9.15
336039,PP Chawla,Kings XI Punjab,0,17,23,8.117647058823529,0.8,9.023529411764706
392183,PP Chawla,Kings XI Punjab,0,6,12,12.0,0.8,8.823529411764707
392186,PP Chawla,Kings XI Punjab,0,12,8,4.0,0.4,8.273529411764706
392191,PP Chawla,Kings XI Punjab,1,24,23,5.75,0.6,7.823529411764706
392195,PP Chawla,Kings XI Punjab,2,24,22,5.5,0.6,7.073529411764706
392200,PP Chawla,Kings XI Punjab,1,18,26,8.666666666666666,0.8,7.183333333333333
392204,PP Chawla,Kings XI Punjab,0,25,30,7.199999999999999,0.8,6.223333333333334
392207,PP Chawla,Kings XI Punjab,2,25,28,6.72,1.2,6.767333333333333
392210,PP Chawla,Kings XI Punjab,2,24,30,7.5,1.4,7.117333333333333
392214,PP Chawla,Kings XI Punjab,1,18,28,9.333333333333334,1.2,7.884
392216,PP Chawla,Kings XI Punjab,1,18,26,8.666666666666666,1.2,7.884
392222,PP Chawla,Kings XI Punjab,1,24,32,8.0,1.4,8.044
392226,PP Chawla,Kings XI Punjab,0,19,21,6.631578947368421,1.0,8.026315789473683
392229,PP Chawla,Kings XI Punjab,0,24,20,5.0,0.6,7.526315789473683
392234,PP Chawla,Kings XI Punjab,1,12,13,6.5,0.6,6.959649122807018
419108,PP Chawla,Kings XI Punjab,1,24,33,8.25,0.6,6.876315789473685
419112,PP Chawla,Kings XI Punjab,1,18,21,7.0,0.6,6.676315789473685
419117,PP Chawla,Kings XI Punjab,0,18,24,8.0,0.6,6.95
419121,PP Chawla,Kings XI Punjab,1,24,27,6.75,0.8,7.3
419124,PP Chawla,Kings XI Punjab,1,24,29,7.25,0.8,7.45
419127,PP Chawla,Kings XI Punjab,1,25,35,8.399999999999999,0.8,7.4799999999999995
419132,PP Chawla,Kings XI Punjab,1,19,32,10.105263157894738,0.8,8.101052631578947
419136,PP Chawla,Kings XI Punjab,0,12,22,11.0,0.8,8.701052631578946
419139,PP Chawla,Kings XI Punjab,0,12,27,13.5,0.6,10.051052631578946
419143,PP Chawla,Kings XI Punjab,0,24,27,6.75,0.4,9.951052631578946
419146,PP Chawla,Kings XI Punjab,3,24,24,6.0,0.8,9.471052631578948
419149,PP Chawla,Kings XI Punjab,2,24,16,4.0,1.0,8.25
419156,PP Chawla,Kings XI Punjab,1,24,26,6.5,1.2,7.35
419159,PP Chawla,Kings XI Punjab,1,24,28,7.0,1.4,6.05
501202,PP Chawla,Kings XI Punjab,0,6,12,12.0,1.4,7.1
501206,PP Chawla,Kings XI Punjab,1,18,33,11.0,1.0,8.1
501212,PP Chawla,Kings XI Punjab,1,12,17,8.5,0.8,9.0
501220,PP Chawla,Kings XI Punjab,1,24,24,6.0,0.8,8.9
501223,PP Chawla,Kings XI Punjab,1,24,36,9.0,0.8,9.3
501234,PP Chawla,Kings XI Punjab,0,22,29,7.909090909090909,0.8,8.48181818181818
501237,PP Chawla,Kings XI Punjab,2,24,37,9.25,1.0,8.131818181818181
501244,PP Chawla,Kings XI Punjab,2,24,37,9.25,1.2,8.281818181818181
501254,PP Chawla,Kings XI Punjab,1,26,30,6.923076923076923,1.2,8.466433566433567
501257,PP Chawla,Kings XI Punjab,3,24,16,4.0,1.6,7.466433566433567
501260,PP Chawla,Kings XI Punjab,4,24,21,5.25,2.4,6.934615384615384
501264,PP Chawla,Kings XI Punjab,0,25,48,11.52,2.0,7.388615384615385
548309,PP Chawla,Kings XI Punjab,1,24,37,9.25,1.8,7.388615384615385
548313,PP Chawla,Kings XI Punjab,0,12,14,7.0,1.6,7.403999999999999
548319,PP Chawla,Kings XI Punjab,1,24,23,5.75,1.2,7.754
548323,PP Chawla,Kings XI Punjab,3,24,18,4.5,1.0,7.603999999999999
548328,PP Chawla,Kings XI Punjab,2,24,19,4.75,1.4,6.25
548331,PP Chawla,Kings XI Punjab,1,24,21,5.25,1.4,5.45
548334,PP Chawla,Kings XI Punjab,2,24,19,4.75,1.8,5.0
548339,PP Chawla,Kings XI Punjab,1,25,46,11.04,1.8,6.058
548343,PP Chawla,Kings XI Punjab,2,25,20,4.8,1.6,6.118
548350,PP Chawla,Kings XI Punjab,1,19,35,11.052631578947368,1.4,7.378526315789474
548354,PP Chawla,Kings XI Punjab,2,24,38,9.5,1.6,8.228526315789473
548359,PP Chawla,Kings XI Punjab,1,24,33,8.25,1.4,8.928526315789473
548366,PP Chawla,Kings XI Punjab,0,18,27,9.0,1.2,8.520526315789473
548369,PP Chawla,Kings XI Punjab,1,24,33,8.25,1.0,9.210526315789474
548371,PP Chawla,Kings XI Punjab,0,6,12,12.0,0.8,9.4
548374,PP Chawla,Kings XI Punjab,0,25,30,7.199999999999999,0.4,8.940000000000001
598003,PP Chawla,Kings XI Punjab,1,24,19,4.75,0.4,8.24
598007,PP Chawla,Kings XI Punjab,0,24,21,5.25,0.4,7.49
598014,PP Chawla,Kings XI Punjab,1,20,22,6.6,0.4,7.159999999999999
598016,PP Chawla,Kings XI Punjab,0,18,28,9.333333333333334,0.4,6.626666666666667
598021,PP Chawla,Kings XI Punjab,1,24,25,6.25,0.6,6.436666666666667
598025,PP Chawla,Kings XI Punjab,0,24,34,8.5,0.4,7.186666666666667
598028,PP Chawla,Kings XI Punjab,2,24,48,12.0,0.8,8.536666666666667
598031,PP Chawla,Kings XI Punjab,0,24,41,10.25,0.6,9.266666666666666
598037,PP Chawla,Kings XI Punjab,1,12,24,12.0,0.8,9.8
598041,PP Chawla,Kings XI Punjab,1,24,32,8.0,0.8,10.15
598045,PP Chawla,Kings XI Punjab,0,24,27,6.75,0.8,9.8
598052,PP Chawla,Kings XI Punjab,1,24,27,6.75,0.6,8.75
598056,PP Chawla,Kings XI Punjab,1,24,20,5.0,0.8,7.7
598059,PP Chawla,Kings XI Punjab,0,12,17,8.5,0.6,7.0
598064,PP Chawla,Kings XI Punjab,0,25,28,6.72,0.4,6.744
598066,PP Chawla,Kings XI Punjab,2,25,20,4.8,0.8,6.354
729279,PP Chawla,Kolkata Knight Riders,1,19,15,4.736842105263158,0.8,5.951368421052631
729289,PP Chawla,Kolkata Knight Riders,1,15,27,10.8,0.8,7.111368421052632
729307,PP Chawla,Kolkata Knight Riders,3,24,19,4.75,1.4,6.361368421052632
729315,PP Chawla,Kolkata Knight Riders,0,18,27,9.0,1.4,6.817368421052632
733971,PP Chawla,Kolkata Knight Riders,0,18,31,10.333333333333334,1.0,7.924035087719298
733997,PP Chawla,Kolkata Knight Riders,3,24,19,4.75,1.4,7.926666666666667
734009,PP Chawla,Kolkata Knight Riders,1,24,32,8.0,1.4,7.366666666666667
734015,PP Chawla,Kolkata Knight Riders,1,24,24,6.0,1.0,7.616666666666667
734023,PP Chawla,Kolkata Knight Riders,1,24,42,10.5,1.2,7.916666666666667
734043,PP Chawla,Kolkata Knight Riders,1,24,24,6.0,1.4,7.05
734049,PP Chawla,Kolkata Knight Riders,2,24,44,11.0,1.2,8.3
829705,PP Chawla,Kolkata Knight Riders,0,12,16,8.0,1.0,8.3
829713,PP Chawla,Kolkata Knight Riders,0,6,10,10.0,0.8,9.1
829723,PP Chawla,Kolkata Knight Riders,1,24,26,6.5,0.8,8.3
829733,PP Chawla,Kolkata Knight Riders,0,24,29,7.25,0.6,8.55
829739,PP Chawla,Kolkata Knight Riders,2,25,28,6.72,0.6,7.694
829743,PP Chawla,Kolkata Knight Riders,0,6,15,15.0,0.6,9.094
829761,PP Chawla,Kolkata Knight Riders,4,24,32,8.0,1.4,8.693999999999999
829765,PP Chawla,Kolkata Knight Riders,2,24,26,6.5,1.6,8.693999999999999
829771,PP Chawla,Kolkata Knight Riders,1,12,21,10.5,1.8,9.344
829781,PP Chawla,Kolkata Knight Riders,2,24,16,4.0,1.8,8.8
829791,PP Chawla,Kolkata Knight Riders,0,18,35,11.666666666666666,1.8,8.133333333333333
829805,PP Chawla,Kolkata Knight Riders,0,6,9,9.0,1.0,8.333333333333332
829811,PP Chawla,Kolkata Knight Riders,0,7,12,10.285714285714285,0.6,9.09047619047619
980903,PP Chawla,Kolkata Knight Riders,2,25,21,5.04,0.8,7.99847619047619
980909,PP Chawla,Kolkata Knight Riders,1,19,29,9.157894736842106,0.6,9.030055137844611
980915,PP Chawla,Kolkata Knight Riders,0,6,13,13.0,0.6,9.296721804511279
980925,PP Chawla,Kolkata Knight Riders,1,19,18,5.684210526315789,0.8,8.633563909774436
980939,PP Chawla,Kolkata Knight Riders,0,18,26,8.666666666666666,0.8,8.309754385964913
980951,PP Chawla,Kolkata Knight Riders,0,13,24,11.076923076923078,0.4,9.517139001349529
980959,PP Chawla,Kolkata Knight Riders,2,24,32,8.0,0.6,9.285560053981106
980963,PP Chawla,Kolkata Knight Riders,2,25,27,6.4799999999999995,1.0,7.981560053981108
980975,PP Chawla,Kolkata Knight Riders,2,24,30,7.5,1.2,8.34471794871795
980989,PP Chawla,Kolkata Knight Riders,2,24,21,5.25,1.6,7.661384615384617
980995,PP Chawla,Kolkata Knight Riders,0,19,32,10.105263157894738,1.6,7.467052631578949
1082593,PP Chawla,Kolkata Knight Riders,1,25,33,7.919999999999999,1.4,7.451052631578948
1082601,PP Chawla,Kolkata Knight Riders,1,18,36,12.0,1.2,8.555052631578949
1082620,PP Chawla,Kolkata Knight Riders,1,24,36,9.0,1.0,8.855052631578948
1082636,PP Chawla,Kolkata Knight Riders,0,12,13,6.5,0.6,9.105052631578948
1082648,PP Chawla,Kolkata Knight Riders,1,18,27,9.0,0.8,8.884
1082649,PP Chawla,Kolkata Knight Riders,2,25,34,8.16,1.0,8.931999999999999
1136563,PP Chawla,Kolkata Knight Riders,1,24,31,7.75,1.0,8.081999999999999
1136565,PP Chawla,Kolkata Knight Riders,1,25,49,11.76,1.0,8.634
1136570,PP Chawla,Kolkata Knight Riders,1,24,20,5.0,1.2,8.334
1136573,PP Chawla,Kolkata Knight Riders,1,13,17,7.846153846153847,1.2,8.10323076923077
1136575,PP Chawla,Kolkata Knight Riders,1,24,18,4.5,1.0,7.371230769230769
1136578,PP Chawla,Kolkata Knight Riders,0,12,24,12.0,0.8,8.221230769230768
1136586,PP Chawla,Kolkata Knight Riders,1,24,33,8.25,0.8,7.519230769230769
1136589,PP Chawla,Kolkata Knight Riders,0,18,22,7.333333333333333,0.6,7.985897435897437
1136593,PP Chawla,Kolkata Knight Riders,2,24,39,9.75,0.8,8.366666666666667
1136597,PP Chawla,Kolkata Knight Riders,0,18,35,11.666666666666666,0.6,9.8
1136601,PP Chawla,Kolkata Knight Riders,3,24,49,12.25,1.2,9.85
1136604,PP Chawla,Kolkata Knight Riders,0,12,16,8.0,1.0,9.8
1136614,PP Chawla,Kolkata Knight Riders,0,12,19,9.5,1.0,10.233333333333333
1136618,PP Chawla,Kolkata Knight Riders,2,24,24,6.0,1.0,9.483333333333333
1136619,PP Chawla,Kolkata Knight Riders,1,18,23,7.666666666666667,1.2,8.683333333333334
1175357,PP Chawla,Kolkata Knight Riders,1,18,23,7.666666666666667,0.8,7.7666666666666675
1175361,PP Chawla,Kolkata Knight Riders,1,18,27,9.0,1.0,7.966666666666667
1175365,PP Chawla,Kolkata Knight Riders,1,24,36,9.0,1.2,7.866666666666667
1175372,PP Chawla,Kolkata Knight Riders,0,24,32,8.0,0.8,8.266666666666667
1178396,PP Chawla,Kolkata Knight Riders,0,24,19,4.75,0.6,7.683333333333333
1178398,PP Chawla,Kolkata Knight Riders,1,24,28,7.0,0.6,7.55
1178401,PP Chawla,Kolkata Knight Riders,0,17,35,12.352941176470587,0.4,8.220588235294118
1178404,PP Chawla,Kolkata Knight Riders,2,22,32,8.727272727272728,0.6,8.166042780748663
1178410,PP Chawla,Kolkata Knight Riders,0,6,10,10.0,0.6,8.566042780748663
1178413,PP Chawla,Kolkata Knight Riders,0,18,38,12.666666666666666,0.6,10.149376114081997
1178418,PP Chawla,Kolkata Knight Riders,3,24,20,5.0,1.0,9.749376114081997
1178422,PP Chawla,Kolkata Knight Riders,1,24,62,15.5,1.2,10.378787878787879
1178427,PP Chawla,Kolkata Knight Riders,0,24,43,10.75,0.8,10.783333333333335
1216492,PP Chawla,Chennai Super Kings,1,25,21,5.04,1.0,9.791333333333334
1216496,PP Chawla,Chennai Super Kings,1,25,55,13.2,1.2,9.898
1216513,PP Chawla,Chennai Super Kings,1,12,22,11.0,0.8,11.097999999999999
1216516,PP Chawla,Chennai Super Kings,2,18,20,6.666666666666667,1.0,9.331333333333331
1216528,PP Chawla,Chennai Super Kings,0,6,8,8.0,1.0,8.781333333333333
1216533,PP Chawla,Chennai Super Kings,0,18,32,10.666666666666666,0.8,9.906666666666666
1216539,PP Chawla,Chennai Super Kings,2,24,33,8.25,1.0,8.916666666666668
1254088,PP Chawla,Mumbai Indians,1,24,38,9.5,1.0,8.616666666666667
1359479,PP Chawla,Mumbai Indians,0,24,26,6.5,0.6,8.583333333333334
1359486,PP Chawla,Mumbai Indians,1,24,33,8.25,0.8,8.633333333333335
1359490,PP Chawla,Mumbai Indians,3,24,22,5.5,1.4,7.6
1359496,PP Chawla,Mumbai Indians,1,24,19,4.75,1.2,6.9
1359499,PP Chawla,Mumbai Indians,2,24,43,10.75,1.4,7.15
1359505,PP Chawla,Mumbai Indians,2,19,15,4.736842105263158,1.8,6.7973684210526315
1359509,PP Chawla,Mumbai Indians,2,25,34,8.16,2.0,6.779368421052633
1359516,PP Chawla,Mumbai Indians,2,24,34,8.5,1.8,7.379368421052632
1359520,PP Chawla,Mumbai Indians,2,24,29,7.25,2.0,7.879368421052632
1359523,PP Chawla,Mumbai Indians,2,24,25,6.25,2.0,6.979368421052632
1359528,PP Chawla,Mumbai Indians,0,24,41,10.25,1.6,8.081999999999999
1359531,PP Chawla,Mumbai Indians,2,24,36,9.0,1.6,8.25
1359537,PP Chawla,Mumbai Indians,1,18,26,8.666666666666666,1.4,8.283333333333335
1359543,PP Chawla,Mumbai Indians,0,24,39,9.75,1.0,8.783333333333335
1370351,PP Chawla,Mumbai Indians,2,26,32,7.384615384615385,1.0,9.010256410256412
1370352,PP Chawla,Mumbai Indians,1,19,45,14.210526315789474,1.2,9.802361673414307
1422123,PP Chawla,Mumbai Indians,1,19,31,9.789473684210527,1.0,9.96025641025641
1422126,PP Chawla,Mumbai Indians,1,12,34,17.0,1.0,11.626923076923077
1422132,PP Chawla,Mumbai Indians,0,18,18,6.0,1.0,10.876923076923077
1422138,PP Chawla,Mumbai Indians,0,12,32,16.0,0.6,12.6
1426276,PP Chawla,Mumbai Indians,1,24,33,8.25,0.6,11.407894736842106
1426281,PP Chawla,Mumbai Indians,1,26,36,8.307692307692308,0.6,11.111538461538462
1426286,PP Chawla,Mumbai Indians,0,18,23,7.666666666666667,0.4,9.244871794871795
1426289,PP Chawla,Mumbai Indians,1,18,15,5.0,0.6,9.044871794871796
1426293,PP Chawla,Mumbai Indians,3,26,33,7.615384615384616,1.2,7.367948717948718
1426298,PP Chawla,Mumbai Indians,2,18,28,9.333333333333334,1.4,7.584615384615385
1426305,PP Chawla,Mumbai Indians,3,24,29,7.25,1.8,7.373076923076924
336007,PP Ojha,Deccan Chargers,1,25,22,5.279999999999999,0.6,7.4790769230769225
336011,PP Ojha,Deccan Chargers,1,26,47,10.846153846153847,0.4,8.72523076923077
336014,PP Ojha,Deccan Chargers,0,13,26,12.0,0.4,9.325230769230767
336020,PP Ojha,Deccan Chargers,2,13,21,9.692307692307693,0.8,8.963692307692307
336024,PP Ojha,Deccan Chargers,0,24,26,6.5,0.8,8.863692307692308
336031,PP Ojha,Deccan Chargers,2,27,30,6.666666666666667,1.0,9.141025641025642
336034,PP Ojha,Deccan Chargers,2,24,29,7.25,1.2,8.421794871794873
336037,PP Ojha,Deccan Chargers,1,26,29,6.6923076923076925,1.4,7.360256410256412
392184,PP Ojha,Deccan Chargers,2,24,14,3.5,1.4,6.121794871794872
392188,PP Ojha,Deccan Chargers,1,24,28,7.0,1.6,6.221794871794872
392192,PP Ojha,Deccan Chargers,3,25,23,5.52,1.8,5.992461538461539
392196,PP Ojha,Deccan Chargers,2,12,11,5.5,1.8,5.642461538461538
392201,PP Ojha,Deccan Chargers,1,25,25,6.0,1.8,5.504
392205,PP Ojha,Deccan Chargers,1,25,27,6.4799999999999995,1.6,6.1
392209,PP Ojha,Deccan Chargers,0,25,31,7.4399999999999995,1.4,6.188
392216,PP Ojha,Deccan Chargers,1,25,24,5.76,1.0,6.236
392220,PP Ojha,Deccan Chargers,3,21,25,7.142857142857143,1.2,6.564571428571429
392223,PP Ojha,Deccan Chargers,2,25,26,6.239999999999999,1.4,6.612571428571428
392228,PP Ojha,Deccan Chargers,0,18,25,8.333333333333334,1.2,6.983238095238096
392229,PP Ojha,Deccan Chargers,0,12,12,6.0,1.2,6.695238095238096
392236,PP Ojha,Deccan Chargers,2,24,32,8.0,1.4,7.143238095238095
392237,PP Ojha,Deccan Chargers,0,18,27,9.0,0.8,7.514666666666668
392239,PP Ojha,Deccan Chargers,3,24,29,7.25,1.0,7.716666666666667
419106,PP Ojha,Deccan Chargers,0,24,19,4.75,1.0,7.0
419110,PP Ojha,Deccan Chargers,2,24,28,7.0,1.4,7.2
419117,PP Ojha,Deccan Chargers,1,24,35,8.75,1.2,7.35
419120,PP Ojha,Deccan Chargers,2,24,37,9.25,1.6,7.4
419126,PP Ojha,Deccan Chargers,1,21,40,11.428571428571429,1.2,8.235714285714286
419130,PP Ojha,Deccan Chargers,2,24,24,6.0,1.6,8.485714285714286
419135,PP Ojha,Deccan Chargers,2,26,39,9.0,1.6,8.885714285714286
419138,PP Ojha,Deccan Chargers,3,24,27,6.75,2.0,8.485714285714286
419141,PP Ojha,Deccan Chargers,1,19,39,12.31578947368421,1.8,9.098872180451128
419145,PP Ojha,Deccan Chargers,2,24,24,6.0,2.0,8.01315789473684
419147,PP Ojha,Deccan Chargers,1,18,20,6.666666666666667,1.8,8.146491228070175
419151,PP Ojha,Deccan Chargers,2,24,23,5.75,1.8,7.496491228070175
419156,PP Ojha,Deccan Chargers,0,13,19,8.76923076923077,1.2,7.90033738191633
419160,PP Ojha,Deccan Chargers,2,24,16,4.0,1.4,6.237179487179487
419163,PP Ojha,Deccan Chargers,1,24,27,6.75,1.2,6.387179487179488
419164,PP Ojha,Deccan Chargers,0,23,22,5.739130434782608,1.0,6.201672240802676
501199,PP Ojha,Deccan Chargers,0,23,44,11.478260869565217,0.6,7.347324414715719
501203,PP Ojha,Deccan Chargers,0,25,30,7.199999999999999,0.6,7.033478260869565
501216,PP Ojha,Deccan Chargers,1,18,25,8.333333333333334,0.4,7.900144927536232
501224,PP Ojha,Deccan Chargers,1,25,29,6.959999999999999,0.4,7.942144927536231
501236,PP Ojha,Deccan Chargers,4,25,30,7.199999999999999,1.2,8.234318840579709
501239,PP Ojha,Deccan Chargers,1,24,33,8.25,1.4,7.588666666666666
501250,PP Ojha,Deccan Chargers,1,18,13,4.333333333333333,1.6,7.015333333333333
501256,PP Ojha,Deccan Chargers,0,24,17,4.25,1.4,6.198666666666666
501259,PP Ojha,Deccan Chargers,3,24,35,8.75,1.8,6.556666666666667
501264,PP Ojha,Deccan Chargers,1,18,25,8.333333333333334,1.2,6.783333333333333
548306,PP Ojha,Mumbai Indians,3,24,18,4.5,1.6,6.033333333333333
548308,PP Ojha,Mumbai Indians,1,24,23,5.75,1.6,6.316666666666667
548314,PP Ojha,Mumbai Indians,0,25,39,9.36,1.6,7.338666666666667
548317,PP Ojha,Mumbai Indians,0,12,20,10.0,1.0,7.588666666666667
548325,PP Ojha,Mumbai Indians,1,24,19,4.75,1.0,6.872
548334,PP Ojha,Mumbai Indians,2,21,28,8.0,0.8,7.572
548351,PP Ojha,Mumbai Indians,1,25,24,5.76,0.8,7.574
548360,PP Ojha,Mumbai Indians,1,13,25,11.53846153846154,1.0,8.009692307692308
548363,PP Ojha,Mumbai Indians,1,18,26,8.666666666666666,1.2,7.743025641025641
598002,PP Ojha,Mumbai Indians,2,24,17,4.25,1.4,7.64302564102564
598006,PP Ojha,Mumbai Indians,2,25,35,8.399999999999999,1.4,7.72302564102564
598011,PP Ojha,Mumbai Indians,2,14,20,8.571428571428571,1.6,8.285311355311356
598019,PP Ojha,Mumbai Indians,1,24,32,8.0,1.6,7.577619047619047
598029,PP Ojha,Mumbai Indians,2,24,22,5.5,1.8,6.944285714285715
598037,PP Ojha,Mumbai Indians,2,18,26,8.666666666666666,1.8,7.827619047619048
598039,PP Ojha,Mumbai Indians,0,24,18,4.5,1.4,7.047619047619048
598046,PP Ojha,Mumbai Indians,3,15,11,4.4,1.6,6.213333333333333
598050,PP Ojha,Mumbai Indians,2,24,24,6.0,1.8,5.8133333333333335
598055,PP Ojha,Mumbai Indians,0,18,28,9.333333333333334,1.4,6.58
598060,PP Ojha,Mumbai Indians,0,24,37,9.25,1.0,6.696666666666667
598063,PP Ojha,Mumbai Indians,1,24,37,9.25,1.2,7.6466666666666665
598070,PP Ojha,Mumbai Indians,0,12,20,10.0,0.6,8.766666666666666
598072,PP Ojha,Mumbai Indians,0,24,36,9.0,0.2,9.366666666666665
598073,PP Ojha,Mumbai Indians,1,24,28,7.0,0.4,8.9
729279,PP Ojha,Mumbai Indians,0,24,36,9.0,0.4,8.85
729287,PP Ojha,Mumbai Indians,0,24,37,9.25,0.2,8.85
729303,PP Ojha,Mumbai Indians,1,24,25,6.25,0.4,8.1
729309,PP Ojha,Mumbai Indians,0,24,26,6.5,0.4,7.6
729317,PP Ojha,Mumbai Indians,0,20,43,12.899999999999999,0.2,8.78
734001,PP Ojha,Mumbai Indians,1,24,32,8.0,0.4,8.58
734009,PP Ojha,Mumbai Indians,0,24,25,6.25,0.4,7.9799999999999995
734017,PP Ojha,Mumbai Indians,2,24,30,7.5,0.6,8.23
734025,PP Ojha,Mumbai Indians,0,26,33,7.615384615384616,0.6,8.453076923076924
734031,PP Ojha,Mumbai Indians,0,25,33,7.919999999999999,0.6,7.457076923076923
734041,PP Ojha,Mumbai Indians,0,25,31,7.4399999999999995,0.4,7.345076923076922
734045,PP Ojha,Mumbai Indians,1,18,34,11.333333333333334,0.6,8.36174358974359
829705,PP Ojha,Mumbai Indians,0,12,23,11.5,0.2,9.16174358974359
729291,PV Tambe,Rajasthan Royals,0,24,28,7.0,0.2,7.208
729297,PV Tambe,Rajasthan Royals,1,25,27,6.4799999999999995,0.4,7.004
729305,PV Tambe,Rajasthan Royals,4,24,20,5.0,1.0,6.18
729315,PV Tambe,Rajasthan Royals,2,25,32,7.68,1.4,6.336
733975,PV Tambe,Rajasthan Royals,2,24,26,6.5,1.8,6.531999999999999
733979,PV Tambe,Rajasthan Royals,3,25,26,6.239999999999999,2.4,6.38
733989,PV Tambe,Rajasthan Royals,1,25,22,5.279999999999999,2.4,6.14
733999,PV Tambe,Rajasthan Royals,1,25,39,9.36,1.8,7.011999999999999
734003,PV Tambe,Rajasthan Royals,0,25,35,8.399999999999999,1.4,7.155999999999999
734011,PV Tambe,Rajasthan Royals,1,20,24,7.199999999999999,1.2,7.295999999999998
734033,PV Tambe,Rajasthan Royals,0,24,38,9.5,0.6,7.947999999999999
734041,PV Tambe,Rajasthan Royals,0,13,25,11.53846153846154,0.4,9.199692307692306
829709,PV Tambe,Rajasthan Royals,0,18,15,5.0,0.2,8.327692307692308
829715,PV Tambe,Rajasthan Royals,1,18,18,6.0,0.4,7.8476923076923075
829721,PV Tambe,Rajasthan Royals,1,18,25,8.333333333333334,0.4,8.074358974358976
829727,PV Tambe,Rajasthan Royals,2,24,21,5.25,0.8,7.224358974358975
829735,PV Tambe,Rajasthan Royals,1,24,36,9.0,1.0,6.716666666666667
829741,PV Tambe,Rajasthan Royals,1,18,21,7.0,1.2,7.116666666666667
829749,PV Tambe,Rajasthan Royals,0,24,36,9.0,1.0,7.716666666666667
829763,PV Tambe,Rajasthan Royals,0,18,39,13.0,0.8,8.65
829787,PV Tambe,Rajasthan Royals,1,24,32,8.0,0.6,9.2
829797,PV Tambe,Rajasthan Royals,0,18,24,8.0,0.4,9.0
980911,PV Tambe,Gujarat Lions,2,24,33,8.25,0.6,9.25
980917,PV Tambe,Gujarat Lions,2,12,12,6.0,1.0,8.65
980929,PV Tambe,Gujarat Lions,0,13,17,7.846153846153847,1.0,7.61923076923077
980937,PV Tambe,Gujarat Lions,1,18,24,8.0,1.0,7.61923076923077
980945,PV Tambe,Gujarat Lions,0,6,17,17.0,1.0,9.419230769230769
980975,PV Tambe,Gujarat Lions,0,12,15,7.5,0.6,9.26923076923077
980987,PV Tambe,Gujarat Lions,0,12,25,12.5,0.2,10.569230769230769
1304077,PVD Chameera,Lucknow Super Giants,2,19,33,10.421052631578949,1.4,9.443854251012146
1304083,PVD Chameera,Lucknow Super Giants,0,26,16,3.6923076923076925,1.0,8.540210526315791
1304088,PVD Chameera,Lucknow Super Giants,2,26,17,3.9230769230769234,1.4,6.972825910931175
1304091,PVD Chameera,Lucknow Super Giants,1,24,44,11.0,1.6,8.111287449392714
1304099,PVD Chameera,Lucknow Super Giants,1,18,14,4.666666666666667,1.2,6.740620782726046
1304103,PVD Chameera,Lucknow Super Giants,0,26,34,7.846153846153847,0.8,6.225641025641027
1304109,PVD Chameera,Lucknow Super Giants,0,19,35,11.052631578947368,0.8,7.69770580296896
1312198,PVD Chameera,Lucknow Super Giants,0,25,54,12.959999999999999,0.4,9.505090418353575
1426280,PVD Chameera,Kolkata Knight Riders,0,19,49,15.473684210526317,0.2,10.399827260458839
1304059,PWH de Silva,Royal Challengers Bangalore,1,24,32,8.0,1.2,8.52
1304064,PWH de Silva,Royal Challengers Bangalore,2,24,28,7.0,1.6,7.92
1304068,PWH de Silva,Royal Challengers Bangalore,2,19,40,12.631578947368421,2.0,8.446315789473683
1304073,PWH de Silva,Royal Challengers Bangalore,2,24,41,10.25,2.2,8.576315789473684
1304077,PWH de Silva,Royal Challengers Bangalore,0,12,22,11.0,1.4,9.776315789473683
1304082,PWH de Silva,Royal Challengers Bangalore,0,6,7,7.0,1.2,9.576315789473684
1304085,PWH de Silva,Royal Challengers Bangalore,2,25,23,5.52,1.2,9.280315789473685
1304089,PWH de Silva,Royal Challengers Bangalore,2,24,28,7.0,1.2,8.154
1304095,PWH de Silva,Royal Challengers Bangalore,1,18,31,10.333333333333334,1.0,8.170666666666667
1304100,PWH de Silva,Royal Challengers Bangalore,5,24,19,4.75,2.0,6.920666666666667
1304106,PWH de Silva,Royal Challengers Bangalore,2,24,15,3.75,2.4,6.270666666666667
1304113,PWH de Silva,Royal Challengers Bangalore,1,25,25,6.0,2.2,6.366666666666667
1312198,PWH de Silva,Royal Challengers Bangalore,1,24,42,10.5,2.0,7.066666666666667
1312199,PWH de Silva,Royal Challengers Bangalore,1,24,26,6.5,2.0,6.3
1359494,PWH de Silva,Royal Challengers Bangalore,1,18,37,12.333333333333334,1.2,7.816666666666667
1359498,PWH de Silva,Royal Challengers Bangalore,1,12,21,10.5,1.0,9.166666666666668
1359501,PWH de Silva,Royal Challengers Bangalore,2,24,39,9.75,1.2,9.916666666666668
1359506,PWH de Silva,Royal Challengers Bangalore,0,24,33,8.25,1.0,9.466666666666667
1359510,PWH de Silva,Royal Challengers Bangalore,2,24,24,6.0,1.2,9.366666666666667
1359517,PWH de Silva,Royal Challengers Bangalore,1,24,20,5.0,1.2,7.9
1359524,PWH de Silva,Royal Challengers Bangalore,0,24,32,8.0,1.0,7.4
1359528,PWH de Silva,Royal Challengers Bangalore,2,25,53,12.719999999999999,1.0,7.994
336036,Pankaj Singh,Rajasthan Royals,0,13,25,11.53846153846154,0.0,10.427692307692308
392191,Pankaj Singh,Royal Challengers Bangalore,0,14,20,8.571428571428571,0.0,9.741978021978023
392194,Pankaj Singh,Royal Challengers Bangalore,2,25,31,7.4399999999999995,0.4,9.829978021978022
392199,Pankaj Singh,Royal Challengers Bangalore,0,6,14,14.0,0.4,9.749978021978022
419154,Pankaj Singh,Royal Challengers Bangalore,2,24,27,6.75,0.8,9.659978021978024
419157,Pankaj Singh,Royal Challengers Bangalore,0,27,56,12.444444444444445,0.8,9.841174603174602
501252,Pankaj Singh,Rajasthan Royals,0,12,24,12.0,0.8,10.526888888888887
548324,Pankaj Singh,Rajasthan Royals,2,24,19,4.75,0.8,9.988888888888889
548326,Pankaj Singh,Rajasthan Royals,0,18,37,12.333333333333334,0.8,9.655555555555555
548336,Pankaj Singh,Rajasthan Royals,1,24,32,8.0,0.6,9.905555555555555
548345,Pankaj Singh,Rajasthan Royals,2,24,25,6.25,1.0,8.666666666666668
548349,Pankaj Singh,Rajasthan Royals,0,12,24,12.0,1.0,8.666666666666668
548361,Pankaj Singh,Rajasthan Royals,2,25,34,8.16,1.0,9.348666666666668
734037,Parvez Rasool,Sunrisers Hyderabad,0,6,22,22.0,0.4,9.55
829711,Parvez Rasool,Sunrisers Hyderabad,0,6,11,11.0,0.2,10.55
829793,Parvez Rasool,Sunrisers Hyderabad,1,24,20,5.0,0.4,10.55
980907,Parvez Rasool,Royal Challengers Bangalore,1,24,31,7.75,0.4,10.9
980921,Parvez Rasool,Royal Challengers Bangalore,0,18,28,9.333333333333334,0.4,11.016666666666667
980953,Parvez Rasool,Royal Challengers Bangalore,0,24,34,8.5,0.4,8.316666666666666
980969,Parvez Rasool,Royal Challengers Bangalore,0,18,37,12.333333333333334,0.4,8.583333333333334
419121,R Ashwin,Chennai Super Kings,0,24,33,8.25,1.2,6.710307692307692
419123,R Ashwin,Chennai Super Kings,0,24,41,10.25,0.8,8.060307692307692
419142,R Ashwin,Chennai Super Kings,2,26,23,5.307692307692308,0.8,7.829538461538462
419147,R Ashwin,Chennai Super Kings,2,25,14,3.36,1.0,7.401538461538462
419153,R Ashwin,Chennai Super Kings,3,25,20,4.8,1.4,6.393538461538461
419155,R Ashwin,Chennai Super Kings,1,24,28,7.0,1.6,6.143538461538462
419159,R Ashwin,Chennai Super Kings,1,24,20,5.0,1.8,5.093538461538462
419163,R Ashwin,Chennai Super Kings,1,24,14,3.5,1.6,4.732
419165,R Ashwin,Chennai Super Kings,0,26,24,5.538461538461539,1.2,5.167692307692308
501198,R Ashwin,Chennai Super Kings,1,25,26,6.239999999999999,0.8,5.455692307692308
501206,R Ashwin,Chennai Super Kings,0,25,37,8.879999999999999,0.6,5.8316923076923075
501211,R Ashwin,Chennai Super Kings,1,25,25,6.0,0.6,6.031692307692308
501215,R Ashwin,Chennai Super Kings,2,24,31,7.75,0.8,6.881692307692307
501221,R Ashwin,Chennai Super Kings,0,25,26,6.239999999999999,0.8,7.022
501226,R Ashwin,Chennai Super Kings,2,24,19,4.75,1.0,6.723999999999999
501228,R Ashwin,Chennai Super Kings,1,24,29,7.25,1.2,6.398
501236,R Ashwin,Chennai Super Kings,0,24,24,6.0,1.0,6.398
501240,R Ashwin,Chennai Super Kings,1,25,36,8.639999999999999,0.8,6.575999999999999
501245,R Ashwin,Chennai Super Kings,2,19,12,3.7894736842105265,1.2,6.085894736842105
501249,R Ashwin,Chennai Super Kings,3,24,24,6.0,1.4,6.335894736842105
501253,R Ashwin,Chennai Super Kings,2,24,24,6.0,1.6,6.085894736842105
501261,R Ashwin,Chennai Super Kings,1,24,17,4.25,1.8,5.735894736842106
501266,R Ashwin,Chennai Super Kings,1,24,18,4.5,1.8,4.907894736842105
501268,R Ashwin,Chennai Super Kings,1,25,33,7.919999999999999,1.6,5.734
501271,R Ashwin,Chennai Super Kings,3,24,17,4.25,1.6,5.3839999999999995
548306,R Ashwin,Chennai Super Kings,0,24,20,5.0,1.2,5.183999999999999
548311,R Ashwin,Chennai Super Kings,0,18,12,4.0,1.0,5.1339999999999995
548316,R Ashwin,Chennai Super Kings,2,20,22,6.6,1.2,5.553999999999999
548318,R Ashwin,Chennai Super Kings,0,24,46,11.5,1.0,6.2700000000000005
548322,R Ashwin,Chennai Super Kings,1,24,19,4.75,0.6,6.37
548330,R Ashwin,Chennai Super Kings,1,26,37,8.538461538461538,0.8,7.077692307692308
548332,R Ashwin,Chennai Super Kings,1,24,19,4.75,1.0,7.227692307692308
548343,R Ashwin,Chennai Super Kings,1,25,25,6.0,0.8,7.107692307692306
548347,R Ashwin,Chennai Super Kings,2,23,23,6.0,1.2,6.007692307692308
548352,R Ashwin,Chennai Super Kings,0,19,19,6.0,1.0,6.257692307692308
548355,R Ashwin,Chennai Super Kings,1,25,28,6.72,1.0,5.894
548361,R Ashwin,Chennai Super Kings,1,12,13,6.5,1.0,6.244
548364,R Ashwin,Chennai Super Kings,1,24,17,4.25,1.0,5.894
548368,R Ashwin,Chennai Super Kings,1,24,26,6.5,0.8,5.994
548371,R Ashwin,Chennai Super Kings,0,24,28,7.0,0.8,6.194
548379,R Ashwin,Chennai Super Kings,1,18,19,6.333333333333333,0.8,6.116666666666667
548380,R Ashwin,Chennai Super Kings,5,24,25,6.25,1.6,6.066666666666667
548381,R Ashwin,Chennai Super Kings,1,24,41,10.25,1.6,7.2666666666666675
598002,R Ashwin,Chennai Super Kings,1,24,21,5.25,1.6,7.0166666666666675
598007,R Ashwin,Chennai Super Kings,1,18,25,8.333333333333334,1.8,7.283333333333334
598012,R Ashwin,Chennai Super Kings,1,25,28,6.72,1.8,7.360666666666667
598015,R Ashwin,Chennai Super Kings,0,24,25,6.25,0.8,7.360666666666667
598020,R Ashwin,Chennai Super Kings,2,24,18,4.5,1.0,6.210666666666667
598022,R Ashwin,Chennai Super Kings,2,24,21,5.25,1.2,6.210666666666667
598026,R Ashwin,Chennai Super Kings,2,24,21,5.25,1.4,5.593999999999999
598030,R Ashwin,Chennai Super Kings,1,25,22,5.279999999999999,1.4,5.306
598034,R Ashwin,Chennai Super Kings,0,18,26,8.666666666666666,1.4,5.789333333333333
598038,R Ashwin,Chennai Super Kings,1,12,20,10.0,1.2,6.889333333333333
598041,R Ashwin,Chennai Super Kings,1,24,33,8.25,1.0,7.489333333333333
598046,R Ashwin,Chennai Super Kings,1,12,11,5.5,0.8,7.539333333333333
598051,R Ashwin,Chennai Super Kings,1,25,23,5.52,0.8,7.5873333333333335
598058,R Ashwin,Chennai Super Kings,0,7,23,19.71428571428571,0.8,9.796857142857142
598062,R Ashwin,Chennai Super Kings,2,25,19,4.56,1.0,8.708857142857143
598068,R Ashwin,Chennai Super Kings,0,12,22,11.0,0.8,9.258857142857142
598070,R Ashwin,Chennai Super Kings,0,12,17,8.5,0.6,9.858857142857142
598073,R Ashwin,Chennai Super Kings,0,19,22,6.947368421052632,0.4,10.14433082706767
729283,R Ashwin,Chennai Super Kings,2,28,41,8.785714285714285,0.8,7.958616541353384
729293,R Ashwin,Chennai Super Kings,2,13,3,1.3846153846153848,0.8,7.323539618276459
729297,R Ashwin,Chennai Super Kings,2,24,27,6.75,1.2,6.47353961827646
729303,R Ashwin,Chennai Super Kings,0,24,20,5.0,1.2,5.773539618276461
729311,R Ashwin,Chennai Super Kings,0,26,18,4.153846153846154,1.2,5.214835164835165
733971,R Ashwin,Chennai Super Kings,1,24,21,5.25,1.0,4.507692307692308
733981,R Ashwin,Chennai Super Kings,1,27,31,6.888888888888889,0.8,5.608547008547008
733987,R Ashwin,Chennai Super Kings,0,14,38,16.285714285714285,0.4,7.515689865689865
733995,R Ashwin,Chennai Super Kings,3,25,30,7.199999999999999,1.0,7.955689865689865
734003,R Ashwin,Chennai Super Kings,1,26,41,9.461538461538462,1.2,9.017228327228327
734013,R Ashwin,Chennai Super Kings,2,24,17,4.25,1.4,8.817228327228326
734023,R Ashwin,Chennai Super Kings,0,24,26,6.5,1.2,8.739450549450549
734029,R Ashwin,Chennai Super Kings,0,24,29,7.25,1.2,6.932307692307693
734035,R Ashwin,Chennai Super Kings,1,24,34,8.5,0.8,7.192307692307692
734045,R Ashwin,Chennai Super Kings,1,24,26,6.5,0.8,6.6
734047,R Ashwin,Chennai Super Kings,1,28,44,9.428571428571429,0.6,7.635714285714286
829707,R Ashwin,Chennai Super Kings,1,25,25,6.0,0.8,7.5357142857142865
829711,R Ashwin,Chennai Super Kings,1,24,23,5.75,1.0,7.235714285714286
829729,R Ashwin,Chennai Super Kings,0,6,13,13.0,0.8,8.135714285714286
829735,R Ashwin,Chennai Super Kings,0,12,21,10.5,0.6,8.935714285714287
829745,R Ashwin,Chennai Super Kings,0,7,17,14.571428571428571,0.4,9.964285714285714
829753,R Ashwin,Chennai Super Kings,2,25,14,3.36,0.6,9.436285714285713
829765,R Ashwin,Chennai Super Kings,2,12,5,2.5,0.8,8.786285714285714
829789,R Ashwin,Chennai Super Kings,2,25,17,4.08,1.2,7.002285714285714
829801,R Ashwin,Chennai Super Kings,0,24,24,6.0,1.2,6.102285714285714
829809,R Ashwin,Chennai Super Kings,1,25,14,3.36,1.4,3.8600000000000003
829817,R Ashwin,Chennai Super Kings,0,18,22,7.333333333333333,1.0,4.6546666666666665
829821,R Ashwin,Chennai Super Kings,1,24,13,3.25,0.8,4.804666666666667
829823,R Ashwin,Chennai Super Kings,0,13,21,9.692307692307693,0.4,5.927128205128206
980901,R Ashwin,Rising Pune Supergiants,1,6,7,7.0,0.6,6.127128205128206
980911,R Ashwin,Rising Pune Supergiants,0,25,26,6.239999999999999,0.4,6.703128205128205
980919,R Ashwin,Rising Pune Supergiants,0,24,27,6.75,0.4,6.586461538461539
980931,R Ashwin,Rising Pune Supergiants,0,20,22,6.6,0.2,7.256461538461538
980939,R Ashwin,Rising Pune Supergiants,0,15,21,8.4,0.2,6.997999999999999
980943,R Ashwin,Rising Pune Supergiants,1,24,15,3.75,0.2,6.348
980949,R Ashwin,Rising Pune Supergiants,0,25,37,8.879999999999999,0.2,6.8759999999999994
980957,R Ashwin,Rising Pune Supergiants,1,18,21,7.0,0.4,6.925999999999999
980965,R Ashwin,Rising Pune Supergiants,1,27,34,7.555555555555555,0.6,7.11711111111111
980969,R Ashwin,Rising Pune Supergiants,0,6,7,7.0,0.6,6.837111111111111
980979,R Ashwin,Rising Pune Supergiants,1,25,16,3.84,0.6,6.855111111111111
980989,R Ashwin,Rising Pune Supergiants,2,13,31,14.307692307692308,1.0,7.940649572649574
980997,R Ashwin,Rising Pune Supergiants,0,26,23,5.307692307692308,0.8,7.602188034188035
981005,R Ashwin,Rising Pune Supergiants,4,24,34,8.5,1.4,7.791076923076924
1136562,R Ashwin,Kings XI Punjab,1,25,23,5.52,1.6,7.4950769230769225
1136568,R Ashwin,Kings XI Punjab,2,24,30,7.5,1.8,8.227076923076924
1136572,R Ashwin,Kings XI Punjab,1,26,33,7.615384615384616,1.6,6.888615384615385
1136576,R Ashwin,Kings XI Punjab,0,28,53,11.357142857142856,1.6,8.098505494505494
1136578,R Ashwin,Kings XI Punjab,1,25,33,7.919999999999999,1.0,7.982505494505494
1136582,R Ashwin,Kings XI Punjab,1,24,19,4.75,1.0,7.828505494505494
1136585,R Ashwin,Kings XI Punjab,0,24,34,8.5,0.6,8.028505494505493
1136594,R Ashwin,Kings XI Punjab,0,24,23,5.75,0.4,7.655428571428571
1136598,R Ashwin,Kings XI Punjab,1,24,30,7.5,0.6,6.884
1136600,R Ashwin,Kings XI Punjab,0,24,34,8.5,0.4,7.0
1136604,R Ashwin,Kings XI Punjab,0,17,36,12.705882352941176,0.2,8.591176470588234
1136608,R Ashwin,Kings XI Punjab,0,6,9,9.0,0.2,8.691176470588236
1136610,R Ashwin,Kings XI Punjab,2,18,18,6.0,0.6,8.741176470588234
1136616,R Ashwin,Kings XI Punjab,2,25,36,8.639999999999999,0.8,8.969176470588234
1175359,R Ashwin,Kings XI Punjab,2,24,20,5.0,1.2,8.269176470588235
1175361,R Ashwin,Kings XI Punjab,0,25,47,11.28,1.2,7.984
1175364,R Ashwin,Kings XI Punjab,0,25,26,6.239999999999999,1.2,7.4319999999999995
1175368,R Ashwin,Kings XI Punjab,2,27,31,6.888888888888889,1.2,7.6097777777777775
1178393,R Ashwin,Kings XI Punjab,3,25,23,5.52,1.4,6.985777777777777
1178397,R Ashwin,Kings XI Punjab,2,24,30,7.5,1.4,7.485777777777777
1178399,R Ashwin,Kings XI Punjab,1,24,37,9.25,1.6,7.079777777777778
1178403,R Ashwin,Kings XI Punjab,1,25,30,7.199999999999999,1.8,7.271777777777777
1178407,R Ashwin,Kings XI Punjab,2,25,24,5.76,1.8,7.045999999999999
1178412,R Ashwin,Kings XI Punjab,0,20,26,7.8,1.2,7.502
1178417,R Ashwin,Kings XI Punjab,1,24,15,3.75,1.0,6.752
1178423,R Ashwin,Kings XI Punjab,2,25,30,7.199999999999999,1.2,6.342
1178427,R Ashwin,Kings XI Punjab,1,25,38,9.12,1.2,6.725999999999999
1178430,R Ashwin,Kings XI Punjab,0,24,23,5.75,0.8,6.724000000000001
1216493,R Ashwin,Delhi Capitals,2,6,2,2.0,1.2,5.564
1216497,R Ashwin,Delhi Capitals,0,18,45,15.0,1.0,7.814
1216500,R Ashwin,Delhi Capitals,2,25,22,5.279999999999999,1.0,7.43
1216505,R Ashwin,Delhi Capitals,1,24,18,4.5,1.0,6.506
1216509,R Ashwin,Delhi Capitals,0,18,30,10.0,1.0,7.356
1216515,R Ashwin,Delhi Capitals,0,13,26,12.0,0.6,9.356
1216519,R Ashwin,Delhi Capitals,1,25,26,6.239999999999999,0.8,7.603999999999999
1216524,R Ashwin,Delhi Capitals,1,18,35,11.666666666666666,0.6,8.881333333333334
1216529,R Ashwin,Delhi Capitals,1,24,35,8.75,0.6,9.731333333333334
1216535,R Ashwin,Delhi Capitals,0,24,18,4.5,0.6,8.631333333333334
1216543,R Ashwin,Delhi Capitals,1,24,17,4.25,0.8,7.081333333333333
1216546,R Ashwin,Delhi Capitals,2,25,28,6.72,1.0,7.1773333333333325
1237177,R Ashwin,Delhi Capitals,3,24,29,7.25,1.4,6.294
1237180,R Ashwin,Delhi Capitals,0,20,34,10.2,1.2,6.5840000000000005
1237181,R Ashwin,Delhi Capitals,1,24,28,7.0,1.4,7.0840000000000005
1254059,R Ashwin,Delhi Capitals,1,24,48,12.0,1.4,8.634
1254064,R Ashwin,Delhi Capitals,0,18,14,4.666666666666667,1.0,8.223333333333333
1254068,R Ashwin,Delhi Capitals,0,24,28,7.0,0.4,8.173333333333334
1254070,R Ashwin,Delhi Capitals,0,24,32,8.0,0.4,7.7333333333333325
1254077,R Ashwin,Delhi Capitals,1,25,27,6.4799999999999995,0.4,7.629333333333333
1254092,R Ashwin,Delhi Capitals,1,25,24,5.76,0.4,6.381333333333333
1254097,R Ashwin,Delhi Capitals,1,25,21,5.04,0.6,6.456
1254101,R Ashwin,Delhi Capitals,0,6,11,11.0,0.6,7.256
1254105,R Ashwin,Delhi Capitals,0,19,22,6.947368421052632,0.6,7.045473684210526
1254110,R Ashwin,Delhi Capitals,1,26,20,4.615384615384616,0.6,6.67255060728745
1254112,R Ashwin,Delhi Capitals,1,26,41,9.461538461538462,0.6,7.4128582995951415
1254114,R Ashwin,Delhi Capitals,0,12,19,9.5,0.4,8.304858299595143
1254116,R Ashwin,Delhi Capitals,2,24,27,6.75,0.8,7.454858299595142
1304051,R Ashwin,Rajasthan Royals,0,24,21,5.25,0.8,7.115384615384616
1304055,R Ashwin,Rajasthan Royals,1,24,30,7.5,0.8,7.692307692307693
1304059,R Ashwin,Rajasthan Royals,0,28,40,8.571428571428571,0.6,7.514285714285714
1304066,R Ashwin,Rajasthan Royals,0,24,20,5.0,0.6,6.614285714285714
1304070,R Ashwin,Rajasthan Royals,0,25,33,7.919999999999999,0.2,6.848285714285714
1304076,R Ashwin,Rajasthan Royals,1,24,38,9.5,0.4,7.698285714285714
1304080,R Ashwin,Rajasthan Royals,2,25,32,7.68,0.6,7.734285714285714
1304085,R Ashwin,Rajasthan Royals,3,25,17,4.08,1.2,6.836
1304090,R Ashwin,Rajasthan Royals,1,24,21,5.25,1.4,6.886
1304093,R Ashwin,Rajasthan Royals,0,24,34,8.5,1.4,7.002
1304098,R Ashwin,Rajasthan Royals,1,25,32,7.68,1.4,6.638
1304104,R Ashwin,Rajasthan Royals,0,26,33,7.615384615384616,1.0,6.625076923076923
1304109,R Ashwin,Rajasthan Royals,1,25,24,5.76,0.6,6.961076923076924
1304114,R Ashwin,Rajasthan Royals,1,26,28,6.461538461538462,0.6,7.203384615384616
1312197,R Ashwin,Rajasthan Royals,1,27,40,8.88888888888889,0.8,7.2811623931623926
1312199,R Ashwin,Rajasthan Royals,1,25,31,7.4399999999999995,0.8,7.233162393162393
1312200,R Ashwin,Rajasthan Royals,0,18,32,10.666666666666666,0.8,7.843418803418802
1359478,R Ashwin,Rajasthan Royals,1,26,27,6.230769230769231,0.8,7.937572649572649
1359482,R Ashwin,Rajasthan Royals,2,25,25,6.0,1.0,7.845264957264956
1359485,R Ashwin,Rajasthan Royals,2,27,25,5.555555555555555,1.2,7.17859829059829
1359491,R Ashwin,Rajasthan Royals,2,26,25,5.76923076923077,1.4,6.844444444444444
1359497,R Ashwin,Rajasthan Royals,0,24,38,9.5,1.4,6.611111111111112
1359500,R Ashwin,Rajasthan Royals,2,25,23,5.52,1.6,6.4689572649572655
1359506,R Ashwin,Rajasthan Royals,1,25,37,8.879999999999999,1.4,7.044957264957264
1359511,R Ashwin,Rajasthan Royals,2,24,35,8.75,1.4,7.683846153846153
1359516,R Ashwin,Rajasthan Royals,2,25,27,6.4799999999999995,1.4,7.8260000000000005
1359522,R Ashwin,Rajasthan Royals,0,6,8,8.0,1.4,7.525999999999999
1359526,R Ashwin,Rajasthan Royals,1,27,35,7.777777777777778,1.2,7.977555555555556
1359530,R Ashwin,Rajasthan Royals,0,24,32,8.0,1.0,7.801555555555555
1359534,R Ashwin,Rajasthan Royals,0,25,33,7.919999999999999,0.6,7.635555555555555
1422122,R Ashwin,Rajasthan Royals,1,25,35,8.399999999999999,0.4,8.019555555555556
1422127,R Ashwin,Rajasthan Royals,0,19,30,9.473684210526317,0.4,8.314292397660818
1422132,R Ashwin,Rajasthan Royals,0,25,27,6.4799999999999995,0.2,8.054736842105262
1422137,R Ashwin,Rajasthan Royals,0,25,28,6.72,0.2,7.798736842105262
1426262,R Ashwin,Rajasthan Royals,0,24,41,10.25,0.2,8.264736842105263
1426269,R Ashwin,Rajasthan Royals,0,29,49,10.13793103448276,0.0,8.612323049001816
1426276,R Ashwin,Rajasthan Royals,0,25,31,7.4399999999999995,0.0,8.205586206896552
1426282,R Ashwin,Rajasthan Royals,1,26,40,9.230769230769232,0.2,8.755740053050397
1426288,R Ashwin,Rajasthan Royals,0,25,36,8.639999999999999,0.2,9.139740053050398
1426294,R Ashwin,Rajasthan Royals,3,24,24,6.0,0.8,8.289740053050398
1426299,R Ashwin,Rajasthan Royals,2,25,35,8.399999999999999,1.2,7.942153846153846
1426303,R Ashwin,Rajasthan Royals,0,24,31,7.75,1.2,8.004153846153846
1426310,R Ashwin,Rajasthan Royals,2,26,19,4.384615384615385,1.4,7.034923076923076
1426311,R Ashwin,Rajasthan Royals,0,24,43,10.75,1.4,7.456923076923076
336001,R Bhatia,Delhi Daredevils,1,6,11,11.0,1.6,8.071142857142856
336004,R Bhatia,Delhi Daredevils,1,12,22,11.0,1.2,9.407142857142857
336020,R Bhatia,Delhi Daredevils,0,24,32,8.0,0.6,9.657142857142857
336022,R Bhatia,Delhi Daredevils,0,6,9,9.0,0.4,10.6
336026,R Bhatia,Delhi Daredevils,0,24,47,11.75,0.4,10.15
392206,R Bhatia,Delhi Daredevils,2,18,21,7.0,0.6,9.35
392211,R Bhatia,Delhi Daredevils,0,24,35,8.75,0.4,8.9
392215,R Bhatia,Delhi Daredevils,4,25,17,4.08,1.2,8.116
392219,R Bhatia,Delhi Daredevils,0,6,13,13.0,1.2,8.916
392223,R Bhatia,Delhi Daredevils,4,16,15,5.625,2.0,7.691
392226,R Bhatia,Delhi Daredevils,0,19,22,6.947368421052632,1.6,7.680473684210526
392235,R Bhatia,Delhi Daredevils,1,25,30,7.199999999999999,1.8,7.370473684210526
419116,R Bhatia,Delhi Daredevils,0,12,31,15.5,1.0,9.654473684210526
419131,R Bhatia,Delhi Daredevils,1,25,30,7.199999999999999,1.2,8.494473684210528
419140,R Bhatia,Delhi Daredevils,1,24,24,6.0,0.6,8.569473684210527
419144,R Bhatia,Delhi Daredevils,1,25,30,7.199999999999999,0.8,8.620000000000001
419149,R Bhatia,Delhi Daredevils,0,12,21,10.5,0.6,9.28
501198,R Bhatia,Kolkata Knight Riders,0,18,19,6.333333333333333,0.6,7.446666666666667
501203,R Bhatia,Kolkata Knight Riders,2,24,30,7.5,0.8,7.506666666666666
501209,R Bhatia,Kolkata Knight Riders,0,6,12,12.0,0.6,8.706666666666667
501214,R Bhatia,Kolkata Knight Riders,1,6,4,4.0,0.6,8.066666666666666
501222,R Bhatia,Kolkata Knight Riders,0,18,28,9.333333333333334,0.6,7.833333333333333
501234,R Bhatia,Kolkata Knight Riders,1,25,19,4.56,0.8,7.478666666666666
501239,R Bhatia,Kolkata Knight Riders,2,24,26,6.5,0.8,7.278666666666666
501242,R Bhatia,Kolkata Knight Riders,1,18,22,7.333333333333333,1.0,6.3453333333333335
501245,R Bhatia,Kolkata Knight Riders,0,12,10,5.0,0.8,6.545333333333334
501262,R Bhatia,Kolkata Knight Riders,0,13,11,5.0769230769230775,0.8,5.694051282051282
501267,R Bhatia,Kolkata Knight Riders,3,24,23,5.75,1.2,5.932051282051281
501269,R Bhatia,Kolkata Knight Riders,0,6,9,9.0,0.8,6.432051282051281
548307,R Bhatia,Kolkata Knight Riders,1,7,7,6.0,0.8,6.165384615384616
548312,R Bhatia,Kolkata Knight Riders,2,24,27,6.75,1.2,6.515384615384616
548315,R Bhatia,Kolkata Knight Riders,0,24,30,7.5,1.2,7.0
548320,R Bhatia,Kolkata Knight Riders,0,13,19,8.76923076923077,0.6,7.603846153846154
548323,R Bhatia,Kolkata Knight Riders,3,24,15,3.75,1.2,6.5538461538461545
548328,R Bhatia,Kolkata Knight Riders,2,25,23,5.52,1.4,6.457846153846154
548335,R Bhatia,Kolkata Knight Riders,2,25,26,6.239999999999999,1.4,6.355846153846153
548344,R Bhatia,Kolkata Knight Riders,1,18,41,13.666666666666666,1.6,7.5891794871794875
548347,R Bhatia,Kolkata Knight Riders,0,19,23,7.2631578947368425,1.6,7.287964912280702
548353,R Bhatia,Kolkata Knight Riders,1,24,27,6.75,1.2,7.887964912280703
548357,R Bhatia,Kolkata Knight Riders,0,24,27,6.75,0.8,8.133964912280703
548363,R Bhatia,Kolkata Knight Riders,0,24,42,10.5,0.4,8.985964912280702
548368,R Bhatia,Kolkata Knight Riders,2,24,37,9.25,0.6,8.102631578947369
548375,R Bhatia,Kolkata Knight Riders,1,18,15,5.0,0.8,7.65
548378,R Bhatia,Kolkata Knight Riders,1,12,16,8.0,0.8,7.9
548381,R Bhatia,Kolkata Knight Riders,1,18,25,8.333333333333334,1.0,8.216666666666667
597998,R Bhatia,Kolkata Knight Riders,2,25,23,5.52,1.4,7.220666666666666
598005,R Bhatia,Kolkata Knight Riders,1,18,21,7.0,1.2,6.770666666666666
598008,R Bhatia,Kolkata Knight Riders,0,7,10,8.571428571428571,1.0,7.4849523809523815
598013,R Bhatia,Kolkata Knight Riders,2,25,33,7.919999999999999,1.2,7.468952380952381
598016,R Bhatia,Kolkata Knight Riders,0,24,32,8.0,1.0,7.402285714285713
598022,R Bhatia,Kolkata Knight Riders,0,12,12,6.0,0.6,7.498285714285714
598029,R Bhatia,Kolkata Knight Riders,1,23,32,8.347826086956522,0.6,7.767850931677019
598031,R Bhatia,Kolkata Knight Riders,1,12,17,8.5,0.8,7.753565217391303
598034,R Bhatia,Kolkata Knight Riders,1,24,31,7.75,0.6,7.719565217391304
598040,R Bhatia,Kolkata Knight Riders,0,12,21,10.5,0.6,8.219565217391304
598043,R Bhatia,Kolkata Knight Riders,1,24,21,5.25,0.8,8.069565217391304
598050,R Bhatia,Kolkata Knight Riders,1,12,22,11.0,0.8,8.6
598053,R Bhatia,Kolkata Knight Riders,1,18,19,6.333333333333333,0.8,8.166666666666666
598057,R Bhatia,Kolkata Knight Riders,0,12,14,7.0,0.6,8.016666666666666
598061,R Bhatia,Kolkata Knight Riders,0,18,26,8.666666666666666,0.6,7.65
729285,R Bhatia,Rajasthan Royals,2,24,22,5.5,0.8,7.7
729291,R Bhatia,Rajasthan Royals,0,19,39,12.31578947368421,0.6,7.963157894736841
729297,R Bhatia,Rajasthan Royals,3,24,13,3.25,1.0,7.3464912280701755
729305,R Bhatia,Rajasthan Royals,1,6,7,7.0,1.2,7.3464912280701755
729315,R Bhatia,Rajasthan Royals,1,25,29,6.959999999999999,1.4,7.0051578947368425
733975,R Bhatia,Rajasthan Royals,0,18,21,7.0,1.0,7.305157894736842
733979,R Bhatia,Rajasthan Royals,0,18,32,10.666666666666666,1.0,6.975333333333333
733989,R Bhatia,Rajasthan Royals,3,24,23,5.75,1.0,7.475333333333333
733999,R Bhatia,Rajasthan Royals,0,6,14,14.0,0.8,8.875333333333334
734003,R Bhatia,Rajasthan Royals,1,25,30,7.199999999999999,0.8,8.923333333333334
734011,R Bhatia,Rajasthan Royals,2,19,18,5.684210526315789,1.2,8.660175438596491
734017,R Bhatia,Rajasthan Royals,0,24,39,9.75,1.2,8.476842105263156
829777,R Bhatia,Rajasthan Royals,0,12,23,11.5,0.6,9.626842105263156
829797,R Bhatia,Rajasthan Royals,0,18,24,8.0,0.6,8.426842105263157
980901,R Bhatia,Rising Pune Supergiants,1,24,10,2.5,0.6,7.486842105263159
980911,R Bhatia,Rising Pune Supergiants,0,19,31,9.789473684210527,0.2,8.307894736842105
980931,R Bhatia,Rising Pune Supergiants,0,18,22,7.333333333333333,0.2,7.824561403508772
980939,R Bhatia,Rising Pune Supergiants,2,24,19,4.75,0.6,6.474561403508773
980943,R Bhatia,Rising Pune Supergiants,0,19,24,7.578947368421053,0.6,6.390350877192983
980949,R Bhatia,Rising Pune Supergiants,1,18,26,8.666666666666666,0.6,7.623684210526315
980957,R Bhatia,Rising Pune Supergiants,0,18,21,7.0,0.6,7.065789473684211
980965,R Bhatia,Rising Pune Supergiants,2,26,22,5.0769230769230775,1.0,6.61450742240216
980969,R Bhatia,Rising Pune Supergiants,0,24,47,11.75,0.6,8.014507422402158
980979,R Bhatia,Rising Pune Supergiants,0,18,27,9.0,0.6,8.298717948717947
1082592,R Bhatia,Rising Pune Supergiant,2,18,14,4.666666666666667,0.8,7.498717948717949
1082594,R Bhatia,Rising Pune Supergiant,0,13,20,9.230769230769232,0.8,7.944871794871796
1082599,R Bhatia,Rising Pune Supergiant,0,12,21,10.5,0.4,9.02948717948718
598073,R Dhawan,Mumbai Indians,1,6,6,6.0,0.4,7.142307692307692
729283,R Dhawan,Kings XI Punjab,0,18,21,7.0,0.4,7.192307692307692
729295,R Dhawan,Kings XI Punjab,1,15,23,9.2,0.6,7.432307692307693
729307,R Dhawan,Kings XI Punjab,2,26,26,6.0,0.8,7.340000000000001
729313,R Dhawan,Kings XI Punjab,2,24,18,4.5,1.2,6.540000000000001
733973,R Dhawan,Kings XI Punjab,2,24,23,5.75,1.4,6.49
733987,R Dhawan,Kings XI Punjab,1,13,24,11.076923076923078,1.6,7.305384615384616
733997,R Dhawan,Kings XI Punjab,0,24,32,8.0,1.4,7.065384615384616
734007,R Dhawan,Kings XI Punjab,2,26,42,9.692307692307693,1.4,7.8038461538461545
734019,R Dhawan,Kings XI Punjab,0,24,42,10.5,1.0,9.003846153846155
734025,R Dhawan,Kings XI Punjab,1,25,30,7.199999999999999,0.8,9.293846153846154
734033,R Dhawan,Kings XI Punjab,2,25,26,6.239999999999999,1.0,8.32646153846154
734039,R Dhawan,Kings XI Punjab,2,26,22,5.0769230769230775,1.4,7.7418461538461525
734043,R Dhawan,Kings XI Punjab,0,24,44,11.0,1.0,8.003384615384615
829717,R Dhawan,Kings XI Punjab,0,27,51,11.333333333333334,1.0,8.170051282051281
829725,R Dhawan,Kings XI Punjab,0,20,23,6.8999999999999995,0.8,8.110051282051282
829759,R Dhawan,Kings XI Punjab,0,6,7,7.0,0.4,8.262051282051283
829803,R Dhawan,Kings XI Punjab,0,12,18,9.0,0.0,9.046666666666667
829809,R Dhawan,Kings XI Punjab,1,14,12,5.142857142857142,0.2,7.875238095238094
980935,R Dhawan,Kings XI Punjab,1,26,35,8.076923076923077,0.4,7.2239560439560435
981005,R Dhawan,Kings XI Punjab,1,19,21,6.631578947368421,0.6,7.170271833429728
1304084,R Dhawan,Punjab Kings,2,26,43,9.923076923076923,1.0,7.754887218045113
1304088,R Dhawan,Punjab Kings,0,12,17,8.5,1.0,7.654887218045113
1304094,R Dhawan,Punjab Kings,1,27,26,5.777777777777778,1.0,7.7818713450292405
1304098,R Dhawan,Punjab Kings,1,18,25,8.333333333333334,1.0,7.833153396311292
1304106,R Dhawan,Punjab Kings,2,24,36,9.0,1.2,8.306837606837608
1304110,R Dhawan,Punjab Kings,0,12,17,8.5,0.8,8.022222222222222
1359476,R Dhawan,Punjab Kings,0,6,15,15.0,0.8,9.322222222222223
1359520,R Dhawan,Punjab Kings,1,18,24,8.0,0.8,9.766666666666666
1359527,R Dhawan,Punjab Kings,0,12,15,7.5,0.6,9.6
1359533,R Dhawan,Punjab Kings,0,6,10,10.0,0.2,9.8
1426307,R Dhawan,Punjab Kings,0,19,39,12.31578947368421,0.2,10.563157894736843
419132,R McLaren,Mumbai Indians,1,19,29,9.157894736842106,0.4,8.451282051282053
419138,R McLaren,Mumbai Indians,2,24,29,7.25,0.8,7.916666666666669
419142,R McLaren,Mumbai Indians,0,19,26,8.210526315789474,0.8,7.758771929824562
419146,R McLaren,Mumbai Indians,0,12,13,6.5,0.6,7.992105263157894
419157,R McLaren,Mumbai Indians,1,24,22,5.5,0.8,7.3236842105263165
419161,R McLaren,Mumbai Indians,0,19,28,8.842105263157896,0.6,7.260526315789474
501202,R McLaren,Kings XI Punjab,1,18,26,8.666666666666666,0.4,7.5438596491228065
501206,R McLaren,Kings XI Punjab,0,25,31,7.4399999999999995,0.4,7.3897543859649115
501212,R McLaren,Kings XI Punjab,2,19,34,10.736842105263158,0.8,8.237122807017546
501220,R McLaren,Kings XI Punjab,1,12,24,12.0,0.8,9.537122807017544
501244,R McLaren,Kings XI Punjab,1,25,41,9.84,1.0,9.736701754385965
501264,R McLaren,Kings XI Punjab,0,12,26,13.0,0.8,10.603368421052632
598008,R McLaren,Kolkata Knight Riders,1,20,34,10.2,1.0,11.155368421052632
598050,R McLaren,Kolkata Knight Riders,3,26,61,14.076923076923078,1.2,11.823384615384615
1178420,R Parag,Rajasthan Royals,0,18,24,8.0,0.2,7.966666666666667
1178424,R Parag,Rajasthan Royals,1,6,10,10.0,0.4,8.366666666666667
1178428,R Parag,Rajasthan Royals,0,6,14,14.0,0.4,9.466666666666667
1216504,R Parag,Rajasthan Royals,0,6,14,14.0,0.2,10.6
1216514,R Parag,Rajasthan Royals,0,7,13,11.142857142857142,0.2,11.428571428571427
1254061,R Parag,Rajasthan Royals,1,6,7,7.0,0.4,11.228571428571428
1254064,R Parag,Rajasthan Royals,1,13,16,7.384615384615385,0.4,10.705494505494505
1254069,R Parag,Rajasthan Royals,0,7,16,13.714285714285714,0.4,10.648351648351648
1254073,R Parag,Rajasthan Royals,0,6,14,14.0,0.4,10.648351648351648
1254103,R Parag,Rajasthan Royals,0,1,4,24.0,0.4,13.219780219780223
1254111,R Parag,Rajasthan Royals,0,6,16,16.0,0.2,15.019780219780221
1304051,R Parag,Rajasthan Royals,0,6,14,14.0,0.0,16.342857142857145
1304055,R Parag,Rajasthan Royals,0,6,11,11.0,0.0,15.8
1304070,R Parag,Rajasthan Royals,1,6,12,12.0,0.2,15.4
1304080,R Parag,Rajasthan Royals,0,8,22,16.5,0.2,13.9
1422137,R Parag,Rajasthan Royals,0,6,10,10.0,0.2,12.7
1426294,R Parag,Rajasthan Royals,0,13,17,7.846153846153847,0.2,11.46923076923077
598033,R Rampaul,Royal Challengers Bangalore,1,24,35,8.75,2.0,6.77351996390706
598036,R Rampaul,Royal Challengers Bangalore,2,24,30,7.5,1.8,6.842750733137831
598054,R Rampaul,Royal Challengers Bangalore,0,26,40,9.230769230769232,1.4,7.140517482517483
598057,R Rampaul,Royal Challengers Bangalore,1,26,18,4.153846153846154,1.2,6.934923076923077
598064,R Rampaul,Royal Challengers Bangalore,1,24,28,7.0,1.0,7.3269230769230775
598068,R Rampaul,Royal Challengers Bangalore,1,13,20,9.230769230769232,1.0,7.4230769230769225
729305,R Rampaul,Royal Challengers Bangalore,1,25,16,3.84,0.8,6.691076923076923
734035,R Rampaul,Royal Challengers Bangalore,1,12,21,10.5,1.0,6.944923076923077
1312200,R Sai Kishore,Gujarat Titans,2,12,20,10.0,1.2,7.3
1422123,R Sai Kishore,Gujarat Titans,1,24,24,6.0,1.0,7.8
1422125,R Sai Kishore,Gujarat Titans,1,20,28,8.4,1.0,7.944
1426275,R Sai Kishore,Gujarat Titans,4,25,33,7.919999999999999,1.8,8.528
1426278,R Sai Kishore,Gujarat Titans,0,6,22,22.0,1.6,10.863999999999999
1426283,R Sai Kishore,Gujarat Titans,1,18,30,10.0,1.4,10.863999999999999
501210,R Sathish,Mumbai Indians,0,6,11,11.0,0.6,8.728744939271255
501221,R Sathish,Mumbai Indians,0,6,13,13.0,0.2,8.107692307692307
501224,R Sathish,Mumbai Indians,0,12,12,6.0,0.2,8.307692307692308
501231,R Sathish,Mumbai Indians,0,7,5,4.285714285714286,0.2,7.872527472527473
598007,R Sathish,Kings XI Punjab,0,6,16,16.0,0.0,10.057142857142857
598041,R Sathish,Kings XI Punjab,1,12,26,13.0,0.2,10.457142857142857
598052,R Sathish,Kings XI Punjab,0,6,10,10.0,0.2,9.857142857142858
980939,R Sathish,Kolkata Knight Riders,2,18,20,6.666666666666667,0.6,9.99047619047619
980947,R Sathish,Kolkata Knight Riders,0,14,30,12.857142857142856,0.6,11.704761904761904
981015,R Sathish,Kolkata Knight Riders,0,6,9,9.0,0.6,10.304761904761904
419160,R Sharma,Deccan Chargers,1,25,29,6.959999999999999,1.0,7.978363636363636
419164,R Sharma,Deccan Chargers,1,18,25,8.333333333333334,0.8,7.495030303030303
501202,R Sharma,Pune Warriors,0,12,12,6.0,0.8,7.058666666666667
501207,R Sharma,Pune Warriors,1,24,21,5.25,0.8,6.5086666666666675
501213,R Sharma,Pune Warriors,2,24,29,7.25,1.0,6.7586666666666675
501218,R Sharma,Pune Warriors,1,18,14,4.666666666666667,1.0,6.3
501226,R Sharma,Pune Warriors,1,24,27,6.75,1.0,5.9833333333333325
501228,R Sharma,Pune Warriors,0,25,27,6.4799999999999995,1.0,6.079333333333333
501232,R Sharma,Pune Warriors,2,24,28,7.0,1.2,6.429333333333334
501235,R Sharma,Pune Warriors,3,24,13,3.25,1.4,5.629333333333333
501241,R Sharma,Pune Warriors,2,24,7,1.75,1.6,5.046
501248,R Sharma,Pune Warriors,2,24,18,4.5,1.8,4.596
501250,R Sharma,Pune Warriors,1,24,24,6.0,2.0,4.5
501259,R Sharma,Pune Warriors,2,25,25,6.0,2.0,4.3
501262,R Sharma,Pune Warriors,0,24,29,7.25,1.4,5.1
501265,R Sharma,Pune Warriors,0,6,4,4.0,1.0,5.55
548308,R Sharma,Pune Warriors,1,25,16,3.84,0.8,5.418
548313,R Sharma,Pune Warriors,2,24,34,8.5,1.0,5.918
548319,R Sharma,Pune Warriors,1,18,17,5.666666666666667,0.8,5.851333333333334
548322,R Sharma,Pune Warriors,2,18,16,5.333333333333333,1.2,5.468
548327,R Sharma,Pune Warriors,0,12,36,18.0,1.2,8.268
548330,R Sharma,Pune Warriors,0,24,28,7.0,1.0,8.9
548333,R Sharma,Pune Warriors,0,12,20,10.0,0.6,9.2
548337,R Sharma,Pune Warriors,1,24,37,9.25,0.6,9.916666666666666
548341,R Sharma,Pune Warriors,1,24,39,9.75,0.4,10.8
548362,R Sharma,Pune Warriors,1,25,31,7.4399999999999995,0.6,8.688
548365,R Sharma,Pune Warriors,0,18,31,10.333333333333334,0.6,9.354666666666665
598000,R Sharma,Pune Warriors,1,24,21,5.25,0.8,8.404666666666666
598003,R Sharma,Pune Warriors,1,18,20,6.666666666666667,0.8,7.888
598009,R Sharma,Pune Warriors,2,24,16,4.0,1.0,6.7379999999999995
598011,R Sharma,Pune Warriors,0,24,27,6.75,0.8,6.6
598015,R Sharma,Pune Warriors,1,24,24,6.0,1.0,5.733333333333333
598018,R Sharma,Pune Warriors,2,24,21,5.25,1.2,5.733333333333333
598025,R Sharma,Pune Warriors,0,18,28,9.333333333333334,1.0,6.266666666666667
598035,R Sharma,Pune Warriors,1,18,23,7.666666666666667,0.8,7.0
598038,R Sharma,Pune Warriors,1,24,28,7.0,1.0,7.05
598042,R Sharma,Pune Warriors,0,24,36,9.0,0.8,7.65
598047,R Sharma,Pune Warriors,0,25,38,9.12,0.4,8.424
729281,R Sharma,Delhi Daredevils,1,18,33,11.0,0.6,8.757333333333332
733975,R Sharma,Delhi Daredevils,0,18,32,10.666666666666666,0.4,9.357333333333333
1426263,R Shepherd,Mumbai Indians,0,12,23,11.5,1.2,12.434857142857142
1426267,R Shepherd,Mumbai Indians,0,12,34,17.0,1.0,14.250857142857143
1426271,R Shepherd,Mumbai Indians,0,12,21,10.5,0.4,14.33485714285714
1426305,R Shepherd,Mumbai Indians,0,15,30,12.0,0.4,12.792
733993,R Shukla,Delhi Daredevils,1,6,13,13.0,1.0,10.34390977443609
734005,R Shukla,Delhi Daredevils,1,27,42,9.333333333333334,1.2,10.18952380952381
734011,R Shukla,Delhi Daredevils,1,25,50,12.0,1.0,11.046666666666667
1082639,R Tewatia,Kings XI Punjab,2,25,20,4.8,1.4,7.112
1082641,R Tewatia,Kings XI Punjab,1,12,17,8.5,1.6,7.0120000000000005
1082645,R Tewatia,Kings XI Punjab,0,18,14,4.666666666666667,1.4,6.812
1136562,R Tewatia,Delhi Daredevils,1,24,24,6.0,1.2,6.860000000000001
1136566,R Tewatia,Delhi Daredevils,0,25,29,6.959999999999999,0.8,6.185333333333333
1136569,R Tewatia,Delhi Daredevils,2,25,36,8.639999999999999,0.8,6.953333333333333
1136573,R Tewatia,Delhi Daredevils,3,18,18,6.0,1.2,6.453333333333333
1136579,R Tewatia,Delhi Daredevils,0,18,26,8.666666666666666,1.2,7.253333333333333
1136582,R Tewatia,Delhi Daredevils,0,6,6,6.0,1.0,7.253333333333333
1136586,R Tewatia,Delhi Daredevils,0,6,11,11.0,1.0,8.061333333333334
1136590,R Tewatia,Delhi Daredevils,0,12,24,12.0,0.6,8.733333333333333
1175358,R Tewatia,Delhi Capitals,1,8,12,9.0,0.2,9.333333333333332
1175360,R Tewatia,Delhi Capitals,0,12,20,10.0,0.2,9.6
1175371,R Tewatia,Delhi Capitals,1,19,10,3.1578947368421053,0.4,9.031578947368422
1216496,R Tewatia,Rajasthan Royals,3,24,37,9.25,1.0,8.681578947368422
1216500,R Tewatia,Rajasthan Royals,2,25,21,5.04,1.4,7.289578947368422
1216504,R Tewatia,Rajasthan Royals,1,6,6,6.0,1.4,6.689578947368422
1216507,R Tewatia,Rajasthan Royals,0,25,35,8.399999999999999,1.4,6.369578947368421
1216511,R Tewatia,Rajasthan Royals,0,12,13,6.5,1.2,7.037999999999999
1216514,R Tewatia,Rajasthan Royals,0,24,28,7.0,0.6,6.587999999999999
1216518,R Tewatia,Rajasthan Royals,0,24,25,6.25,0.2,6.83
1216522,R Tewatia,Rajasthan Royals,1,30,30,6.0,0.2,6.83
1216527,R Tewatia,Rajasthan Royals,0,6,19,19.0,0.2,8.95
1216530,R Tewatia,Rajasthan Royals,3,25,25,6.0,0.8,8.85
1216533,R Tewatia,Rajasthan Royals,1,25,18,4.319999999999999,1.0,8.314
1216537,R Tewatia,Rajasthan Royals,0,18,22,7.333333333333333,1.0,8.530666666666667
1216541,R Tewatia,Rajasthan Royals,0,24,25,6.25,0.8,8.580666666666668
1216543,R Tewatia,Rajasthan Royals,0,18,23,7.666666666666667,0.8,6.314
1254061,R Tewatia,Rajasthan Royals,0,12,25,12.5,0.2,7.614
1254064,R Tewatia,Rajasthan Royals,0,18,27,9.0,0.0,8.55
1254069,R Tewatia,Rajasthan Royals,1,18,21,7.0,0.2,8.483333333333334
1254073,R Tewatia,Rajasthan Royals,0,12,23,11.5,0.2,9.533333333333335
1254075,R Tewatia,Rajasthan Royals,0,18,25,8.333333333333334,0.2,9.666666666666668
1254081,R Tewatia,Rajasthan Royals,0,19,31,9.789473684210527,0.2,9.124561403508773
1254085,R Tewatia,Rajasthan Royals,1,24,45,11.25,0.4,9.574561403508772
1254089,R Tewatia,Rajasthan Royals,3,26,39,9.0,0.8,9.974561403508773
1254097,R Tewatia,Rajasthan Royals,1,18,17,5.666666666666667,1.0,8.807894736842105
1254100,R Tewatia,Rajasthan Royals,0,20,32,9.6,1.0,9.061228070175439
1254103,R Tewatia,Rajasthan Royals,0,18,23,7.666666666666667,1.0,8.636666666666667
1254106,R Tewatia,Rajasthan Royals,1,7,11,9.428571428571429,1.0,8.272380952380953
1254111,R Tewatia,Rajasthan Royals,1,19,23,7.2631578947368425,0.6,7.925012531328321
1304056,R Tewatia,Gujarat Titans,0,12,22,11.0,0.4,8.991679197994987
1304062,R Tewatia,Gujarat Titans,0,6,24,24.0,0.4,11.871679197994988
1304067,R Tewatia,Gujarat Titans,1,6,10,10.0,0.6,12.338345864661655
1304070,R Tewatia,Gujarat Titans,0,6,9,9.0,0.4,12.25263157894737
1304097,R Tewatia,Gujarat Titans,0,6,11,11.0,0.2,13.0
1359504,R Tewatia,Gujarat Titans,0,7,8,6.857142857142857,0.2,12.17142857142857
1359536,R Tewatia,Gujarat Titans,0,7,7,6.0,0.2,8.571428571428571
336010,R Vinay Kumar,Royal Challengers Bangalore,1,18,15,5.0,1.0,8.280615384615384
336012,R Vinay Kumar,Royal Challengers Bangalore,0,18,25,8.333333333333334,1.0,7.8472820512820505
336016,R Vinay Kumar,Royal Challengers Bangalore,1,12,11,5.5,1.2,7.562666666666667
336029,R Vinay Kumar,Royal Challengers Bangalore,1,19,23,7.2631578947368425,1.4,6.515298245614035
392182,R Vinay Kumar,Royal Challengers Bangalore,0,19,25,7.894736842105264,0.6,6.798245614035087
392185,R Vinay Kumar,Royal Challengers Bangalore,0,6,12,12.0,0.4,8.198245614035088
392191,R Vinay Kumar,Royal Challengers Bangalore,0,6,5,5.0,0.4,7.531578947368422
392194,R Vinay Kumar,Royal Challengers Bangalore,0,20,28,8.4,0.2,8.111578947368422
392208,R Vinay Kumar,Royal Challengers Bangalore,0,24,33,8.25,0.0,8.308947368421054
392213,R Vinay Kumar,Royal Challengers Bangalore,0,7,9,7.7142857142857135,0.0,8.272857142857143
392218,R Vinay Kumar,Royal Challengers Bangalore,1,25,30,7.199999999999999,0.2,7.312857142857143
392221,R Vinay Kumar,Royal Challengers Bangalore,2,24,33,8.25,0.6,7.9628571428571435
392224,R Vinay Kumar,Royal Challengers Bangalore,2,19,30,9.473684210526317,1.0,8.177593984962407
392238,R Vinay Kumar,Royal Challengers Bangalore,2,24,38,9.5,1.4,8.427593984962407
392239,R Vinay Kumar,Royal Challengers Bangalore,2,25,30,7.199999999999999,1.8,8.324736842105263
419112,R Vinay Kumar,Royal Challengers Bangalore,0,13,19,8.76923076923077,1.6,8.638582995951419
419115,R Vinay Kumar,Royal Challengers Bangalore,0,24,25,6.25,1.2,8.238582995951418
419119,R Vinay Kumar,Royal Challengers Bangalore,3,24,26,6.5,1.4,7.6438461538461535
419123,R Vinay Kumar,Royal Challengers Bangalore,5,25,40,9.6,2.0,7.663846153846154
419128,R Vinay Kumar,Royal Challengers Bangalore,1,25,29,6.959999999999999,1.8,7.615846153846154
419133,R Vinay Kumar,Royal Challengers Bangalore,1,19,31,9.789473684210527,2.0,7.819894736842104
419136,R Vinay Kumar,Royal Challengers Bangalore,1,18,24,8.0,2.2,8.169894736842105
419140,R Vinay Kumar,Royal Challengers Bangalore,0,24,39,9.75,1.6,8.819894736842105
419145,R Vinay Kumar,Royal Challengers Bangalore,1,20,40,12.0,0.8,9.299894736842106
419148,R Vinay Kumar,Royal Challengers Bangalore,4,19,23,7.2631578947368425,1.4,9.360526315789475
419151,R Vinay Kumar,Royal Challengers Bangalore,1,18,21,7.0,1.4,8.802631578947368
419154,R Vinay Kumar,Royal Challengers Bangalore,2,24,36,9.0,1.6,9.00263157894737
419157,R Vinay Kumar,Royal Challengers Bangalore,0,18,26,8.666666666666666,1.6,8.7859649122807
419162,R Vinay Kumar,Royal Challengers Bangalore,0,13,25,11.53846153846154,1.4,8.69365721997301
501200,R Vinay Kumar,Kochi Tuskers Kerala,1,23,26,6.782608695652174,0.8,8.597547380156076
501207,R Vinay Kumar,Kochi Tuskers Kerala,1,21,16,4.571428571428571,0.8,8.11183309444179
501210,R Vinay Kumar,Kochi Tuskers Kerala,1,27,53,11.777777777777779,0.6,8.667388649997346
501215,R Vinay Kumar,Kochi Tuskers Kerala,0,18,16,5.333333333333333,0.6,8.00072198333068
501219,R Vinay Kumar,Kochi Tuskers Kerala,3,24,21,5.25,1.2,6.743029675638371
501225,R Vinay Kumar,Kochi Tuskers Kerala,0,18,27,9.0,1.0,7.186507936507937
501229,R Vinay Kumar,Kochi Tuskers Kerala,3,24,25,6.25,1.4,7.522222222222223
501233,R Vinay Kumar,Kochi Tuskers Kerala,2,24,41,10.25,1.6,7.216666666666666
501238,R Vinay Kumar,Kochi Tuskers Kerala,2,25,27,6.4799999999999995,2.0,7.446
501242,R Vinay Kumar,Kochi Tuskers Kerala,3,24,29,7.25,2.0,7.845999999999999
501247,R Vinay Kumar,Kochi Tuskers Kerala,1,18,18,6.0,2.2,7.2459999999999996
501254,R Vinay Kumar,Kochi Tuskers Kerala,0,19,28,8.842105263157896,1.6,7.764421052631579
501261,R Vinay Kumar,Kochi Tuskers Kerala,0,13,18,8.307692307692308,1.2,7.37595951417004
548310,R Vinay Kumar,Royal Challengers Bangalore,0,24,26,6.5,0.8,7.379959514170041
548315,R Vinay Kumar,Royal Challengers Bangalore,2,24,21,5.25,0.6,6.979959514170041
548318,R Vinay Kumar,Royal Challengers Bangalore,1,27,53,11.777777777777779,0.6,8.135515069725596
548324,R Vinay Kumar,Royal Challengers Bangalore,0,24,51,12.75,0.6,8.917094017094017
548327,R Vinay Kumar,Royal Challengers Bangalore,3,25,34,8.16,1.2,8.887555555555556
548331,R Vinay Kumar,Royal Challengers Bangalore,1,24,40,10.0,1.4,9.587555555555557
548336,R Vinay Kumar,Royal Challengers Bangalore,0,24,38,9.5,1.0,10.437555555555557
548344,R Vinay Kumar,Royal Challengers Bangalore,2,25,32,7.68,1.2,9.618
548350,R Vinay Kumar,Royal Challengers Bangalore,0,23,32,8.347826086956522,1.2,8.737565217391303
548360,R Vinay Kumar,Royal Challengers Bangalore,2,25,34,8.16,1.0,8.737565217391303
548362,R Vinay Kumar,Royal Challengers Bangalore,3,24,33,8.25,1.4,8.387565217391304
548367,R Vinay Kumar,Royal Challengers Bangalore,2,26,36,8.307692307692308,1.8,8.149103678929766
548372,R Vinay Kumar,Royal Challengers Bangalore,2,25,35,8.399999999999999,1.8,8.293103678929764
548376,R Vinay Kumar,Royal Challengers Bangalore,3,26,23,5.307692307692308,2.4,7.685076923076923
597999,R Vinay Kumar,Royal Challengers Bangalore,3,24,28,7.0,2.6,7.453076923076924
598004,R Vinay Kumar,Royal Challengers Bangalore,1,31,48,9.29032258064516,2.2,7.661141439205954
598008,R Vinay Kumar,Royal Challengers Bangalore,2,24,37,9.25,2.2,7.849602977667493
598012,R Vinay Kumar,Royal Challengers Bangalore,1,25,36,8.639999999999999,2.0,7.897602977667494
598017,R Vinay Kumar,Royal Challengers Bangalore,2,24,21,5.25,1.8,7.88606451612903
598023,R Vinay Kumar,Royal Challengers Bangalore,3,24,18,4.5,1.8,7.38606451612903
598027,R Vinay Kumar,Royal Challengers Bangalore,1,24,24,6.0,1.8,6.728
598033,R Vinay Kumar,Royal Challengers Bangalore,3,25,43,10.319999999999999,2.0,6.941999999999998
598036,R Vinay Kumar,Royal Challengers Bangalore,2,23,39,10.17391304347826,2.2,7.2487826086956515
598042,R Vinay Kumar,Royal Challengers Bangalore,3,25,31,7.4399999999999995,2.4,7.686782608695651
598045,R Vinay Kumar,Royal Challengers Bangalore,0,25,35,8.399999999999999,1.8,8.46678260869565
598048,R Vinay Kumar,Royal Challengers Bangalore,1,26,43,9.923076923076923,1.8,9.251397993311036
598054,R Vinay Kumar,Royal Challengers Bangalore,1,25,43,10.319999999999999,1.4,9.251397993311036
598057,R Vinay Kumar,Royal Challengers Bangalore,2,21,17,4.857142857142857,1.4,8.188043956043956
598064,R Vinay Kumar,Royal Challengers Bangalore,1,25,49,11.76,1.0,9.052043956043956
598068,R Vinay Kumar,Royal Challengers Bangalore,1,6,10,10.0,1.2,9.372043956043957
729279,R Vinay Kumar,Kolkata Knight Riders,0,12,15,7.5,1.0,8.887428571428572
729289,R Vinay Kumar,Kolkata Knight Riders,1,24,36,9.0,1.0,8.623428571428573
729299,R Vinay Kumar,Kolkata Knight Riders,2,25,30,7.199999999999999,1.0,9.091999999999999
729315,R Vinay Kumar,Kolkata Knight Riders,3,24,30,7.5,1.4,8.24
733971,R Vinay Kumar,Kolkata Knight Riders,0,18,27,9.0,1.2,8.040000000000001
733979,R Vinay Kumar,Kolkata Knight Riders,2,24,42,10.5,1.6,8.64
733985,R Vinay Kumar,Kolkata Knight Riders,0,18,32,10.666666666666666,1.4,8.973333333333333
734027,R Vinay Kumar,Kolkata Knight Riders,0,24,46,11.5,1.0,9.833333333333334
734037,R Vinay Kumar,Kolkata Knight Riders,2,25,36,8.639999999999999,0.8,10.061333333333334
829705,R Vinay Kumar,Mumbai Indians,0,21,22,6.285714285714286,0.8,9.518476190476191
829717,R Vinay Kumar,Mumbai Indians,0,24,46,11.5,0.4,9.71847619047619
829721,R Vinay Kumar,Mumbai Indians,1,18,13,4.333333333333333,0.6,8.451809523809523
829729,R Vinay Kumar,Mumbai Indians,0,12,18,9.0,0.6,7.951809523809523
829751,R Vinay Kumar,Mumbai Indians,0,25,32,7.68,0.2,7.759809523809523
829769,R Vinay Kumar,Mumbai Indians,2,25,39,9.36,0.6,8.374666666666666
829775,R Vinay Kumar,Mumbai Indians,1,18,17,5.666666666666667,0.8,7.208
829783,R Vinay Kumar,Mumbai Indians,0,18,31,10.333333333333334,0.6,8.408
829789,R Vinay Kumar,Mumbai Indians,1,18,33,11.0,0.8,8.808
829805,R Vinay Kumar,Mumbai Indians,1,24,33,8.25,1.0,8.922
829815,R Vinay Kumar,Mumbai Indians,0,18,22,7.333333333333333,0.6,8.516666666666667
829817,R Vinay Kumar,Mumbai Indians,2,19,26,8.210526315789474,0.8,9.02543859649123
829823,R Vinay Kumar,Mumbai Indians,1,25,39,9.36,1.0,8.83077192982456
980901,R Vinay Kumar,Mumbai Indians,0,15,14,5.6,0.8,7.750771929824562
980993,R Vinay Kumar,Mumbai Indians,2,24,33,8.25,1.0,7.750771929824562
981007,R Vinay Kumar,Mumbai Indians,2,18,18,6.0,1.4,7.484105263157895
1082644,R Vinay Kumar,Mumbai Indians,2,20,31,9.299999999999999,1.4,7.702
1136563,R Vinay Kumar,Kolkata Knight Riders,2,12,30,15.0,1.6,8.83
1136565,R Vinay Kumar,Kolkata Knight Riders,0,13,35,16.153846153846153,1.6,10.94076923076923
392205,RA Jadeja,Rajasthan Royals,1,27,23,5.111111111111111,0.4,6.222222222222222
392210,RA Jadeja,Rajasthan Royals,0,6,6,6.0,0.4,5.322222222222222
392213,RA Jadeja,Rajasthan Royals,3,24,15,3.75,0.8,6.072222222222222
392217,RA Jadeja,Rajasthan Royals,0,14,16,6.857142857142857,0.8,6.0436507936507935
392220,RA Jadeja,Rajasthan Royals,2,24,27,6.75,1.2,5.693650793650794
392225,RA Jadeja,Rajasthan Royals,0,7,18,15.428571428571427,1.0,7.757142857142857
392230,RA Jadeja,Rajasthan Royals,0,12,13,6.5,1.0,7.857142857142857
392233,RA Jadeja,Rajasthan Royals,0,12,14,7.0,0.4,8.507142857142856
501200,RA Jadeja,Kochi Tuskers Kerala,1,25,28,6.72,0.6,8.479714285714286
501207,RA Jadeja,Kochi Tuskers Kerala,2,25,28,6.72,0.6,8.473714285714285
501210,RA Jadeja,Kochi Tuskers Kerala,0,25,29,6.959999999999999,0.6,6.779999999999999
501215,RA Jadeja,Kochi Tuskers Kerala,0,6,14,14.0,0.6,8.28
501219,RA Jadeja,Kochi Tuskers Kerala,2,25,25,6.0,1.0,8.08
501225,RA Jadeja,Kochi Tuskers Kerala,1,18,24,8.0,1.0,8.336
501229,RA Jadeja,Kochi Tuskers Kerala,0,18,25,8.333333333333334,0.6,8.658666666666667
501233,RA Jadeja,Kochi Tuskers Kerala,1,25,27,6.4799999999999995,0.8,8.562666666666667
501238,RA Jadeja,Kochi Tuskers Kerala,0,14,16,6.857142857142857,0.8,7.134095238095239
501242,RA Jadeja,Kochi Tuskers Kerala,0,6,7,7.0,0.4,7.334095238095239
501247,RA Jadeja,Kochi Tuskers Kerala,0,24,25,6.25,0.2,6.984095238095239
501254,RA Jadeja,Kochi Tuskers Kerala,0,18,28,9.333333333333334,0.2,7.184095238095237
501258,RA Jadeja,Kochi Tuskers Kerala,0,7,5,4.285714285714286,0.0,6.745238095238095
501261,RA Jadeja,Kochi Tuskers Kerala,2,25,26,6.239999999999999,0.4,6.621809523809523
548306,RA Jadeja,Chennai Super Kings,0,6,16,16.0,0.4,8.421809523809523
548311,RA Jadeja,Chennai Super Kings,5,24,16,4.0,1.4,7.971809523809523
548316,RA Jadeja,Chennai Super Kings,0,12,19,9.5,1.4,8.005142857142857
548318,RA Jadeja,Chennai Super Kings,2,14,20,8.571428571428571,1.8,8.862285714285715
548330,RA Jadeja,Chennai Super Kings,0,25,22,5.279999999999999,1.4,8.670285714285715
548332,RA Jadeja,Chennai Super Kings,0,20,33,9.9,1.4,7.450285714285714
548343,RA Jadeja,Chennai Super Kings,0,6,15,15.0,0.4,9.650285714285713
548347,RA Jadeja,Chennai Super Kings,0,13,13,6.0,0.4,8.950285714285714
548352,RA Jadeja,Chennai Super Kings,0,18,26,8.666666666666666,0.0,8.969333333333333
548355,RA Jadeja,Chennai Super Kings,2,12,12,6.0,0.4,9.113333333333333
548361,RA Jadeja,Chennai Super Kings,1,24,21,5.25,0.6,8.183333333333334
548364,RA Jadeja,Chennai Super Kings,0,6,11,11.0,0.6,7.383333333333335
548368,RA Jadeja,Chennai Super Kings,1,24,39,9.75,0.8,8.133333333333335
548379,RA Jadeja,Chennai Super Kings,1,12,15,7.5,1.0,7.9
598002,RA Jadeja,Chennai Super Kings,0,12,12,6.0,0.6,7.9
598007,RA Jadeja,Chennai Super Kings,1,24,30,7.5,0.6,8.35
598012,RA Jadeja,Chennai Super Kings,0,12,20,10.0,0.6,8.15
598015,RA Jadeja,Chennai Super Kings,1,24,28,7.0,0.6,7.6
598020,RA Jadeja,Chennai Super Kings,2,24,21,5.25,0.8,7.15
598022,RA Jadeja,Chennai Super Kings,3,24,21,5.25,1.4,7.0
598026,RA Jadeja,Chennai Super Kings,0,20,45,13.5,1.2,8.2
598030,RA Jadeja,Chennai Super Kings,0,6,8,8.0,1.2,7.8
598034,RA Jadeja,Chennai Super Kings,0,12,13,6.5,1.0,7.7
598038,RA Jadeja,Chennai Super Kings,1,25,26,6.239999999999999,0.8,7.898000000000001
598046,RA Jadeja,Chennai Super Kings,3,24,29,7.25,0.8,8.298
598051,RA Jadeja,Chennai Super Kings,1,12,14,7.0,1.0,6.998
598058,RA Jadeja,Chennai Super Kings,0,7,9,7.7142857142857135,1.0,6.940857142857142
598070,RA Jadeja,Chennai Super Kings,3,24,31,7.75,1.6,7.190857142857142
598073,RA Jadeja,Chennai Super Kings,0,12,19,9.5,1.4,7.842857142857143
729283,RA Jadeja,Chennai Super Kings,0,24,44,11.0,0.8,8.592857142857143
729293,RA Jadeja,Chennai Super Kings,2,16,18,6.75,1.0,8.542857142857143
729297,RA Jadeja,Chennai Super Kings,4,24,33,8.25,1.8,8.65
729303,RA Jadeja,Chennai Super Kings,0,6,14,14.0,1.2,9.9
729311,RA Jadeja,Chennai Super Kings,0,18,23,7.666666666666667,1.2,9.533333333333333
733971,RA Jadeja,Chennai Super Kings,4,24,12,3.0,2.0,7.933333333333333
733981,RA Jadeja,Chennai Super Kings,1,24,23,5.75,1.8,7.7333333333333325
733987,RA Jadeja,Chennai Super Kings,0,18,37,12.333333333333334,1.0,8.55
733995,RA Jadeja,Chennai Super Kings,0,24,33,8.25,1.0,7.4
734003,RA Jadeja,Chennai Super Kings,3,24,19,4.75,1.6,6.8166666666666655
734013,RA Jadeja,Chennai Super Kings,1,25,31,7.4399999999999995,1.0,7.704666666666666
734023,RA Jadeja,Chennai Super Kings,1,18,23,7.666666666666667,1.0,8.088
734029,RA Jadeja,Chennai Super Kings,1,24,42,10.5,1.2,7.721333333333334
734035,RA Jadeja,Chennai Super Kings,1,14,14,6.0,1.4,7.271333333333334
734045,RA Jadeja,Chennai Super Kings,2,24,31,7.75,1.2,7.871333333333334
734047,RA Jadeja,Chennai Super Kings,0,25,49,11.76,1.0,8.735333333333333
829711,RA Jadeja,Chennai Super Kings,0,6,17,17.0,0.8,10.602
829723,RA Jadeja,Chennai Super Kings,0,12,25,12.5,0.6,11.002
829729,RA Jadeja,Chennai Super Kings,0,26,49,11.307692307692308,0.4,12.063538461538462
829735,RA Jadeja,Chennai Super Kings,1,24,29,7.25,0.2,11.963538461538462
829745,RA Jadeja,Chennai Super Kings,2,24,37,9.25,0.6,11.461538461538462
829753,RA Jadeja,Chennai Super Kings,3,24,23,5.75,1.2,9.211538461538462
829765,RA Jadeja,Chennai Super Kings,0,18,11,3.6666666666666665,1.2,7.444871794871796
829779,RA Jadeja,Chennai Super Kings,0,12,11,5.5,1.2,6.283333333333333
829789,RA Jadeja,Chennai Super Kings,0,24,27,6.75,1.0,6.183333333333333
829797,RA Jadeja,Chennai Super Kings,4,24,13,3.25,1.4,4.9833333333333325
829801,RA Jadeja,Chennai Super Kings,0,16,16,6.0,0.8,5.033333333333333
829809,RA Jadeja,Chennai Super Kings,1,18,19,6.333333333333333,1.0,5.566666666666666
829817,RA Jadeja,Chennai Super Kings,1,12,18,9.0,1.2,6.266666666666667
829821,RA Jadeja,Chennai Super Kings,0,6,13,13.0,1.2,7.516666666666666
829823,RA Jadeja,Chennai Super Kings,0,12,26,13.0,0.4,9.466666666666665
980905,RA Jadeja,Gujarat Lions,2,25,32,7.68,0.8,9.802666666666667
980911,RA Jadeja,Gujarat Lions,2,24,19,4.75,1.0,9.485999999999999
980929,RA Jadeja,Gujarat Lions,0,17,20,7.0588235294117645,0.8,9.097764705882351
980937,RA Jadeja,Gujarat Lions,0,18,18,6.0,0.8,7.697764705882352
980945,RA Jadeja,Gujarat Lions,0,6,14,14.0,0.8,7.897764705882352
980949,RA Jadeja,Gujarat Lions,0,26,39,9.0,0.4,8.161764705882353
980955,RA Jadeja,Gujarat Lions,2,20,29,8.7,0.4,8.951764705882352
980961,RA Jadeja,Gujarat Lions,1,15,21,8.4,0.6,9.22
980967,RA Jadeja,Gujarat Lions,0,12,14,7.0,0.6,9.419999999999998
980975,RA Jadeja,Gujarat Lions,0,18,26,8.666666666666666,0.6,8.353333333333333
980987,RA Jadeja,Gujarat Lions,0,24,35,8.75,0.6,8.303333333333333
981001,RA Jadeja,Gujarat Lions,0,12,17,8.5,0.2,8.263333333333332
981007,RA Jadeja,Gujarat Lions,0,6,15,15.0,0.0,9.583333333333334
981013,RA Jadeja,Gujarat Lions,2,24,21,5.25,0.4,9.233333333333334
1082603,RA Jadeja,Gujarat Lions,1,24,40,10.0,0.6,9.5
1082606,RA Jadeja,Gujarat Lions,0,24,34,8.5,0.6,9.45
1082610,RA Jadeja,Gujarat Lions,0,24,57,14.25,0.6,10.6
1082613,RA Jadeja,Gujarat Lions,0,24,32,8.0,0.6,9.2
1082616,RA Jadeja,Gujarat Lions,1,24,33,8.25,0.4,9.8
1082621,RA Jadeja,Gujarat Lions,2,24,29,7.25,0.6,9.25
1082625,RA Jadeja,Gujarat Lions,0,6,11,11.0,0.6,9.75
1082629,RA Jadeja,Gujarat Lions,0,12,19,9.5,0.6,8.8
1082632,RA Jadeja,Gujarat Lions,1,12,28,14.0,0.8,10.0
1082637,RA Jadeja,Gujarat Lions,0,13,19,8.76923076923077,0.6,10.103846153846153
1082640,RA Jadeja,Gujarat Lions,0,24,31,7.75,0.2,10.203846153846154
1082643,RA Jadeja,Gujarat Lions,0,18,19,6.333333333333333,0.2,9.270512820512822
1136561,RA Jadeja,Chennai Super Kings,0,6,9,9.0,0.2,9.17051282051282
1136565,RA Jadeja,Chennai Super Kings,1,12,19,9.5,0.2,8.27051282051282
1136577,RA Jadeja,Chennai Super Kings,0,6,6,6.0,0.2,7.716666666666666
1136580,RA Jadeja,Chennai Super Kings,0,25,28,6.72,0.2,7.510666666666667
1136584,RA Jadeja,Chennai Super Kings,0,12,26,13.0,0.2,8.844
1136590,RA Jadeja,Chennai Super Kings,2,25,32,7.68,0.6,8.58
1136593,RA Jadeja,Chennai Super Kings,1,26,39,9.0,0.6,8.48
1136595,RA Jadeja,Chennai Super Kings,3,24,18,4.5,1.2,8.18
1136603,RA Jadeja,Chennai Super Kings,1,24,28,7.0,1.4,8.236
1136606,RA Jadeja,Chennai Super Kings,0,12,24,12.0,1.4,8.036
1136612,RA Jadeja,Chennai Super Kings,1,24,19,4.75,1.2,7.45
1136616,RA Jadeja,Chennai Super Kings,1,18,24,8.0,1.2,7.25
1136617,RA Jadeja,Chennai Super Kings,1,24,13,3.25,0.8,7.0
1136620,RA Jadeja,Chennai Super Kings,1,12,25,12.5,0.8,8.1
1175356,RA Jadeja,Chennai Super Kings,2,24,16,4.0,1.2,6.5
1175360,RA Jadeja,Chennai Super Kings,1,24,24,6.0,1.2,6.75
1175367,RA Jadeja,Chennai Super Kings,0,12,23,11.5,1.0,7.45
1175370,RA Jadeja,Chennai Super Kings,1,12,10,5.0,1.0,7.8
1178393,RA Jadeja,Chennai Super Kings,0,24,24,6.0,0.8,6.5
1178398,RA Jadeja,Chennai Super Kings,1,25,17,4.08,0.6,6.516
1178400,RA Jadeja,Chennai Super Kings,2,24,20,5.0,0.8,6.316
1178404,RA Jadeja,Chennai Super Kings,0,25,49,11.76,0.8,6.368
1178408,RA Jadeja,Chennai Super Kings,0,24,22,5.5,0.6,6.468000000000001
1178414,RA Jadeja,Chennai Super Kings,2,24,29,7.25,1.0,6.718000000000001
1178416,RA Jadeja,Chennai Super Kings,0,24,33,8.25,0.8,7.552000000000001
1178425,RA Jadeja,Chennai Super Kings,3,18,9,3.0,1.0,7.152000000000001
1178430,RA Jadeja,Chennai Super Kings,1,12,16,8.0,1.2,6.4
1181764,RA Jadeja,Chennai Super Kings,0,24,19,4.75,1.2,6.25
1181767,RA Jadeja,Chennai Super Kings,2,18,24,8.0,1.2,6.4
1181768,RA Jadeja,Chennai Super Kings,0,12,12,6.0,1.2,5.95
1216492,RA Jadeja,Chennai Super Kings,2,24,42,10.5,1.0,7.45
1216496,RA Jadeja,Chennai Super Kings,0,26,40,9.230769230769232,0.8,7.696153846153846
1216506,RA Jadeja,Chennai Super Kings,1,18,17,5.666666666666667,1.0,7.87948717948718
1216509,RA Jadeja,Chennai Super Kings,0,12,35,17.5,0.6,9.77948717948718
1216513,RA Jadeja,Chennai Super Kings,1,24,30,7.5,0.8,10.07948717948718
1216516,RA Jadeja,Chennai Super Kings,0,12,16,8.0,0.4,9.57948717948718
1216521,RA Jadeja,Chennai Super Kings,0,6,15,15.0,0.4,10.733333333333333
1216525,RA Jadeja,Chennai Super Kings,0,12,7,3.5,0.2,10.3
1216528,RA Jadeja,Chennai Super Kings,1,18,21,7.0,0.4,8.2
1216533,RA Jadeja,Chennai Super Kings,0,9,11,7.333333333333333,0.2,8.166666666666668
1216536,RA Jadeja,Chennai Super Kings,1,18,20,6.666666666666667,0.4,7.9
1216539,RA Jadeja,Chennai Super Kings,0,24,44,11.0,0.4,7.1
1216544,RA Jadeja,Chennai Super Kings,0,18,20,6.666666666666667,0.4,7.7333333333333325
1254059,RA Jadeja,Chennai Super Kings,0,12,16,8.0,0.2,7.9333333333333345
1254065,RA Jadeja,Chennai Super Kings,0,25,19,4.56,0.2,7.378666666666666
1254069,RA Jadeja,Chennai Super Kings,2,25,28,6.72,0.4,7.389333333333333
1254072,RA Jadeja,Chennai Super Kings,0,25,33,7.919999999999999,0.4,6.773333333333333
1254076,RA Jadeja,Chennai Super Kings,3,24,13,3.25,1.0,6.09
1254080,RA Jadeja,Chennai Super Kings,0,19,23,7.2631578947368425,1.0,5.942631578947369
1254084,RA Jadeja,Chennai Super Kings,1,18,29,9.666666666666666,1.2,6.9639649122807015
1254089,RA Jadeja,Chennai Super Kings,0,6,9,9.0,0.8,7.419964912280702
1254091,RA Jadeja,Chennai Super Kings,1,18,14,4.666666666666667,1.0,6.769298245614034
1254094,RA Jadeja,Chennai Super Kings,0,6,9,9.0,0.4,7.919298245614035
1254098,RA Jadeja,Chennai Super Kings,1,24,21,5.25,0.6,7.516666666666666
1254104,RA Jadeja,Chennai Super Kings,0,6,13,13.0,0.4,8.183333333333334
1254110,RA Jadeja,Chennai Super Kings,2,25,29,6.959999999999999,0.8,7.775333333333333
1254113,RA Jadeja,Chennai Super Kings,0,24,31,7.75,0.6,8.392
1254114,RA Jadeja,Chennai Super Kings,1,18,23,7.666666666666667,0.8,8.125333333333334
1254117,RA Jadeja,Chennai Super Kings,2,25,37,8.879999999999999,1.0,8.851333333333333
1304047,RA Jadeja,Chennai Super Kings,0,24,25,6.25,1.0,7.501333333333332
1304053,RA Jadeja,Chennai Super Kings,0,12,21,10.5,0.6,8.209333333333333
1304057,RA Jadeja,Chennai Super Kings,1,27,34,7.555555555555555,0.8,8.170444444444444
1304063,RA Jadeja,Chennai Super Kings,0,18,21,7.0,0.6,8.03711111111111
1304068,RA Jadeja,Chennai Super Kings,3,24,39,9.75,0.8,8.211111111111112
1304075,RA Jadeja,Chennai Super Kings,1,18,25,8.333333333333334,1.0,8.627777777777776
1304079,RA Jadeja,Chennai Super Kings,0,24,30,7.5,1.0,8.027777777777777
1304084,RA Jadeja,Chennai Super Kings,0,14,18,7.7142857142857135,0.8,8.059523809523808
1304092,RA Jadeja,Chennai Super Kings,0,18,15,5.0,0.8,7.659523809523809
1304095,RA Jadeja,Chennai Super Kings,1,24,24,6.0,0.4,6.909523809523809
1359475,RA Jadeja,Chennai Super Kings,1,24,29,7.25,0.4,6.692857142857143
1359480,RA Jadeja,Chennai Super Kings,0,6,14,14.0,0.4,7.992857142857143
1359486,RA Jadeja,Chennai Super Kings,3,24,20,5.0,1.0,7.45
1359491,RA Jadeja,Chennai Super Kings,2,27,21,4.666666666666667,1.4,7.383333333333333
1359498,RA Jadeja,Chennai Super Kings,0,24,37,9.25,1.2,8.033333333333333
1359503,RA Jadeja,Chennai Super Kings,3,24,22,5.5,1.6,7.683333333333333
1359507,RA Jadeja,Chennai Super Kings,1,18,34,11.333333333333334,1.8,7.15
1359511,RA Jadeja,Chennai Super Kings,1,25,32,7.68,1.4,7.686
1359515,RA Jadeja,Chennai Super Kings,2,24,32,8.0,1.4,8.352666666666668
1359519,RA Jadeja,Chennai Super Kings,1,18,11,3.6666666666666665,1.6,7.236
1359523,RA Jadeja,Chennai Super Kings,1,25,37,8.879999999999999,1.2,7.912000000000001
1359529,RA Jadeja,Chennai Super Kings,1,24,19,4.75,1.2,6.595333333333332
1359535,RA Jadeja,Chennai Super Kings,0,12,18,9.0,1.0,6.859333333333334
1359541,RA Jadeja,Chennai Super Kings,1,25,50,12.0,0.8,7.6593333333333335
1370350,RA Jadeja,Chennai Super Kings,2,24,18,4.5,1.0,7.825999999999999
1370353,RA Jadeja,Chennai Super Kings,1,24,38,9.5,1.0,7.95
1422119,RA Jadeja,Chennai Super Kings,0,24,22,5.5,0.8,8.1
1422125,RA Jadeja,Chennai Super Kings,0,12,15,7.5,0.8,7.8
1422131,RA Jadeja,Chennai Super Kings,1,24,43,10.75,0.8,7.55
1422136,RA Jadeja,Chennai Super Kings,0,24,30,7.5,0.4,8.15
1426260,RA Jadeja,Chennai Super Kings,3,25,18,4.319999999999999,0.8,7.114
1426267,RA Jadeja,Chennai Super Kings,0,24,37,9.25,0.8,7.864
1426272,RA Jadeja,Chennai Super Kings,0,19,32,10.105263157894738,0.8,8.385052631578947
1426277,RA Jadeja,Chennai Super Kings,0,13,17,7.846153846153847,0.6,7.804283400809718
1426284,RA Jadeja,Chennai Super Kings,1,24,22,5.5,0.8,7.404283400809717
1426287,RA Jadeja,Chennai Super Kings,0,18,22,7.333333333333333,0.2,8.006950067476383
1426291,RA Jadeja,Chennai Super Kings,3,24,20,5.0,0.8,7.156950067476383
1426297,RA Jadeja,Chennai Super Kings,0,12,29,14.5,0.8,8.035897435897436
1426299,RA Jadeja,Chennai Super Kings,0,24,24,6.0,0.8,7.666666666666666
1426306,RA Jadeja,Chennai Super Kings,0,18,40,13.333333333333334,0.6,9.233333333333333
1178399,RD Chahar,Mumbai Indians,0,24,27,6.75,0.8,6.569003663003663
1178402,RD Chahar,Mumbai Indians,1,24,35,8.75,0.8,6.904717948717949
1178406,RD Chahar,Mumbai Indians,0,24,31,7.75,0.6,6.721384615384617
1178409,RD Chahar,Mumbai Indians,3,26,19,4.384615384615385,1.2,6.582923076923078
1178411,RD Chahar,Mumbai Indians,3,24,29,7.25,1.4,6.976923076923077
1178419,RD Chahar,Mumbai Indians,0,24,21,5.25,1.4,6.676923076923077
1178422,RD Chahar,Mumbai Indians,1,25,54,12.959999999999999,1.4,7.518923076923076
1178426,RD Chahar,Mumbai Indians,0,24,21,5.25,1.4,7.018923076923076
1178431,RD Chahar,Mumbai Indians,0,6,12,12.0,0.8,8.541999999999998
1181764,RD Chahar,Mumbai Indians,2,24,14,3.5,0.6,7.791999999999999
1181768,RD Chahar,Mumbai Indians,1,24,14,3.5,0.8,7.441999999999998
1216492,RD Chahar,Mumbai Indians,1,24,36,9.0,0.8,6.65
1216495,RD Chahar,Mumbai Indians,0,24,36,9.0,0.8,7.4
1216499,RD Chahar,Mumbai Indians,1,25,43,10.319999999999999,1.0,7.064
1216503,RD Chahar,Mumbai Indians,2,25,27,6.4799999999999995,1.0,7.659999999999999
1216508,RD Chahar,Mumbai Indians,2,24,26,6.5,1.2,8.26
1216511,RD Chahar,Mumbai Indians,1,19,24,7.578947368421053,1.2,7.975789473684211
1216517,RD Chahar,Mumbai Indians,2,24,33,8.25,1.6,7.82578947368421
1216521,RD Chahar,Mumbai Indians,2,24,25,6.25,1.8,7.01178947368421
1216526,RD Chahar,Mumbai Indians,2,24,19,4.75,1.8,6.665789473684211
1216529,RD Chahar,Mumbai Indians,1,24,27,6.75,1.6,6.715789473684211
1216535,RD Chahar,Mumbai Indians,1,24,24,6.0,1.6,6.4
1216538,RD Chahar,Mumbai Indians,0,6,16,16.0,1.2,7.95
1216541,RD Chahar,Mumbai Indians,0,19,37,11.68421052631579,0.8,9.036842105263158
1216547,RD Chahar,Mumbai Indians,1,25,31,7.4399999999999995,0.6,9.574842105263158
1237177,RD Chahar,Mumbai Indians,0,12,35,17.5,0.4,11.724842105263159
1254058,RD Chahar,Mumbai Indians,0,24,43,10.75,0.2,12.674842105263158
1254062,RD Chahar,Mumbai Indians,4,24,31,7.75,1.0,11.024842105263158
1254066,RD Chahar,Mumbai Indians,3,25,20,4.8,1.6,9.648
1254070,RD Chahar,Mumbai Indians,1,25,30,7.199999999999999,1.6,9.599999999999998
1254074,RD Chahar,Mumbai Indians,1,24,19,4.75,1.8,7.05
1254081,RD Chahar,Mumbai Indians,2,24,33,8.25,2.2,6.55
1254084,RD Chahar,Mumbai Indians,0,25,32,7.68,1.4,6.536
1254096,RD Chahar,Mumbai Indians,0,18,34,11.333333333333334,0.8,7.842666666666666
1254099,RD Chahar,Mumbai Indians,1,24,27,6.75,0.8,7.752666666666667
1254104,RD Chahar,Mumbai Indians,0,24,22,5.5,0.6,7.902666666666667
1254108,RD Chahar,Mumbai Indians,1,24,33,8.25,0.4,7.902666666666667
1304049,RD Chahar,Punjab Kings,1,25,26,6.239999999999999,0.6,7.6146666666666665
1304054,RD Chahar,Punjab Kings,2,25,13,3.1199999999999997,1.0,5.9719999999999995
1304057,RD Chahar,Punjab Kings,3,24,25,6.25,1.4,5.872
1304062,RD Chahar,Punjab Kings,1,25,41,9.84,1.6,6.74
1304069,RD Chahar,Punjab Kings,0,24,44,11.0,1.4,7.290000000000001
1304074,RD Chahar,Punjab Kings,2,25,28,6.72,1.6,7.386
1304078,RD Chahar,Punjab Kings,1,15,21,8.4,1.4,8.442
1304084,RD Chahar,Punjab Kings,0,19,31,9.789473684210527,0.8,9.149894736842105
1304088,RD Chahar,Punjab Kings,2,24,30,7.5,1.0,8.681894736842105
1304094,RD Chahar,Punjab Kings,0,9,11,7.333333333333333,1.0,7.948561403508772
1304098,RD Chahar,Punjab Kings,0,24,39,9.75,0.6,8.554561403508771
1304106,RD Chahar,Punjab Kings,2,27,37,8.222222222222221,0.8,8.519005847953215
1304110,RD Chahar,Punjab Kings,0,24,19,4.75,0.8,7.511111111111111
1359476,RD Chahar,Punjab Kings,1,12,12,6.0,0.6,7.211111111111111
1359482,RD Chahar,Punjab Kings,0,24,31,7.75,0.6,7.294444444444444
1359488,RD Chahar,Punjab Kings,1,18,28,9.333333333333334,0.8,7.211111111111111
1359492,RD Chahar,Punjab Kings,0,18,25,8.333333333333334,0.4,7.233333333333334
1359495,RD Chahar,Punjab Kings,0,19,28,8.842105263157896,0.4,8.051754385964912
1359501,RD Chahar,Punjab Kings,0,24,24,6.0,0.2,8.051754385964912
1359505,RD Chahar,Punjab Kings,0,24,42,10.5,0.2,8.601754385964913
1359512,RD Chahar,Punjab Kings,0,24,30,7.5,0.0,8.235087719298246
1359515,RD Chahar,Punjab Kings,1,24,35,8.75,0.2,8.318421052631578
1359520,RD Chahar,Punjab Kings,0,18,30,10.0,0.2,8.55
1359527,RD Chahar,Punjab Kings,2,25,23,5.52,0.6,8.454
1359533,RD Chahar,Punjab Kings,2,25,17,4.08,1.0,7.17
1359538,RD Chahar,Punjab Kings,0,24,35,8.75,1.0,7.42
1359540,RD Chahar,Punjab Kings,1,22,28,7.636363636363637,1.0,7.197272727272727
1422120,RD Chahar,Punjab Kings,1,24,33,8.25,1.2,6.847272727272727
1422124,RD Chahar,Punjab Kings,0,6,16,16.0,0.8,8.943272727272728
1422129,RD Chahar,Punjab Kings,1,18,42,14.0,0.6,10.927272727272728
1426280,RD Chahar,Punjab Kings,1,24,34,8.5,0.8,10.877272727272729
1426287,RD Chahar,Punjab Kings,2,24,16,4.0,1.0,10.15
1426291,RD Chahar,Punjab Kings,3,25,23,5.52,1.4,9.604
1426296,RD Chahar,Punjab Kings,0,19,47,14.842105263157896,1.4,9.372421052631578
1426303,RD Chahar,Punjab Kings,2,24,26,6.5,1.6,7.87242105263158
1426307,RD Chahar,Punjab Kings,0,25,43,10.319999999999999,1.4,8.236421052631579
392218,RE van der Merwe,Royal Challengers Bangalore,1,18,17,5.666666666666667,1.0,8.355263157894736
392224,RE van der Merwe,Royal Challengers Bangalore,1,24,31,7.75,1.0,8.455263157894738
392232,RE van der Merwe,Royal Challengers Bangalore,1,24,31,7.75,0.8,8.3
392236,RE van der Merwe,Royal Challengers Bangalore,1,26,37,8.538461538461538,0.8,8.14102564102564
392238,RE van der Merwe,Royal Challengers Bangalore,1,26,24,5.538461538461539,1.0,7.0487179487179485
392239,RE van der Merwe,Royal Challengers Bangalore,0,24,28,7.0,0.8,7.315384615384616
419109,RE van der Merwe,Royal Challengers Bangalore,2,27,27,6.0,1.0,6.965384615384616
501201,RE van der Merwe,Delhi Daredevils,0,24,16,4.0,0.8,6.215384615384616
501204,RE van der Merwe,Delhi Daredevils,1,24,41,10.25,0.8,6.557692307692308
501233,RE van der Merwe,Delhi Daredevils,3,23,20,5.217391304347826,1.2,6.493478260869566
501238,RE van der Merwe,Delhi Daredevils,2,20,17,5.1,1.6,6.113478260869565
548307,RE van der Merwe,Delhi Daredevils,3,19,28,8.842105263157896,1.8,6.681899313501144
548316,RE van der Merwe,Delhi Daredevils,1,24,15,3.75,2.0,6.631899313501144
548364,RE van der Merwe,Delhi Daredevils,0,18,17,5.666666666666667,1.8,5.715232646834478
598024,RE van der Merwe,Delhi Daredevils,1,24,35,8.75,1.4,6.421754385964912
598059,RE van der Merwe,Delhi Daredevils,2,24,17,4.25,1.4,6.2517543859649125
598062,RE van der Merwe,Delhi Daredevils,1,19,19,6.0,1.0,5.683333333333333
392205,RG Sharma,Deccan Chargers,0,13,14,6.461538461538462,0.4,7.340307692307692
392209,RG Sharma,Deccan Chargers,0,6,8,8.0,0.2,7.692307692307692
392212,RG Sharma,Deccan Chargers,4,12,7,3.5,1.0,6.792307692307692
392216,RG Sharma,Deccan Chargers,2,12,13,6.5,1.2,6.892307692307692
392220,RG Sharma,Deccan Chargers,4,18,12,4.0,2.0,5.692307692307692
392228,RG Sharma,Deccan Chargers,1,12,15,7.5,2.2,5.9
392229,RG Sharma,Deccan Chargers,0,12,23,11.5,2.2,6.6
392237,RG Sharma,Deccan Chargers,0,19,26,8.210526315789474,1.4,7.542105263157896
392239,RG Sharma,Deccan Chargers,0,6,9,9.0,1.0,8.042105263157897
419110,RG Sharma,Deccan Chargers,1,24,27,6.75,0.4,8.592105263157896
419117,RG Sharma,Deccan Chargers,1,18,23,7.666666666666667,0.4,8.625438596491229
419120,RG Sharma,Deccan Chargers,0,6,7,7.0,0.4,7.725438596491228
419126,RG Sharma,Deccan Chargers,0,12,17,8.5,0.4,7.783333333333334
419130,RG Sharma,Deccan Chargers,0,6,14,14.0,0.4,8.783333333333335
419135,RG Sharma,Deccan Chargers,0,13,16,7.384615384615385,0.2,8.91025641025641
419138,RG Sharma,Deccan Chargers,0,20,27,8.1,0.0,8.996923076923078
419147,RG Sharma,Deccan Chargers,0,14,20,8.571428571428571,0.0,9.311208791208792
419156,RG Sharma,Deccan Chargers,0,6,8,8.0,0.0,9.21120879120879
501221,RG Sharma,Mumbai Indians,0,6,15,15.0,0.0,9.41120879120879
501251,RG Sharma,Mumbai Indians,0,13,24,11.076923076923078,0.0,10.14967032967033
501270,RG Sharma,Mumbai Indians,0,6,14,14.0,0.0,11.32967032967033
548360,RG Sharma,Mumbai Indians,0,6,16,16.0,0.0,12.815384615384616
598039,RG Sharma,Mumbai Indians,0,7,5,4.285714285714286,0.0,12.072527472527472
598066,RG Sharma,Mumbai Indians,0,2,1,3.0,0.0,9.672527472527474
729309,RG Sharma,Mumbai Indians,1,12,20,10.0,0.2,9.457142857142857
733983,RG Sharma,Mumbai Indians,0,6,6,6.0,0.2,7.857142857142857
1254062,RG Sharma,Mumbai Indians,0,6,9,9.0,0.2,6.457142857142857
1254096,RG Sharma,Mumbai Indians,0,1,4,24.0,0.2,10.4
392229,RJ Harris,Deccan Chargers,0,26,31,7.153846153846154,0.4,7.575506072874494
392236,RJ Harris,Deccan Chargers,0,24,26,6.5,0.4,6.9255060728744935
392237,RJ Harris,Deccan Chargers,3,26,27,6.230769230769231,1.0,6.9216599190283405
392239,RJ Harris,Deccan Chargers,1,25,36,8.639999999999999,1.2,6.7549230769230775
419138,RJ Harris,Deccan Chargers,1,24,40,10.0,1.0,7.704923076923078
419141,RJ Harris,Deccan Chargers,2,25,34,8.16,1.4,7.906153846153846
419145,RJ Harris,Deccan Chargers,2,27,37,8.222222222222221,1.8,8.25059829059829
419147,RJ Harris,Deccan Chargers,3,24,20,5.0,1.8,8.004444444444445
419151,RJ Harris,Deccan Chargers,3,25,34,8.16,2.2,7.908444444444444
419156,RJ Harris,Deccan Chargers,1,26,29,6.6923076923076925,2.2,7.246905982905983
419163,RJ Harris,Deccan Chargers,3,25,31,7.4399999999999995,2.4,7.102905982905982
419164,RJ Harris,Deccan Chargers,0,19,14,4.421052631578948,2.0,6.342672064777328
501206,RJ Harris,Kings XI Punjab,1,24,25,6.25,1.6,6.592672064777328
501212,RJ Harris,Kings XI Punjab,1,24,32,8.0,1.2,6.560672064777329
501220,RJ Harris,Kings XI Punjab,1,25,34,8.16,1.2,6.854210526315789
501223,RJ Harris,Kings XI Punjab,0,25,48,11.52,0.6,7.670210526315789
501234,RJ Harris,Kings XI Punjab,0,13,14,6.461538461538462,0.6,8.078307692307693
501237,RJ Harris,Kings XI Punjab,2,24,33,8.25,0.8,8.478307692307691
501244,RJ Harris,Kings XI Punjab,3,24,42,10.5,1.2,8.978307692307691
501248,RJ Harris,Kings XI Punjab,1,27,26,5.777777777777778,1.2,8.501863247863247
501251,RJ Harris,Kings XI Punjab,1,12,13,6.5,1.4,7.497863247863248
501254,RJ Harris,Kings XI Punjab,2,26,45,10.384615384615385,1.8,8.282478632478632
501257,RJ Harris,Kings XI Punjab,1,25,19,4.56,1.6,7.544478632478632
501260,RJ Harris,Kings XI Punjab,3,22,29,7.909090909090909,1.6,7.026296814296813
501264,RJ Harris,Kings XI Punjab,1,24,41,10.25,1.6,7.920741258741259
548350,RJ Harris,Kings XI Punjab,1,12,21,10.5,1.6,8.72074125874126
548354,RJ Harris,Kings XI Punjab,4,24,34,8.5,2.0,8.343818181818182
548366,RJ Harris,Kings XI Punjab,0,24,36,9.0,1.8,9.23181818181818
548371,RJ Harris,Kings XI Punjab,1,25,26,6.239999999999999,1.4,8.898
548374,RJ Harris,Kings XI Punjab,2,24,19,4.75,1.6,7.797999999999999
598003,RJ Harris,Kings XI Punjab,1,24,13,3.25,1.6,6.348
598007,RJ Harris,Kings XI Punjab,0,24,30,7.5,0.8,6.148
598014,RJ Harris,Kings XI Punjab,0,26,31,7.153846153846154,0.8,5.778769230769231
1426268,RJW Topley,Royal Challengers Bengaluru,1,26,68,15.692307692307693,1.0,9.853829959514169
598061,RN ten Doeschate,Kolkata Knight Riders,0,6,7,7.0,0.2,7.371428571428572
733979,RN ten Doeschate,Kolkata Knight Riders,0,12,14,7.0,0.2,7.571428571428572
733997,RN ten Doeschate,Kolkata Knight Riders,0,6,6,6.0,0.0,7.4
734015,RN ten Doeschate,Kolkata Knight Riders,0,6,8,8.0,0.0,8.4
734037,RN ten Doeschate,Kolkata Knight Riders,1,6,7,7.0,0.2,7.0
829781,RN ten Doeschate,Kolkata Knight Riders,1,7,4,3.4285714285714284,0.4,6.285714285714286
1254086,RP Meredith,Punjab Kings,1,25,36,8.639999999999999,0.8,9.713652173913044
1304079,RP Meredith,Mumbai Indians,1,26,25,5.76923076923077,0.8,8.417498327759196
1304083,RP Meredith,Mumbai Indians,2,25,42,10.08,1.2,9.337846153846154
1304090,RP Meredith,Mumbai Indians,2,28,24,5.142857142857142,1.4,7.666417582417582
1304097,RP Meredith,Mumbai Indians,1,25,34,8.16,1.4,7.558417582417583
1304102,RP Meredith,Mumbai Indians,0,19,36,11.368421052631579,1.2,8.104101792943897
1304105,RP Meredith,Mumbai Indians,3,19,27,8.526315789473685,1.6,8.655518796992482
1304111,RP Meredith,Mumbai Indians,1,26,44,10.153846153846155,1.4,8.67028802776171
1304115,RP Meredith,Mumbai Indians,0,13,9,4.153846153846154,1.0,8.472485829959515
1359490,RP Meredith,Mumbai Indians,2,23,35,9.130434782608695,1.2,8.666572786481254
1359496,RP Meredith,Mumbai Indians,1,24,40,10.0,1.4,8.392888575954938
1359499,RP Meredith,Mumbai Indians,2,27,34,7.555555555555555,1.2,8.198736529171311
1359509,RP Meredith,Mumbai Indians,1,26,49,11.307692307692308,1.2,8.429505759940543
1359516,RP Meredith,Mumbai Indians,1,26,51,11.76923076923077,1.4,9.952582683017464
335999,RP Singh,Deccan Chargers,0,25,36,8.639999999999999,1.2,7.746083670715249
336002,RP Singh,Deccan Chargers,0,18,15,5.0,1.0,7.479417004048583
336007,RP Singh,Deccan Chargers,2,20,16,4.8,1.2,6.734153846153847
336011,RP Singh,Deccan Chargers,1,25,24,5.76,1.0,5.716923076923076
336014,RP Singh,Deccan Chargers,1,25,59,14.159999999999998,0.8,7.672
336020,RP Singh,Deccan Chargers,1,25,51,12.239999999999998,1.0,8.392
336024,RP Singh,Deccan Chargers,3,24,35,8.75,1.6,9.142
336031,RP Singh,Deccan Chargers,0,22,38,10.363636363636363,1.2,10.254727272727273
336034,RP Singh,Deccan Chargers,3,25,41,9.84,1.6,11.070727272727272
336037,RP Singh,Deccan Chargers,0,27,32,7.111111111111111,1.4,9.660949494949495
392184,RP Singh,Deccan Chargers,5,22,22,6.0,2.2,8.412949494949496
392188,RP Singh,Deccan Chargers,2,24,17,4.25,2.0,7.5129494949494955
392192,RP Singh,Deccan Chargers,2,26,29,6.6923076923076925,2.4,6.77868376068376
392196,RP Singh,Deccan Chargers,1,23,32,8.347826086956522,2.0,6.480248978075065
392201,RP Singh,Deccan Chargers,1,20,20,6.0,2.2,6.258026755852843
392205,RP Singh,Deccan Chargers,2,25,18,4.319999999999999,1.6,5.922026755852842
392209,RP Singh,Deccan Chargers,1,26,36,8.307692307692308,1.4,6.7335652173913045
392212,RP Singh,Deccan Chargers,2,25,19,4.56,1.4,6.307103678929765
392216,RP Singh,Deccan Chargers,0,17,30,10.588235294117647,1.2,6.755185520361991
392220,RP Singh,Deccan Chargers,1,26,22,5.0769230769230775,1.2,6.570570135746607
392223,RP Singh,Deccan Chargers,0,25,26,6.239999999999999,0.8,6.954570135746605
392228,RP Singh,Deccan Chargers,0,23,30,7.826086956521739,0.6,6.858249065512493
392229,RP Singh,Deccan Chargers,3,26,27,6.230769230769231,0.8,7.192402911666339
392236,RP Singh,Deccan Chargers,1,24,47,11.75,1.0,7.42475585284281
392237,RP Singh,Deccan Chargers,4,26,34,7.846153846153847,1.6,7.978602006688962
392239,RP Singh,Deccan Chargers,1,24,21,5.25,1.8,7.780602006688963
419106,RP Singh,Deccan Chargers,1,27,35,7.777777777777778,2.0,7.77094017094017
419110,RP Singh,Deccan Chargers,1,20,30,9.0,1.6,8.324786324786325
419117,RP Singh,Deccan Chargers,1,25,43,10.319999999999999,1.6,8.038786324786326
419120,RP Singh,Deccan Chargers,0,18,31,10.333333333333334,0.8,8.536222222222221
419126,RP Singh,Deccan Chargers,0,12,26,13.0,0.6,10.086222222222222
419130,RP Singh,Deccan Chargers,3,25,31,7.4399999999999995,1.0,10.018666666666666
419141,RP Singh,Deccan Chargers,3,25,21,5.04,1.4,9.226666666666667
419145,RP Singh,Deccan Chargers,0,25,38,9.12,1.2,8.986666666666666
419147,RP Singh,Deccan Chargers,1,13,18,8.307692307692308,1.4,8.581538461538461
419151,RP Singh,Deccan Chargers,2,26,24,5.538461538461539,1.8,7.0892307692307694
419156,RP Singh,Deccan Chargers,1,25,51,12.239999999999998,1.4,8.04923076923077
419163,RP Singh,Deccan Chargers,1,25,37,8.879999999999999,1.0,8.81723076923077
501200,RP Singh,Kochi Tuskers Kerala,0,22,33,9.0,1.0,8.79323076923077
501207,RP Singh,Kochi Tuskers Kerala,0,18,30,10.0,0.8,9.131692307692308
501210,RP Singh,Kochi Tuskers Kerala,0,24,18,4.5,0.4,8.923999999999998
501215,RP Singh,Kochi Tuskers Kerala,1,25,25,6.0,0.4,7.675999999999999
501219,RP Singh,Kochi Tuskers Kerala,2,24,29,7.25,0.6,7.35
501225,RP Singh,Kochi Tuskers Kerala,0,12,12,6.0,0.6,6.75
501229,RP Singh,Kochi Tuskers Kerala,2,26,21,4.846153846153847,1.0,5.719230769230769
501233,RP Singh,Kochi Tuskers Kerala,1,25,33,7.919999999999999,1.2,6.4032307692307695
501238,RP Singh,Kochi Tuskers Kerala,1,25,28,6.72,1.2,6.54723076923077
501242,RP Singh,Kochi Tuskers Kerala,2,25,44,10.559999999999999,1.2,7.209230769230769
501247,RP Singh,Kochi Tuskers Kerala,0,14,14,6.0,1.2,7.209230769230769
501254,RP Singh,Kochi Tuskers Kerala,4,26,26,6.0,1.6,7.4399999999999995
501258,RP Singh,Kochi Tuskers Kerala,1,24,17,4.25,1.6,6.706
501261,RP Singh,Kochi Tuskers Kerala,1,24,35,8.75,1.6,7.112
548325,RP Singh,Mumbai Indians,2,27,25,5.555555555555555,1.6,6.111111111111111
548334,RP Singh,Mumbai Indians,0,18,28,9.333333333333334,1.6,6.777777777777779
548339,RP Singh,Mumbai Indians,1,25,27,6.4799999999999995,1.0,6.873777777777778
548342,RP Singh,Mumbai Indians,0,25,42,10.08,0.8,8.039777777777777
548346,RP Singh,Mumbai Indians,1,18,20,6.666666666666667,0.8,7.623111111111112
548355,RP Singh,Mumbai Indians,3,25,30,7.199999999999999,1.0,7.952
548360,RP Singh,Mumbai Indians,0,24,30,7.5,1.0,7.585333333333333
548367,RP Singh,Mumbai Indians,2,25,24,5.76,1.2,7.4413333333333345
548370,RP Singh,Mumbai Indians,2,27,35,7.777777777777778,1.6,6.980888888888889
548377,RP Singh,Mumbai Indians,0,22,32,8.727272727272728,1.4,7.393010101010101
548379,RP Singh,Mumbai Indians,0,24,35,8.75,0.8,7.703010101010101
598008,RP Singh,Royal Challengers Bangalore,4,25,27,6.4799999999999995,1.6,7.499010101010102
598012,RP Singh,Royal Challengers Bangalore,0,25,41,9.84,1.2,8.3150101010101
598017,RP Singh,Royal Challengers Bangalore,0,25,48,11.52,0.8,9.063454545454544
598023,RP Singh,Royal Challengers Bangalore,3,24,13,3.25,1.4,7.968000000000001
598027,RP Singh,Royal Challengers Bangalore,1,24,20,5.0,1.6,7.218000000000001
598033,RP Singh,Royal Challengers Bangalore,1,26,41,9.461538461538462,1.0,7.8143076923076915
598036,RP Singh,Royal Challengers Bangalore,1,25,35,8.399999999999999,1.2,7.526307692307692
598042,RP Singh,Royal Challengers Bangalore,1,26,27,6.230769230769231,1.4,6.468461538461538
598048,RP Singh,Royal Challengers Bangalore,3,26,27,6.230769230769231,1.4,7.064615384615385
598064,RP Singh,Royal Challengers Bangalore,0,19,38,12.0,1.2,8.464615384615385
598068,RP Singh,Royal Challengers Bangalore,0,6,19,19.0,1.0,10.372307692307691
980901,RP Singh,Rising Pune Supergiants,1,19,30,9.473684210526317,1.0,10.587044534412957
980911,RP Singh,Rising Pune Supergiants,0,13,22,10.153846153846155,0.8,11.37165991902834
980969,RP Singh,Rising Pune Supergiants,1,25,39,9.36,0.4,11.997506072874495
980979,RP Singh,Rising Pune Supergiants,1,19,23,7.2631578947368425,0.6,11.050137651821863
336039,RR Powar,Kings XI Punjab,0,19,28,8.842105263157896,0.6,7.592157316367843
392195,RR Powar,Kings XI Punjab,0,13,14,6.461538461538462,0.6,7.284465008675535
392200,RR Powar,Kings XI Punjab,1,25,23,5.52,0.4,6.4170364372469635
392204,RR Powar,Kings XI Punjab,0,6,8,8.0,0.2,7.057036437246964
392207,RR Powar,Kings XI Punjab,0,13,8,3.6923076923076925,0.2,6.5031902834008095
392210,RR Powar,Kings XI Punjab,1,18,33,11.0,0.4,6.9347692307692315
392226,RR Powar,Kings XI Punjab,0,20,20,6.0,0.4,6.842461538461538
392229,RR Powar,Kings XI Punjab,2,13,11,5.0769230769230775,0.6,6.753846153846153
392234,RR Powar,Kings XI Punjab,2,24,21,5.25,1.0,6.203846153846153
419108,RR Powar,Kings XI Punjab,0,6,16,16.0,1.0,8.665384615384616
419121,RR Powar,Kings XI Punjab,1,25,23,5.52,1.0,7.569384615384616
419139,RR Powar,Kings XI Punjab,0,25,23,5.52,1.0,7.473384615384615
419143,RR Powar,Kings XI Punjab,0,12,19,9.5,0.6,8.357999999999999
419146,RR Powar,Kings XI Punjab,0,24,29,7.25,0.2,8.758
419149,RR Powar,Kings XI Punjab,1,27,25,5.555555555555555,0.4,6.669111111111111
419159,RR Powar,Kings XI Punjab,2,25,28,6.72,0.6,6.909111111111111
501210,RR Powar,Kochi Tuskers Kerala,0,6,12,12.0,0.6,8.205111111111112
501215,RR Powar,Kochi Tuskers Kerala,0,18,24,8.0,0.6,7.905111111111111
501219,RR Powar,Kochi Tuskers Kerala,1,24,29,7.25,0.8,7.905111111111111
501233,RR Powar,Kochi Tuskers Kerala,1,12,20,10.0,0.8,8.794
501247,RR Powar,Kochi Tuskers Kerala,0,12,27,13.5,0.4,10.15
548359,RR Powar,Kings XI Punjab,0,18,32,10.666666666666666,0.4,9.883333333333333
336024,RR Raje,Mumbai Indians,0,13,19,8.76923076923077,0.8,7.772643146327357
336036,RR Raje,Mumbai Indians,2,25,41,9.84,1.2,8.440643146327357
392181,RR Raje,Mumbai Indians,0,6,15,15.0,0.8,10.240643146327358
392212,RR Raje,Mumbai Indians,1,18,25,8.333333333333334,1.0,9.759941391941393
392215,RR Raje,Mumbai Indians,0,11,22,12.0,0.6,10.788512820512821
392222,RR Raje,Mumbai Indians,0,7,10,8.571428571428571,0.6,10.74895238095238
419132,RS Bopara,Kings XI Punjab,3,24,31,7.75,0.6,6.85
419139,RS Bopara,Kings XI Punjab,1,20,43,12.899999999999999,0.8,8.83
419143,RS Bopara,Kings XI Punjab,1,14,19,8.142857142857142,1.0,9.65857142857143
829711,RS Bopara,Sunrisers Hyderabad,2,24,29,7.25,1.4,9.40857142857143
829719,RS Bopara,Sunrisers Hyderabad,2,19,32,10.105263157894738,1.8,9.229624060150375
829727,RS Bopara,Sunrisers Hyderabad,2,24,18,4.5,1.6,8.579624060150376
829731,RS Bopara,Sunrisers Hyderabad,0,26,38,8.76923076923077,1.4,7.753470213996531
829743,RS Bopara,Sunrisers Hyderabad,1,6,7,7.0,1.4,7.524898785425101
829787,RS Bopara,Sunrisers Hyderabad,1,18,25,8.333333333333334,1.2,7.741565452091768
829793,RS Bopara,Sunrisers Hyderabad,0,6,15,15.0,0.8,8.72051282051282
501229,RV Gomez,Kochi Tuskers Kerala,0,6,4,4.0,0.6,10.494736842105263
501238,RV Gomez,Kochi Tuskers Kerala,0,12,16,8.0,0.4,8.094736842105263
501242,RV Gomez,Kochi Tuskers Kerala,2,24,14,3.5,0.6,6.9
501254,RV Gomez,Kochi Tuskers Kerala,0,6,12,12.0,0.4,7.3
598061,RV Gomez,Pune Warriors,1,6,5,5.0,0.6,6.5
1082609,Rashid Khan,Sunrisers Hyderabad,2,25,45,10.799999999999999,1.8,7.359999999999999
1082611,Rashid Khan,Sunrisers Hyderabad,0,24,35,8.75,1.4,7.31
1082615,Rashid Khan,Sunrisers Hyderabad,2,24,17,4.25,1.2,7.209999999999999
1082623,Rashid Khan,Sunrisers Hyderabad,1,24,18,4.5,1.2,7.109999999999999
1082627,Rashid Khan,Sunrisers Hyderabad,1,25,38,9.12,1.2,7.484
1082630,Rashid Khan,Sunrisers Hyderabad,0,24,25,6.25,0.8,6.574000000000001
1082634,Rashid Khan,Sunrisers Hyderabad,1,24,19,4.75,1.0,5.774
1082638,Rashid Khan,Sunrisers Hyderabad,1,24,22,5.5,0.8,6.023999999999999
1082643,Rashid Khan,Sunrisers Hyderabad,3,24,34,8.5,1.2,6.824
1082648,Rashid Khan,Sunrisers Hyderabad,0,14,11,4.714285714285714,1.0,5.942857142857143
1136564,Rashid Khan,Sunrisers Hyderabad,1,24,24,6.0,1.2,5.892857142857143
1136567,Rashid Khan,Sunrisers Hyderabad,1,25,17,4.08,1.2,5.758857142857143
1136570,Rashid Khan,Sunrisers Hyderabad,0,24,31,7.75,1.0,6.208857142857143
1136576,Rashid Khan,Sunrisers Hyderabad,1,24,55,13.75,0.6,7.258857142857143
1136580,Rashid Khan,Sunrisers Hyderabad,1,24,49,12.25,0.8,8.766
1136583,Rashid Khan,Sunrisers Hyderabad,2,24,11,2.75,1.0,8.116
1136585,Rashid Khan,Sunrisers Hyderabad,3,24,19,4.75,1.4,8.25
1136588,Rashid Khan,Sunrisers Hyderabad,1,24,31,7.75,1.6,8.25
1136596,Rashid Khan,Sunrisers Hyderabad,3,24,23,5.75,2.0,6.65
1136599,Rashid Khan,Sunrisers Hyderabad,1,26,31,7.153846153846154,2.0,5.63076923076923
1136602,Rashid Khan,Sunrisers Hyderabad,1,24,36,9.0,1.8,6.88076923076923
1136606,Rashid Khan,Sunrisers Hyderabad,0,24,25,6.25,1.2,7.180769230769231
1136611,Rashid Khan,Sunrisers Hyderabad,3,24,27,6.75,1.6,6.980769230769231
1136614,Rashid Khan,Sunrisers Hyderabad,0,24,31,7.75,1.0,7.38076923076923
1136617,Rashid Khan,Sunrisers Hyderabad,2,24,11,2.75,1.2,6.5
1136619,Rashid Khan,Sunrisers Hyderabad,3,24,19,4.75,1.6,5.65
1136620,Rashid Khan,Sunrisers Hyderabad,0,24,26,6.5,1.6,5.7
1175357,Rashid Khan,Sunrisers Hyderabad,1,24,27,6.75,1.2,5.7
1175363,Rashid Khan,Sunrisers Hyderabad,1,24,24,6.0,1.4,5.35
1175366,Rashid Khan,Sunrisers Hyderabad,1,24,25,6.25,1.2,6.05
1175371,Rashid Khan,Sunrisers Hyderabad,1,24,19,4.75,0.8,6.05
1178394,Rashid Khan,Sunrisers Hyderabad,2,25,27,6.4799999999999995,1.2,6.046
1178397,Rashid Khan,Sunrisers Hyderabad,1,24,20,5.0,1.2,5.696
1178405,Rashid Khan,Sunrisers Hyderabad,1,24,23,5.75,1.2,5.646
1178408,Rashid Khan,Sunrisers Hyderabad,2,24,17,4.25,1.4,5.246
1178413,Rashid Khan,Sunrisers Hyderabad,1,24,23,5.75,1.4,5.446
1178416,Rashid Khan,Sunrisers Hyderabad,1,25,48,11.52,1.2,6.453999999999999
1178420,Rashid Khan,Sunrisers Hyderabad,1,24,30,7.5,1.2,6.953999999999999
1178423,Rashid Khan,Sunrisers Hyderabad,3,24,21,5.25,1.6,6.853999999999999
1178426,Rashid Khan,Sunrisers Hyderabad,0,27,32,7.111111111111111,1.2,7.426222222222222
1178429,Rashid Khan,Sunrisers Hyderabad,1,25,45,10.799999999999999,1.2,8.436222222222222
1181766,Rashid Khan,Sunrisers Hyderabad,2,25,15,3.5999999999999996,1.4,6.852222222222221
1216495,Rashid Khan,Sunrisers Hyderabad,1,24,33,8.25,1.4,7.002222222222221
1216498,Rashid Khan,Sunrisers Hyderabad,2,24,14,3.5,1.2,6.652222222222221
1216502,Rashid Khan,Sunrisers Hyderabad,1,26,24,5.538461538461539,1.4,6.337692307692308
1216507,Rashid Khan,Sunrisers Hyderabad,2,24,29,7.25,1.6,5.627692307692309
1216512,Rashid Khan,Sunrisers Hyderabad,1,28,31,6.642857142857142,1.4,6.236263736263736
1216516,Rashid Khan,Sunrisers Hyderabad,0,24,13,3.25,1.2,5.236263736263736
1216518,Rashid Khan,Sunrisers Hyderabad,1,24,20,5.0,1.0,5.536263736263736
1216524,Rashid Khan,Sunrisers Hyderabad,3,24,7,1.75,1.4,4.7785714285714285
1216528,Rashid Khan,Sunrisers Hyderabad,0,24,30,7.5,1.0,4.828571428571428
1216532,Rashid Khan,Sunrisers Hyderabad,3,24,15,3.75,1.4,4.25
1216534,Rashid Khan,Sunrisers Hyderabad,0,24,32,8.0,1.4,5.2
1216538,Rashid Khan,Sunrisers Hyderabad,1,25,22,5.279999999999999,1.4,5.255999999999999
1216542,Rashid Khan,Sunrisers Hyderabad,3,24,12,3.0,1.4,5.505999999999999
1216545,Rashid Khan,Sunrisers Hyderabad,1,24,25,6.25,1.6,5.255999999999999
1237178,Rashid Khan,Sunrisers Hyderabad,0,24,22,5.5,1.0,5.606
1237180,Rashid Khan,Sunrisers Hyderabad,1,24,26,6.5,1.2,5.305999999999999
1254060,Rashid Khan,Sunrisers Hyderabad,2,25,24,5.76,1.4,5.402
1254063,Rashid Khan,Sunrisers Hyderabad,2,25,19,4.56,1.2,5.714
1254066,Rashid Khan,Sunrisers Hyderabad,0,25,23,5.52,1.0,5.568
1254071,Rashid Khan,Sunrisers Hyderabad,1,24,22,5.5,1.2,5.568
1254077,Rashid Khan,Sunrisers Hyderabad,1,30,39,7.8,1.2,5.828
1254080,Rashid Khan,Sunrisers Hyderabad,3,25,36,8.639999999999999,1.4,6.403999999999999
1254085,Rashid Khan,Sunrisers Hyderabad,1,24,29,7.25,1.2,6.941999999999998
1254088,Rashid Khan,Sunrisers Hyderabad,2,24,41,10.25,1.6,7.888
1254091,Rashid Khan,Sunrisers Hyderabad,1,25,27,6.4799999999999995,1.6,8.084
1254095,Rashid Khan,Sunrisers Hyderabad,2,24,39,9.75,1.8,8.474
1254100,Rashid Khan,Sunrisers Hyderabad,1,25,32,7.68,1.4,8.282
1254105,Rashid Khan,Sunrisers Hyderabad,1,25,26,6.239999999999999,1.4,8.08
1254107,Rashid Khan,Sunrisers Hyderabad,1,24,18,4.5,1.2,6.93
1254109,Rashid Khan,Sunrisers Hyderabad,1,24,23,5.75,1.2,6.784000000000001
1304050,Rashid Khan,Gujarat Titans,1,24,27,6.75,1.0,6.183999999999999
1304056,Rashid Khan,Gujarat Titans,1,25,30,7.199999999999999,1.0,6.087999999999999
1304062,Rashid Khan,Gujarat Titans,3,24,22,5.5,1.4,5.9399999999999995
1304067,Rashid Khan,Gujarat Titans,1,24,29,7.25,1.4,6.49
1304070,Rashid Khan,Gujarat Titans,0,24,25,6.25,1.2,6.590000000000001
1304075,Rashid Khan,Gujarat Titans,0,24,29,7.25,1.0,6.69
1304081,Rashid Khan,Gujarat Titans,2,24,22,5.5,1.2,6.35
1304086,Rashid Khan,Gujarat Titans,0,24,45,11.25,0.6,7.5
1304089,Rashid Khan,Gujarat Titans,1,24,29,7.25,0.6,7.5
1304094,Rashid Khan,Gujarat Titans,0,24,22,5.5,0.6,7.35
1304097,Rashid Khan,Gujarat Titans,2,24,24,6.0,1.0,7.1
1304103,Rashid Khan,Gujarat Titans,5,25,24,5.76,1.6,7.151999999999999
1304108,Rashid Khan,Gujarat Titans,1,24,31,7.75,1.8,6.452
1304113,Rashid Khan,Gujarat Titans,2,24,36,9.0,2.0,6.802
1312197,Rashid Khan,Gujarat Titans,0,24,15,3.75,2.0,6.452
1312200,Rashid Khan,Gujarat Titans,1,24,18,4.5,1.8,6.151999999999999
1359475,Rashid Khan,Gujarat Titans,2,24,27,6.75,1.2,6.35
1359481,Rashid Khan,Gujarat Titans,3,24,31,7.75,1.6,6.35
1359487,Rashid Khan,Gujarat Titans,3,24,37,9.25,1.8,6.4
1359492,Rashid Khan,Gujarat Titans,1,24,27,6.75,2.0,7.0
1359497,Rashid Khan,Gujarat Titans,2,24,46,11.5,2.2,8.4
1359504,Rashid Khan,Gujarat Titans,1,24,33,8.25,2.0,8.7
1359509,Rashid Khan,Gujarat Titans,2,24,27,6.75,1.8,8.5
1359513,Rashid Khan,Gujarat Titans,0,25,54,12.959999999999999,1.2,9.242
1359518,Rashid Khan,Gujarat Titans,1,25,29,6.959999999999999,1.2,9.284
1359522,Rashid Khan,Gujarat Titans,4,26,14,3.230769230769231,1.6,7.630153846153846
1359525,Rashid Khan,Gujarat Titans,1,24,34,8.5,1.6,7.680153846153845
1359531,Rashid Khan,Gujarat Titans,4,24,30,7.5,2.0,7.830153846153846
1359536,Rashid Khan,Gujarat Titans,0,24,28,7.0,2.0,6.6381538461538465
1359544,Rashid Khan,Gujarat Titans,1,24,24,6.0,2.0,6.4461538461538455
1370350,Rashid Khan,Gujarat Titans,1,24,37,9.25,1.4,7.65
1370352,Rashid Khan,Gujarat Titans,2,25,34,8.16,1.6,7.581999999999999
1370353,Rashid Khan,Gujarat Titans,0,18,45,15.0,0.8,9.081999999999999
1422123,Rashid Khan,Gujarat Titans,0,24,23,5.75,0.8,8.831999999999999
1422125,Rashid Khan,Gujarat Titans,2,24,49,12.25,1.0,10.081999999999999
1422130,Rashid Khan,Gujarat Titans,1,24,33,8.25,1.0,9.882
1422135,Rashid Khan,Gujarat Titans,1,24,43,10.75,0.8,10.4
1422139,Rashid Khan,Gujarat Titans,1,24,28,7.0,1.0,8.8
1426262,Rashid Khan,Gujarat Titans,1,24,18,4.5,1.2,8.55
1426270,Rashid Khan,Gujarat Titans,1,12,12,6.0,1.0,7.3
1426275,Rashid Khan,Gujarat Titans,1,24,15,3.75,1.0,6.4
1426278,Rashid Khan,Gujarat Titans,0,24,35,8.75,0.8,6.0
1426283,Rashid Khan,Gujarat Titans,0,24,51,12.75,0.6,7.15
1426290,Rashid Khan,Gujarat Titans,0,10,25,15.0,0.4,9.25
1426297,Rashid Khan,Gujarat Titans,2,24,40,10.0,0.6,10.05
1422134,Rasikh Salam,Delhi Capitals,0,19,47,14.842105263157896,0.0,10.635087719298246
1426278,Rasikh Salam,Delhi Capitals,3,25,44,10.559999999999999,0.6,10.88042105263158
1426281,Rasikh Salam,Delhi Capitals,3,27,35,7.777777777777778,1.2,11.235976608187134
1426285,Rasikh Salam,Delhi Capitals,0,15,30,12.0,1.2,11.635976608187134
1426294,Rasikh Salam,Delhi Capitals,1,19,36,11.368421052631579,1.4,11.30966081871345
1426300,Rasikh Salam,Delhi Capitals,2,21,23,6.571428571428571,1.8,9.655525480367587
1426302,Rasikh Salam,Delhi Capitals,0,18,30,10.0,1.2,9.543525480367586
1216510,Ravi Bishnoi,Kings XI Punjab,3,26,32,7.384615384615385,1.2,6.974923076923076
1216513,Ravi Bishnoi,Kings XI Punjab,0,26,33,7.615384615384616,1.0,7.442
1216517,Ravi Bishnoi,Kings XI Punjab,1,12,12,6.0,1.0,7.992
1216520,Ravi Bishnoi,Kings XI Punjab,2,24,20,5.0,1.2,7.216000000000001
1216523,Ravi Bishnoi,Kings XI Punjab,1,24,25,6.25,1.4,6.45
1216527,Ravi Bishnoi,Kings XI Punjab,0,26,34,7.846153846153847,0.8,6.542307692307692
1216531,Ravi Bishnoi,Kings XI Punjab,0,20,30,9.0,0.8,6.819230769230769
1216537,Ravi Bishnoi,Kings XI Punjab,1,25,27,6.4799999999999995,0.8,6.915230769230769
1216542,Ravi Bishnoi,Kings XI Punjab,3,18,29,9.666666666666666,1.0,7.848564102564103
1216546,Ravi Bishnoi,Kings XI Punjab,0,18,25,8.333333333333334,0.8,8.265230769230769
1254074,Ravi Bishnoi,Punjab Kings,2,24,25,6.25,1.2,7.946
1254078,Ravi Bishnoi,Punjab Kings,1,24,20,5.0,1.4,7.145999999999999
1254083,Ravi Bishnoi,Punjab Kings,2,25,18,4.319999999999999,1.6,6.714
1254086,Ravi Bishnoi,Punjab Kings,0,24,42,10.5,1.0,6.880666666666667
1254090,Ravi Bishnoi,Punjab Kings,0,25,37,8.879999999999999,1.0,6.989999999999999
1254094,Ravi Bishnoi,Punjab Kings,1,25,25,6.0,0.8,6.9399999999999995
1254099,Ravi Bishnoi,Punjab Kings,2,24,25,6.25,1.0,7.1899999999999995
1254102,Ravi Bishnoi,Punjab Kings,2,24,22,5.5,1.0,7.425999999999999
1254107,Ravi Bishnoi,Punjab Kings,3,25,26,6.239999999999999,1.6,6.574
1304050,Ravi Bishnoi,Lucknow Super Giants,0,26,34,7.846153846153847,1.6,6.367230769230769
1304053,Ravi Bishnoi,Lucknow Super Giants,2,24,28,7.0,1.8,6.56723076923077
1304058,Ravi Bishnoi,Lucknow Super Giants,0,26,29,6.6923076923076925,1.4,6.655692307692308
1304061,Ravi Bishnoi,Lucknow Super Giants,2,24,23,5.75,1.4,6.705692307692308
1304066,Ravi Bishnoi,Lucknow Super Giants,0,27,29,6.444444444444445,0.8,6.746581196581197
1304072,Ravi Bishnoi,Lucknow Super Giants,1,25,34,8.16,1.0,6.809350427350428
1304077,Ravi Bishnoi,Lucknow Super Giants,0,26,47,10.846153846153847,0.6,7.578581196581197
1304083,Ravi Bishnoi,Lucknow Super Giants,1,19,28,8.842105263157896,0.8,8.008540710751237
1304088,Ravi Bishnoi,Lucknow Super Giants,1,27,41,9.11111111111111,0.6,8.68076293297346
1304091,Ravi Bishnoi,Lucknow Super Giants,1,24,28,7.0,0.8,8.79187404408457
1304099,Ravi Bishnoi,Lucknow Super Giants,1,18,30,10.0,0.8,9.159874044084571
1304109,Ravi Bishnoi,Lucknow Super Giants,3,25,31,7.4399999999999995,1.4,8.4786432748538
1304112,Ravi Bishnoi,Lucknow Super Giants,1,24,35,8.75,1.4,8.460222222222223
1312198,Ravi Bishnoi,Lucknow Super Giants,1,25,45,10.799999999999999,1.4,8.797999999999998
1359477,Ravi Bishnoi,Lucknow Super Giants,2,24,31,7.75,1.6,8.947999999999999
1359480,Ravi Bishnoi,Lucknow Super Giants,3,25,28,6.72,2.0,8.292
1359484,Ravi Bishnoi,Lucknow Super Giants,1,25,16,3.84,1.6,7.572
1359489,Ravi Bishnoi,Lucknow Super Giants,0,25,39,9.36,1.4,7.694
1359495,Ravi Bishnoi,Lucknow Super Giants,2,16,18,6.75,1.6,6.884
1359500,Ravi Bishnoi,Lucknow Super Giants,1,25,27,6.4799999999999995,1.4,6.63
1359504,Ravi Bishnoi,Lucknow Super Giants,0,24,49,12.25,0.8,7.736
1359512,Ravi Bishnoi,Lucknow Super Giants,2,25,42,10.08,1.0,8.983999999999998
1359517,Ravi Bishnoi,Lucknow Super Giants,2,24,21,5.25,1.4,8.162
1359525,Ravi Bishnoi,Lucknow Super Giants,0,13,21,9.692307692307693,1.0,8.75046153846154
1359532,Ravi Bishnoi,Lucknow Super Giants,0,12,23,11.5,0.8,9.754461538461538
1359537,Ravi Bishnoi,Lucknow Super Giants,2,25,26,6.239999999999999,1.2,8.55246153846154
1359542,Ravi Bishnoi,Lucknow Super Giants,2,24,23,5.75,1.2,7.686461538461539
1370351,Ravi Bishnoi,Lucknow Super Giants,0,25,30,7.199999999999999,0.8,8.076461538461539
1422122,Ravi Bishnoi,Lucknow Super Giants,1,24,38,9.5,1.0,8.038
1422129,Ravi Bishnoi,Lucknow Super Giants,0,18,25,8.333333333333334,1.0,7.4046666666666665
1422133,Ravi Bishnoi,Lucknow Super Giants,0,20,33,9.9,0.6,8.136666666666667
1422139,Ravi Bishnoi,Lucknow Super Giants,1,13,8,3.6923076923076925,0.4,7.725128205128205
1426264,Ravi Bishnoi,Lucknow Super Giants,2,24,25,6.25,0.8,7.535128205128205
1426266,Ravi Bishnoi,Lucknow Super Giants,0,18,18,6.0,0.6,6.835128205128205
1426272,Ravi Bishnoi,Lucknow Super Giants,1,24,44,11.0,0.8,7.368461538461538
1426277,Ravi Bishnoi,Lucknow Super Giants,0,12,19,9.5,0.8,7.288461538461538
1426282,Ravi Bishnoi,Lucknow Super Giants,0,6,16,16.0,0.6,9.75
1426286,Ravi Bishnoi,Lucknow Super Giants,1,25,28,6.72,0.4,9.844
1426292,Ravi Bishnoi,Lucknow Super Giants,1,26,33,7.615384615384616,0.6,10.167076923076923
1426295,Ravi Bishnoi,Lucknow Super Giants,0,12,34,17.0,0.4,11.367076923076922
1426302,Ravi Bishnoi,Lucknow Super Giants,1,24,26,6.5,0.6,10.767076923076923
1426305,Ravi Bishnoi,Lucknow Super Giants,2,24,37,9.25,1.0,9.417076923076923
501244,S Aravind,Royal Challengers Bangalore,4,24,14,3.5,1.8,7.896818713450292
501247,S Aravind,Royal Challengers Bangalore,2,25,20,4.8,2.2,7.088397660818712
501252,S Aravind,Royal Challengers Bangalore,3,24,34,8.5,2.2,6.451555555555555
501255,S Aravind,Royal Challengers Bangalore,1,18,18,6.0,2.2,6.115555555555555
501260,S Aravind,Royal Challengers Bangalore,0,24,40,10.0,2.0,6.56
501266,S Aravind,Royal Challengers Bangalore,2,26,20,4.615384615384616,1.6,6.783076923076924
501268,S Aravind,Royal Challengers Bangalore,1,18,33,11.0,1.4,8.023076923076923
501270,S Aravind,Royal Challengers Bangalore,2,19,27,8.526315789473685,1.2,8.02834008097166
501271,S Aravind,Royal Challengers Bangalore,2,20,39,11.7,1.4,9.16834008097166
548324,S Aravind,Royal Challengers Bangalore,0,18,48,16.0,1.4,10.36834008097166
829785,S Aravind,Royal Challengers Bangalore,4,24,27,6.75,1.8,10.795263157894736
829795,S Aravind,Royal Challengers Bangalore,2,24,29,7.25,2.0,10.045263157894738
829803,S Aravind,Royal Challengers Bangalore,0,13,31,14.307692307692308,1.6,11.201538461538462
829819,S Aravind,Royal Challengers Bangalore,3,25,20,4.8,1.8,9.821538461538463
829821,S Aravind,Royal Challengers Bangalore,1,24,25,6.25,2.0,7.871538461538462
980921,S Aravind,Royal Challengers Bangalore,1,20,32,9.6,1.4,8.441538461538462
980959,S Aravind,Royal Challengers Bangalore,1,16,16,6.0,1.2,8.191538461538462
980981,S Aravind,Royal Challengers Bangalore,1,24,23,5.75,1.4,6.480000000000001
980987,S Aravind,Royal Challengers Bangalore,1,18,16,5.333333333333333,1.0,6.586666666666668
980995,S Aravind,Royal Challengers Bangalore,2,24,45,11.25,1.2,7.586666666666668
980999,S Aravind,Royal Challengers Bangalore,2,14,18,7.7142857142857135,1.4,7.209523809523809
981011,S Aravind,Royal Challengers Bangalore,1,24,28,7.0,1.4,7.409523809523809
981013,S Aravind,Royal Challengers Bangalore,0,18,14,4.666666666666667,1.2,7.192857142857143
981019,S Aravind,Royal Challengers Bangalore,2,24,30,7.5,1.4,7.626190476190476
1082591,S Aravind,Royal Challengers Bangalore,0,18,36,12.0,1.0,7.776190476190476
1082602,S Aravind,Royal Challengers Bangalore,0,25,21,5.04,0.6,7.2413333333333325
1082607,S Aravind,Royal Challengers Bangalore,2,25,29,6.959999999999999,0.8,7.2333333333333325
1082610,S Aravind,Royal Challengers Bangalore,1,25,53,12.719999999999999,1.0,8.844
1082617,S Aravind,Royal Challengers Bangalore,1,21,27,7.714285714285714,0.8,8.886857142857142
1082621,S Aravind,Royal Challengers Bangalore,0,20,20,6.0,0.8,7.686857142857143
1082624,S Aravind,Royal Challengers Bangalore,0,24,31,7.75,0.8,8.228857142857143
1082628,S Aravind,Royal Challengers Bangalore,0,12,22,11.0,0.4,9.036857142857142
1082633,S Aravind,Royal Challengers Bangalore,1,12,13,6.5,0.4,7.792857142857143
1082636,S Aravind,Royal Challengers Bangalore,0,8,26,19.5,0.2,10.15
734035,S Badree,Chennai Super Kings,0,18,29,9.666666666666666,0.4,7.483649122807018
1082602,S Badree,Royal Challengers Bangalore,4,25,10,2.4,1.2,6.2836491228070175
1082607,S Badree,Royal Challengers Bangalore,1,24,32,8.0,1.2,6.251649122807018
1082617,S Badree,Royal Challengers Bangalore,1,24,33,8.25,1.2,6.989649122807018
1082621,S Badree,Royal Challengers Bangalore,2,18,29,9.666666666666666,1.6,7.596666666666667
1082624,S Badree,Royal Challengers Bangalore,1,24,31,7.75,1.8,7.213333333333333
1082633,S Badree,Royal Challengers Bangalore,0,18,14,4.666666666666667,1.0,7.666666666666667
1082636,S Badree,Royal Challengers Bangalore,0,18,42,14.0,0.8,8.866666666666667
548356,S Dhawan,Deccan Chargers,0,6,11,11.0,0.6,9.26153846153846
548359,S Dhawan,Deccan Chargers,1,12,9,4.5,0.6,8.561538461538461
1216525,S Dube,Royal Challengers Bangalore,0,7,14,12.0,0.4,7.12
1216534,S Dube,Royal Challengers Bangalore,3,18,17,5.666666666666667,1.0,7.533333333333333
1237178,S Dube,Royal Challengers Bangalore,0,6,7,7.0,1.0,7.933333333333333
1254061,S Dube,Rajasthan Royals,0,6,20,20.0,0.6,9.733333333333333
1254075,S Dube,Rajasthan Royals,0,6,5,5.0,0.6,9.933333333333334
1254081,S Dube,Rajasthan Royals,0,7,10,8.571428571428571,0.6,9.247619047619047
1254106,S Dube,Rajasthan Royals,0,12,18,9.0,0.0,9.914285714285715
1304047,S Dube,Chennai Super Kings,0,6,15,15.0,0.0,11.514285714285714
1304053,S Dube,Chennai Super Kings,0,8,25,18.75,0.0,11.264285714285714
1426287,S Dube,Chennai Super Kings,1,6,14,14.0,0.2,13.064285714285713
829721,S Gopal,Mumbai Indians,1,13,23,10.615384615384617,1.4,8.656410256410258
980901,S Gopal,Mumbai Indians,0,18,19,6.333333333333333,1.0,8.723076923076924
1136564,S Gopal,Rajasthan Royals,0,18,18,6.0,0.6,8.323076923076924
1136571,S Gopal,Rajasthan Royals,2,24,24,6.0,0.8,8.18974358974359
1136575,S Gopal,Rajasthan Royals,1,18,24,8.0,0.8,7.38974358974359
1136577,S Gopal,Rajasthan Royals,3,25,20,4.8,1.2,6.226666666666667
1136581,S Gopal,Rajasthan Royals,0,13,30,13.846153846153847,1.2,7.72923076923077
1136592,S Gopal,Rajasthan Royals,1,12,26,13.0,1.4,9.12923076923077
1136598,S Gopal,Rajasthan Royals,0,18,26,8.666666666666666,1.0,9.662564102564103
1136607,S Gopal,Rajasthan Royals,0,12,21,10.5,0.8,10.162564102564103
1136613,S Gopal,Rajasthan Royals,4,24,16,4.0,1.0,10.002564102564104
1136618,S Gopal,Rajasthan Royals,1,24,34,8.5,1.2,8.933333333333334
1175359,S Gopal,Rajasthan Royals,0,6,5,5.0,1.0,7.333333333333333
1175363,S Gopal,Rajasthan Royals,3,24,27,6.75,1.6,6.95
1175367,S Gopal,Rajasthan Royals,0,18,23,7.666666666666667,1.6,6.383333333333334
1175369,S Gopal,Rajasthan Royals,3,24,12,3.0,1.4,6.183333333333333
1178396,S Gopal,Rajasthan Royals,2,24,36,9.0,1.6,6.283333333333333
1178400,S Gopal,Rajasthan Royals,0,24,31,7.75,1.6,6.833333333333333
1178402,S Gopal,Rajasthan Royals,0,24,21,5.25,1.0,6.533333333333333
1178407,S Gopal,Rajasthan Royals,0,24,32,8.0,1.0,6.6
1178411,S Gopal,Rajasthan Royals,2,24,21,5.25,0.8,7.05
1178415,S Gopal,Rajasthan Royals,2,25,47,11.28,0.8,7.506
1178418,S Gopal,Rajasthan Royals,1,18,32,10.666666666666666,1.0,8.089333333333332
1178420,S Gopal,Rajasthan Royals,2,24,30,7.5,1.4,8.539333333333333
1178424,S Gopal,Rajasthan Royals,3,6,12,12.0,2.0,9.339333333333332
1178428,S Gopal,Rajasthan Royals,2,24,21,5.25,2.0,9.339333333333332
1216496,S Gopal,Rajasthan Royals,1,24,38,9.5,1.8,8.983333333333333
1216500,S Gopal,Rajasthan Royals,0,12,23,11.5,1.6,9.15
1216504,S Gopal,Rajasthan Royals,0,24,43,10.75,1.2,9.8
1216507,S Gopal,Rajasthan Royals,0,24,31,7.75,0.6,8.95
1216511,S Gopal,Rajasthan Royals,2,24,29,7.25,0.6,9.35
1216514,S Gopal,Rajasthan Royals,1,24,27,6.75,0.6,8.8
1216518,S Gopal,Rajasthan Royals,0,24,32,8.0,0.6,8.1
1216522,S Gopal,Rajasthan Royals,1,25,33,7.919999999999999,0.8,7.534000000000001
1216527,S Gopal,Rajasthan Royals,0,25,44,10.559999999999999,0.8,8.096
1216530,S Gopal,Rajasthan Royals,1,19,44,13.894736842105264,0.6,9.424947368421053
1216533,S Gopal,Rajasthan Royals,1,24,14,3.5,0.6,8.774947368421053
1216537,S Gopal,Rajasthan Royals,0,6,10,10.0,0.6,9.174947368421053
1216541,S Gopal,Rajasthan Royals,2,24,30,7.5,0.8,9.090947368421052
1216543,S Gopal,Rajasthan Royals,1,26,31,7.153846153846154,1.0,8.409716599190284
1254061,S Gopal,Rajasthan Royals,0,18,40,13.333333333333334,0.8,8.297435897435898
1254073,S Gopal,Rajasthan Royals,0,18,35,11.666666666666666,0.6,9.930769230769231
1254093,S Gopal,Rajasthan Royals,0,6,9,9.0,0.6,9.73076923076923
1304096,S Gopal,Sunrisers Hyderabad,1,18,34,11.333333333333334,0.4,10.497435897435897
1426263,S Gopal,Mumbai Indians,1,24,32,8.0,0.4,10.666666666666668
1426267,S Gopal,Mumbai Indians,1,6,9,9.0,0.6,9.8
1426271,S Gopal,Mumbai Indians,1,12,26,13.0,0.8,10.066666666666666
598062,S Kaul,Delhi Daredevils,0,25,37,8.879999999999999,0.6,7.5481739130434775
598067,S Kaul,Delhi Daredevils,2,24,27,6.75,0.8,8.098173913043478
733985,S Kaul,Delhi Daredevils,0,18,33,11.0,0.8,8.378173913043478
733993,S Kaul,Delhi Daredevils,1,8,7,5.25,0.8,8.175999999999998
734005,S Kaul,Delhi Daredevils,1,25,37,8.879999999999999,0.8,8.152
734011,S Kaul,Delhi Daredevils,0,18,34,11.333333333333334,0.8,8.642666666666667
734031,S Kaul,Delhi Daredevils,0,13,25,11.53846153846154,0.4,9.600358974358974
1082609,S Kaul,Sunrisers Hyderabad,1,25,26,6.239999999999999,0.6,8.648358974358974
1082611,S Kaul,Sunrisers Hyderabad,1,24,32,8.0,0.6,9.198358974358975
1082615,S Kaul,Sunrisers Hyderabad,0,18,45,15.0,0.4,10.422358974358975
1082623,S Kaul,Sunrisers Hyderabad,3,25,36,8.639999999999999,1.0,9.883692307692309
1082627,S Kaul,Sunrisers Hyderabad,2,24,26,6.5,1.4,8.876
1082630,S Kaul,Sunrisers Hyderabad,1,25,38,9.12,1.4,9.452
1082634,S Kaul,Sunrisers Hyderabad,4,25,30,7.199999999999999,2.0,9.291999999999998
1082638,S Kaul,Sunrisers Hyderabad,3,24,24,6.0,2.6,7.491999999999999
1082643,S Kaul,Sunrisers Hyderabad,1,25,32,7.68,2.2,7.3
1082648,S Kaul,Sunrisers Hyderabad,0,6,14,14.0,1.8,8.8
1136564,S Kaul,Sunrisers Hyderabad,3,25,18,4.319999999999999,2.2,7.839999999999999
1136567,S Kaul,Sunrisers Hyderabad,2,25,29,6.959999999999999,1.8,7.792
1136570,S Kaul,Sunrisers Hyderabad,1,24,38,9.5,1.4,8.491999999999999
1136576,S Kaul,Sunrisers Hyderabad,1,24,33,8.25,1.4,8.606
1136580,S Kaul,Sunrisers Hyderabad,1,25,33,7.919999999999999,1.6,7.389999999999999
1136583,S Kaul,Sunrisers Hyderabad,3,24,24,6.0,1.6,7.725999999999999
1136585,S Kaul,Sunrisers Hyderabad,1,24,26,6.5,1.4,7.634
1136588,S Kaul,Sunrisers Hyderabad,2,24,24,6.0,1.6,6.934
1136596,S Kaul,Sunrisers Hyderabad,1,25,38,9.12,1.6,7.108
1136599,S Kaul,Sunrisers Hyderabad,1,24,26,6.5,1.6,6.824000000000001
1136602,S Kaul,Sunrisers Hyderabad,0,24,48,12.0,1.0,8.024000000000001
1136606,S Kaul,Sunrisers Hyderabad,0,18,40,13.333333333333334,0.8,9.390666666666666
1136611,S Kaul,Sunrisers Hyderabad,2,24,46,11.5,0.8,10.490666666666666
1136614,S Kaul,Sunrisers Hyderabad,2,25,27,6.4799999999999995,1.0,9.962666666666667
1136617,S Kaul,Sunrisers Hyderabad,2,25,33,7.919999999999999,1.2,10.246666666666666
1136619,S Kaul,Sunrisers Hyderabad,2,24,32,8.0,1.6,9.446666666666667
1136620,S Kaul,Sunrisers Hyderabad,0,18,43,14.333333333333334,1.6,9.646666666666667
1175357,S Kaul,Sunrisers Hyderabad,1,24,35,8.75,1.4,9.096666666666668
1175363,S Kaul,Sunrisers Hyderabad,0,26,32,7.384615384615385,1.0,9.277589743589743
1175366,S Kaul,Sunrisers Hyderabad,0,19,16,5.052631578947369,0.6,8.704116059379219
1175371,S Kaul,Sunrisers Hyderabad,2,25,35,8.399999999999999,0.6,8.784116059379219
1178394,S Kaul,Sunrisers Hyderabad,2,25,34,8.16,1.0,7.5494493927125506
1178397,S Kaul,Sunrisers Hyderabad,1,24,42,10.5,1.0,7.89944939271255
1178420,S Kaul,Sunrisers Hyderabad,0,26,49,11.307692307692308,1.0,8.684064777327935
1216538,S Kaul,Sunrisers Hyderabad,2,26,64,14.76923076923077,1.4,10.627384615384615
1254071,S Kaul,Sunrisers Hyderabad,2,23,31,8.08695652173913,1.4,10.56477591973244
1254077,S Kaul,Sunrisers Hyderabad,2,24,31,7.75,1.4,10.482775919732441
1254080,S Kaul,Sunrisers Hyderabad,0,24,32,8.0,1.2,9.982775919732441
1254088,S Kaul,Sunrisers Hyderabad,0,24,56,14.0,1.2,10.52123745819398
1254091,S Kaul,Sunrisers Hyderabad,0,16,24,9.0,0.8,9.367391304347825
1254095,S Kaul,Sunrisers Hyderabad,1,24,24,6.0,0.6,8.95
1254100,S Kaul,Sunrisers Hyderabad,2,24,38,9.5,0.6,9.3
1254109,S Kaul,Sunrisers Hyderabad,1,22,17,4.636363636363637,0.8,8.627272727272729
1304113,S Kaul,Royal Challengers Bangalore,0,24,43,10.75,0.8,7.977272727272728
980975,S Kaushik,Gujarat Lions,0,6,14,14.0,0.8,8.575052631578947
980987,S Kaushik,Gujarat Lions,0,19,50,15.789473684210527,0.8,9.711894736842105
981017,S Kaushik,Gujarat Lions,2,24,22,5.5,0.6,9.851894736842105
1082593,S Kaushik,Gujarat Lions,0,24,44,11.0,0.4,10.601894736842105
1082596,S Kaushik,Gujarat Lions,0,25,29,6.959999999999999,0.4,10.649894736842105
1082610,S Kaushik,Gujarat Lions,0,19,36,11.368421052631579,0.4,10.12357894736842
419152,S Ladda,Delhi Daredevils,0,6,14,14.0,0.8,10.169999999999998
501198,S Ladda,Kolkata Knight Riders,0,18,29,9.666666666666666,0.8,10.759333333333334
501242,S Ladda,Kolkata Knight Riders,0,7,13,11.142857142857142,0.4,10.737904761904762
598031,S Ladda,Kolkata Knight Riders,1,12,18,9.0,0.4,10.53790476190476
980905,S Ladda,Gujarat Lions,0,12,21,10.5,0.2,10.861904761904762
1175368,S Lamichhane,Delhi Capitals,2,24,28,7.0,1.8,7.078
1175371,S Lamichhane,Delhi Capitals,1,24,32,8.0,1.8,7.228
1178395,S Lamichhane,Delhi Capitals,1,24,46,11.5,1.8,8.478
1178412,S Lamichhane,Delhi Capitals,3,24,40,10.0,1.8,8.75
1178421,S Lamichhane,Delhi Capitals,0,18,36,12.0,1.4,9.7
501253,S Nadeem,Delhi Daredevils,0,24,26,6.5,0.8,7.588666666666667
548307,S Nadeem,Delhi Daredevils,0,12,16,8.0,0.8,7.888666666666667
548310,S Nadeem,Delhi Daredevils,1,24,26,6.5,0.6,7.316666666666667
548316,S Nadeem,Delhi Daredevils,0,18,9,3.0,0.4,6.25
548321,S Nadeem,Delhi Daredevils,3,24,16,4.0,0.8,5.6
548325,S Nadeem,Delhi Daredevils,2,25,16,3.84,1.2,5.068
548329,S Nadeem,Delhi Daredevils,0,24,40,10.0,1.2,5.467999999999999
548333,S Nadeem,Delhi Daredevils,0,27,45,10.0,1.0,6.167999999999999
548337,S Nadeem,Delhi Daredevils,0,24,22,5.5,1.0,6.667999999999999
548342,S Nadeem,Delhi Daredevils,2,24,35,8.75,0.8,7.617999999999999
548345,S Nadeem,Delhi Daredevils,0,24,30,7.5,0.4,8.35
548349,S Nadeem,Delhi Daredevils,0,25,33,7.919999999999999,0.4,7.934
548357,S Nadeem,Delhi Daredevils,0,24,32,8.0,0.4,7.534000000000001
597998,S Nadeem,Delhi Daredevils,2,24,22,5.5,0.8,7.534000000000001
598001,S Nadeem,Delhi Daredevils,1,24,24,6.0,0.6,6.984
598006,S Nadeem,Delhi Daredevils,0,18,26,8.666666666666666,0.6,7.217333333333333
598010,S Nadeem,Delhi Daredevils,2,24,18,4.5,1.0,6.533333333333333
598017,S Nadeem,Delhi Daredevils,1,24,26,6.5,1.2,6.2333333333333325
598020,S Nadeem,Delhi Daredevils,0,19,23,7.2631578947368425,0.8,6.585964912280701
598024,S Nadeem,Delhi Daredevils,0,24,20,5.0,0.6,6.385964912280701
598035,S Nadeem,Delhi Daredevils,0,24,30,7.5,0.6,6.152631578947369
598040,S Nadeem,Delhi Daredevils,1,24,24,6.0,0.4,6.4526315789473685
598044,S Nadeem,Delhi Daredevils,0,12,7,3.5,0.2,5.852631578947369
598054,S Nadeem,Delhi Daredevils,1,25,23,5.52,0.4,5.504
598067,S Nadeem,Delhi Daredevils,1,25,21,5.04,0.6,5.512
729281,S Nadeem,Delhi Daredevils,0,18,32,10.666666666666666,0.6,6.145333333333333
729289,S Nadeem,Delhi Daredevils,1,18,29,9.666666666666666,0.6,6.878666666666666
729293,S Nadeem,Delhi Daredevils,1,18,29,9.666666666666666,0.8,8.112
729301,S Nadeem,Delhi Daredevils,1,25,24,5.76,0.8,8.16
729309,S Nadeem,Delhi Daredevils,1,25,19,4.56,0.8,8.063999999999998
733975,S Nadeem,Delhi Daredevils,1,24,30,7.5,1.0,7.430666666666665
733981,S Nadeem,Delhi Daredevils,0,24,27,6.75,0.8,6.847333333333333
733985,S Nadeem,Delhi Daredevils,0,20,35,10.5,0.6,7.014
734011,S Nadeem,Delhi Daredevils,2,26,36,8.307692307692308,0.8,7.523538461538462
734031,S Nadeem,Delhi Daredevils,2,24,29,7.25,1.0,8.061538461538461
734039,S Nadeem,Delhi Daredevils,0,13,24,11.076923076923078,0.8,8.776923076923078
829747,S Nadeem,Delhi Daredevils,0,20,25,7.5,0.8,8.926923076923078
829801,S Nadeem,Delhi Daredevils,0,24,18,4.5,0.8,7.726923076923077
980945,S Nadeem,Delhi Daredevils,0,24,32,8.0,0.4,7.665384615384616
980961,S Nadeem,Delhi Daredevils,2,19,23,7.2631578947368425,0.4,7.668016194331985
980971,S Nadeem,Delhi Daredevils,1,24,30,7.5,0.6,6.9526315789473685
980993,S Nadeem,Delhi Daredevils,0,24,42,10.5,0.6,7.552631578947368
1082595,S Nadeem,Delhi Daredevils,1,25,13,3.1199999999999997,0.8,7.276631578947368
1082599,S Nadeem,Delhi Daredevils,1,25,23,5.52,1.0,6.780631578947369
1082605,S Nadeem,Delhi Daredevils,2,12,13,6.5,1.0,6.628
1082626,S Nadeem,Delhi Daredevils,0,5,9,10.799999999999999,0.8,7.287999999999999
1082632,S Nadeem,Delhi Daredevils,0,12,28,14.0,0.8,7.9879999999999995
1082642,S Nadeem,Delhi Daredevils,1,18,21,7.0,0.8,8.764
1082646,S Nadeem,Delhi Daredevils,1,13,12,5.538461538461539,0.8,8.767692307692307
1136566,S Nadeem,Delhi Daredevils,3,24,34,8.5,1.0,9.167692307692308
1136569,S Nadeem,Delhi Daredevils,0,14,22,9.428571428571429,1.0,8.893406593406594
1136573,S Nadeem,Delhi Daredevils,1,24,43,10.75,1.2,8.243406593406593
1136579,S Nadeem,Delhi Daredevils,1,12,27,13.5,1.2,9.543406593406594
1136592,S Nadeem,Delhi Daredevils,0,6,14,14.0,1.0,11.235714285714286
1136602,S Nadeem,Delhi Daredevils,0,12,22,11.0,0.4,11.735714285714286
1175363,S Nadeem,Sunrisers Hyderabad,1,18,36,12.0,0.6,12.25
1178408,S Nadeem,Sunrisers Hyderabad,1,12,24,12.0,0.6,12.5
1178413,S Nadeem,Sunrisers Hyderabad,1,24,31,7.75,0.6,11.35
1216495,S Nadeem,Sunrisers Hyderabad,2,24,19,4.75,1.0,9.5
1216502,S Nadeem,Sunrisers Hyderabad,1,24,35,8.75,1.2,9.05
1216518,S Nadeem,Sunrisers Hyderabad,0,6,9,9.0,1.0,8.45
1216524,S Nadeem,Sunrisers Hyderabad,1,7,8,6.857142857142857,1.0,7.421428571428571
1216528,S Nadeem,Sunrisers Hyderabad,0,24,29,7.25,0.8,7.321428571428571
1237178,S Nadeem,Sunrisers Hyderabad,2,26,30,6.923076923076923,0.8,7.756043956043956
1237180,S Nadeem,Sunrisers Hyderabad,0,26,49,11.307692307692308,0.6,8.267582417582418
1254063,S Nadeem,Sunrisers Hyderabad,1,24,36,9.0,0.8,8.267582417582418
419137,S Narwal,Rajasthan Royals,0,12,41,20.5,1.2,12.238526315789475
598043,S Narwal,Kolkata Knight Riders,0,14,17,7.285714285714286,1.2,12.17987969924812
501226,S Randiv,Chennai Super Kings,0,24,23,5.75,1.4,7.305428571428571
501236,S Randiv,Chennai Super Kings,0,25,34,8.16,1.0,7.353428571428571
501240,S Randiv,Chennai Super Kings,1,24,32,8.0,0.8,7.353428571428571
501245,S Randiv,Chennai Super Kings,0,13,14,6.461538461538462,0.4,7.445736263736263
1254092,S Sandeep Warrier,Kolkata Knight Riders,0,12,15,7.5,0.4,7.692857142857143
1426270,S Sandeep Warrier,Gujarat Titans,2,18,43,14.333333333333334,0.8,9.05952380952381
1426275,S Sandeep Warrier,Gujarat Titans,0,7,21,18.0,0.4,11.109523809523811
1426278,S Sandeep Warrier,Gujarat Titans,3,19,15,4.736842105263158,1.0,10.856892230576442
1426283,S Sandeep Warrier,Gujarat Titans,0,8,15,11.25,1.0,11.164035087719299
1426297,S Sandeep Warrier,Gujarat Titans,1,18,28,9.333333333333334,1.2,11.530701754385964
335999,S Sreesanth,Kings XI Punjab,1,25,33,7.919999999999999,0.8,9.725295546558705
336003,S Sreesanth,Kings XI Punjab,2,25,25,6.0,1.2,8.714769230769232
336006,S Sreesanth,Kings XI Punjab,2,26,16,3.6923076923076925,1.4,7.553230769230768
336013,S Sreesanth,Kings XI Punjab,2,27,30,6.666666666666667,1.4,7.455794871794872
336016,S Sreesanth,Kings XI Punjab,3,25,30,7.199999999999999,2.0,6.295794871794872
336019,S Sreesanth,Kings XI Punjab,1,19,44,13.894736842105264,2.0,7.490742240215925
336022,S Sreesanth,Kings XI Punjab,0,22,33,9.0,1.6,8.090742240215926
336028,S Sreesanth,Kings XI Punjab,2,27,36,8.0,1.6,8.952280701754386
336031,S Sreesanth,Kings XI Punjab,1,24,30,7.5,1.4,9.118947368421052
336035,S Sreesanth,Kings XI Punjab,2,24,37,9.25,1.2,9.528947368421052
336039,S Sreesanth,Kings XI Punjab,0,7,7,6.0,1.0,7.95
392210,S Sreesanth,Kings XI Punjab,0,27,44,9.777777777777779,1.0,8.105555555555556
392214,S Sreesanth,Kings XI Punjab,1,25,41,9.84,0.8,8.473555555555555
392216,S Sreesanth,Kings XI Punjab,1,24,37,9.25,0.8,8.823555555555554
392222,S Sreesanth,Kings XI Punjab,0,6,21,21.0,0.4,11.173555555555556
392226,S Sreesanth,Kings XI Punjab,2,26,20,4.615384615384616,0.8,10.89663247863248
392229,S Sreesanth,Kings XI Punjab,0,12,10,5.0,0.8,9.941076923076924
392234,S Sreesanth,Kings XI Punjab,2,25,23,5.52,1.0,9.077076923076921
419108,S Sreesanth,Kings XI Punjab,2,24,24,6.0,1.2,8.427076923076921
419112,S Sreesanth,Kings XI Punjab,0,22,42,11.454545454545455,1.2,6.517986013986014
419117,S Sreesanth,Kings XI Punjab,2,25,51,12.239999999999998,1.2,8.04290909090909
419124,S Sreesanth,Kings XI Punjab,1,21,20,5.714285714285714,1.4,8.185766233766234
419136,S Sreesanth,Kings XI Punjab,0,13,14,6.461538461538462,1.0,8.374073926073926
419143,S Sreesanth,Kings XI Punjab,0,23,40,10.434782608695652,0.6,9.261030447813056
501200,S Sreesanth,Kochi Tuskers Kerala,1,21,28,8.0,0.8,8.570121356903964
501207,S Sreesanth,Kochi Tuskers Kerala,0,22,21,5.7272727272727275,0.4,7.267575902358511
501229,S Sreesanth,Kochi Tuskers Kerala,0,27,23,5.111111111111111,0.2,7.14694098172359
501233,S Sreesanth,Kochi Tuskers Kerala,2,26,14,3.230769230769231,0.6,6.500787135569745
501238,S Sreesanth,Kochi Tuskers Kerala,1,25,24,5.76,0.8,5.565830613830614
501242,S Sreesanth,Kochi Tuskers Kerala,0,19,24,7.578947368421053,0.6,5.481620087514824
501254,S Sreesanth,Kochi Tuskers Kerala,0,24,38,9.5,0.6,6.236165542060279
501258,S Sreesanth,Kochi Tuskers Kerala,2,24,17,4.25,1.0,6.0639433198380575
501261,S Sreesanth,Kochi Tuskers Kerala,1,18,23,7.666666666666667,0.8,6.951122807017543
598001,S Sreesanth,Rajasthan Royals,1,24,19,4.75,0.8,6.749122807017544
598005,S Sreesanth,Rajasthan Royals,1,25,30,7.199999999999999,1.0,6.673333333333334
598009,S Sreesanth,Rajasthan Royals,0,17,38,13.411764705882351,1.0,7.455686274509803
598014,S Sreesanth,Rajasthan Royals,3,26,22,5.0769230769230775,1.2,7.621070889894419
598023,S Sreesanth,Rajasthan Royals,0,6,9,9.0,1.0,7.8877375565610865
598036,S Sreesanth,Rajasthan Royals,1,26,35,8.076923076923077,1.0,8.5531221719457
598052,S Sreesanth,Rajasthan Royals,0,12,18,9.0,0.8,8.9131221719457
392217,S Tyagi,Chennai Super Kings,0,12,12,6.0,0.6,5.438461538461539
392224,S Tyagi,Chennai Super Kings,1,13,22,10.153846153846155,0.8,6.361538461538461
392227,S Tyagi,Chennai Super Kings,1,18,29,9.666666666666666,0.6,7.094871794871795
392231,S Tyagi,Chennai Super Kings,0,18,29,9.666666666666666,0.4,8.197435897435899
419110,S Tyagi,Chennai Super Kings,0,13,40,18.461538461538463,0.4,10.78974358974359
419123,S Tyagi,Chennai Super Kings,0,25,19,4.56,0.4,10.50174358974359
419137,S Tyagi,Chennai Super Kings,0,26,46,10.615384615384617,0.2,10.594051282051282
419142,S Tyagi,Chennai Super Kings,1,19,20,6.315789473684211,0.2,9.923875843454791
419147,S Tyagi,Chennai Super Kings,0,6,12,12.0,0.2,10.390542510121458
419159,S Tyagi,Chennai Super Kings,0,13,24,11.076923076923078,0.2,8.913619433198381
336002,SB Bangar,Deccan Chargers,2,24,31,7.75,1.0,8.509230769230768
336007,SB Bangar,Deccan Chargers,1,24,36,9.0,1.2,9.169230769230769
336011,SB Bangar,Deccan Chargers,0,12,20,10.0,1.2,8.4
336014,SB Bangar,Deccan Chargers,0,6,10,10.0,0.8,8.65
336034,SB Bangar,Deccan Chargers,0,6,14,14.0,0.6,10.15
392224,SB Jakati,Chennai Super Kings,0,24,25,6.25,2.2,7.33
392227,SB Jakati,Chennai Super Kings,0,18,28,9.333333333333334,1.4,7.946666666666667
392231,SB Jakati,Chennai Super Kings,1,24,40,10.0,0.8,8.796666666666667
392238,SB Jakati,Chennai Super Kings,1,24,29,7.25,0.8,8.246666666666666
419125,SB Jakati,Chennai Super Kings,1,24,33,8.25,0.6,8.216666666666667
419129,SB Jakati,Chennai Super Kings,2,24,30,7.5,1.0,8.466666666666667
419133,SB Jakati,Chennai Super Kings,3,24,17,4.25,1.6,7.45
419137,SB Jakati,Chennai Super Kings,0,18,38,12.666666666666666,1.4,7.9833333333333325
419142,SB Jakati,Chennai Super Kings,2,25,30,7.199999999999999,1.6,7.973333333333332
419147,SB Jakati,Chennai Super Kings,1,24,29,7.25,1.6,7.773333333333332
419153,SB Jakati,Chennai Super Kings,1,25,23,5.52,1.4,7.377333333333333
419155,SB Jakati,Chennai Super Kings,1,18,14,4.666666666666667,1.0,7.460666666666666
419159,SB Jakati,Chennai Super Kings,0,6,14,14.0,1.0,7.727333333333334
419163,SB Jakati,Chennai Super Kings,2,26,44,10.153846153846155,1.0,8.318102564102563
419165,SB Jakati,Chennai Super Kings,2,18,28,9.333333333333334,1.2,8.734769230769231
501198,SB Jakati,Chennai Super Kings,1,24,26,6.5,1.2,8.930769230769233
501206,SB Jakati,Chennai Super Kings,0,13,28,12.923076923076923,1.0,10.582051282051282
501211,SB Jakati,Chennai Super Kings,1,19,37,11.68421052631579,1.2,10.11889338731444
501215,SB Jakati,Chennai Super Kings,0,18,30,10.0,0.8,10.08812415654521
501226,SB Jakati,Chennai Super Kings,0,12,12,6.0,0.4,9.421457489878543
501228,SB Jakati,Chennai Super Kings,0,12,15,7.5,0.2,9.621457489878543
501236,SB Jakati,Chennai Super Kings,2,24,23,5.75,0.6,8.186842105263159
501240,SB Jakati,Chennai Super Kings,2,24,22,5.5,0.8,6.95
501245,SB Jakati,Chennai Super Kings,0,12,14,7.0,0.8,6.35
501249,SB Jakati,Chennai Super Kings,0,25,30,7.199999999999999,0.8,6.589999999999999
501253,SB Jakati,Chennai Super Kings,0,13,19,8.76923076923077,0.8,6.843846153846154
501261,SB Jakati,Chennai Super Kings,1,24,23,5.75,0.6,6.843846153846154
501268,SB Jakati,Chennai Super Kings,1,24,38,9.5,0.4,7.6438461538461535
501271,SB Jakati,Chennai Super Kings,2,25,21,5.04,0.8,7.251846153846154
548306,SB Jakati,Chennai Super Kings,0,6,8,8.0,0.8,7.411846153846154
548311,SB Jakati,Chennai Super Kings,2,12,14,7.0,1.2,7.058
548316,SB Jakati,Chennai Super Kings,0,18,23,7.666666666666667,1.0,7.441333333333333
548318,SB Jakati,Chennai Super Kings,0,13,27,12.461538461538462,0.8,8.033641025641026
548330,SB Jakati,Chennai Super Kings,1,18,21,7.0,0.6,8.425641025641024
548332,SB Jakati,Chennai Super Kings,1,12,12,6.0,0.8,8.025641025641026
548343,SB Jakati,Chennai Super Kings,0,12,22,11.0,0.4,8.825641025641024
548347,SB Jakati,Chennai Super Kings,0,12,17,8.5,0.4,8.992307692307694
548352,SB Jakati,Chennai Super Kings,0,12,17,8.5,0.4,8.2
548355,SB Jakati,Chennai Super Kings,0,18,27,9.0,0.2,8.6
548364,SB Jakati,Chennai Super Kings,0,18,20,6.666666666666667,0.0,8.733333333333333
548368,SB Jakati,Chennai Super Kings,2,24,26,6.5,0.4,7.833333333333334
548379,SB Jakati,Chennai Super Kings,2,25,25,6.0,0.8,7.333333333333333
548380,SB Jakati,Chennai Super Kings,2,24,40,10.0,1.2,7.633333333333335
548381,SB Jakati,Chennai Super Kings,0,24,38,9.5,1.2,7.733333333333334
734035,SB Jakati,Royal Challengers Bangalore,0,22,41,11.181818181818182,1.2,8.636363636363637
980911,SB Jakati,Gujarat Lions,0,24,41,10.25,0.8,9.386363636363637
980917,SB Jakati,Gujarat Lions,1,19,13,4.105263157894737,0.6,9.007416267942585
980937,SB Jakati,Gujarat Lions,0,18,28,9.333333333333334,0.2,8.87408293460925
981001,SB Jakati,Gujarat Lions,1,24,24,6.0,0.4,8.17408293460925
981007,SB Jakati,Gujarat Lions,0,18,30,10.0,0.4,7.9377192982456135
981013,SB Jakati,Gujarat Lions,0,20,45,13.5,0.4,8.587719298245613
1082593,SB Jakati,Gujarat Lions,0,20,30,9.0,0.2,9.566666666666666
1082603,SB Jakati,Gujarat Lions,0,12,22,11.0,0.2,9.9
336020,SB Styris,Deccan Chargers,0,25,33,7.919999999999999,0.2,7.21876383265857
336031,SB Styris,Deccan Chargers,1,24,37,9.25,0.4,8.10876383265857
336034,SB Styris,Deccan Chargers,2,25,29,6.959999999999999,0.6,7.984974358974358
336037,SB Styris,Deccan Chargers,0,18,16,5.333333333333333,0.6,7.759333333333332
392184,SB Styris,Deccan Chargers,2,24,32,8.0,1.0,7.492666666666667
392188,SB Styris,Deccan Chargers,3,25,32,7.68,1.6,7.444666666666666
501206,SB Styris,Chennai Super Kings,0,6,13,13.0,1.4,8.194666666666667
501218,SB Wagh,Pune Warriors,1,12,13,6.5,1.0,8.694285714285716
501241,SB Wagh,Pune Warriors,0,19,28,8.842105263157896,0.8,7.262706766917293
501248,SB Wagh,Pune Warriors,0,12,18,9.0,0.2,8.14842105263158
501250,SB Wagh,Pune Warriors,0,6,8,8.0,0.2,8.74842105263158
336014,SC Ganguly,Kolkata Knight Riders,2,24,26,6.5,1.2,7.137333333333333
336017,SC Ganguly,Kolkata Knight Riders,0,24,23,5.75,0.6,7.183333333333333
336027,SC Ganguly,Kolkata Knight Riders,1,12,24,12.0,0.8,8.183333333333334
392184,SC Ganguly,Kolkata Knight Riders,0,6,8,8.0,0.8,6.9833333333333325
392186,SC Ganguly,Kolkata Knight Riders,2,24,24,6.0,1.0,7.65
392190,SC Ganguly,Kolkata Knight Riders,0,18,24,8.0,0.6,7.95
392197,SC Ganguly,Kolkata Knight Riders,0,7,16,13.714285714285714,0.6,9.542857142857143
392199,SC Ganguly,Kolkata Knight Riders,0,12,17,8.5,0.4,8.842857142857143
392207,SC Ganguly,Kolkata Knight Riders,0,6,9,9.0,0.4,9.042857142857143
419109,SC Ganguly,Kolkata Knight Riders,0,12,18,9.0,0.0,9.642857142857142
419144,SC Ganguly,Kolkata Knight Riders,0,7,12,10.285714285714285,0.0,10.1
419161,SC Ganguly,Kolkata Knight Riders,0,6,13,13.0,0.0,9.957142857142857
548333,SC Ganguly,Pune Warriors,3,24,28,7.0,0.6,9.657142857142857
548337,SC Ganguly,Pune Warriors,0,6,12,12.0,0.6,10.257142857142856
548348,SC Ganguly,Pune Warriors,0,18,40,13.333333333333334,0.6,11.123809523809523
548375,SC Ganguly,Pune Warriors,0,13,17,7.846153846153847,0.6,10.635897435897437
419135,SE Bond,Kolkata Knight Riders,1,26,28,6.461538461538462,1.0,7.760974358974359
419139,SE Bond,Kolkata Knight Riders,1,25,33,7.919999999999999,1.2,7.694974358974359
419158,SE Bond,Kolkata Knight Riders,1,25,20,4.8,1.0,7.054974358974358
419161,SE Bond,Kolkata Knight Riders,2,24,24,6.0,1.4,6.188307692307691
1178428,SE Rutherford,Delhi Capitals,0,5,2,2.4,0.2,6.794285714285714
1181766,SE Rutherford,Delhi Capitals,0,7,11,9.428571428571429,0.2,7.68
1426270,SH Johnson,Gujarat Titans,1,14,22,9.428571428571429,0.8,9.713714285714286
419132,SJ Srivastava,Kings XI Punjab,1,27,28,6.222222222222222,1.0,8.171212121212122
419136,SJ Srivastava,Kings XI Punjab,1,12,21,10.5,1.0,8.321212121212122
419139,SJ Srivastava,Kings XI Punjab,0,20,35,10.5,1.0,8.921212121212122
419156,SJ Srivastava,Kings XI Punjab,0,26,36,8.307692307692308,0.8,8.36052836052836
501223,SJ Srivastava,Kings XI Punjab,0,26,47,10.846153846153847,0.4,9.275213675213676
501248,SJ Srivastava,Kings XI Punjab,2,20,20,6.0,0.6,9.23076923076923
501251,SJ Srivastava,Kings XI Punjab,1,13,17,7.846153846153847,0.6,8.700000000000001
501254,SJ Srivastava,Kings XI Punjab,2,26,34,7.846153846153847,1.0,8.169230769230769
501257,SJ Srivastava,Kings XI Punjab,2,25,39,9.36,1.4,8.379692307692308
501260,SJ Srivastava,Kings XI Punjab,2,18,30,10.0,1.8,8.210461538461539
392206,SK Raina,Chennai Super Kings,0,6,7,7.0,1.0,6.9
392209,SK Raina,Chennai Super Kings,1,10,12,7.199999999999999,1.2,6.840000000000001
392214,SK Raina,Chennai Super Kings,0,12,10,5.0,0.8,5.84
392217,SK Raina,Chennai Super Kings,1,18,21,7.0,0.6,6.34
392227,SK Raina,Chennai Super Kings,1,24,23,5.75,0.6,6.39
392231,SK Raina,Chennai Super Kings,0,18,25,8.333333333333334,0.6,6.656666666666666
392234,SK Raina,Chennai Super Kings,2,25,18,4.319999999999999,0.8,6.080666666666667
392238,SK Raina,Chennai Super Kings,0,18,24,8.0,0.8,6.680666666666667
419113,SK Raina,Chennai Super Kings,0,6,6,6.0,0.6,6.480666666666667
419116,SK Raina,Chennai Super Kings,0,6,12,12.0,0.4,7.730666666666667
419121,SK Raina,Chennai Super Kings,0,11,13,7.090909090909091,0.4,7.482181818181817
419129,SK Raina,Chennai Super Kings,0,12,15,7.5,0.0,8.118181818181817
419137,SK Raina,Chennai Super Kings,0,6,9,9.0,0.0,8.318181818181817
419142,SK Raina,Chennai Super Kings,1,16,13,4.875,0.2,8.093181818181817
419147,SK Raina,Chennai Super Kings,1,20,26,7.8,0.4,7.253181818181818
419153,SK Raina,Chennai Super Kings,1,12,18,9.0,0.6,7.635
419155,SK Raina,Chennai Super Kings,0,18,15,5.0,0.6,7.135
419159,SK Raina,Chennai Super Kings,1,24,33,8.25,0.8,6.984999999999999
419163,SK Raina,Chennai Super Kings,1,2,0,0.0,0.8,6.01
419165,SK Raina,Chennai Super Kings,2,14,21,9.0,1.0,6.25
501198,SK Raina,Chennai Super Kings,2,6,3,3.0,1.2,5.05
501206,SK Raina,Chennai Super Kings,0,6,12,12.0,1.2,6.45
501211,SK Raina,Chennai Super Kings,0,7,10,8.571428571428571,1.0,6.514285714285714
501221,SK Raina,Chennai Super Kings,0,12,22,11.0,0.8,8.714285714285714
501226,SK Raina,Chennai Super Kings,0,12,11,5.5,0.4,8.014285714285714
501228,SK Raina,Chennai Super Kings,0,18,17,5.666666666666667,0.0,8.547619047619047
501249,SK Raina,Chennai Super Kings,2,3,0,0.0,0.4,6.147619047619047
501253,SK Raina,Chennai Super Kings,0,25,19,4.56,0.4,5.3453333333333335
501261,SK Raina,Chennai Super Kings,0,26,26,6.0,0.4,4.3453333333333335
501266,SK Raina,Chennai Super Kings,0,28,40,8.571428571428571,0.4,4.959619047619047
501268,SK Raina,Chennai Super Kings,0,6,8,8.0,0.4,5.426285714285714
501271,SK Raina,Chennai Super Kings,1,24,41,10.25,0.2,7.476285714285714
548311,SK Raina,Chennai Super Kings,1,12,10,5.0,0.4,7.564285714285714
548318,SK Raina,Chennai Super Kings,0,7,21,18.0,0.4,9.964285714285714
548322,SK Raina,Chennai Super Kings,0,24,22,5.5,0.4,9.35
548343,SK Raina,Chennai Super Kings,0,6,8,8.0,0.4,9.35
548347,SK Raina,Chennai Super Kings,0,18,22,7.333333333333333,0.2,8.766666666666667
548352,SK Raina,Chennai Super Kings,1,6,6,6.0,0.2,8.966666666666667
548368,SK Raina,Chennai Super Kings,0,12,17,8.5,0.2,7.066666666666667
598041,SK Raina,Chennai Super Kings,0,6,19,19.0,0.2,9.766666666666667
598051,SK Raina,Chennai Super Kings,1,6,4,4.0,0.4,8.966666666666667
729297,SK Raina,Chennai Super Kings,0,12,6,3.0,0.4,8.1
729303,SK Raina,Chennai Super Kings,0,18,32,10.666666666666666,0.2,9.033333333333333
733971,SK Raina,Chennai Super Kings,0,6,10,10.0,0.2,9.333333333333334
734013,SK Raina,Chennai Super Kings,0,24,21,5.25,0.2,6.583333333333334
734023,SK Raina,Chennai Super Kings,0,6,9,9.0,0.0,7.583333333333334
734029,SK Raina,Chennai Super Kings,1,12,17,8.5,0.2,8.683333333333334
734035,SK Raina,Chennai Super Kings,0,25,27,6.4799999999999995,0.2,7.846000000000001
734045,SK Raina,Chennai Super Kings,0,6,13,13.0,0.2,8.446000000000002
829765,SK Raina,Chennai Super Kings,0,19,12,3.7894736842105265,0.2,8.153894736842107
829773,SK Raina,Chennai Super Kings,2,26,29,6.6923076923076925,0.6,7.692356275303645
829801,SK Raina,Chennai Super Kings,0,6,8,8.0,0.4,7.592356275303645
829809,SK Raina,Chennai Super Kings,0,7,8,6.857142857142857,0.4,7.667784846732216
829821,SK Raina,Chennai Super Kings,1,20,37,11.1,0.6,7.287784846732217
980929,SK Raina,Gujarat Lions,0,13,16,7.384615384615385,0.6,8.006813186813186
980945,SK Raina,Gujarat Lions,0,12,18,9.0,0.2,8.468351648351648
980961,SK Raina,Gujarat Lions,0,24,35,8.75,0.2,8.618351648351648
981017,SK Raina,Gujarat Lions,0,12,15,7.5,0.2,8.746923076923078
1082596,SK Raina,Gujarat Lions,0,12,24,12.0,0.0,8.926923076923078
1082603,SK Raina,Gujarat Lions,0,6,9,9.0,0.0,9.25
1082613,SK Raina,Gujarat Lions,1,12,11,5.5,0.2,8.55
1082616,SK Raina,Gujarat Lions,0,6,6,6.0,0.2,8.0
1082625,SK Raina,Gujarat Lions,0,24,28,7.0,0.2,7.9
1082632,SK Raina,Gujarat Lions,0,12,24,12.0,0.2,7.9
1175356,SK Raina,Chennai Super Kings,0,6,6,6.0,0.2,7.3
336000,SK Trivedi,Rajasthan Royals,3,26,31,7.153846153846154,1.2,8.184644303065356
336005,SK Trivedi,Rajasthan Royals,0,12,17,8.5,1.2,8.056072874493927
336008,SK Trivedi,Rajasthan Royals,0,18,24,8.0,0.8,8.406072874493926
336011,SK Trivedi,Rajasthan Royals,2,18,9,3.0,1.2,6.6692307692307695
336015,SK Trivedi,Rajasthan Royals,2,25,29,6.959999999999999,1.4,6.722769230769231
336019,SK Trivedi,Rajasthan Royals,0,24,48,12.0,0.8,7.692
336023,SK Trivedi,Rajasthan Royals,1,13,23,10.615384615384617,1.0,8.115076923076924
336027,SK Trivedi,Rajasthan Royals,1,18,26,8.666666666666666,1.2,8.248410256410256
336036,SK Trivedi,Rajasthan Royals,2,26,34,7.846153846153847,1.2,9.217641025641026
336038,SK Trivedi,Rajasthan Royals,1,18,22,7.333333333333333,1.0,9.292307692307691
336040,SK Trivedi,Rajasthan Royals,0,12,21,10.5,1.0,8.992307692307694
392202,SK Trivedi,Rajasthan Royals,0,19,35,11.052631578947368,0.8,9.079757085020244
392205,SK Trivedi,Rajasthan Royals,1,12,13,6.5,0.8,8.646423751686909
392210,SK Trivedi,Rajasthan Royals,1,24,20,5.0,0.6,8.07719298245614
392217,SK Trivedi,Rajasthan Royals,1,19,23,7.2631578947368425,0.6,8.063157894736843
392220,SK Trivedi,Rajasthan Royals,1,18,33,11.0,0.8,8.163157894736843
392225,SK Trivedi,Rajasthan Royals,2,25,19,4.56,1.2,6.8646315789473675
392230,SK Trivedi,Rajasthan Royals,0,6,9,9.0,1.0,7.3646315789473675
419118,SK Trivedi,Rajasthan Royals,1,24,27,6.75,1.0,7.714631578947367
419124,SK Trivedi,Rajasthan Royals,2,26,26,6.0,1.2,7.462000000000001
419126,SK Trivedi,Rajasthan Royals,0,18,35,11.666666666666666,1.0,7.5953333333333335
419129,SK Trivedi,Rajasthan Royals,1,24,19,4.75,0.8,7.633333333333335
419134,SK Trivedi,Rajasthan Royals,0,24,37,9.25,0.8,7.683333333333333
419141,SK Trivedi,Rajasthan Royals,4,18,16,5.333333333333333,1.4,7.4
419143,SK Trivedi,Rajasthan Royals,2,25,22,5.279999999999999,1.4,7.256
419150,SK Trivedi,Rajasthan Royals,1,25,35,8.399999999999999,1.6,6.602666666666667
419154,SK Trivedi,Rajasthan Royals,2,22,33,9.0,1.8,7.452666666666667
419158,SK Trivedi,Rajasthan Royals,0,12,16,8.0,1.8,7.202666666666667
501199,SK Trivedi,Rajasthan Royals,3,24,15,3.75,1.6,6.885999999999998
501204,SK Trivedi,Rajasthan Royals,1,26,37,8.538461538461538,1.4,7.537692307692308
501209,SK Trivedi,Rajasthan Royals,0,25,34,8.16,1.2,7.489692307692307
501214,SK Trivedi,Rajasthan Royals,0,6,8,8.0,0.8,7.289692307692308
501220,SK Trivedi,Rajasthan Royals,0,28,59,12.642857142857142,0.8,8.218263736263737
501225,SK Trivedi,Rajasthan Royals,4,24,20,5.0,1.0,8.468263736263737
501231,SK Trivedi,Rajasthan Royals,0,12,14,7.0,0.8,8.160571428571428
501235,SK Trivedi,Rajasthan Royals,4,24,29,7.25,1.6,7.9785714285714295
501240,SK Trivedi,Rajasthan Royals,1,25,37,8.879999999999999,1.8,8.154571428571428
501249,SK Trivedi,Rajasthan Royals,0,12,33,16.5,1.8,8.925999999999998
501252,SK Trivedi,Rajasthan Royals,0,12,12,6.0,1.0,9.126
501263,SK Trivedi,Rajasthan Royals,0,6,9,9.0,1.0,9.526
548309,SK Trivedi,Rajasthan Royals,1,25,33,7.919999999999999,0.4,9.66
548312,SK Trivedi,Rajasthan Royals,2,24,25,6.25,0.6,9.134
548317,SK Trivedi,Rajasthan Royals,0,18,26,8.666666666666666,0.6,7.567333333333333
548320,SK Trivedi,Rajasthan Royals,0,19,25,7.894736842105264,0.6,7.946280701754387
548324,SK Trivedi,Rajasthan Royals,4,25,25,6.0,1.4,7.346280701754386
548326,SK Trivedi,Rajasthan Royals,1,25,28,6.72,1.4,7.106280701754386
548332,SK Trivedi,Rajasthan Royals,0,24,31,7.75,1.0,7.406280701754386
548336,SK Trivedi,Rajasthan Royals,0,25,46,11.04,1.0,7.880947368421053
548354,SK Trivedi,Rajasthan Royals,1,24,28,7.0,1.2,7.702
548358,SK Trivedi,Rajasthan Royals,1,19,20,6.315789473684211,0.6,7.765157894736842
548361,SK Trivedi,Rajasthan Royals,2,25,18,4.319999999999999,0.8,7.285157894736843
548365,SK Trivedi,Rajasthan Royals,0,18,24,8.0,0.8,7.3351578947368425
548373,SK Trivedi,Rajasthan Royals,2,26,20,4.615384615384616,1.2,6.050234817813765
548377,SK Trivedi,Rajasthan Royals,0,27,38,8.444444444444445,1.0,6.339123706702654
598001,SK Trivedi,Rajasthan Royals,0,24,36,9.0,0.8,6.875965811965811
598005,SK Trivedi,Rajasthan Royals,3,24,23,5.75,1.0,7.161965811965812
598009,SK Trivedi,Rajasthan Royals,0,25,31,7.4399999999999995,1.0,7.049965811965812
598014,SK Trivedi,Rajasthan Royals,2,24,21,5.25,1.0,7.176888888888888
598019,SK Trivedi,Rajasthan Royals,1,24,18,4.5,1.2,6.388
598023,SK Trivedi,Rajasthan Royals,0,25,27,6.4799999999999995,1.2,5.884
598026,SK Trivedi,Rajasthan Royals,0,19,32,10.105263157894738,0.6,6.755052631578948
598032,SK Trivedi,Rajasthan Royals,0,20,26,7.8,0.6,6.827052631578948
598036,SK Trivedi,Rajasthan Royals,1,18,23,7.666666666666667,0.4,7.310385964912281
598043,SK Trivedi,Rajasthan Royals,0,19,24,7.578947368421053,0.2,7.926175438596492
598047,SK Trivedi,Rajasthan Royals,1,25,33,7.919999999999999,0.4,8.214175438596492
598049,SK Trivedi,Rajasthan Royals,1,24,22,5.5,0.6,7.293122807017544
598052,SK Trivedi,Rajasthan Royals,0,12,18,9.0,0.6,7.533122807017543
598058,SK Trivedi,Rajasthan Royals,0,13,22,10.153846153846155,0.4,8.030558704453442
598065,SK Trivedi,Rajasthan Royals,1,24,24,6.0,0.6,7.714769230769231
598071,SK Trivedi,Rajasthan Royals,1,24,20,5.0,0.6,7.13076923076923
598072,SK Trivedi,Rajasthan Royals,1,24,25,6.25,0.6,7.280769230769231
336000,SK Warne,Rajasthan Royals,1,13,20,9.230769230769232,1.6,7.852153846153845
336005,SK Warne,Rajasthan Royals,1,18,29,9.666666666666666,1.8,8.185487179487179
336008,SK Warne,Rajasthan Royals,1,14,19,8.142857142857142,1.4,8.864058608058608
336011,SK Warne,Rajasthan Royals,2,24,20,5.0,1.4,7.608058608058608
336015,SK Warne,Rajasthan Royals,0,24,47,11.75,1.0,8.758058608058608
336023,SK Warne,Rajasthan Royals,3,24,23,5.75,1.4,8.061904761904762
336027,SK Warne,Rajasthan Royals,0,18,22,7.333333333333333,1.2,7.595238095238095
336033,SK Warne,Rajasthan Royals,2,25,36,8.639999999999999,1.4,7.694666666666666
336036,SK Warne,Rajasthan Royals,1,25,31,7.4399999999999995,1.2,8.182666666666666
336038,SK Warne,Rajasthan Royals,2,24,21,5.25,1.6,6.882666666666667
336040,SK Warne,Rajasthan Royals,0,25,35,8.399999999999999,1.0,7.4126666666666665
392182,SK Warne,Rajasthan Royals,2,24,19,4.75,1.4,6.895999999999999
392190,SK Warne,Rajasthan Royals,2,26,25,5.76923076923077,1.4,6.321846153846154
392195,SK Warne,Rajasthan Royals,0,24,37,9.25,1.2,6.683846153846154
392198,SK Warne,Rajasthan Royals,2,24,32,8.0,1.2,7.233846153846154
392202,SK Warne,Rajasthan Royals,1,25,25,6.0,1.4,6.753846153846155
392205,SK Warne,Rajasthan Royals,0,19,30,9.473684210526317,1.0,7.698582995951417
392210,SK Warne,Rajasthan Royals,2,20,38,11.4,1.0,8.824736842105263
392213,SK Warne,Rajasthan Royals,0,24,23,5.75,1.0,8.124736842105262
392217,SK Warne,Rajasthan Royals,1,27,27,6.0,0.8,7.724736842105263
392220,SK Warne,Rajasthan Royals,1,24,36,9.0,0.8,8.324736842105263
392225,SK Warne,Rajasthan Royals,3,27,25,5.555555555555555,1.4,7.541111111111111
392230,SK Warne,Rajasthan Royals,0,24,28,7.0,1.0,6.661111111111111
392233,SK Warne,Rajasthan Royals,0,25,24,5.76,1.0,6.663111111111111
419107,SK Warne,Rajasthan Royals,0,19,31,9.789473684210527,0.8,7.421005847953216
419111,SK Warne,Rajasthan Royals,1,24,22,5.5,0.8,6.721005847953217
419115,SK Warne,Rajasthan Royals,0,12,12,6.0,0.2,6.8098947368421054
419118,SK Warne,Rajasthan Royals,0,24,28,7.0,0.2,6.8098947368421054
419124,SK Warne,Rajasthan Royals,1,25,40,9.6,0.4,7.577894736842106
419126,SK Warne,Rajasthan Royals,2,24,15,3.75,0.8,6.37
419129,SK Warne,Rajasthan Royals,1,24,34,8.5,0.8,6.970000000000001
419134,SK Warne,Rajasthan Royals,1,24,26,6.5,1.0,7.07
419137,SK Warne,Rajasthan Royals,1,18,35,11.666666666666666,1.2,8.003333333333334
419141,SK Warne,Rajasthan Royals,4,24,22,5.5,1.8,7.183333333333333
419143,SK Warne,Rajasthan Royals,0,19,42,13.263157894736842,1.4,9.085964912280701
419150,SK Warne,Rajasthan Royals,0,25,34,8.16,1.2,9.017964912280702
419154,SK Warne,Rajasthan Royals,1,24,28,7.0,1.2,9.117964912280701
419158,SK Warne,Rajasthan Royals,0,19,20,6.315789473684211,1.0,8.04778947368421
501199,SK Warne,Rajasthan Royals,2,25,21,5.04,0.6,7.955789473684211
501204,SK Warne,Rajasthan Royals,2,24,18,4.5,1.0,6.203157894736842
501209,SK Warne,Rajasthan Royals,0,24,28,7.0,1.0,5.971157894736843
501214,SK Warne,Rajasthan Royals,1,24,17,4.25,1.0,5.421157894736842
501220,SK Warne,Rajasthan Royals,1,24,50,12.5,1.2,6.6579999999999995
501225,SK Warne,Rajasthan Royals,3,24,16,4.0,1.4,6.45
501231,SK Warne,Rajasthan Royals,1,25,13,3.1199999999999997,1.2,6.174
501235,SK Warne,Rajasthan Royals,1,24,31,7.75,1.4,6.324
501240,SK Warne,Rajasthan Royals,0,18,14,4.666666666666667,1.2,6.407333333333334
501249,SK Warne,Rajasthan Royals,1,26,34,7.846153846153847,1.2,5.476564102564103
501252,SK Warne,Rajasthan Royals,1,24,26,6.5,0.8,5.976564102564103
501263,SK Warne,Rajasthan Royals,1,24,30,7.5,0.8,6.852564102564102
392203,SL Malinga,Mumbai Indians,1,26,23,5.307692307692308,2.4,4.729615384615385
392208,SL Malinga,Mumbai Indians,0,19,25,7.894736842105264,1.8,5.3854858299595145
392212,SL Malinga,Mumbai Indians,2,26,26,6.0,1.6,5.433485829959515
392215,SL Malinga,Mumbai Indians,1,27,30,6.666666666666667,1.2,5.941819163292848
392218,SL Malinga,Mumbai Indians,1,29,37,7.655172413793104,1.0,6.704853646051468
392222,SL Malinga,Mumbai Indians,2,31,33,6.387096774193548,1.2,6.920734539351716
392225,SL Malinga,Mumbai Indians,1,25,28,6.72,1.4,6.685787170930664
392227,SL Malinga,Mumbai Indians,1,25,23,5.52,1.2,6.589787170930663
392235,SL Malinga,Mumbai Indians,1,26,38,8.76923076923077,1.2,7.0102999914434845
419107,SL Malinga,Mumbai Indians,3,25,22,5.279999999999999,1.6,6.535265508684863
419114,SL Malinga,Mumbai Indians,1,13,22,10.153846153846155,1.4,7.288615384615385
419119,SL Malinga,Mumbai Indians,0,24,25,6.25,1.2,7.194615384615385
419122,SL Malinga,Mumbai Indians,0,26,33,7.615384615384616,1.0,7.613692307692308
419125,SL Malinga,Mumbai Indians,0,28,43,9.214285714285714,0.8,7.702703296703296
419130,SL Malinga,Mumbai Indians,3,23,13,3.391304347826087,0.8,7.324964166268513
419132,SL Malinga,Mumbai Indians,4,26,28,6.461538461538462,1.4,6.586502627806975
419138,SL Malinga,Mumbai Indians,1,21,20,5.714285714285714,1.6,6.479359770664118
419142,SL Malinga,Mumbai Indians,0,26,37,8.538461538461538,1.6,6.663975155279502
419146,SL Malinga,Mumbai Indians,2,24,36,9.0,2.0,6.62111801242236
419150,SL Malinga,Mumbai Indians,0,24,23,5.75,1.4,7.092857142857143
419162,SL Malinga,Mumbai Indians,2,25,25,6.0,1.0,7.000549450549451
419165,SL Malinga,Mumbai Indians,1,25,33,7.919999999999999,1.0,7.441692307692307
501201,SL Malinga,Mumbai Indians,5,23,13,3.391304347826087,2.0,6.412260869565218
501205,SL Malinga,Mumbai Indians,2,25,32,7.68,2.0,6.148260869565218
501210,SL Malinga,Mumbai Indians,2,27,43,9.555555555555555,2.4,6.909371980676329
501218,SL Malinga,Mumbai Indians,2,26,28,6.461538461538462,2.4,7.001679672984021
501221,SL Malinga,Mumbai Indians,2,27,20,4.444444444444445,2.6,6.3065685618729095
501224,SL Malinga,Mumbai Indians,3,24,14,3.5,2.2,6.328307692307692
501231,SL Malinga,Mumbai Indians,1,24,21,5.25,2.0,5.842307692307692
501237,SL Malinga,Mumbai Indians,2,24,21,5.25,2.0,4.981196581196581
501241,SL Malinga,Mumbai Indians,3,27,25,5.555555555555555,2.2,4.8
501246,SL Malinga,Mumbai Indians,2,23,19,4.956521739130435,2.2,4.902415458937198
501251,SL Malinga,Mumbai Indians,3,25,29,6.959999999999999,2.2,5.594415458937197
501256,SL Malinga,Mumbai Indians,1,24,18,4.5,2.2,5.444415458937198
501263,SL Malinga,Mumbai Indians,0,24,42,10.5,1.8,6.494415458937198
501267,SL Malinga,Mumbai Indians,1,25,24,5.76,1.4,6.535304347826086
501269,SL Malinga,Mumbai Indians,1,25,20,4.8,1.2,6.504
501270,SL Malinga,Mumbai Indians,0,24,24,6.0,0.6,6.311999999999999
548306,SL Malinga,Mumbai Indians,4,25,16,3.84,1.2,6.18
548308,SL Malinga,Mumbai Indians,2,25,20,4.8,1.6,5.04
548314,SL Malinga,Mumbai Indians,3,24,27,6.75,2.0,5.2379999999999995
548317,SL Malinga,Mumbai Indians,2,24,13,3.25,2.2,4.928
548342,SL Malinga,Mumbai Indians,2,26,31,7.153846153846154,2.6,5.158769230769231
548346,SL Malinga,Mumbai Indians,4,24,16,4.0,2.6,5.190769230769231
548351,SL Malinga,Mumbai Indians,2,27,25,5.555555555555555,2.6,5.341880341880342
548355,SL Malinga,Mumbai Indians,4,25,25,6.0,2.8,5.191880341880342
548360,SL Malinga,Mumbai Indians,0,25,20,4.8,2.4,5.501880341880342
548363,SL Malinga,Mumbai Indians,0,24,28,7.0,2.0,5.471111111111111
548367,SL Malinga,Mumbai Indians,0,26,29,6.6923076923076925,1.2,6.009572649572649
548370,SL Malinga,Mumbai Indians,1,26,32,7.384615384615385,1.0,6.375384615384616
548377,SL Malinga,Mumbai Indians,1,25,32,7.68,0.4,6.711384615384615
548379,SL Malinga,Mumbai Indians,0,25,41,9.84,0.4,7.719384615384615
598006,SL Malinga,Mumbai Indians,2,24,21,5.25,0.8,7.369384615384615
598011,SL Malinga,Mumbai Indians,1,24,23,5.75,1.0,7.180923076923077
598019,SL Malinga,Mumbai Indians,0,24,36,9.0,0.8,7.504
598024,SL Malinga,Mumbai Indians,1,24,26,6.5,0.8,7.268000000000001
598029,SL Malinga,Mumbai Indians,2,24,27,6.75,1.2,6.65
598033,SL Malinga,Mumbai Indians,0,24,25,6.25,0.8,6.85
598037,SL Malinga,Mumbai Indians,1,25,40,9.6,0.8,7.62
598039,SL Malinga,Mumbai Indians,0,18,23,7.666666666666667,0.8,7.3533333333333335
598046,SL Malinga,Mumbai Indians,2,18,6,2.0,1.0,6.453333333333333
598050,SL Malinga,Mumbai Indians,2,20,15,4.5,1.0,6.003333333333333
598055,SL Malinga,Mumbai Indians,2,25,28,6.72,1.4,6.097333333333333
598060,SL Malinga,Mumbai Indians,2,25,26,6.239999999999999,1.6,5.425333333333333
598063,SL Malinga,Mumbai Indians,1,25,36,8.639999999999999,1.8,5.619999999999999
598066,SL Malinga,Mumbai Indians,4,25,40,9.6,2.2,7.139999999999999
598070,SL Malinga,Mumbai Indians,0,24,46,11.5,1.8,8.54
598072,SL Malinga,Mumbai Indians,1,27,43,9.555555555555555,1.6,9.107111111111111
598073,SL Malinga,Mumbai Indians,2,26,23,5.307692307692308,1.6,8.920649572649571
729279,SL Malinga,Mumbai Indians,4,25,27,6.4799999999999995,2.2,8.488649572649573
729287,SL Malinga,Mumbai Indians,1,21,29,8.285714285714286,1.6,8.225792429792431
729303,SL Malinga,Mumbai Indians,0,26,23,5.307692307692308,1.6,6.987330891330892
729309,SL Malinga,Mumbai Indians,2,25,22,5.279999999999999,1.8,6.13221978021978
729317,SL Malinga,Mumbai Indians,1,24,29,7.25,1.6,6.520681318681319
733973,SL Malinga,Mumbai Indians,1,24,25,6.25,1.0,6.47468131868132
733983,SL Malinga,Mumbai Indians,2,24,29,7.25,1.2,6.267538461538462
733995,SL Malinga,Mumbai Indians,3,25,17,4.08,1.8,6.022
734001,SL Malinga,Mumbai Indians,2,24,36,9.0,1.8,6.766
734009,SL Malinga,Mumbai Indians,1,25,30,7.199999999999999,1.8,6.756
829705,SL Malinga,Mumbai Indians,0,25,28,6.72,1.6,6.85
829717,SL Malinga,Mumbai Indians,2,25,35,8.399999999999999,1.6,7.08
829721,SL Malinga,Mumbai Indians,1,25,41,9.84,1.2,8.232
829729,SL Malinga,Mumbai Indians,1,28,40,8.571428571428571,1.0,8.146285714285714
829737,SL Malinga,Mumbai Indians,1,26,35,8.076923076923077,1.0,8.32167032967033
829747,SL Malinga,Mumbai Indians,1,27,24,5.333333333333333,1.2,8.044336996336996
829751,SL Malinga,Mumbai Indians,4,25,24,5.76,1.6,7.516336996336996
829769,SL Malinga,Mumbai Indians,1,24,35,8.75,1.6,7.298336996336997
829775,SL Malinga,Mumbai Indians,4,25,32,7.68,2.2,7.120051282051281
829783,SL Malinga,Mumbai Indians,2,24,34,8.5,2.4,7.204666666666665
829795,SL Malinga,Mumbai Indians,1,25,27,6.4799999999999995,2.4,7.433999999999999
829805,SL Malinga,Mumbai Indians,1,24,32,8.0,1.8,7.882
829815,SL Malinga,Mumbai Indians,2,25,17,4.08,2.0,6.948
829817,SL Malinga,Mumbai Indians,3,24,23,5.75,1.8,6.562
829823,SL Malinga,Mumbai Indians,2,26,26,6.0,1.8,6.062
1082597,SL Malinga,Mumbai Indians,2,26,36,8.307692307692308,2.0,6.427538461538461
1082600,SL Malinga,Mumbai Indians,1,25,32,7.68,2.0,6.363538461538462
1082606,SL Malinga,Mumbai Indians,1,27,51,11.333333333333334,1.8,7.814205128205129
1082612,SL Malinga,Mumbai Indians,0,26,58,13.384615384615385,1.2,9.341128205128205
1082625,SL Malinga,Mumbai Indians,2,28,33,7.071428571428571,1.2,9.555413919413919
1082628,SL Malinga,Mumbai Indians,0,24,32,8.0,0.8,9.493875457875458
1082635,SL Malinga,Mumbai Indians,2,12,6,3.0,1.0,8.557875457875458
1082638,SL Malinga,Mumbai Indians,1,25,34,8.16,1.0,7.923208791208792
1082641,SL Malinga,Mumbai Indians,0,28,45,9.642857142857142,1.0,7.174857142857142
1082647,SL Malinga,Mumbai Indians,1,18,14,4.666666666666667,0.8,6.693904761904763
1082649,SL Malinga,Mumbai Indians,1,23,26,6.782608695652174,1.0,6.4504265010351975
1082650,SL Malinga,Mumbai Indians,0,25,21,5.04,0.6,6.858426501035197
1175362,SL Malinga,Mumbai Indians,0,26,47,10.846153846153847,0.4,7.395657270265966
1175364,SL Malinga,Mumbai Indians,0,19,24,7.578947368421053,0.4,6.982875315378749
1175370,SL Malinga,Mumbai Indians,3,25,34,8.16,0.8,7.681541982045415
1178406,SL Malinga,Mumbai Indians,5,24,33,8.25,1.6,7.9750202429149795
1178409,SL Malinga,Mumbai Indians,1,25,41,9.84,1.8,8.93502024291498
1178411,SL Malinga,Mumbai Indians,0,19,32,10.105263157894738,1.8,8.786842105263158
1178419,SL Malinga,Mumbai Indians,4,22,37,10.090909090909092,2.6,9.289234449760766
1178422,SL Malinga,Mumbai Indians,0,24,48,12.0,2.0,10.057234449760767
1178426,SL Malinga,Mumbai Indians,0,24,44,11.0,1.0,10.607234449760766
1178431,SL Malinga,Mumbai Indians,3,27,36,8.0,1.4,10.239234449760765
1181764,SL Malinga,Mumbai Indians,0,20,27,8.1,1.4,9.83818181818182
1181768,SL Malinga,Mumbai Indians,2,25,49,11.76,1.0,10.172
1178399,SM Curran,Kings XI Punjab,2,25,54,12.959999999999999,1.6,9.308
1178403,SM Curran,Kings XI Punjab,0,18,31,10.333333333333334,1.2,8.878666666666666
1178412,SM Curran,Kings XI Punjab,0,24,34,8.5,0.4,9.538666666666666
1178427,SM Curran,Kings XI Punjab,0,26,41,9.461538461538462,0.4,9.750974358974359
1178430,SM Curran,Kings XI Punjab,3,25,35,8.399999999999999,1.0,9.930974358974359
1216492,SM Curran,Chennai Super Kings,1,24,29,7.25,0.8,8.78897435897436
1216496,SM Curran,Chennai Super Kings,3,25,33,7.919999999999999,1.4,8.30630769230769
1216501,SM Curran,Chennai Super Kings,2,24,27,6.75,1.8,7.956307692307692
1216506,SM Curran,Chennai Super Kings,0,12,15,7.5,1.8,7.563999999999998
1216509,SM Curran,Chennai Super Kings,1,25,35,8.399999999999999,1.4,7.563999999999998
1216513,SM Curran,Chennai Super Kings,0,18,31,10.333333333333334,1.2,8.180666666666665
1216516,SM Curran,Chennai Super Kings,0,20,37,11.1,0.6,8.816666666666666
1216525,SM Curran,Chennai Super Kings,1,29,48,9.931034482758621,0.4,9.452873563218391
1216528,SM Curran,Chennai Super Kings,2,18,18,6.0,0.8,9.15287356321839
1216533,SM Curran,Chennai Super Kings,0,6,7,7.0,0.6,8.872873563218391
1216536,SM Curran,Chennai Super Kings,0,18,21,7.0,0.6,8.206206896551723
1216539,SM Curran,Chennai Super Kings,1,25,28,6.72,0.8,7.330206896551724
1216544,SM Curran,Chennai Super Kings,3,21,19,5.428571428571429,1.2,6.429714285714286
1254059,SM Curran,Chennai Super Kings,0,12,24,12.0,0.8,7.629714285714286
1254065,SM Curran,Chennai Super Kings,1,19,12,3.7894736842105265,1.0,6.987609022556391
1254069,SM Curran,Chennai Super Kings,2,24,26,6.5,1.4,6.887609022556392
1254072,SM Curran,Chennai Super Kings,2,25,59,14.159999999999998,1.6,8.37560902255639
1254076,SM Curran,Chennai Super Kings,1,25,35,8.399999999999999,1.2,8.969894736842104
1254080,SM Curran,Chennai Super Kings,1,25,31,7.4399999999999995,1.4,8.057894736842105
1254084,SM Curran,Chennai Super Kings,3,25,34,8.16,1.8,8.931999999999999
1254089,SM Curran,Chennai Super Kings,0,27,55,12.222222222222221,1.4,10.076444444444444
1254098,SM Curran,Chennai Super Kings,0,27,56,12.444444444444445,1.0,9.73333333333333
1359476,SM Curran,Punjab Kings,1,18,38,12.666666666666666,1.0,10.586666666666668
1359482,SM Curran,Punjab Kings,1,24,45,11.25,1.0,11.348666666666666
1359488,SM Curran,Punjab Kings,0,18,14,4.666666666666667,0.4,10.65
1359492,SM Curran,Punjab Kings,1,23,26,6.782608695652174,0.6,9.56207729468599
1359495,SM Curran,Punjab Kings,3,26,31,7.153846153846154,1.2,8.503957636566332
1359501,SM Curran,Punjab Kings,0,25,33,7.919999999999999,1.0,7.554624303232998
1359505,SM Curran,Punjab Kings,0,19,41,12.947368421052632,0.8,7.894097987443525
1359512,SM Curran,Punjab Kings,1,18,38,12.666666666666666,1.0,9.494097987443526
1359515,SM Curran,Punjab Kings,1,27,46,10.222222222222221,1.0,10.182020692757536
1359520,SM Curran,Punjab Kings,0,19,41,12.947368421052632,0.4,11.34072514619883
1359527,SM Curran,Punjab Kings,0,19,44,13.894736842105264,0.4,12.535672514619884
1359533,SM Curran,Punjab Kings,0,12,18,9.0,0.4,11.746198830409359
1359538,SM Curran,Punjab Kings,2,25,36,8.639999999999999,0.6,10.940865497076022
1359540,SM Curran,Punjab Kings,1,26,46,10.615384615384617,0.6,11.019497975708502
1422120,SM Curran,Punjab Kings,0,7,10,8.571428571428571,0.6,10.14431000578369
1422124,SM Curran,Punjab Kings,1,18,30,10.0,0.8,9.365362637362637
1422129,SM Curran,Punjab Kings,3,24,28,7.0,1.4,8.965362637362636
1422135,SM Curran,Punjab Kings,0,12,19,9.5,1.0,9.137362637362639
1426261,SM Curran,Punjab Kings,2,25,41,9.84,1.2,8.982285714285714
1426265,SM Curran,Punjab Kings,2,25,25,6.0,1.6,8.468
1426271,SM Curran,Punjab Kings,2,26,42,9.692307692307693,1.8,8.406461538461539
1426275,SM Curran,Punjab Kings,1,12,18,9.0,1.4,8.806461538461539
1426280,SM Curran,Punjab Kings,1,24,60,15.0,1.6,9.906461538461539
1426287,SM Curran,Punjab Kings,0,19,41,12.947368421052632,1.2,10.527935222672065
1426291,SM Curran,Punjab Kings,1,24,34,8.5,1.0,11.027935222672065
1426296,SM Curran,Punjab Kings,1,20,50,15.0,0.8,12.089473684210526
1426303,SM Curran,Punjab Kings,2,18,24,8.0,1.0,11.889473684210525
335997,SM Pollock,Mumbai Indians,2,24,27,6.75,0.6,9.693684210526316
336004,SM Pollock,Mumbai Indians,2,24,16,4.0,1.0,9.643684210526315
336008,SM Pollock,Mumbai Indians,1,18,19,6.333333333333333,1.2,8.636666666666667
336012,SM Pollock,Mumbai Indians,0,24,23,5.75,1.0,7.866666666666667
336018,SM Pollock,Mumbai Indians,1,24,9,2.25,1.2,5.016666666666667
336021,SM Pollock,Mumbai Indians,4,25,12,2.88,1.6,4.242666666666667
336028,SM Pollock,Mumbai Indians,1,18,14,4.666666666666667,1.4,4.3759999999999994
336032,SM Pollock,Mumbai Indians,1,18,35,11.666666666666666,1.4,5.442666666666667
336036,SM Pollock,Mumbai Indians,0,25,26,6.239999999999999,1.4,5.540666666666667
598031,SMSM Senanayake,Kolkata Knight Riders,0,24,29,7.25,1.0,7.209999999999999
598043,SMSM Senanayake,Kolkata Knight Riders,2,26,26,6.0,1.2,7.45
598057,SMSM Senanayake,Kolkata Knight Riders,1,24,18,4.5,1.0,6.95
598061,SMSM Senanayake,Kolkata Knight Riders,1,24,22,5.5,1.0,7.15
1082618,SN Thakur,Rising Pune Supergiant,0,19,29,9.157894736842106,1.0,9.205789473684211
1082620,SN Thakur,Rising Pune Supergiant,0,21,33,9.428571428571429,0.8,8.751503759398496
1082629,SN Thakur,Rising Pune Supergiant,1,19,26,8.210526315789474,0.8,9.509398496240602
1082631,SN Thakur,Rising Pune Supergiant,0,18,21,7.0,0.2,9.159398496240602
1082634,SN Thakur,Rising Pune Supergiant,0,12,12,6.0,0.2,7.959398496240601
1082642,SN Thakur,Rising Pune Supergiant,0,18,36,12.0,0.2,8.52781954887218
1082645,SN Thakur,Rising Pune Supergiant,3,26,19,4.384615384615385,0.8,7.519028340080972
1082647,SN Thakur,Rising Pune Supergiant,4,25,37,8.879999999999999,1.4,7.652923076923076
1082650,SN Thakur,Rising Pune Supergiant,1,13,7,3.230769230769231,1.6,6.899076923076923
1136565,SN Thakur,Chennai Super Kings,1,24,38,9.5,1.8,7.5990769230769235
1136572,SN Thakur,Chennai Super Kings,2,18,33,11.0,2.2,7.399076923076923
1136577,SN Thakur,Chennai Super Kings,2,18,18,6.0,2.0,7.722153846153846
1136580,SN Thakur,Chennai Super Kings,1,25,45,10.799999999999999,1.4,8.106153846153846
1136584,SN Thakur,Chennai Super Kings,2,26,46,10.615384615384617,1.6,9.583076923076923
1136587,SN Thakur,Chennai Super Kings,0,25,38,9.12,1.4,9.507076923076923
1136595,SN Thakur,Chennai Super Kings,0,12,19,9.5,1.0,9.207076923076922
1136603,SN Thakur,Chennai Super Kings,1,25,22,5.279999999999999,0.8,9.063076923076924
1136606,SN Thakur,Chennai Super Kings,2,27,32,7.111111111111111,1.0,8.325299145299144
1136612,SN Thakur,Chennai Super Kings,1,24,27,6.75,0.8,7.5522222222222215
1136616,SN Thakur,Chennai Super Kings,2,24,34,8.5,1.2,7.428222222222222
1136617,SN Thakur,Chennai Super Kings,2,27,50,11.11111111111111,1.6,7.750444444444445
1136620,SN Thakur,Chennai Super Kings,1,20,31,9.299999999999999,1.6,8.554444444444444
1175360,SN Thakur,Chennai Super Kings,0,12,20,10.0,1.2,9.132222222222222
1175367,SN Thakur,Chennai Super Kings,2,25,43,10.319999999999999,1.4,9.846222222222222
1175370,SN Thakur,Chennai Super Kings,0,27,37,8.222222222222221,1.0,9.790666666666667
1178400,SN Thakur,Chennai Super Kings,2,25,44,10.559999999999999,1.0,9.680444444444444
1178404,SN Thakur,Chennai Super Kings,3,25,19,4.56,1.4,8.732444444444443
1178408,SN Thakur,Chennai Super Kings,0,21,31,8.857142857142858,1.4,8.503873015873015
1178414,SN Thakur,Chennai Super Kings,0,25,41,9.84,1.0,8.407873015873015
1181767,SN Thakur,Chennai Super Kings,0,6,13,13.0,1.0,9.363428571428571
1181768,SN Thakur,Chennai Super Kings,2,24,37,9.25,1.0,9.101428571428572
1216501,SN Thakur,Chennai Super Kings,2,26,31,7.153846153846154,0.8,9.620197802197803
1216506,SN Thakur,Chennai Super Kings,1,24,27,6.75,1.0,9.19876923076923
1216509,SN Thakur,Chennai Super Kings,1,24,39,9.75,1.2,9.180769230769231
1216513,SN Thakur,Chennai Super Kings,2,25,39,9.36,1.6,8.452769230769231
1216516,SN Thakur,Chennai Super Kings,1,26,32,7.384615384615385,1.4,8.079692307692309
1216521,SN Thakur,Chennai Super Kings,0,14,26,11.142857142857142,1.0,8.877494505494505
1216525,SN Thakur,Chennai Super Kings,2,26,41,9.461538461538462,1.2,9.419802197802198
1216528,SN Thakur,Chennai Super Kings,1,13,10,4.615384615384616,1.2,8.39287912087912
1216533,SN Thakur,Chennai Super Kings,0,25,34,8.16,0.8,8.15287912087912
1254059,SN Thakur,Chennai Super Kings,2,24,53,13.25,1.0,9.325956043956044
1254065,SN Thakur,Chennai Super Kings,0,25,35,8.399999999999999,1.0,8.777384615384616
1254069,SN Thakur,Chennai Super Kings,1,20,20,6.0,0.8,8.085076923076922
1254072,SN Thakur,Chennai Super Kings,1,24,48,12.0,0.8,9.562000000000001
1254076,SN Thakur,Chennai Super Kings,1,24,13,3.25,1.0,8.580000000000002
1254080,SN Thakur,Chennai Super Kings,0,25,44,10.559999999999999,0.6,8.041999999999998
1254084,SN Thakur,Chennai Super Kings,1,29,56,11.586206896551724,0.8,8.679241379310344
1254089,SN Thakur,Chennai Super Kings,2,26,30,6.923076923076923,1.0,8.863856763925728
1254091,SN Thakur,Chennai Super Kings,1,26,37,8.538461538461538,1.0,8.171549071618037
1254094,SN Thakur,Chennai Super Kings,3,18,28,9.333333333333334,1.4,9.388215738284703
1254098,SN Thakur,Chennai Super Kings,2,24,20,5.0,1.8,8.276215738284705
1254104,SN Thakur,Chennai Super Kings,1,26,29,6.6923076923076925,1.8,7.297435897435898
1254110,SN Thakur,Chennai Super Kings,2,24,13,3.25,1.8,6.5628205128205135
1254113,SN Thakur,Chennai Super Kings,2,24,31,7.75,2.0,6.4051282051282055
1254114,SN Thakur,Chennai Super Kings,0,20,36,10.799999999999999,1.4,6.6984615384615385
1254117,SN Thakur,Chennai Super Kings,3,29,38,7.862068965517242,1.6,7.2708753315649854
1304048,SN Thakur,Delhi Capitals,0,25,48,11.52,1.4,8.236413793103448
1304056,SN Thakur,Delhi Capitals,0,27,42,9.333333333333334,1.0,9.453080459770115
1304061,SN Thakur,Delhi Capitals,1,22,29,7.909090909090909,0.8,9.484898641588298
1304065,SN Thakur,Delhi Capitals,2,16,31,11.625,1.2,9.649898641588297
1304073,SN Thakur,Delhi Capitals,2,25,30,7.199999999999999,1.0,9.517484848484848
1304078,SN Thakur,Delhi Capitals,0,12,21,10.5,1.0,9.313484848484848
1304080,SN Thakur,Delhi Capitals,0,20,30,9.0,1.0,9.246818181818181
1304087,SN Thakur,Delhi Capitals,0,20,32,9.6,0.8,9.584999999999999
1304091,SN Thakur,Delhi Capitals,3,30,44,8.8,1.0,9.02
1304096,SN Thakur,Delhi Capitals,2,26,44,10.153846153846155,1.0,9.61076923076923
1304101,SN Thakur,Delhi Capitals,0,20,38,11.4,1.0,9.790769230769232
1304104,SN Thakur,Delhi Capitals,0,25,28,6.72,1.0,9.334769230769231
1304110,SN Thakur,Delhi Capitals,4,27,36,8.0,1.8,9.01476923076923
1304115,SN Thakur,Delhi Capitals,2,20,32,9.6,1.6,9.174769230769233
1359476,SN Thakur,Kolkata Knight Riders,0,25,43,10.319999999999999,1.2,9.207999999999998
1359483,SN Thakur,Kolkata Knight Riders,1,12,15,7.5,1.4,8.427999999999999
1359487,SN Thakur,Kolkata Knight Riders,0,19,42,13.263157894736842,1.4,9.736631578947367
1359493,SN Thakur,Kolkata Knight Riders,0,5,14,16.8,0.6,11.496631578947369
1359496,SN Thakur,Kolkata Knight Riders,1,13,25,11.53846153846154,0.4,11.884323886639676
1359521,SN Thakur,Kolkata Knight Riders,2,18,23,7.666666666666667,0.8,11.35365721997301
1359530,SN Thakur,Kolkata Knight Riders,0,7,18,15.428571428571427,0.6,12.939371505687296
1359535,SN Thakur,Kolkata Knight Riders,1,19,15,4.736842105263158,0.8,11.23410834779256
1359542,SN Thakur,Kolkata Knight Riders,2,14,27,11.571428571428571,1.2,10.188394062078274
1426260,SN Thakur,Chennai Super Kings,0,20,27,8.1,1.0,9.500701754385965
1426267,SN Thakur,Chennai Super Kings,0,24,35,8.75,0.6,9.717368421052631
1426277,SN Thakur,Chennai Super Kings,0,19,42,13.263157894736842,0.6,9.284285714285714
1426284,SN Thakur,Chennai Super Kings,1,25,27,6.4799999999999995,0.6,9.632917293233083
1426287,SN Thakur,Chennai Super Kings,1,24,48,12.0,0.4,9.71863157894737
1426291,SN Thakur,Chennai Super Kings,1,13,16,7.384615384615385,0.6,9.575554655870445
1426297,SN Thakur,Chennai Super Kings,0,24,26,6.5,0.6,9.125554655870445
1426299,SN Thakur,Chennai Super Kings,0,24,32,8.0,0.6,8.072923076923077
1426306,SN Thakur,Chennai Super Kings,2,24,62,15.5,0.8,9.876923076923076
548335,SP Narine,Kolkata Knight Riders,2,24,27,6.75,2.0,6.0600000000000005
548344,SP Narine,Kolkata Knight Riders,1,24,11,2.75,2.2,5.16
548347,SP Narine,Kolkata Knight Riders,2,24,25,6.25,2.4,5.3100000000000005
548353,SP Narine,Kolkata Knight Riders,2,24,17,4.25,1.8,5.2
548357,SP Narine,Kolkata Knight Riders,5,25,23,5.52,2.4,5.104
548363,SP Narine,Kolkata Knight Riders,0,24,29,7.25,2.0,5.204
548368,SP Narine,Kolkata Knight Riders,2,24,14,3.5,2.2,5.354
548370,SP Narine,Kolkata Knight Riders,4,19,15,4.736842105263158,2.6,5.051368421052631
548375,SP Narine,Kolkata Knight Riders,1,24,15,3.75,2.4,4.951368421052631
548378,SP Narine,Kolkata Knight Riders,2,24,24,6.0,1.8,5.0473684210526315
548381,SP Narine,Kolkata Knight Riders,0,24,37,9.25,1.8,5.447368421052632
597998,SP Narine,Kolkata Knight Riders,5,24,13,3.25,2.4,5.397368421052631
598005,SP Narine,Kolkata Knight Riders,2,24,29,7.25,2.0,5.9
598008,SP Narine,Kolkata Knight Riders,0,24,17,4.25,1.8,6.0
598013,SP Narine,Kolkata Knight Riders,1,24,31,7.75,1.6,6.35
598016,SP Narine,Kolkata Knight Riders,3,25,33,7.919999999999999,2.2,6.084
598022,SP Narine,Kolkata Knight Riders,1,24,21,5.25,1.4,6.484
598029,SP Narine,Kolkata Knight Riders,3,24,17,4.25,1.6,5.8839999999999995
598031,SP Narine,Kolkata Knight Riders,1,24,23,5.75,1.8,6.183999999999999
598034,SP Narine,Kolkata Knight Riders,1,24,35,8.75,1.8,6.3839999999999995
598040,SP Narine,Kolkata Knight Riders,0,24,14,3.5,1.2,5.5
598043,SP Narine,Kolkata Knight Riders,1,24,20,5.0,1.2,5.45
598050,SP Narine,Kolkata Knight Riders,1,25,29,6.959999999999999,0.8,5.992
598053,SP Narine,Kolkata Knight Riders,2,24,12,3.0,1.0,5.442
598057,SP Narine,Kolkata Knight Riders,4,24,22,5.5,1.6,4.792
598061,SP Narine,Kolkata Knight Riders,0,24,26,6.5,1.6,5.392
598069,SP Narine,Kolkata Knight Riders,1,25,11,2.6399999999999997,1.6,4.92
729279,SP Narine,Kolkata Knight Riders,4,24,24,6.0,2.2,4.728
729289,SP Narine,Kolkata Knight Riders,1,24,22,5.5,2.0,5.228
729299,SP Narine,Kolkata Knight Riders,1,24,17,4.25,1.4,4.978
729307,SP Narine,Kolkata Knight Riders,3,24,24,6.0,2.0,4.878
729315,SP Narine,Kolkata Knight Riders,0,30,39,7.8,1.8,5.91
733971,SP Narine,Kolkata Knight Riders,0,25,27,6.4799999999999995,1.0,6.006
733979,SP Narine,Kolkata Knight Riders,2,24,29,7.25,1.2,6.356
733985,SP Narine,Kolkata Knight Riders,1,24,38,9.5,1.2,7.406000000000001
733997,SP Narine,Kolkata Knight Riders,2,24,30,7.5,1.0,7.706
734009,SP Narine,Kolkata Knight Riders,1,24,18,4.5,1.2,7.046000000000001
734015,SP Narine,Kolkata Knight Riders,1,24,21,5.25,1.4,6.8
734023,SP Narine,Kolkata Knight Riders,1,24,24,6.0,1.2,6.55
734027,SP Narine,Kolkata Knight Riders,4,24,21,5.25,1.8,5.7
734037,SP Narine,Kolkata Knight Riders,0,24,21,5.25,1.4,5.25
734043,SP Narine,Kolkata Knight Riders,0,24,30,7.5,1.2,5.85
734049,SP Narine,Kolkata Knight Riders,1,25,47,11.28,1.2,7.056
829705,SP Narine,Kolkata Knight Riders,0,24,28,7.0,1.0,7.256
829713,SP Narine,Kolkata Knight Riders,0,24,30,7.5,0.2,7.706
829733,SP Narine,Kolkata Knight Riders,1,24,21,5.25,0.4,7.706
829739,SP Narine,Kolkata Knight Riders,1,24,39,9.75,0.6,8.156
829743,SP Narine,Kolkata Knight Riders,0,24,39,9.75,0.4,7.85
829761,SP Narine,Kolkata Knight Riders,0,25,31,7.4399999999999995,0.4,7.938
829791,SP Narine,Kolkata Knight Riders,4,24,19,4.75,1.2,7.388
829805,SP Narine,Kolkata Knight Riders,1,27,39,8.666666666666666,1.2,8.071333333333332
980915,SP Narine,Kolkata Knight Riders,0,24,26,6.5,1.0,7.421333333333332
980925,SP Narine,Kolkata Knight Riders,2,25,23,5.52,1.4,6.575333333333333
980939,SP Narine,Kolkata Knight Riders,1,24,33,8.25,1.6,6.737333333333334
980947,SP Narine,Kolkata Knight Riders,2,24,22,5.5,1.2,6.887333333333333
980951,SP Narine,Kolkata Knight Riders,1,19,22,6.947368421052632,1.2,6.543473684210527
980959,SP Narine,Kolkata Knight Riders,0,24,45,11.25,1.2,7.493473684210526
980989,SP Narine,Kolkata Knight Riders,1,22,12,3.272727272727273,1.0,7.0440191387559805
980995,SP Narine,Kolkata Knight Riders,1,24,34,8.5,1.0,7.09401913875598
981001,SP Narine,Kolkata Knight Riders,2,26,30,6.923076923076923,1.0,7.378634523371366
981009,SP Narine,Kolkata Knight Riders,3,24,28,7.0,1.4,7.38916083916084
981015,SP Narine,Kolkata Knight Riders,0,26,35,8.076923076923077,1.4,6.754545454545455
1082593,SP Narine,Kolkata Knight Riders,0,24,33,8.25,1.2,7.75
1082597,SP Narine,Kolkata Knight Riders,1,24,22,5.5,1.2,7.15
1082601,SP Narine,Kolkata Knight Riders,1,27,19,4.222222222222222,1.0,6.60982905982906
1082604,SP Narine,Kolkata Knight Riders,1,24,18,4.5,0.6,6.109829059829059
1082608,SP Narine,Kolkata Knight Riders,2,25,20,4.8,1.0,5.454444444444444
1082613,SP Narine,Kolkata Knight Riders,0,24,42,10.5,1.0,5.904444444444445
1082620,SP Narine,Kolkata Knight Riders,1,25,34,8.16,1.0,6.436444444444445
1082622,SP Narine,Kolkata Knight Riders,2,25,25,6.0,1.2,6.792
1082627,SP Narine,Kolkata Knight Riders,0,19,37,11.68421052631579,1.0,8.228842105263158
1082631,SP Narine,Kolkata Knight Riders,1,24,28,7.0,0.8,8.668842105263158
1082636,SP Narine,Kolkata Knight Riders,2,24,29,7.25,1.2,8.018842105263158
1082639,SP Narine,Kolkata Knight Riders,1,24,27,6.75,1.2,7.7368421052631575
1082644,SP Narine,Kolkata Knight Riders,0,25,37,8.879999999999999,0.8,8.312842105263158
1082648,SP Narine,Kolkata Knight Riders,0,24,20,5.0,0.8,6.976000000000001
1082649,SP Narine,Kolkata Knight Riders,0,24,21,5.25,0.6,6.626
1136563,SP Narine,Kolkata Knight Riders,1,24,31,7.75,0.4,6.726000000000001
1136565,SP Narine,Kolkata Knight Riders,1,24,18,4.5,0.4,6.276000000000001
1136570,SP Narine,Kolkata Knight Riders,2,25,17,4.08,0.8,5.316
1136573,SP Narine,Kolkata Knight Riders,3,18,18,6.0,1.4,5.516
1136575,SP Narine,Kolkata Knight Riders,0,24,48,12.0,1.4,6.866
1136578,SP Narine,Kolkata Knight Riders,1,18,23,7.666666666666667,1.4,6.849333333333332
1136586,SP Narine,Kolkata Knight Riders,0,18,36,12.0,1.2,8.349333333333334
1136589,SP Narine,Kolkata Knight Riders,0,24,39,9.75,0.8,9.483333333333334
1136593,SP Narine,Kolkata Knight Riders,2,24,20,5.0,0.6,9.283333333333335
1136597,SP Narine,Kolkata Knight Riders,2,24,35,8.75,1.0,8.633333333333335
1136601,SP Narine,Kolkata Knight Riders,1,24,28,7.0,1.0,8.5
1136604,SP Narine,Kolkata Knight Riders,1,24,44,11.0,1.2,8.3
1136609,SP Narine,Kolkata Knight Riders,1,25,29,6.959999999999999,1.4,7.742
1136614,SP Narine,Kolkata Knight Riders,1,26,24,5.538461538461539,1.2,7.849692307692308
1136618,SP Narine,Kolkata Knight Riders,0,25,39,9.36,0.8,7.971692307692308
1136619,SP Narine,Kolkata Knight Riders,1,24,24,6.0,0.8,7.771692307692308
1175357,SP Narine,Kolkata Knight Riders,0,18,29,9.666666666666666,0.6,7.505025641025641
1175361,SP Narine,Kolkata Knight Riders,0,12,26,13.0,0.4,8.713025641025641
1175372,SP Narine,Kolkata Knight Riders,1,25,30,7.199999999999999,0.4,9.045333333333332
1178396,SP Narine,Kolkata Knight Riders,0,25,26,6.239999999999999,0.4,8.421333333333333
1178398,SP Narine,Kolkata Knight Riders,2,22,24,6.545454545454546,0.6,8.530424242424242
1178404,SP Narine,Kolkata Knight Riders,2,25,19,4.56,1.0,7.509090909090908
1178410,SP Narine,Kolkata Knight Riders,1,25,32,7.68,1.2,6.445090909090908
1178413,SP Narine,Kolkata Knight Riders,0,24,36,9.0,1.0,6.80509090909091
1178418,SP Narine,Kolkata Knight Riders,2,24,25,6.25,1.4,6.807090909090908
1178422,SP Narine,Kolkata Knight Riders,2,24,44,11.0,1.4,7.697999999999999
1178427,SP Narine,Kolkata Knight Riders,1,24,29,7.25,1.2,8.236
1178431,SP Narine,Kolkata Knight Riders,0,25,33,7.919999999999999,1.0,8.284
1216497,SP Narine,Kolkata Knight Riders,0,25,37,8.879999999999999,1.0,8.26
1216501,SP Narine,Kolkata Knight Riders,1,24,32,8.0,0.8,8.61
1216504,SP Narine,Kolkata Knight Riders,1,25,42,10.08,0.6,8.426
1216508,SP Narine,Kolkata Knight Riders,2,24,22,5.5,0.8,8.075999999999999
1216515,SP Narine,Kolkata Knight Riders,0,12,26,13.0,0.8,9.092
1216520,SP Narine,Kolkata Knight Riders,0,24,27,6.75,0.8,8.666
1216523,SP Narine,Kolkata Knight Riders,2,24,30,7.5,1.0,8.565999999999999
1216530,SP Narine,Kolkata Knight Riders,0,24,37,9.25,0.8,8.4
1216536,SP Narine,Kolkata Knight Riders,0,24,23,5.75,0.4,8.45
1216545,SP Narine,Kolkata Knight Riders,0,24,32,8.0,0.4,7.45
1254072,SP Narine,Kolkata Knight Riders,1,25,34,8.16,0.6,7.731999999999999
1254075,SP Narine,Kolkata Knight Riders,0,25,24,5.76,0.2,7.384
1254078,SP Narine,Kolkata Knight Riders,2,24,22,5.5,0.6,6.634
1254082,SP Narine,Kolkata Knight Riders,0,25,36,8.639999999999999,0.6,7.211999999999999
1254087,SP Narine,Kolkata Knight Riders,0,24,21,5.25,0.6,6.661999999999999
1254092,SP Narine,Kolkata Knight Riders,2,24,18,4.5,0.8,5.93
1254096,SP Narine,Kolkata Knight Riders,1,24,21,5.25,1.0,5.828
1254098,SP Narine,Kolkata Knight Riders,3,24,41,10.25,1.2,6.7780000000000005
1254102,SP Narine,Kolkata Knight Riders,1,26,34,7.846153846153847,1.4,6.61923076923077
1254106,SP Narine,Kolkata Knight Riders,1,24,31,7.75,1.6,7.11923076923077
1254109,SP Narine,Kolkata Knight Riders,0,24,12,3.0,1.2,6.819230769230769
1254115,SP Narine,Kolkata Knight Riders,4,25,21,5.04,1.8,6.777230769230769
1254116,SP Narine,Kolkata Knight Riders,1,25,28,6.72,1.4,6.071230769230769
1254117,SP Narine,Kolkata Knight Riders,2,25,26,6.239999999999999,1.6,5.749999999999999
1304047,SP Narine,Kolkata Knight Riders,1,24,15,3.75,1.6,4.95
1304052,SP Narine,Kolkata Knight Riders,1,24,12,3.0,1.8,4.95
1304054,SP Narine,Kolkata Knight Riders,1,26,23,5.307692307692308,1.2,5.0035384615384615
1304060,SP Narine,Kolkata Knight Riders,0,24,27,6.75,1.0,5.009538461538462
1304065,SP Narine,Kolkata Knight Riders,2,24,22,5.5,1.0,4.861538461538462
1304071,SP Narine,Kolkata Knight Riders,0,24,23,5.75,0.8,5.261538461538462
1304076,SP Narine,Kolkata Knight Riders,2,26,25,5.76923076923077,1.0,5.815384615384616
1304081,SP Narine,Kolkata Knight Riders,0,24,31,7.75,0.8,6.303846153846154
1304087,SP Narine,Kolkata Knight Riders,1,25,19,4.56,1.0,5.865846153846154
1304093,SP Narine,Kolkata Knight Riders,0,24,19,4.75,0.6,5.715846153846154
1304099,SP Narine,Kolkata Knight Riders,1,24,20,5.0,0.8,5.565846153846154
1304102,SP Narine,Kolkata Knight Riders,0,25,22,5.279999999999999,0.4,5.467999999999999
1304107,SP Narine,Kolkata Knight Riders,1,24,34,8.5,0.6,5.617999999999999
1304112,SP Narine,Kolkata Knight Riders,0,24,27,6.75,0.4,6.056
1359476,SP Narine,Kolkata Knight Riders,1,25,40,9.6,0.6,7.025999999999999
1359483,SP Narine,Kolkata Knight Riders,2,24,20,5.0,0.8,7.025999999999999
1359487,SP Narine,Kolkata Knight Riders,3,25,33,7.919999999999999,1.4,7.553999999999999
1359493,SP Narine,Kolkata Knight Riders,0,26,28,6.461538461538462,1.2,7.146307692307691
1359496,SP Narine,Kolkata Knight Riders,0,19,41,12.947368421052632,1.2,8.385781376518219
1359502,SP Narine,Kolkata Knight Riders,0,25,37,8.879999999999999,1.0,8.241781376518219
1359507,SP Narine,Kolkata Knight Riders,0,12,23,11.5,0.6,9.54178137651822
1359510,SP Narine,Kolkata Knight Riders,0,24,42,10.5,0.0,10.057781376518218
1359513,SP Narine,Kolkata Knight Riders,1,18,24,8.0,0.2,10.365473684210526
1359521,SP Narine,Kolkata Knight Riders,0,12,16,8.0,0.2,9.376
1359527,SP Narine,Kolkata Knight Riders,0,25,29,6.959999999999999,0.2,8.992
1359530,SP Narine,Kolkata Knight Riders,0,12,13,6.5,0.2,7.992
1359535,SP Narine,Kolkata Knight Riders,2,24,15,3.75,0.6,6.642
1359542,SP Narine,Kolkata Knight Riders,2,25,28,6.72,0.8,6.386
1422121,SP Narine,Kolkata Knight Riders,1,24,19,4.75,1.0,5.736
1422128,SP Narine,Kolkata Knight Riders,1,24,40,10.0,1.2,6.343999999999999
1422134,SP Narine,Kolkata Knight Riders,1,24,30,7.5,1.4,6.544
1426260,SP Narine,Kolkata Knight Riders,1,24,30,7.5,1.2,7.294
1426266,SP Narine,Kolkata Knight Riders,1,24,17,4.25,1.0,6.8
1426269,SP Narine,Kolkata Knight Riders,2,26,31,7.153846153846154,1.2,7.280769230769231
1426274,SP Narine,Kolkata Knight Riders,2,24,36,9.0,1.4,7.0807692307692305
1426280,SP Narine,Kolkata Knight Riders,1,24,24,6.0,1.4,6.780769230769231
1426285,SP Narine,Kolkata Knight Riders,1,24,24,6.0,1.4,6.480769230769231
1426289,SP Narine,Kolkata Knight Riders,2,25,22,5.279999999999999,1.6,6.686769230769231
1426292,SP Narine,Kolkata Knight Riders,1,25,22,5.279999999999999,1.4,6.311999999999999
1426298,SP Narine,Kolkata Knight Riders,1,18,21,7.0,1.2,5.912
1426309,SP Narine,Kolkata Knight Riders,2,24,40,10.0,1.4,6.712000000000001
1426312,SP Narine,Kolkata Knight Riders,1,24,20,5.0,1.4,6.5120000000000005
336000,SR Watson,Rajasthan Royals,2,21,23,6.571428571428571,1.4,7.111208791208791
336005,SR Watson,Rajasthan Royals,1,26,23,5.307692307692308,1.4,6.684747252747253
336008,SR Watson,Rajasthan Royals,2,25,26,6.239999999999999,1.8,6.0607472527472535
336011,SR Watson,Rajasthan Royals,1,19,23,7.2631578947368425,1.8,6.036455754771544
336015,SR Watson,Rajasthan Royals,2,24,24,6.0,1.6,6.276455754771544
336019,SR Watson,Rajasthan Royals,2,25,41,9.84,1.6,6.930170040485831
336023,SR Watson,Rajasthan Royals,0,13,6,2.7692307692307696,1.4,6.422477732793522
336027,SR Watson,Rajasthan Royals,1,25,36,8.639999999999999,1.2,6.902477732793523
336036,SR Watson,Rajasthan Royals,0,20,30,9.0,1.0,7.249846153846154
336038,SR Watson,Rajasthan Royals,3,19,10,3.1578947368421053,1.2,6.6814251012145744
336040,SR Watson,Rajasthan Royals,1,26,31,7.153846153846154,1.0,6.144194331983806
419137,SR Watson,Rajasthan Royals,3,25,47,11.28,1.6,7.846348178137651
419141,SR Watson,Rajasthan Royals,0,22,40,10.90909090909091,1.4,8.300166359955833
419143,SR Watson,Rajasthan Royals,1,25,20,4.8,1.6,7.460166359955833
419150,SR Watson,Rajasthan Royals,3,25,37,8.879999999999999,1.6,8.604587412587412
419154,SR Watson,Rajasthan Royals,0,24,24,6.0,1.4,8.373818181818184
419158,SR Watson,Rajasthan Royals,0,18,17,5.666666666666667,0.8,7.251151515151515
501209,SR Watson,Rajasthan Royals,0,12,18,9.0,0.8,6.869333333333333
501214,SR Watson,Rajasthan Royals,0,25,22,5.279999999999999,0.6,6.965333333333334
501220,SR Watson,Rajasthan Royals,3,24,24,6.0,0.6,6.389333333333333
501225,SR Watson,Rajasthan Royals,1,25,24,5.76,0.8,6.341333333333333
501231,SR Watson,Rajasthan Royals,0,26,27,6.230769230769231,0.8,6.454153846153846
501235,SR Watson,Rajasthan Royals,1,26,19,4.384615384615385,1.0,5.531076923076923
501240,SR Watson,Rajasthan Royals,0,24,27,6.75,1.0,5.8250769230769235
501249,SR Watson,Rajasthan Royals,0,25,47,11.28,0.4,6.8810769230769235
501252,SR Watson,Rajasthan Royals,0,14,19,8.142857142857142,0.2,7.357648351648351
501263,SR Watson,Rajasthan Royals,3,25,21,5.04,0.8,7.119494505494505
548349,SR Watson,Rajasthan Royals,1,24,29,7.25,0.8,7.692571428571428
548354,SR Watson,Rajasthan Royals,2,26,23,5.307692307692308,1.2,7.404109890109889
548358,SR Watson,Rajasthan Royals,0,25,30,7.199999999999999,1.2,6.588109890109889
548361,SR Watson,Rajasthan Royals,1,19,32,10.105263157894738,1.4,6.980591093117408
548365,SR Watson,Rajasthan Royals,2,19,20,6.315789473684211,1.2,7.235748987854251
548373,SR Watson,Rajasthan Royals,0,12,14,7.0,1.0,7.185748987854251
548377,SR Watson,Rajasthan Royals,0,19,17,5.368421052631579,0.6,7.1978947368421045
598023,SR Watson,Rajasthan Royals,2,12,11,5.5,1.0,6.8578947368421055
598026,SR Watson,Rajasthan Royals,0,11,22,12.0,0.8,7.2368421052631575
598032,SR Watson,Rajasthan Royals,0,13,18,8.307692307692308,0.4,7.635222672064776
598036,SR Watson,Rajasthan Royals,4,24,23,5.75,1.2,7.385222672064776
598043,SR Watson,Rajasthan Royals,1,19,25,7.894736842105264,1.4,7.890485829959514
598047,SR Watson,Rajasthan Royals,0,25,29,6.959999999999999,1.0,8.182485829959514
598049,SR Watson,Rajasthan Royals,1,18,21,7.0,1.2,7.182485829959515
598052,SR Watson,Rajasthan Royals,1,24,25,6.25,1.4,6.770947368421052
598058,SR Watson,Rajasthan Royals,1,25,26,6.239999999999999,0.8,6.868947368421052
598063,SR Watson,Rajasthan Royals,2,25,33,7.919999999999999,1.0,6.874
598065,SR Watson,Rajasthan Royals,1,18,19,6.333333333333333,1.2,6.748666666666667
598071,SR Watson,Rajasthan Royals,2,25,32,7.68,1.4,6.884666666666666
598072,SR Watson,Rajasthan Royals,1,17,35,12.352941176470587,1.4,8.105254901960782
729297,SR Watson,Rajasthan Royals,0,6,5,5.0,1.2,7.857254901960784
729305,SR Watson,Rajasthan Royals,1,13,7,3.230769230769231,1.0,6.91940874811463
729315,SR Watson,Rajasthan Royals,0,20,26,7.8,0.8,7.2127420814479635
733975,SR Watson,Rajasthan Royals,0,6,11,11.0,0.4,7.876742081447963
733979,SR Watson,Rajasthan Royals,3,25,22,5.279999999999999,0.8,6.462153846153846
733989,SR Watson,Rajasthan Royals,3,12,14,7.0,1.4,6.862153846153847
733999,SR Watson,Rajasthan Royals,0,27,35,7.777777777777778,1.2,7.7715555555555556
734033,SR Watson,Rajasthan Royals,0,13,16,7.384615384615385,1.2,7.688478632478632
734041,SR Watson,Rajasthan Royals,0,12,33,16.5,1.2,8.788478632478633
829735,SR Watson,Rajasthan Royals,0,13,21,9.692307692307693,0.6,9.67094017094017
829741,SR Watson,Rajasthan Royals,0,6,13,13.0,0.0,10.87094017094017
829749,SR Watson,Rajasthan Royals,1,18,23,7.666666666666667,0.2,10.84871794871795
829763,SR Watson,Rajasthan Royals,1,22,27,7.363636363636364,0.4,10.844522144522145
829769,SR Watson,Rajasthan Royals,0,19,37,11.68421052631579,0.4,9.881364249785303
829777,SR Watson,Rajasthan Royals,1,27,26,5.777777777777778,0.6,9.098458266879321
829787,SR Watson,Rajasthan Royals,2,18,36,12.0,1.0,8.89845826687932
829797,SR Watson,Rajasthan Royals,1,13,19,8.76923076923077,1.0,9.11897108739214
829811,SR Watson,Rajasthan Royals,2,29,38,7.862068965517242,1.2,9.218657607768316
829819,SR Watson,Rajasthan Royals,0,28,33,7.071428571428571,1.2,8.296101216790872
980907,SR Watson,Royal Challengers Bangalore,2,25,30,7.199999999999999,1.4,8.580545661235316
980921,SR Watson,Royal Challengers Bangalore,2,25,28,6.72,1.4,7.524545661235317
980927,SR Watson,Royal Challengers Bangalore,0,25,40,9.6,1.2,7.690699507389162
980931,SR Watson,Royal Challengers Bangalore,2,26,31,7.153846153846154,1.2,7.549054945054945
980937,SR Watson,Royal Challengers Bangalore,1,23,31,8.08695652173913,1.4,7.752160535117056
980953,SR Watson,Royal Challengers Bangalore,2,25,33,7.919999999999999,1.4,7.8961605351170565
980959,SR Watson,Royal Challengers Bangalore,1,18,38,12.666666666666666,1.2,9.08549386845039
980969,SR Watson,Royal Challengers Bangalore,3,26,25,5.76923076923077,1.8,8.319340022296545
980977,SR Watson,Royal Challengers Bangalore,2,24,22,5.5,1.8,7.988570791527313
980981,SR Watson,Royal Challengers Bangalore,0,21,38,10.857142857142858,1.6,8.542608058608058
980987,SR Watson,Royal Challengers Bangalore,0,7,4,3.4285714285714284,1.2,7.644322344322345
980995,SR Watson,Royal Challengers Bangalore,0,25,46,11.04,1.0,7.318989010989012
980999,SR Watson,Royal Challengers Bangalore,2,14,7,3.0,0.8,6.765142857142857
981011,SR Watson,Royal Challengers Bangalore,1,24,27,6.75,0.6,7.015142857142857
981013,SR Watson,Royal Challengers Bangalore,4,26,29,6.6923076923076925,1.4,6.182175824175824
981019,SR Watson,Royal Challengers Bangalore,1,26,61,14.076923076923078,1.6,8.311846153846155
1082591,SR Watson,Royal Challengers Bangalore,0,18,41,13.666666666666666,1.6,8.837179487179487
1082595,SR Watson,Royal Challengers Bangalore,1,24,21,5.25,1.4,9.287179487179488
1082598,SR Watson,Royal Challengers Bangalore,0,12,29,14.5,1.2,10.837179487179487
1082607,SR Watson,Royal Challengers Bangalore,1,26,44,10.153846153846155,0.6,11.52948717948718
1082610,SR Watson,Royal Challengers Bangalore,0,12,24,12.0,0.4,11.114102564102563
1082628,SR Watson,Royal Challengers Bangalore,1,24,28,7.0,0.6,9.780769230769232
1082633,SR Watson,Royal Challengers Bangalore,1,25,43,10.319999999999999,0.6,10.79476923076923
1082646,SR Watson,Royal Challengers Bangalore,1,24,16,4.0,0.8,8.69476923076923
1136561,SR Watson,Chennai Super Kings,2,25,29,6.959999999999999,1.0,8.056
1136565,SR Watson,Chennai Super Kings,3,26,39,9.0,1.6,7.456
1136572,SR Watson,Chennai Super Kings,1,12,15,7.5,1.6,7.556
1136577,SR Watson,Chennai Super Kings,1,19,13,4.105263157894737,1.6,6.313052631578946
1136580,SR Watson,Chennai Super Kings,0,12,23,11.5,1.4,7.813052631578946
1136584,SR Watson,Chennai Super Kings,0,13,21,9.692307692307693,1.0,8.359514170040487
1136587,SR Watson,Chennai Super Kings,0,25,41,9.84,0.4,8.527514170040487
1136590,SR Watson,Chennai Super Kings,0,12,27,13.5,0.2,9.727514170040488
1136593,SR Watson,Chennai Super Kings,0,13,19,8.76923076923077,0.0,10.660307692307693
1136603,SR Watson,Chennai Super Kings,0,6,9,9.0,0.0,10.160307692307693
1136606,SR Watson,Chennai Super Kings,0,13,16,7.384615384615385,0.0,9.698769230769232
1216527,SS Cottrell,Kings XI Punjab,1,21,52,14.857142857142858,1.2,7.903428571428572
1216542,SS Cottrell,Kings XI Punjab,0,20,34,10.2,0.8,8.791428571428572
336008,ST Jayasuriya,Mumbai Indians,0,12,17,8.5,1.0,9.622
336024,ST Jayasuriya,Mumbai Indians,0,12,13,6.5,0.8,8.972
336032,ST Jayasuriya,Mumbai Indians,0,24,35,8.75,0.8,8.622
336036,ST Jayasuriya,Mumbai Indians,0,12,8,4.0,0.0,8.75
392181,ST Jayasuriya,Mumbai Indians,2,24,34,8.5,0.4,7.25
392192,ST Jayasuriya,Mumbai Indians,1,19,29,9.157894736842106,0.6,7.381578947368422
392200,ST Jayasuriya,Mumbai Indians,1,6,5,5.0,0.8,7.081578947368422
392203,ST Jayasuriya,Mumbai Indians,0,8,13,9.75,0.8,7.281578947368422
392208,ST Jayasuriya,Mumbai Indians,0,12,20,10.0,0.8,8.481578947368423
392212,ST Jayasuriya,Mumbai Indians,1,24,32,8.0,0.6,8.381578947368421
392222,ST Jayasuriya,Mumbai Indians,0,6,4,4.0,0.4,7.35
392225,ST Jayasuriya,Mumbai Indians,3,6,3,3.0,0.8,6.95
392235,ST Jayasuriya,Mumbai Indians,0,14,25,10.714285714285714,0.8,7.142857142857143
419107,ST Jayasuriya,Mumbai Indians,0,6,19,19.0,0.8,8.942857142857143
419114,ST Jayasuriya,Mumbai Indians,3,25,17,4.08,1.2,8.158857142857142
419119,ST Jayasuriya,Mumbai Indians,0,12,16,8.0,1.2,8.958857142857143
419150,ST Jayasuriya,Mumbai Indians,0,12,16,8.0,0.6,9.958857142857143
548332,STR Binny,Rajasthan Royals,0,12,20,10.0,0.0,10.661538461538461
548354,STR Binny,Rajasthan Royals,1,6,8,8.0,0.2,10.461538461538462
548358,STR Binny,Rajasthan Royals,1,18,12,4.0,0.4,8.461538461538462
548365,STR Binny,Rajasthan Royals,0,12,17,8.5,0.4,8.5
548373,STR Binny,Rajasthan Royals,1,6,8,8.0,0.6,7.7
548377,STR Binny,Rajasthan Royals,0,6,13,13.0,0.6,8.3
598001,STR Binny,Rajasthan Royals,0,6,11,11.0,0.4,8.9
598014,STR Binny,Rajasthan Royals,0,6,4,4.0,0.2,8.9
598019,STR Binny,Rajasthan Royals,3,18,14,4.666666666666667,0.8,8.133333333333335
598026,STR Binny,Rajasthan Royals,0,13,20,9.230769230769232,0.6,8.37948717948718
598032,STR Binny,Rajasthan Royals,1,26,25,5.76923076923077,0.8,6.9333333333333345
598036,STR Binny,Rajasthan Royals,0,6,8,8.0,0.8,6.333333333333334
598043,STR Binny,Rajasthan Royals,0,6,8,8.0,0.8,7.133333333333335
598047,STR Binny,Rajasthan Royals,0,13,19,8.76923076923077,0.2,7.953846153846155
598049,STR Binny,Rajasthan Royals,1,12,3,1.5,0.4,6.407692307692308
598058,STR Binny,Rajasthan Royals,1,19,18,5.684210526315789,0.4,6.390688259109313
598063,STR Binny,Rajasthan Royals,0,6,11,11.0,0.4,6.990688259109312
598065,STR Binny,Rajasthan Royals,0,6,9,9.0,0.4,7.190688259109312
598071,STR Binny,Rajasthan Royals,0,6,2,2.0,0.4,5.836842105263157
598072,STR Binny,Rajasthan Royals,1,6,11,11.0,0.4,7.7368421052631575
729285,STR Binny,Rajasthan Royals,0,6,7,7.0,0.2,8.0
729291,STR Binny,Rajasthan Royals,0,6,5,5.0,0.2,6.8
729297,STR Binny,Rajasthan Royals,1,6,10,10.0,0.4,7.0
729305,STR Binny,Rajasthan Royals,2,6,1,1.0,0.8,6.8
729315,STR Binny,Rajasthan Royals,0,6,7,7.0,0.6,6.0
733975,STR Binny,Rajasthan Royals,0,6,9,9.0,0.6,6.4
734011,STR Binny,Rajasthan Royals,1,12,14,7.0,0.8,6.8
734017,STR Binny,Rajasthan Royals,0,6,12,12.0,0.6,7.2
829709,STR Binny,Rajasthan Royals,1,14,15,6.428571428571428,0.4,8.285714285714286
829721,STR Binny,Rajasthan Royals,2,12,8,4.0,0.8,7.685714285714286
829727,STR Binny,Rajasthan Royals,0,12,12,6.0,0.8,7.085714285714286
829735,STR Binny,Rajasthan Royals,0,6,5,5.0,0.6,6.685714285714286
829741,STR Binny,Rajasthan Royals,1,12,14,7.0,0.8,5.685714285714286
829763,STR Binny,Rajasthan Royals,2,24,33,8.25,1.0,6.05
829769,STR Binny,Rajasthan Royals,0,12,18,9.0,0.6,7.05
829777,STR Binny,Rajasthan Royals,2,15,27,10.8,1.0,8.01
829811,STR Binny,Rajasthan Royals,0,6,10,10.0,1.0,9.01
829819,STR Binny,Rajasthan Royals,0,6,1,1.0,0.8,7.81
980927,STR Binny,Royal Challengers Bangalore,0,6,8,8.0,0.4,7.76
980931,STR Binny,Royal Challengers Bangalore,0,12,23,11.5,0.4,8.26
980959,STR Binny,Royal Challengers Bangalore,1,12,17,8.5,0.2,7.8
980969,STR Binny,Royal Challengers Bangalore,0,12,17,8.5,0.2,7.5
980977,STR Binny,Royal Challengers Bangalore,0,13,16,7.384615384615385,0.2,8.776923076923078
980981,STR Binny,Royal Challengers Bangalore,0,6,2,2.0,0.2,7.5769230769230775
980987,STR Binny,Royal Challengers Bangalore,0,12,13,6.5,0.2,6.5769230769230775
980995,STR Binny,Royal Challengers Bangalore,0,6,8,8.0,0.0,6.476923076923077
980999,STR Binny,Royal Challengers Bangalore,0,6,11,11.0,0.0,6.976923076923077
981011,STR Binny,Royal Challengers Bangalore,0,13,15,6.923076923076923,0.0,6.884615384615384
981013,STR Binny,Royal Challengers Bangalore,0,6,4,4.0,0.0,7.284615384615384
1082591,STR Binny,Royal Challengers Bangalore,1,6,10,10.0,0.2,7.984615384615384
1082602,STR Binny,Royal Challengers Bangalore,1,13,14,6.461538461538462,0.4,7.676923076923077
1082617,STR Binny,Royal Challengers Bangalore,1,6,9,9.0,0.6,7.276923076923078
1082624,STR Binny,Royal Challengers Bangalore,1,12,17,8.5,0.8,7.592307692307694
1136577,STR Binny,Rajasthan Royals,0,14,33,14.142857142857142,0.8,9.62087912087912
1175369,STR Binny,Rajasthan Royals,0,6,6,6.0,0.6,8.820879120879122
1178411,STR Binny,Rajasthan Royals,1,18,19,6.333333333333333,0.6,8.795238095238094
1178415,STR Binny,Rajasthan Royals,0,6,3,3.0,0.4,7.595238095238097
1178420,STR Binny,Rajasthan Royals,0,7,10,8.571428571428571,0.2,7.60952380952381
1178428,STR Binny,Rajasthan Royals,0,6,6,6.0,0.2,5.980952380952381
419126,SW Tait,Rajasthan Royals,4,27,25,5.555555555555555,1.8,6.951111111111111
419129,SW Tait,Rajasthan Royals,2,24,22,5.5,1.8,6.171111111111111
419134,SW Tait,Rajasthan Royals,1,26,55,12.692307692307693,2.0,7.509572649572649
419137,SW Tait,Rajasthan Royals,0,25,45,10.799999999999999,2.0,8.22957264957265
501204,SW Tait,Rajasthan Royals,2,25,41,9.84,1.8,8.87757264957265
501214,SW Tait,Rajasthan Royals,1,28,31,6.642857142857142,1.2,9.095032967032967
501220,SW Tait,Rajasthan Royals,3,27,29,6.444444444444445,1.4,9.283921855921857
501258,SW Tait,Rajasthan Royals,0,22,36,9.818181818181818,1.2,8.709096681096682
548354,SW Tait,Rajasthan Royals,2,28,19,4.071428571428571,1.6,7.363382395382397
548358,SW Tait,Rajasthan Royals,3,24,15,3.75,1.8,6.145382395382396
548361,SW Tait,Rajasthan Royals,1,24,20,5.0,1.8,5.816810966810967
548365,SW Tait,Rajasthan Royals,1,25,25,6.0,1.4,5.727922077922078
548373,SW Tait,Rajasthan Royals,0,26,35,8.076923076923077,1.4,5.37967032967033
548377,SW Tait,Rajasthan Royals,0,30,40,8.0,1.0,6.165384615384616
598005,SW Tait,Rajasthan Royals,1,26,29,6.6923076923076925,0.6,6.753846153846155
598023,SW Tait,Rajasthan Royals,0,22,34,9.272727272727273,0.4,7.608391608391608
598049,SW Tait,Rajasthan Royals,0,22,40,10.90909090909091,0.2,8.59020979020979
729295,Sandeep Sharma,Kings XI Punjab,1,25,26,6.239999999999999,1.8,7.587999999999999
729307,Sandeep Sharma,Kings XI Punjab,3,25,21,5.04,1.8,7.196
729313,Sandeep Sharma,Kings XI Punjab,3,18,15,5.0,2.4,6.419999999999999
733973,Sandeep Sharma,Kings XI Punjab,2,20,30,9.0,2.2,7.119999999999999
733987,Sandeep Sharma,Kings XI Punjab,1,25,37,8.879999999999999,2.0,6.831999999999999
733991,Sandeep Sharma,Kings XI Punjab,3,24,25,6.25,2.4,6.8340000000000005
733997,Sandeep Sharma,Kings XI Punjab,0,25,32,7.68,1.8,7.362
734007,Sandeep Sharma,Kings XI Punjab,2,28,66,14.142857142857142,1.6,9.190571428571428
734019,Sandeep Sharma,Kings XI Punjab,3,27,35,7.777777777777778,1.8,8.946126984126984
734025,Sandeep Sharma,Kings XI Punjab,0,19,37,11.68421052631579,1.6,9.506969089390141
734047,Sandeep Sharma,Kings XI Punjab,1,19,34,10.736842105263158,1.2,10.404337510442774
829709,Sandeep Sharma,Kings XI Punjab,1,25,24,5.76,1.4,10.020337510442774
829717,Sandeep Sharma,Kings XI Punjab,1,24,13,3.25,1.2,7.841766081871344
829725,Sandeep Sharma,Kings XI Punjab,1,27,30,6.666666666666667,0.8,7.619543859649123
829733,Sandeep Sharma,Kings XI Punjab,4,24,25,6.25,1.6,6.532701754385966
829741,Sandeep Sharma,Kings XI Punjab,1,27,27,6.0,1.6,5.585333333333333
829753,Sandeep Sharma,Kings XI Punjab,0,24,32,8.0,1.4,6.033333333333333
829759,Sandeep Sharma,Kings XI Punjab,1,24,35,8.75,1.4,7.133333333333333
829767,Sandeep Sharma,Kings XI Punjab,0,18,11,3.6666666666666665,1.2,6.533333333333333
829775,Sandeep Sharma,Kings XI Punjab,0,18,24,8.0,0.4,6.883333333333333
829785,Sandeep Sharma,Kings XI Punjab,2,25,41,9.84,0.6,7.6513333333333335
829791,Sandeep Sharma,Kings XI Punjab,0,25,35,8.399999999999999,0.6,7.731333333333334
829799,Sandeep Sharma,Kings XI Punjab,0,24,33,8.25,0.4,7.631333333333333
829803,Sandeep Sharma,Kings XI Punjab,1,14,20,8.571428571428571,0.6,8.612285714285715
829809,Sandeep Sharma,Kings XI Punjab,1,12,9,4.5,0.8,7.912285714285714
980905,Sandeep Sharma,Kings XI Punjab,1,18,21,7.0,0.6,7.344285714285713
980913,Sandeep Sharma,Kings XI Punjab,1,12,6,3.0,0.8,6.264285714285714
980919,Sandeep Sharma,Kings XI Punjab,2,25,24,5.76,1.2,5.766285714285713
980925,Sandeep Sharma,Kings XI Punjab,0,12,25,12.5,1.0,6.552
980935,Sandeep Sharma,Kings XI Punjab,2,24,30,7.5,1.2,7.151999999999999
980941,Sandeep Sharma,Kings XI Punjab,1,25,20,4.8,1.2,6.712000000000001
980955,Sandeep Sharma,Kings XI Punjab,1,25,31,7.4399999999999995,1.2,7.6
980963,Sandeep Sharma,Kings XI Punjab,2,27,25,5.555555555555555,1.2,7.559111111111112
980971,Sandeep Sharma,Kings XI Punjab,1,24,38,9.5,1.4,6.959111111111111
980977,Sandeep Sharma,Kings XI Punjab,3,25,49,11.76,1.6,7.811111111111112
980985,Sandeep Sharma,Kings XI Punjab,2,24,11,2.75,1.8,7.401111111111111
980991,Sandeep Sharma,Kings XI Punjab,1,24,36,9.0,1.8,7.713111111111111
980999,Sandeep Sharma,Kings XI Punjab,1,18,29,9.666666666666666,1.6,8.535333333333332
981005,Sandeep Sharma,Kings XI Punjab,1,26,29,6.6923076923076925,1.6,7.973794871794871
1082594,Sandeep Sharma,Kings XI Punjab,2,24,33,8.25,1.4,7.271794871794872
1082598,Sandeep Sharma,Kings XI Punjab,1,25,26,6.239999999999999,1.2,7.969794871794872
1082601,Sandeep Sharma,Kings XI Punjab,0,19,28,8.842105263157896,1.0,7.93821592442645
1082605,Sandeep Sharma,Kings XI Punjab,1,24,41,10.25,1.0,8.054882591093119
1082609,Sandeep Sharma,Kings XI Punjab,1,24,38,9.5,1.0,8.61642105263158
1082612,Sandeep Sharma,Kings XI Punjab,0,20,39,11.7,0.6,9.30642105263158
1082616,Sandeep Sharma,Kings XI Punjab,2,24,40,10.0,0.8,10.058421052631578
1082626,Sandeep Sharma,Kings XI Punjab,4,26,20,4.615384615384616,1.6,9.213076923076922
1082633,Sandeep Sharma,Kings XI Punjab,3,24,22,5.5,2.0,8.263076923076923
1082637,Sandeep Sharma,Kings XI Punjab,2,25,30,7.199999999999999,2.2,7.803076923076922
1082639,Sandeep Sharma,Kings XI Punjab,0,24,31,7.75,2.2,7.013076923076923
1082641,Sandeep Sharma,Kings XI Punjab,1,28,42,9.0,2.0,6.813076923076923
1082645,Sandeep Sharma,Kings XI Punjab,0,13,12,5.538461538461539,1.2,6.997692307692307
1136567,Sandeep Sharma,Sunrisers Hyderabad,2,24,25,6.25,1.0,7.147692307692307
1136583,Sandeep Sharma,Sunrisers Hyderabad,1,19,9,2.8421052631578947,0.8,6.276113360323887
1136585,Sandeep Sharma,Sunrisers Hyderabad,2,24,17,4.25,1.2,5.576113360323887
1136588,Sandeep Sharma,Sunrisers Hyderabad,1,24,15,3.75,1.2,4.526113360323887
1136596,Sandeep Sharma,Sunrisers Hyderabad,1,25,35,8.399999999999999,1.4,5.098421052631578
1136599,Sandeep Sharma,Sunrisers Hyderabad,1,25,20,4.8,1.2,4.808421052631578
1136602,Sandeep Sharma,Sunrisers Hyderabad,1,24,24,6.0,1.2,5.4399999999999995
1136606,Sandeep Sharma,Sunrisers Hyderabad,1,25,36,8.639999999999999,1.0,6.318
1136611,Sandeep Sharma,Sunrisers Hyderabad,1,25,40,9.6,1.0,7.4879999999999995
1136614,Sandeep Sharma,Sunrisers Hyderabad,0,14,30,12.857142857142856,0.8,8.379428571428571
1136617,Sandeep Sharma,Sunrisers Hyderabad,2,18,30,10.0,1.0,9.419428571428572
1136620,Sandeep Sharma,Sunrisers Hyderabad,1,26,53,12.230769230769232,1.0,10.665582417582417
1175357,Sandeep Sharma,Sunrisers Hyderabad,1,26,42,9.692307692307693,1.0,10.876043956043956
1175363,Sandeep Sharma,Sunrisers Hyderabad,0,24,38,9.5,0.8,10.856043956043957
1175366,Sandeep Sharma,Sunrisers Hyderabad,4,23,19,4.956521739130435,1.6,9.275919732441471
1175371,Sandeep Sharma,Sunrisers Hyderabad,1,24,25,6.25,1.4,8.525919732441471
1178394,Sandeep Sharma,Sunrisers Hyderabad,1,19,20,6.315789473684211,1.4,7.342923781024467
1178397,Sandeep Sharma,Sunrisers Hyderabad,2,24,21,5.25,1.6,6.454462242562928
1178405,Sandeep Sharma,Sunrisers Hyderabad,0,25,32,7.68,1.6,6.0904622425629285
1178408,Sandeep Sharma,Sunrisers Hyderabad,0,26,33,7.615384615384616,0.8,6.622234817813765
1178413,Sandeep Sharma,Sunrisers Hyderabad,1,24,37,9.25,0.8,7.222234817813765
1178416,Sandeep Sharma,Sunrisers Hyderabad,1,24,55,13.75,0.8,8.709076923076925
1178423,Sandeep Sharma,Sunrisers Hyderabad,2,26,33,7.615384615384616,0.8,9.182153846153847
1216495,Sandeep Sharma,Sunrisers Hyderabad,3,24,34,8.5,1.4,9.346153846153847
1216498,Sandeep Sharma,Sunrisers Hyderabad,2,25,29,6.959999999999999,1.8,9.215076923076923
1216502,Sandeep Sharma,Sunrisers Hyderabad,2,25,20,4.8,2.0,8.325076923076924
1216507,Sandeep Sharma,Sunrisers Hyderabad,0,24,32,8.0,1.8,7.175076923076924
1216512,Sandeep Sharma,Sunrisers Hyderabad,0,24,27,6.75,1.4,7.002
1216518,Sandeep Sharma,Sunrisers Hyderabad,0,24,31,7.75,0.8,6.851999999999999
1216524,Sandeep Sharma,Sunrisers Hyderabad,2,26,27,6.230769230769231,0.8,6.706153846153846
1216528,Sandeep Sharma,Sunrisers Hyderabad,2,24,19,4.75,0.8,6.696153846153846
1216534,Sandeep Sharma,Sunrisers Hyderabad,0,24,36,9.0,0.8,6.896153846153846
1216538,Sandeep Sharma,Sunrisers Hyderabad,2,24,41,10.25,1.2,7.596153846153845
1216542,Sandeep Sharma,Sunrisers Hyderabad,0,25,27,6.4799999999999995,1.2,7.342153846153846
1237178,Sandeep Sharma,Sunrisers Hyderabad,0,24,21,5.25,0.8,7.145999999999999
1237180,Sandeep Sharma,Sunrisers Hyderabad,1,24,30,7.5,0.6,7.696
1254060,Sandeep Sharma,Sunrisers Hyderabad,0,18,35,11.666666666666666,0.6,8.229333333333333
1254080,Sandeep Sharma,Sunrisers Hyderabad,0,22,24,6.545454545454546,0.2,7.488424242424242
1254085,Sandeep Sharma,Sunrisers Hyderabad,1,27,50,11.11111111111111,0.4,8.414646464646463
1254091,Sandeep Sharma,Sunrisers Hyderabad,0,18,18,6.0,0.4,8.564646464646463
1254100,Sandeep Sharma,Sunrisers Hyderabad,1,18,30,10.0,0.4,9.064646464646463
1254105,Sandeep Sharma,Sunrisers Hyderabad,0,18,26,8.666666666666666,0.4,8.464646464646465
1254107,Sandeep Sharma,Sunrisers Hyderabad,1,24,21,5.25,0.6,8.205555555555556
1304049,Sandeep Sharma,Punjab Kings,0,24,38,9.5,0.4,7.883333333333333
1304084,Sandeep Sharma,Punjab Kings,1,26,42,9.692307692307693,0.6,8.621794871794872
1304088,Sandeep Sharma,Punjab Kings,1,26,18,4.153846153846154,0.6,7.452564102564102
1304094,Sandeep Sharma,Punjab Kings,1,25,17,4.08,0.8,6.53523076923077
1304098,Sandeep Sharma,Punjab Kings,0,25,41,9.84,0.6,7.453230769230769
1359485,Sandeep Sharma,Rajasthan Royals,1,25,20,4.8,0.8,6.513230769230769
1359491,Sandeep Sharma,Rajasthan Royals,1,20,30,9.0,0.8,6.374769230769231
1359497,Sandeep Sharma,Rajasthan Royals,3,25,25,6.0,1.2,6.744
1359500,Sandeep Sharma,Rajasthan Royals,3,25,32,7.68,1.6,7.464
1359506,Sandeep Sharma,Rajasthan Royals,4,25,49,11.76,2.4,7.848000000000001
1359511,Sandeep Sharma,Rajasthan Royals,0,24,24,6.0,2.2,8.088000000000001
1359516,Sandeep Sharma,Rajasthan Royals,1,26,35,8.076923076923077,2.2,7.903384615384615
1359522,Sandeep Sharma,Rajasthan Royals,0,19,21,6.631578947368421,1.6,8.0297004048583
1359526,Sandeep Sharma,Rajasthan Royals,0,25,48,11.52,1.0,8.7977004048583
1359530,Sandeep Sharma,Rajasthan Royals,1,24,34,8.5,0.4,8.1457004048583
1359534,Sandeep Sharma,Rajasthan Royals,1,25,34,8.16,0.6,8.5777004048583
1359540,Sandeep Sharma,Rajasthan Royals,0,27,46,10.222222222222221,0.4,9.006760233918127
1422122,Sandeep Sharma,Rajasthan Royals,1,19,23,7.2631578947368425,0.6,9.133076023391812
1422127,Sandeep Sharma,Rajasthan Royals,0,26,36,8.307692307692308,0.6,8.490614484930273
1426276,Sandeep Sharma,Rajasthan Royals,5,24,18,4.5,1.4,7.690614484930274
1426282,Sandeep Sharma,Rajasthan Royals,2,25,31,7.4399999999999995,1.6,7.546614484930275
1426288,Sandeep Sharma,Rajasthan Royals,1,26,31,7.153846153846154,1.8,6.932939271255061
1426294,Sandeep Sharma,Rajasthan Royals,3,24,42,10.5,2.2,7.580307692307693
1426299,Sandeep Sharma,Rajasthan Royals,0,19,31,9.789473684210527,2.2,7.876663967611336
1426303,Sandeep Sharma,Rajasthan Royals,0,24,28,7.0,1.2,8.376663967611336
1426310,Sandeep Sharma,Rajasthan Royals,1,24,48,12.0,1.0,9.288663967611337
1426311,Sandeep Sharma,Rajasthan Royals,2,25,26,6.239999999999999,1.2,9.105894736842107
1254083,Shahbaz Ahmed,Royal Challengers Bangalore,1,12,11,5.5,1.2,7.696000000000001
1254090,Shahbaz Ahmed,Royal Challengers Bangalore,1,18,29,9.666666666666666,1.0,8.333333333333334
1254095,Shahbaz Ahmed,Royal Challengers Bangalore,0,24,21,5.25,1.0,7.583333333333334
1254103,Shahbaz Ahmed,Royal Challengers Bangalore,2,12,10,5.0,1.4,5.783333333333333
1304049,Shahbaz Ahmed,Royal Challengers Bangalore,0,6,6,6.0,0.8,6.283333333333333
1304052,Shahbaz Ahmed,Royal Challengers Bangalore,0,7,16,13.714285714285714,0.6,7.926190476190476
1304064,Shahbaz Ahmed,Royal Challengers Bangalore,0,12,19,9.5,0.4,7.892857142857143
1304068,Shahbaz Ahmed,Royal Challengers Bangalore,0,12,18,9.0,0.4,8.642857142857142
1304073,Shahbaz Ahmed,Royal Challengers Bangalore,0,14,19,8.142857142857142,0.0,9.271428571428572
1304077,Shahbaz Ahmed,Royal Challengers Bangalore,0,24,26,6.5,0.0,9.371428571428572
1304085,Shahbaz Ahmed,Royal Challengers Bangalore,0,20,35,10.5,0.0,8.728571428571428
1304089,Shahbaz Ahmed,Royal Challengers Bangalore,2,19,26,8.210526315789474,0.4,8.470676691729324
1304095,Shahbaz Ahmed,Royal Challengers Bangalore,1,18,27,9.0,0.6,8.470676691729324
1304100,Shahbaz Ahmed,Royal Challengers Bangalore,0,14,20,8.571428571428571,0.6,8.556390977443609
1304106,Shahbaz Ahmed,Royal Challengers Bangalore,1,24,40,10.0,0.8,9.25639097744361
1304113,Shahbaz Ahmed,Royal Challengers Bangalore,0,12,15,7.5,0.8,8.65639097744361
1312198,Shahbaz Ahmed,Royal Challengers Bangalore,0,26,39,9.0,0.4,8.814285714285713
1312199,Shahbaz Ahmed,Royal Challengers Bangalore,0,12,35,17.5,0.2,10.514285714285714
1359483,Shahbaz Ahmed,Royal Challengers Bangalore,0,6,6,6.0,0.2,10.0
1359489,Shahbaz Ahmed,Royal Challengers Bangalore,0,6,15,15.0,0.0,11.0
1359494,Shahbaz Ahmed,Royal Challengers Bangalore,0,6,11,11.0,0.0,11.7
1359510,Shahbaz Ahmed,Royal Challengers Bangalore,0,6,25,25.0,0.0,14.9
1359539,Shahbaz Ahmed,Royal Challengers Bangalore,1,18,38,12.666666666666666,0.2,13.933333333333334
1422121,Shahbaz Ahmed,Sunrisers Hyderabad,0,7,14,12.0,0.2,15.133333333333335
1422126,Shahbaz Ahmed,Sunrisers Hyderabad,1,18,40,13.333333333333334,0.4,14.8
1422130,Shahbaz Ahmed,Sunrisers Hyderabad,1,12,20,10.0,0.6,14.6
1422136,Shahbaz Ahmed,Sunrisers Hyderabad,1,6,11,11.0,0.8,11.8
1426261,Shahbaz Ahmed,Sunrisers Hyderabad,0,6,10,10.0,0.6,11.266666666666667
1426268,Shahbaz Ahmed,Sunrisers Hyderabad,0,6,18,18.0,0.6,12.466666666666667
1426273,Shahbaz Ahmed,Sunrisers Hyderabad,0,6,22,22.0,0.4,14.2
1426279,Shahbaz Ahmed,Sunrisers Hyderabad,0,18,14,4.666666666666667,0.2,13.133333333333335
1426284,Shahbaz Ahmed,Sunrisers Hyderabad,0,18,33,11.0,0.0,13.133333333333335
1426288,Shahbaz Ahmed,Sunrisers Hyderabad,0,6,11,11.0,0.0,13.333333333333334
1426293,Shahbaz Ahmed,Sunrisers Hyderabad,0,6,11,11.0,0.0,11.933333333333334
1426295,Shahbaz Ahmed,Sunrisers Hyderabad,0,12,9,4.5,0.0,8.433333333333334
1426307,Shahbaz Ahmed,Sunrisers Hyderabad,0,6,13,13.0,0.0,10.1
1426311,Shahbaz Ahmed,Sunrisers Hyderabad,3,24,23,5.75,0.6,9.05
1426312,Shahbaz Ahmed,Sunrisers Hyderabad,1,15,28,11.2,0.8,9.09
336007,Shahid Afridi,Deccan Chargers,1,18,28,9.333333333333334,1.2,8.361333333333333
336011,Shahid Afridi,Deccan Chargers,0,12,11,5.5,1.2,7.761333333333333
336020,Shahid Afridi,Deccan Chargers,0,6,18,18.0,0.6,10.017333333333333
336024,Shahid Afridi,Deccan Chargers,2,25,29,6.959999999999999,0.6,9.825333333333333
336034,Shahid Afridi,Deccan Chargers,1,24,24,6.0,0.8,9.158666666666667
336037,Shahid Afridi,Deccan Chargers,0,20,21,6.3,0.6,8.552
501262,Shakib Al Hasan,Kolkata Knight Riders,2,25,16,3.84,1.8,7.418000000000001
501267,Shakib Al Hasan,Kolkata Knight Riders,0,26,26,6.0,1.4,7.094923076923076
501269,Shakib Al Hasan,Kolkata Knight Riders,2,20,24,7.199999999999999,1.4,7.484923076923076
548315,Shakib Al Hasan,Kolkata Knight Riders,2,21,22,6.285714285714286,1.2,7.342065934065934
548320,Shakib Al Hasan,Kolkata Knight Riders,3,24,17,4.25,1.8,5.515142857142857
548323,Shakib Al Hasan,Kolkata Knight Riders,1,24,28,7.0,1.6,6.147142857142857
548363,Shakib Al Hasan,Kolkata Knight Riders,1,24,27,6.75,1.8,6.297142857142857
548370,Shakib Al Hasan,Kolkata Knight Riders,1,25,25,6.0,1.6,6.057142857142857
548375,Shakib Al Hasan,Kolkata Knight Riders,2,24,18,4.5,1.6,5.7
548378,Shakib Al Hasan,Kolkata Knight Riders,1,24,41,10.25,1.2,6.9
548381,Shakib Al Hasan,Kolkata Knight Riders,1,19,25,7.894736842105264,1.2,7.078947368421052
729279,Shakib Al Hasan,Kolkata Knight Riders,1,24,29,7.25,1.2,7.178947368421052
729289,Shakib Al Hasan,Kolkata Knight Riders,0,19,25,7.894736842105264,1.0,7.557894736842106
729315,Shakib Al Hasan,Kolkata Knight Riders,1,24,23,5.75,0.8,7.807894736842106
733971,Shakib Al Hasan,Kolkata Knight Riders,2,24,26,6.5,1.0,7.057894736842106
733979,Shakib Al Hasan,Kolkata Knight Riders,1,27,26,5.777777777777778,1.0,6.634502923976608
733985,Shakib Al Hasan,Kolkata Knight Riders,2,24,13,3.25,1.2,5.834502923976609
734009,Shakib Al Hasan,Kolkata Knight Riders,1,24,21,5.25,1.4,5.305555555555555
734015,Shakib Al Hasan,Kolkata Knight Riders,2,19,23,7.2631578947368425,1.6,5.608187134502924
734023,Shakib Al Hasan,Kolkata Knight Riders,0,25,30,7.199999999999999,1.2,5.748187134502924
734027,Shakib Al Hasan,Kolkata Knight Riders,0,25,27,6.4799999999999995,1.0,5.888631578947368
734037,Shakib Al Hasan,Kolkata Knight Riders,3,24,26,6.5,1.2,6.538631578947369
734043,Shakib Al Hasan,Kolkata Knight Riders,2,24,43,10.75,1.4,7.638631578947368
734049,Shakib Al Hasan,Kolkata Knight Riders,0,24,27,6.75,1.0,7.536
829705,Shakib Al Hasan,Kolkata Knight Riders,1,26,48,11.076923076923078,1.2,8.311384615384615
829713,Shakib Al Hasan,Kolkata Knight Riders,2,13,17,7.846153846153847,1.6,8.584615384615386
829805,Shakib Al Hasan,Kolkata Knight Riders,2,25,22,5.279999999999999,1.4,8.340615384615386
829811,Shakib Al Hasan,Kolkata Knight Riders,0,25,36,8.639999999999999,1.0,7.918615384615384
980915,Shakib Al Hasan,Kolkata Knight Riders,0,18,19,6.333333333333333,1.0,7.835282051282052
980925,Shakib Al Hasan,Kolkata Knight Riders,0,25,29,6.959999999999999,0.8,7.011897435897436
980939,Shakib Al Hasan,Kolkata Knight Riders,1,18,14,4.666666666666667,0.6,6.3759999999999994
980947,Shakib Al Hasan,Kolkata Knight Riders,1,24,30,7.5,0.4,6.8199999999999985
980963,Shakib Al Hasan,Kolkata Knight Riders,0,18,21,7.0,0.4,6.492
980975,Shakib Al Hasan,Kolkata Knight Riders,1,18,38,12.666666666666666,0.6,7.7586666666666675
980989,Shakib Al Hasan,Kolkata Knight Riders,1,18,21,7.0,0.8,7.766666666666666
980995,Shakib Al Hasan,Kolkata Knight Riders,0,25,39,9.36,0.6,8.705333333333334
981009,Shakib Al Hasan,Kolkata Knight Riders,1,26,36,8.307692307692308,0.6,8.866871794871795
1082613,Shakib Al Hasan,Kolkata Knight Riders,0,18,34,11.333333333333334,0.6,9.733538461538462
1136564,Shakib Al Hasan,Sunrisers Hyderabad,2,24,24,6.0,0.8,8.400205128205126
1136567,Shakib Al Hasan,Sunrisers Hyderabad,1,25,34,8.16,0.8,8.632205128205127
1136570,Shakib Al Hasan,Sunrisers Hyderabad,2,25,22,5.279999999999999,1.2,7.816205128205129
1136576,Shakib Al Hasan,Sunrisers Hyderabad,0,12,28,14.0,1.0,8.954666666666666
1136580,Shakib Al Hasan,Sunrisers Hyderabad,0,25,32,7.68,1.0,8.224
1136583,Shakib Al Hasan,Sunrisers Hyderabad,1,18,16,5.333333333333333,0.8,8.090666666666667
1136585,Shakib Al Hasan,Sunrisers Hyderabad,2,18,18,6.0,1.0,7.658666666666666
1136588,Shakib Al Hasan,Sunrisers Hyderabad,0,24,30,7.5,0.6,8.102666666666666
1136596,Shakib Al Hasan,Sunrisers Hyderabad,0,24,34,8.5,0.6,7.002666666666667
1136599,Shakib Al Hasan,Sunrisers Hyderabad,2,24,36,9.0,1.0,7.266666666666666
1136602,Shakib Al Hasan,Sunrisers Hyderabad,2,24,27,6.75,1.2,7.55
1136606,Shakib Al Hasan,Sunrisers Hyderabad,1,24,41,10.25,1.0,8.4
1136611,Shakib Al Hasan,Sunrisers Hyderabad,0,24,35,8.75,1.0,8.65
1136614,Shakib Al Hasan,Sunrisers Hyderabad,1,18,30,10.0,1.2,8.95
1136617,Shakib Al Hasan,Sunrisers Hyderabad,0,12,20,10.0,0.8,9.15
1136619,Shakib Al Hasan,Sunrisers Hyderabad,2,18,16,5.333333333333333,0.8,8.866666666666667
1136620,Shakib Al Hasan,Sunrisers Hyderabad,0,6,15,15.0,0.6,9.816666666666666
1175357,Shakib Al Hasan,Sunrisers Hyderabad,1,23,42,10.956521739130434,0.8,10.257971014492753
1178416,Shakib Al Hasan,Sunrisers Hyderabad,0,24,27,6.75,0.6,9.607971014492753
1178420,Shakib Al Hasan,Sunrisers Hyderabad,1,19,26,8.210526315789474,0.8,9.250076277650647
1254060,Shakib Al Hasan,Kolkata Knight Riders,1,24,34,8.5,0.6,9.88340961098398
1254062,Shakib Al Hasan,Kolkata Knight Riders,1,24,23,5.75,0.8,8.03340961098398
1254067,Shakib Al Hasan,Kolkata Knight Riders,0,12,24,12.0,0.6,8.242105263157894
1254106,Shakib Al Hasan,Kolkata Knight Riders,1,6,1,1.0,0.8,7.092105263157895
1254109,Shakib Al Hasan,Kolkata Knight Riders,2,24,20,5.0,1.0,6.45
1254115,Shakib Al Hasan,Kolkata Knight Riders,0,24,24,6.0,0.8,5.95
1254116,Shakib Al Hasan,Kolkata Knight Riders,0,25,28,6.72,0.6,6.144
1254117,Shakib Al Hasan,Kolkata Knight Riders,0,18,34,11.333333333333334,0.6,6.010666666666666
1136586,Shivam Mavi,Kolkata Knight Riders,2,26,58,13.384615384615385,1.0,9.671623931623932
1136589,Shivam Mavi,Kolkata Knight Riders,0,19,22,6.947368421052632,1.0,9.06109761583446
1136593,Shivam Mavi,Kolkata Knight Riders,0,19,21,6.631578947368421,0.8,8.910490328385064
1136609,Shivam Mavi,Kolkata Knight Riders,1,24,44,11.0,0.6,9.332712550607287
1136619,Shivam Mavi,Kolkata Knight Riders,1,25,33,7.919999999999999,0.8,9.176712550607288
1216501,Shivam Mavi,Kolkata Knight Riders,1,18,32,10.666666666666666,0.6,8.633122807017545
1216504,Shivam Mavi,Kolkata Knight Riders,2,24,21,5.25,1.0,8.293649122807016
1216508,Shivam Mavi,Kolkata Knight Riders,2,27,33,7.333333333333333,1.4,8.434000000000001
1216512,Shivam Mavi,Kolkata Knight Riders,1,19,34,10.736842105263158,1.4,8.381368421052631
1216515,Shivam Mavi,Kolkata Knight Riders,0,18,40,13.333333333333334,1.2,9.464035087719298
1216526,Shivam Mavi,Kolkata Knight Riders,1,18,24,8.0,1.2,8.930701754385964
1216530,Shivam Mavi,Kolkata Knight Riders,2,25,15,3.5999999999999996,1.2,8.600701754385964
1216545,Shivam Mavi,Kolkata Knight Riders,0,13,15,6.923076923076923,0.8,8.51865047233468
1254075,Shivam Mavi,Kolkata Knight Riders,1,27,21,4.666666666666667,0.8,7.304615384615384
1254078,Shivam Mavi,Kolkata Knight Riders,1,25,14,3.36,1.0,5.309948717948718
1254082,Shivam Mavi,Kolkata Knight Riders,0,7,25,21.428571428571427,0.8,7.995663003663003
1254102,Shivam Mavi,Kolkata Knight Riders,1,24,32,8.0,0.6,8.875663003663004
1254106,Shivam Mavi,Kolkata Knight Riders,4,19,21,6.631578947368421,1.4,8.817363408521304
1254109,Shivam Mavi,Kolkata Knight Riders,2,25,29,6.959999999999999,1.6,9.27603007518797
1254115,Shivam Mavi,Kolkata Knight Riders,1,28,41,8.785714285714285,1.6,10.361172932330827
1254116,Shivam Mavi,Kolkata Knight Riders,1,25,27,6.4799999999999995,1.8,7.371458646616541
1254117,Shivam Mavi,Kolkata Knight Riders,1,24,32,8.0,1.8,7.371458646616541
1304047,Shivam Mavi,Kolkata Knight Riders,0,26,35,8.076923076923077,1.0,7.6605274725274715
1304054,Shivam Mavi,Kolkata Knight Riders,1,14,39,16.71428571428571,0.8,9.611384615384614
1304076,Shivam Mavi,Kolkata Knight Riders,1,24,36,9.0,0.8,9.654241758241756
1304081,Shivam Mavi,Kolkata Knight Riders,1,27,36,8.0,0.8,9.958241758241758
1304093,Shivam Mavi,Kolkata Knight Riders,1,26,33,7.615384615384616,0.8,9.88131868131868
1304099,Shivam Mavi,Kolkata Knight Riders,1,25,50,12.0,1.0,10.665934065934064
829741,Shivam Sharma,Kings XI Punjab,1,18,44,14.666666666666666,0.8,8.983333333333333
392212,Shoaib Ahmed,Deccan Chargers,0,12,19,9.5,0.6,8.257894736842106
392216,Shoaib Ahmed,Deccan Chargers,2,18,25,8.333333333333334,1.0,7.966666666666667
392223,Shoaib Ahmed,Deccan Chargers,0,6,24,24.0,0.6,11.666666666666668
336009,Shoaib Malik,Delhi Daredevils,0,15,28,11.2,0.4,8.925714285714285
1359515,Sikandar Raza,Punjab Kings,1,18,31,10.333333333333334,0.6,11.288991710044343
1359533,Sikandar Raza,Punjab Kings,0,6,3,3.0,0.4,10.246886446886448
1422135,Sikandar Raza,Punjab Kings,0,12,22,11.0,0.4,10.389743589743592
1304108,Simarjeet Singh,Chennai Super Kings,0,19,26,8.210526315789474,0.6,8.147951417004048
1304114,Simarjeet Singh,Chennai Super Kings,1,18,23,7.666666666666667,0.8,7.465900134952766
1426291,Simarjeet Singh,Chennai Super Kings,2,18,17,5.666666666666667,1.2,6.660771929824561
1426297,Simarjeet Singh,Chennai Super Kings,1,26,60,13.846153846153847,1.0,8.134002699055332
1426299,Simarjeet Singh,Chennai Super Kings,3,28,26,5.571428571428571,1.4,8.192288413341045
1426306,Simarjeet Singh,Chennai Super Kings,0,8,19,14.25,1.4,9.40018315018315
336011,Sohail Tanvir,Rajasthan Royals,1,25,41,9.84,2.0,6.409183946488295
336023,Sohail Tanvir,Rajasthan Royals,3,27,10,2.2222222222222223,2.6,5.317628390932739
336027,Sohail Tanvir,Rajasthan Royals,3,25,27,6.4799999999999995,2.6,5.136705314009662
336033,Sohail Tanvir,Rajasthan Royals,3,26,33,7.615384615384616,2.0,5.909782237086585
336036,Sohail Tanvir,Rajasthan Royals,4,25,15,3.5999999999999996,2.8,5.951521367521368
336038,Sohail Tanvir,Rajasthan Royals,0,14,17,7.285714285714286,2.6,5.440664224664225
336040,Sohail Tanvir,Rajasthan Royals,1,25,40,9.6,2.2,6.916219780219779
1359507,Suyash Sharma,Kolkata Knight Riders,1,24,29,7.25,1.4,8.12
1359510,Suyash Sharma,Kolkata Knight Riders,3,25,30,7.199999999999999,1.4,8.12
1359513,Suyash Sharma,Kolkata Knight Riders,0,24,41,10.25,1.2,8.49
1359527,Suyash Sharma,Kolkata Knight Riders,1,25,30,7.199999999999999,1.4,7.7299999999999995
1359530,Suyash Sharma,Kolkata Knight Riders,0,18,23,7.666666666666667,1.0,7.913333333333332
1359535,Suyash Sharma,Kolkata Knight Riders,0,19,29,9.157894736842106,0.8,8.294912280701755
1359542,Suyash Sharma,Kolkata Knight Riders,0,6,12,12.0,0.2,9.254912280701754
1422121,Suyash Sharma,Kolkata Knight Riders,0,12,18,9.0,0.2,9.004912280701754
1426274,Suyash Sharma,Kolkata Knight Riders,0,13,33,15.230769230769232,0.0,10.6110661268556
1082645,Swapnil Singh,Kings XI Punjab,0,6,6,6.0,0.2,8.487179487179487
1359525,Swapnil Singh,Lucknow Super Giants,0,6,7,7.0,0.2,7.953846153846155
1359537,Swapnil Singh,Lucknow Super Giants,0,6,11,11.0,0.0,8.753846153846155
1426279,Swapnil Singh,Royal Challengers Bengaluru,2,19,40,12.631578947368421,0.4,9.080161943319839
1426283,Swapnil Singh,Royal Challengers Bengaluru,1,18,23,7.666666666666667,0.6,8.859649122807017
1426290,Swapnil Singh,Royal Challengers Bengaluru,0,6,1,1.0,0.6,7.859649122807018
1426296,Swapnil Singh,Royal Challengers Bengaluru,2,18,28,9.333333333333334,1.0,8.326315789473686
1426300,Swapnil Singh,Royal Challengers Bengaluru,1,6,9,9.0,1.2,7.926315789473685
1426306,Swapnil Singh,Royal Challengers Bengaluru,0,13,13,6.0,0.8,6.6
1426310,Swapnil Singh,Royal Challengers Bengaluru,0,12,19,9.5,0.6,6.966666666666667
1082633,T Natarajan,Kings XI Punjab,0,6,15,15.0,0.2,8.928058608058608
1082637,T Natarajan,Kings XI Punjab,1,18,33,11.0,0.2,9.394725274725275
1216495,T Natarajan,Sunrisers Hyderabad,0,24,38,9.5,0.2,9.066153846153846
1216498,T Natarajan,Sunrisers Hyderabad,0,26,24,5.538461538461539,0.2,8.853846153846153
1216502,T Natarajan,Sunrisers Hyderabad,1,24,13,3.25,0.4,8.857692307692307
1216507,T Natarajan,Sunrisers Hyderabad,1,24,32,8.0,0.6,7.457692307692308
1216512,T Natarajan,Sunrisers Hyderabad,2,25,42,10.08,0.8,7.273692307692308
1216516,T Natarajan,Sunrisers Hyderabad,3,25,45,10.799999999999999,1.4,7.5336923076923075
1216518,T Natarajan,Sunrisers Hyderabad,0,25,46,11.04,1.4,8.633999999999999
1216524,T Natarajan,Sunrisers Hyderabad,2,24,26,6.5,1.6,9.283999999999999
1216528,T Natarajan,Sunrisers Hyderabad,2,25,42,10.08,1.8,9.7
1216532,T Natarajan,Sunrisers Hyderabad,1,25,29,6.959999999999999,1.6,9.075999999999999
1216534,T Natarajan,Sunrisers Hyderabad,1,24,34,8.5,1.2,8.616
1216538,T Natarajan,Sunrisers Hyderabad,0,24,30,7.5,1.2,7.9079999999999995
1216542,T Natarajan,Sunrisers Hyderabad,3,24,25,6.25,1.4,7.858
1216545,T Natarajan,Sunrisers Hyderabad,1,19,27,8.526315789473685,1.2,7.547263157894737
1237178,T Natarajan,Sunrisers Hyderabad,2,24,33,8.25,1.4,7.805263157894737
1237180,T Natarajan,Sunrisers Hyderabad,0,27,34,7.555555555555555,1.2,7.616374269005848
1254060,T Natarajan,Sunrisers Hyderabad,1,25,37,8.879999999999999,1.4,7.892374269005847
1254063,T Natarajan,Sunrisers Hyderabad,1,25,33,7.919999999999999,1.0,8.226374269005849
1304051,T Natarajan,Sunrisers Hyderabad,2,26,44,10.153846153846155,1.2,8.551880341880342
1304058,T Natarajan,Sunrisers Hyderabad,2,24,27,6.75,1.2,8.25188034188034
1304063,T Natarajan,Sunrisers Hyderabad,2,25,30,7.199999999999999,1.6,8.180769230769233
1304067,T Natarajan,Sunrisers Hyderabad,3,25,34,8.16,2.0,8.03676923076923
1304071,T Natarajan,Sunrisers Hyderabad,3,24,37,9.25,2.4,8.302769230769231
1304074,T Natarajan,Sunrisers Hyderabad,1,28,38,8.142857142857142,2.2,7.9005714285714275
1304082,T Natarajan,Sunrisers Hyderabad,3,19,10,3.1578947368421053,2.4,7.18215037593985
1304086,T Natarajan,Sunrisers Hyderabad,0,25,43,10.319999999999999,2.0,7.806150375939849
1304092,T Natarajan,Sunrisers Hyderabad,2,25,43,10.319999999999999,1.8,8.23815037593985
1304107,T Natarajan,Sunrisers Hyderabad,1,25,44,10.559999999999999,1.4,8.50015037593985
1304111,T Natarajan,Sunrisers Hyderabad,1,26,60,13.846153846153847,1.4,9.64080971659919
1359478,T Natarajan,Sunrisers Hyderabad,2,18,27,9.0,1.2,10.80923076923077
1359484,T Natarajan,Sunrisers Hyderabad,0,19,24,7.578947368421053,1.2,10.26102024291498
1359488,T Natarajan,Sunrisers Hyderabad,0,24,40,10.0,0.8,10.197020242914979
1359493,T Natarajan,Sunrisers Hyderabad,1,25,54,12.959999999999999,0.8,10.67702024291498
1359499,T Natarajan,Sunrisers Hyderabad,2,24,50,12.5,1.0,10.40778947368421
1359508,T Natarajan,Sunrisers Hyderabad,2,18,21,7.0,1.0,10.007789473684209
1359514,T Natarajan,Sunrisers Hyderabad,1,24,34,8.5,1.2,10.191999999999998
1359521,T Natarajan,Sunrisers Hyderabad,3,26,30,6.923076923076923,1.8,9.576615384615383
1359526,T Natarajan,Sunrisers Hyderabad,0,25,37,8.879999999999999,1.6,8.760615384615384
1359532,T Natarajan,Sunrisers Hyderabad,0,24,31,7.75,1.2,7.810615384615384
1359536,T Natarajan,Sunrisers Hyderabad,1,24,34,8.5,1.0,8.110615384615384
1359539,T Natarajan,Sunrisers Hyderabad,1,25,34,8.16,1.0,8.042615384615384
1422121,T Natarajan,Sunrisers Hyderabad,3,27,32,7.111111111111111,1.0,8.080222222222222
1422136,T Natarajan,Sunrisers Hyderabad,1,24,39,9.75,1.2,8.254222222222221
1426261,T Natarajan,Sunrisers Hyderabad,1,24,33,8.25,1.4,8.354222222222223
1426268,T Natarajan,Sunrisers Hyderabad,1,28,48,10.285714285714285,1.4,8.711365079365079
1426273,T Natarajan,Sunrisers Hyderabad,4,25,19,4.56,2.0,7.991365079365079
1426279,T Natarajan,Sunrisers Hyderabad,2,25,40,9.6,1.8,8.489142857142857
1426284,T Natarajan,Sunrisers Hyderabad,1,27,43,9.555555555555555,1.8,8.450253968253968
1426288,T Natarajan,Sunrisers Hyderabad,2,27,35,7.777777777777778,2.0,8.355809523809523
1426293,T Natarajan,Sunrisers Hyderabad,0,20,31,9.299999999999999,1.8,8.158666666666667
1426295,T Natarajan,Sunrisers Hyderabad,1,27,50,11.11111111111111,1.2,9.468888888888888
1426307,T Natarajan,Sunrisers Hyderabad,2,26,33,7.615384615384616,1.2,9.07196581196581
1426309,T Natarajan,Sunrisers Hyderabad,1,19,23,7.2631578947368425,1.2,8.61348627980207
1426311,T Natarajan,Sunrisers Hyderabad,1,19,14,4.421052631578948,1.0,7.942141250562304
1426312,T Natarajan,Sunrisers Hyderabad,0,14,29,12.428571428571427,1.0,8.56785553627659
1254097,T Shamsi,Rajasthan Royals,0,24,34,8.5,0.6,9.25
419142,T Thushara,Chennai Super Kings,2,18,16,5.333333333333333,2.0,6.888974358974359
419147,T Thushara,Chennai Super Kings,0,26,27,6.230769230769231,1.8,6.4851282051282055
829759,TA Boult,Sunrisers Hyderabad,3,26,19,4.384615384615385,1.8,6.769655172413794
829773,TA Boult,Sunrisers Hyderabad,0,24,44,11.0,1.4,7.289655172413793
829799,TA Boult,Sunrisers Hyderabad,1,25,46,11.04,1.0,8.008
981017,TA Boult,Sunrisers Hyderabad,1,26,39,9.0,1.0,8.331076923076925
1082593,TA Boult,Kolkata Knight Riders,1,25,41,9.84,1.2,9.052923076923076
1082597,TA Boult,Kolkata Knight Riders,0,24,50,12.5,0.6,10.675999999999998
1082601,TA Boult,Kolkata Knight Riders,0,24,36,9.0,0.6,10.276
1082604,TA Boult,Kolkata Knight Riders,1,24,33,8.25,0.6,9.718
1082644,TA Boult,Kolkata Knight Riders,2,26,31,7.153846153846154,0.8,9.348769230769232
1082648,TA Boult,Kolkata Knight Riders,1,25,31,7.4399999999999995,0.8,8.868769230769232
1136562,TA Boult,Delhi Daredevils,1,24,34,8.5,1.0,8.068769230769231
1136566,TA Boult,Delhi Daredevils,1,18,26,8.666666666666666,1.2,8.002102564102564
1136569,TA Boult,Delhi Daredevils,2,25,44,10.559999999999999,1.4,8.464102564102564
1136573,TA Boult,Delhi Daredevils,2,24,29,7.25,1.4,8.483333333333333
1136579,TA Boult,Delhi Daredevils,1,24,33,8.25,1.4,8.645333333333333
1136582,TA Boult,Delhi Daredevils,2,19,23,7.2631578947368425,1.6,8.3979649122807
1136586,TA Boult,Delhi Daredevils,2,26,44,10.153846153846155,1.8,8.695400809716599
1136590,TA Boult,Delhi Daredevils,1,24,49,12.25,1.6,9.0334008097166
1136592,TA Boult,Delhi Daredevils,3,21,26,7.428571428571429,1.8,9.069115095430885
1136596,TA Boult,Delhi Daredevils,0,26,30,6.923076923076923,1.6,8.803730480046271
1136602,TA Boult,Delhi Daredevils,0,23,43,11.217391304347826,1.2,9.594577161968468
1136605,TA Boult,Delhi Daredevils,2,24,40,10.0,1.2,9.563807931199236
1136612,TA Boult,Delhi Daredevils,2,24,21,5.25,1.4,8.163807931199235
1136615,TA Boult,Delhi Daredevils,1,25,34,8.16,1.0,8.310093645484951
1175358,TA Boult,Delhi Capitals,1,25,42,10.08,1.2,8.941478260869564
1178425,TA Boult,Delhi Capitals,0,25,37,8.879999999999999,1.2,8.474
1178428,TA Boult,Delhi Capitals,2,27,27,6.0,1.2,7.674000000000001
1181766,TA Boult,Delhi Capitals,1,19,37,11.68421052631579,1.0,8.960842105263158
1181767,TA Boult,Delhi Capitals,1,24,20,5.0,1.0,8.328842105263158
1216492,TA Boult,Mumbai Indians,1,20,23,6.8999999999999995,1.0,7.692842105263158
1216499,TA Boult,Mumbai Indians,1,25,40,9.6,1.2,7.836842105263157
1216503,TA Boult,Mumbai Indians,1,24,42,10.5,1.0,8.736842105263158
1216508,TA Boult,Mumbai Indians,2,24,30,7.5,1.2,7.9
1216511,TA Boult,Mumbai Indians,2,24,26,6.5,1.4,8.2
1216517,TA Boult,Mumbai Indians,1,29,63,13.03448275862069,1.4,9.426896551724138
1216521,TA Boult,Mumbai Indians,4,25,18,4.319999999999999,2.0,8.370896551724138
1216526,TA Boult,Mumbai Indians,1,25,32,7.68,2.0,7.806896551724138
1216529,TA Boult,Mumbai Indians,1,26,36,8.307692307692308,1.8,7.968435013262599
1216535,TA Boult,Mumbai Indians,3,24,21,5.25,2.0,7.718435013262599
1216538,TA Boult,Mumbai Indians,2,24,28,7.0,2.2,6.5115384615384615
1216541,TA Boult,Mumbai Indians,0,24,40,10.0,1.4,7.647538461538462
1216547,TA Boult,Mumbai Indians,2,24,35,8.75,1.6,7.861538461538461
1237177,TA Boult,Mumbai Indians,2,12,9,4.5,1.8,7.1
1237181,TA Boult,Mumbai Indians,3,24,30,7.5,1.8,7.55
1254058,TA Boult,Mumbai Indians,1,26,36,8.307692307692308,1.6,7.811538461538461
1254062,TA Boult,Mumbai Indians,2,24,27,6.75,2.0,7.161538461538461
1254066,TA Boult,Mumbai Indians,4,22,28,7.636363636363637,2.4,6.938811188811189
1254070,TA Boult,Mumbai Indians,0,24,24,6.0,2.0,7.238811188811189
1254074,TA Boult,Mumbai Indians,0,17,30,10.588235294117647,1.4,7.856458247634718
1254081,TA Boult,Mumbai Indians,1,24,37,9.25,1.4,8.044919786096257
1254084,TA Boult,Mumbai Indians,1,25,43,10.319999999999999,1.2,8.758919786096257
1254088,TA Boult,Mumbai Indians,1,24,30,7.5,0.6,8.73164705882353
1254093,TA Boult,Mumbai Indians,0,26,24,5.538461538461539,0.6,8.639339366515838
1254096,TA Boult,Mumbai Indians,0,12,23,11.5,0.6,8.821692307692308
1254099,TA Boult,Mumbai Indians,0,19,30,9.473684210526317,0.4,8.866429149797572
1254104,TA Boult,Mumbai Indians,2,24,36,9.0,0.6,8.60242914979757
1254108,TA Boult,Mumbai Indians,1,25,17,4.08,0.6,7.9184291497975705
1254112,TA Boult,Mumbai Indians,1,25,24,5.76,0.8,7.9627368421052624
1304051,TA Boult,Rajasthan Royals,2,27,27,6.0,1.2,6.862736842105264
1304055,TA Boult,Rajasthan Royals,1,25,29,6.959999999999999,1.4,6.36
1304059,TA Boult,Rajasthan Royals,2,24,34,8.5,1.4,6.26
1304066,TA Boult,Rajasthan Royals,2,25,30,7.199999999999999,1.6,6.884
1304076,TA Boult,Rajasthan Royals,1,24,48,12.0,1.6,8.132
1304080,TA Boult,Rajasthan Royals,1,25,47,11.28,1.4,9.187999999999999
1304085,TA Boult,Rajasthan Royals,0,18,22,7.333333333333333,1.2,9.262666666666666
1304090,TA Boult,Rajasthan Royals,1,20,27,8.1,1.0,9.182666666666666
1304093,TA Boult,Rajasthan Royals,1,26,25,5.76923076923077,0.8,8.89651282051282
1304098,TA Boult,Rajasthan Royals,0,25,36,8.639999999999999,0.6,8.22451282051282
1304104,TA Boult,Rajasthan Royals,1,26,32,7.384615384615385,0.6,7.445435897435897
1304109,TA Boult,Rajasthan Royals,2,24,19,4.75,1.0,6.928769230769231
1304114,TA Boult,Rajasthan Royals,1,24,44,11.0,1.0,7.50876923076923
1312197,TA Boult,Rajasthan Royals,1,24,38,9.5,1.0,8.254923076923077
1312199,TA Boult,Rajasthan Royals,1,24,28,7.0,1.2,7.926923076923077
1312200,TA Boult,Rajasthan Royals,1,26,15,3.4615384615384617,1.2,7.142307692307692
1359478,TA Boult,Rajasthan Royals,2,24,21,5.25,1.2,7.242307692307692
1359482,TA Boult,Rajasthan Royals,0,25,38,9.12,1.0,6.866307692307691
1359485,TA Boult,Rajasthan Royals,3,24,29,7.25,1.4,6.416307692307692
1359497,TA Boult,Rajasthan Royals,1,26,46,10.615384615384617,1.4,7.139384615384616
1359500,TA Boult,Rajasthan Royals,1,24,18,4.5,1.4,7.347076923076924
1359506,TA Boult,Rajasthan Royals,2,25,41,9.84,1.4,8.265076923076924
1359516,TA Boult,Rajasthan Royals,1,26,44,10.153846153846155,1.6,8.471846153846155
1359522,TA Boult,Rajasthan Royals,0,18,28,9.333333333333334,1.0,8.88851282051282
1359530,TA Boult,Rajasthan Royals,2,18,16,5.333333333333333,1.2,7.832102564102565
1359540,TA Boult,Rajasthan Royals,1,25,35,8.399999999999999,1.2,8.612102564102564
1422122,TA Boult,Rajasthan Royals,2,24,35,8.75,1.2,8.394102564102564
1422127,TA Boult,Rajasthan Royals,0,18,29,9.666666666666666,1.0,8.296666666666665
1422132,TA Boult,Rajasthan Royals,3,25,23,5.52,1.6,7.533999999999999
1422137,TA Boult,Rajasthan Royals,0,19,31,9.789473684210527,1.2,8.42522807017544
1426262,TA Boult,Rajasthan Royals,0,12,8,4.0,1.0,7.545228070175439
1426265,TA Boult,Rajasthan Royals,1,26,22,5.0769230769230775,0.8,6.810612685560054
1426269,TA Boult,Rajasthan Royals,1,24,31,7.75,1.0,6.427279352226721
1426276,TA Boult,Rajasthan Royals,2,27,33,7.333333333333333,0.8,6.789946018893387
1426282,TA Boult,Rajasthan Royals,1,26,41,9.461538461538462,1.0,6.724358974358974
1426288,TA Boult,Rajasthan Royals,0,25,33,7.919999999999999,1.0,7.508358974358974
1426294,TA Boult,Rajasthan Royals,1,24,48,12.0,1.0,8.89297435897436
1426299,TA Boult,Rajasthan Royals,0,15,24,9.6,0.8,9.26297435897436
1426303,TA Boult,Rajasthan Royals,1,18,27,9.0,0.6,9.596307692307693
1426310,TA Boult,Rajasthan Royals,1,24,18,4.5,0.6,8.604000000000001
1426311,TA Boult,Rajasthan Royals,3,26,45,10.384615384615385,1.2,9.096923076923076
501228,TG Southee,Chennai Super Kings,1,26,33,7.615384615384616,0.8,8.539076923076923
729297,TG Southee,Rajasthan Royals,0,25,27,6.4799999999999995,0.6,8.285076923076923
729305,TG Southee,Rajasthan Royals,0,18,17,5.666666666666667,0.4,7.768410256410256
733979,TG Southee,Rajasthan Royals,0,20,34,10.2,0.2,8.272410256410257
829709,TG Southee,Rajasthan Royals,3,27,37,8.222222222222221,0.8,7.636854700854701
829715,TG Southee,Rajasthan Royals,0,25,36,8.639999999999999,0.6,7.841777777777777
829721,TG Southee,Rajasthan Royals,1,24,46,11.5,0.8,8.845777777777778
829727,TG Southee,Rajasthan Royals,1,25,31,7.4399999999999995,1.0,9.200444444444443
829763,TG Southee,Rajasthan Royals,3,25,35,8.399999999999999,1.6,8.840444444444444
829769,TG Southee,Rajasthan Royals,1,24,36,9.0,1.2,8.996
829777,TG Southee,Rajasthan Royals,0,25,34,8.16,1.2,8.9
980909,TG Southee,Mumbai Indians,0,27,44,9.777777777777779,1.0,8.555555555555555
980917,TG Southee,Mumbai Indians,0,24,31,7.75,0.8,8.617555555555555
980923,TG Southee,Mumbai Indians,3,25,25,6.0,0.8,8.137555555555556
980927,TG Southee,Mumbai Indians,0,24,25,6.25,0.6,7.587555555555556
980933,TG Southee,Mumbai Indians,0,21,22,6.285714285714286,0.6,7.212698412698413
980941,TG Southee,Mumbai Indians,2,24,28,7.0,1.0,6.657142857142857
980947,TG Southee,Mumbai Indians,2,24,38,9.5,1.4,7.007142857142857
980957,TG Southee,Mumbai Indians,0,25,35,8.399999999999999,0.8,7.487142857142857
980973,TG Southee,Mumbai Indians,0,24,36,9.0,0.8,8.037142857142857
980981,TG Southee,Mumbai Indians,1,25,27,6.4799999999999995,1.0,8.075999999999999
980985,TG Southee,Mumbai Indians,1,25,22,5.279999999999999,0.8,7.731999999999999
1082592,TG Southee,Mumbai Indians,1,26,34,7.846153846153847,0.6,7.401230769230769
1082602,TG Southee,Mumbai Indians,0,14,23,9.857142857142856,0.6,7.6926593406593415
1082644,TG Southee,Mumbai Indians,2,26,40,9.230769230769232,1.0,7.738813186813187
1136589,TG Southee,Royal Challengers Bangalore,0,26,34,7.846153846153847,0.8,8.012043956043957
1136591,TG Southee,Royal Challengers Bangalore,2,25,25,6.0,1.0,8.156043956043955
1136595,TG Southee,Royal Challengers Bangalore,0,18,30,10.0,0.8,8.586813186813187
1136599,TG Southee,Royal Challengers Bangalore,5,25,31,7.4399999999999995,1.8,8.103384615384616
1136605,TG Southee,Royal Challengers Bangalore,0,27,41,9.11111111111111,1.4,8.079452991452992
1136608,TG Southee,Royal Challengers Bangalore,0,12,20,10.0,1.4,8.510222222222222
1136611,TG Southee,Royal Challengers Bangalore,0,25,45,10.799999999999999,1.0,9.470222222222223
1136613,TG Southee,Royal Challengers Bangalore,1,25,37,8.879999999999999,1.2,9.246222222222222
1175372,TG Southee,Royal Challengers Bangalore,0,25,62,14.879999999999999,0.2,10.73422222222222
1178395,TG Southee,Royal Challengers Bangalore,1,14,28,12.0,0.4,11.312
1178417,TG Southee,Royal Challengers Bangalore,0,19,33,10.421052631578949,0.4,11.39621052631579
1254092,TG Southee,Kolkata Knight Riders,3,25,29,6.959999999999999,1.0,10.628210526315788
1254102,TG Southee,Kolkata Knight Riders,0,25,40,9.6,0.8,10.772210526315789
1254109,TG Southee,Kolkata Knight Riders,2,24,26,6.5,1.2,9.09621052631579
1304052,TG Southee,Kolkata Knight Riders,3,26,20,4.615384615384616,1.6,7.619287449392713
1304054,TG Southee,Kolkata Knight Riders,2,25,37,8.879999999999999,2.0,7.311076923076922
1304081,TG Southee,Kolkata Knight Riders,3,26,26,6.0,2.0,7.119076923076923
1304087,TG Southee,Kolkata Knight Riders,0,25,32,7.68,2.0,6.735076923076923
1304093,TG Southee,Kolkata Knight Riders,2,27,48,10.666666666666666,2.0,7.568410256410256
1304099,TG Southee,Kolkata Knight Riders,3,24,29,7.25,2.0,8.095333333333333
1304102,TG Southee,Kolkata Knight Riders,1,18,12,4.0,1.8,7.119333333333333
1304107,TG Southee,Kolkata Knight Riders,2,24,23,5.75,1.6,7.069333333333333
1304112,TG Southee,Kolkata Knight Riders,0,25,57,13.68,1.6,8.269333333333332
1359476,TG Southee,Kolkata Knight Riders,2,24,54,13.5,1.6,8.836
1359483,TG Southee,Kolkata Knight Riders,0,12,25,12.5,1.0,9.886
1136601,TK Curran,Kolkata Knight Riders,1,20,33,9.9,1.2,15.633846153846156
1216496,TK Curran,Rajasthan Royals,1,25,55,13.2,1.0,15.673846153846153
1216504,TK Curran,Rajasthan Royals,1,28,37,7.928571428571428,1.0,15.15956043956044
1216511,TK Curran,Rajasthan Royals,0,19,34,10.736842105263158,0.6,15.553082706766919
1216514,TK Curran,Rajasthan Royals,0,19,40,12.631578947368421,0.6,10.8793984962406
1216527,TK Curran,Rajasthan Royals,1,25,44,10.559999999999999,0.6,11.011398496240602
1254059,TK Curran,Delhi Capitals,1,25,40,9.6,0.6,10.2913984962406
1254064,TK Curran,Delhi Capitals,0,23,35,9.130434782608695,0.4,10.531771167048054
1254114,TK Curran,Delhi Capitals,3,24,29,7.25,1.0,9.834402745995423
392236,TL Suman,Deccan Chargers,0,6,18,18.0,1.2,8.937333333333333
419106,TL Suman,Deccan Chargers,0,7,16,13.714285714285714,1.0,9.746857142857143
419110,TL Suman,Deccan Chargers,0,6,8,8.0,0.6,10.646857142857144
501237,TL Suman,Mumbai Indians,0,6,12,12.0,0.2,11.446857142857144
501251,TL Suman,Mumbai Indians,0,18,23,7.666666666666667,0.0,11.876190476190477
501256,TL Suman,Mumbai Indians,0,12,15,7.5,0.0,9.776190476190475
598042,TL Suman,Pune Warriors,1,12,16,8.0,0.2,8.633333333333333
392219,TM Dilshan,Delhi Daredevils,0,24,18,4.5,0.2,6.833333333333333
392223,TM Dilshan,Delhi Daredevils,0,12,8,4.0,0.0,7.033333333333333
392226,TM Dilshan,Delhi Daredevils,0,6,7,7.0,0.0,7.633333333333333
392230,TM Dilshan,Delhi Daredevils,0,6,11,11.0,0.0,6.833333333333334
392237,TM Dilshan,Delhi Daredevils,0,18,13,4.333333333333333,0.0,6.166666666666666
419108,TM Dilshan,Delhi Daredevils,1,6,7,7.0,0.2,6.666666666666667
419116,TM Dilshan,Delhi Daredevils,1,13,30,13.846153846153847,0.4,8.635897435897437
419155,TM Dilshan,Delhi Daredevils,1,24,19,4.75,0.6,8.185897435897436
419160,TM Dilshan,Delhi Daredevils,0,6,14,14.0,0.6,8.785897435897436
501200,TM Dilshan,Royal Challengers Bangalore,1,24,30,7.5,0.8,9.419230769230769
501205,TM Dilshan,Royal Challengers Bangalore,0,6,12,12.0,0.6,10.419230769230769
501208,TM Dilshan,Royal Challengers Bangalore,0,12,22,11.0,0.4,9.85
501211,TM Dilshan,Royal Challengers Bangalore,0,12,21,10.5,0.2,11.0
501222,TM Dilshan,Royal Challengers Bangalore,0,13,15,6.923076923076923,0.2,9.584615384615386
501247,TM Dilshan,Royal Challengers Bangalore,0,7,8,6.857142857142857,0.0,9.456043956043954
548327,TM Dilshan,Royal Challengers Bangalore,0,12,25,12.5,0.0,9.556043956043956
548344,TM Dilshan,Royal Challengers Bangalore,0,12,19,9.5,0.0,9.256043956043957
548356,TM Dilshan,Royal Challengers Bangalore,0,6,17,17.0,0.0,10.556043956043956
548372,TM Dilshan,Royal Challengers Bangalore,0,7,11,9.428571428571429,0.0,11.057142857142857
548376,TM Dilshan,Royal Challengers Bangalore,0,7,6,5.142857142857142,0.0,10.714285714285715
598004,TM Dilshan,Royal Challengers Bangalore,0,6,10,10.0,0.0,10.214285714285714
1082646,TM Head,Royal Challengers Bangalore,2,18,30,10.0,0.6,10.525714285714285
1426309,TM Head,Sunrisers Hyderabad,0,10,32,19.2,0.6,12.165714285714285
1082617,TS Mills,Royal Challengers Bangalore,2,26,31,7.153846153846154,1.0,8.866769230769231
1304048,TS Mills,Mumbai Indians,1,20,26,7.8,1.0,8.890769230769232
1304055,TS Mills,Mumbai Indians,3,24,35,8.75,1.4,8.990769230769232
1304060,TS Mills,Mumbai Indians,2,18,38,12.666666666666666,1.6,9.124102564102564
1304069,TS Mills,Mumbai Indians,0,26,37,8.538461538461538,1.6,8.981794871794872
1304072,TS Mills,Mumbai Indians,0,19,56,17.68421052631579,1.2,11.087867746288799
1216546,TU Deshpande,Delhi Capitals,0,13,41,18.923076923076923,0.6,11.49032967032967
1304047,TU Deshpande,Chennai Super Kings,0,18,23,7.666666666666667,0.6,11.103663003663003
1304053,TU Deshpande,Chennai Super Kings,1,25,44,10.559999999999999,0.6,11.415663003663003
1359475,TU Deshpande,Chennai Super Kings,1,22,52,14.181818181818182,0.8,11.85202664002664
1359480,TU Deshpande,Chennai Super Kings,2,31,46,8.903225806451612,0.8,12.046957515602678
1359486,TU Deshpande,Chennai Super Kings,2,19,32,10.105263157894738,1.2,10.28339476256624
1359491,TU Deshpande,Chennai Super Kings,3,25,37,8.879999999999999,1.8,10.526061429232907
1359498,TU Deshpande,Chennai Super Kings,3,27,49,10.88888888888889,2.2,10.591839207010684
1359503,TU Deshpande,Chennai Super Kings,0,19,26,8.210526315789474,2.0,9.397580833804943
1359507,TU Deshpande,Chennai Super Kings,2,28,44,9.428571428571429,2.0,9.502649958228906
1359511,TU Deshpande,Chennai Super Kings,2,24,42,10.5,2.0,9.581597326649959
1359515,TU Deshpande,Chennai Super Kings,3,26,54,12.461538461538462,2.0,10.297905018957652
1359519,TU Deshpande,Chennai Super Kings,0,6,1,1.0,1.4,8.320127241179872
1359523,TU Deshpande,Chennai Super Kings,2,25,26,6.239999999999999,1.8,7.926021978021977
1359529,TU Deshpande,Chennai Super Kings,2,18,19,6.333333333333333,1.8,7.306974358974358
1359535,TU Deshpande,Chennai Super Kings,0,23,25,6.521739130434782,1.4,6.511322185061315
1359541,TU Deshpande,Chennai Super Kings,1,25,28,6.72,1.0,5.363014492753623
1370350,TU Deshpande,Chennai Super Kings,1,26,43,9.923076923076923,1.2,7.147629877369008
1370353,TU Deshpande,Chennai Super Kings,0,24,56,14.0,0.8,8.699629877369008
1422119,TU Deshpande,Chennai Super Kings,1,29,47,9.724137931034484,0.6,9.377790796909236
1422125,TU Deshpande,Chennai Super Kings,2,24,22,5.5,1.0,9.17344297082228
1422131,TU Deshpande,Chennai Super Kings,0,26,24,5.538461538461539,0.8,8.937135278514589
1422136,TU Deshpande,Chennai Super Kings,0,12,23,11.5,0.6,9.252519893899205
1426260,TU Deshpande,Chennai Super Kings,3,26,37,8.538461538461538,1.2,8.160212201591513
1426267,TU Deshpande,Chennai Super Kings,1,24,29,7.25,1.2,7.665384615384616
1426272,TU Deshpande,Chennai Super Kings,0,29,43,8.896551724137932,0.8,8.344694960212202
1426277,TU Deshpande,Chennai Super Kings,0,19,35,11.052631578947368,0.8,9.447528968309367
1426284,TU Deshpande,Chennai Super Kings,4,18,27,9.0,1.6,8.947528968309367
1426291,TU Deshpande,Chennai Super Kings,2,25,35,8.399999999999999,1.4,8.91983666061706
1426297,TU Deshpande,Chennai Super Kings,2,26,33,7.615384615384616,1.6,8.992913583693982
1426299,TU Deshpande,Chennai Super Kings,2,24,31,7.75,2.0,8.763603238866397
1426306,TU Deshpande,Chennai Super Kings,1,28,49,10.5,2.2,8.653076923076924
419134,UT Yadav,Delhi Daredevils,0,18,21,7.0,1.0,7.776888888888888
419155,UT Yadav,Delhi Daredevils,0,7,11,9.428571428571429,0.8,7.862603174603175
419160,UT Yadav,Delhi Daredevils,3,25,25,6.0,1.2,7.262603174603174
501201,UT Yadav,Delhi Daredevils,0,12,17,8.5,1.0,7.474603174603175
501213,UT Yadav,Delhi Daredevils,0,26,36,8.307692307692308,0.6,7.847252747252748
501227,UT Yadav,Delhi Daredevils,1,24,38,9.5,0.8,8.347252747252748
501230,UT Yadav,Delhi Daredevils,2,25,29,6.959999999999999,1.2,7.853538461538461
501233,UT Yadav,Delhi Daredevils,0,18,29,9.666666666666666,0.6,8.586871794871794
501238,UT Yadav,Delhi Daredevils,0,8,23,17.25,0.6,10.336871794871794
548307,UT Yadav,Delhi Daredevils,2,12,10,5.0,1.0,9.675333333333333
548310,UT Yadav,Delhi Daredevils,0,12,10,5.0,0.8,8.775333333333332
548316,UT Yadav,Delhi Daredevils,1,20,24,7.199999999999999,0.6,8.823333333333332
548321,UT Yadav,Delhi Daredevils,1,21,33,9.428571428571429,0.8,8.775714285714285
548325,UT Yadav,Delhi Daredevils,2,25,11,2.6399999999999997,1.2,5.853714285714285
548333,UT Yadav,Delhi Daredevils,0,24,31,7.75,0.8,6.403714285714285
548337,UT Yadav,Delhi Daredevils,0,24,40,10.0,0.8,7.403714285714285
548342,UT Yadav,Delhi Daredevils,2,25,36,8.639999999999999,1.0,7.691714285714285
548345,UT Yadav,Delhi Daredevils,1,25,35,8.399999999999999,1.0,7.485999999999999
548349,UT Yadav,Delhi Daredevils,1,25,28,6.72,0.8,8.301999999999998
548357,UT Yadav,Delhi Daredevils,2,27,31,6.888888888888889,1.2,8.129777777777777
548364,UT Yadav,Delhi Daredevils,0,19,24,7.578947368421053,1.2,7.645567251461988
548369,UT Yadav,Delhi Daredevils,4,25,21,5.04,1.6,6.925567251461987
548372,UT Yadav,Delhi Daredevils,0,26,42,9.692307692307693,1.4,7.184028789923526
548374,UT Yadav,Delhi Daredevils,3,24,19,4.75,1.8,6.790028789923527
548378,UT Yadav,Delhi Daredevils,1,25,37,8.879999999999999,1.6,7.188251012145749
548380,UT Yadav,Delhi Daredevils,2,24,27,6.75,2.0,7.022461538461539
597998,UT Yadav,Delhi Daredevils,0,20,25,7.5,1.2,7.514461538461539
598001,UT Yadav,Delhi Daredevils,4,24,24,6.0,2.0,6.776000000000001
598006,UT Yadav,Delhi Daredevils,0,21,29,8.285714285714286,1.4,7.483142857142857
598010,UT Yadav,Delhi Daredevils,0,18,32,10.666666666666666,1.2,7.84047619047619
598017,UT Yadav,Delhi Daredevils,3,30,37,7.4,1.4,7.970476190476191
598020,UT Yadav,Delhi Daredevils,2,25,35,8.399999999999999,1.8,8.150476190476189
598024,UT Yadav,Delhi Daredevils,3,25,31,7.4399999999999995,1.6,8.438476190476191
598028,UT Yadav,Delhi Daredevils,0,24,41,10.25,1.6,8.831333333333333
598035,UT Yadav,Delhi Daredevils,2,25,24,5.76,2.0,7.85
598040,UT Yadav,Delhi Daredevils,2,26,36,8.307692307692308,1.8,8.031538461538462
598044,UT Yadav,Delhi Daredevils,0,18,27,9.0,1.4,8.151538461538461
598049,UT Yadav,Delhi Daredevils,0,20,29,8.7,0.8,8.403538461538462
598054,UT Yadav,Delhi Daredevils,1,25,65,15.6,1.0,9.473538461538462
598059,UT Yadav,Delhi Daredevils,0,18,19,6.333333333333333,0.6,9.588205128205129
598062,UT Yadav,Delhi Daredevils,2,24,26,6.5,0.6,9.226666666666667
598067,UT Yadav,Delhi Daredevils,1,26,53,12.230769230769232,0.8,9.872820512820514
729299,UT Yadav,Kolkata Knight Riders,1,26,40,9.230769230769232,1.0,9.978974358974359
729307,UT Yadav,Kolkata Knight Riders,0,24,29,7.25,0.8,8.308974358974359
733979,UT Yadav,Kolkata Knight Riders,0,18,32,10.666666666666666,0.8,9.175641025641024
733985,UT Yadav,Kolkata Knight Riders,1,26,27,6.230769230769231,0.6,9.121794871794872
733997,UT Yadav,Kolkata Knight Riders,1,25,36,8.639999999999999,0.6,8.403641025641026
734009,UT Yadav,Kolkata Knight Riders,0,18,24,8.0,0.4,8.15748717948718
734015,UT Yadav,Kolkata Knight Riders,4,26,27,6.230769230769231,1.2,7.953641025641026
734023,UT Yadav,Kolkata Knight Riders,0,26,29,6.6923076923076925,1.2,7.158769230769231
734027,UT Yadav,Kolkata Knight Riders,1,25,49,11.76,1.2,8.264615384615386
734037,UT Yadav,Kolkata Knight Riders,0,19,34,10.736842105263158,1.0,8.683983805668017
734043,UT Yadav,Kolkata Knight Riders,3,25,14,3.36,1.6,7.755983805668016
734049,UT Yadav,Kolkata Knight Riders,1,25,40,9.6,1.0,8.42982995951417
829705,UT Yadav,Kolkata Knight Riders,0,18,37,12.333333333333334,1.0,9.558035087719297
829723,UT Yadav,Kolkata Knight Riders,1,12,17,8.5,1.0,8.906035087719298
829733,UT Yadav,Kolkata Knight Riders,3,25,33,7.919999999999999,1.6,8.342666666666666
829739,UT Yadav,Kolkata Knight Riders,3,27,19,4.222222222222222,1.6,8.51511111111111
829743,UT Yadav,Kolkata Knight Riders,1,25,40,9.6,1.6,8.515111111111112
829761,UT Yadav,Kolkata Knight Riders,0,27,30,6.666666666666667,1.6,7.381777777777778
829765,UT Yadav,Kolkata Knight Riders,0,25,37,8.879999999999999,1.4,7.457777777777778
829771,UT Yadav,Kolkata Knight Riders,0,13,31,14.307692307692308,0.8,8.735316239316239
829781,UT Yadav,Kolkata Knight Riders,2,26,34,7.846153846153847,0.6,9.460102564102565
829791,UT Yadav,Kolkata Knight Riders,0,25,36,8.639999999999999,0.4,9.268102564102563
829805,UT Yadav,Kolkata Knight Riders,0,19,37,11.68421052631579,0.4,10.27161133603239
829811,UT Yadav,Kolkata Knight Riders,2,24,36,9.0,0.8,10.295611336032389
980903,UT Yadav,Kolkata Knight Riders,0,18,21,7.0,0.8,8.834072874493927
980915,UT Yadav,Kolkata Knight Riders,3,25,28,6.72,1.0,8.608842105263157
980925,UT Yadav,Kolkata Knight Riders,2,18,17,5.666666666666667,1.4,8.014175438596492
980939,UT Yadav,Kolkata Knight Riders,1,12,21,10.5,1.6,7.777333333333333
980947,UT Yadav,Kolkata Knight Riders,1,14,19,8.142857142857142,1.4,7.605904761904762
980951,UT Yadav,Kolkata Knight Riders,3,18,38,12.666666666666666,2.0,8.739238095238095
980959,UT Yadav,Kolkata Knight Riders,2,27,56,12.444444444444445,1.8,9.884126984126983
980963,UT Yadav,Kolkata Knight Riders,0,19,28,8.842105263157896,1.4,10.51921470342523
980975,UT Yadav,Kolkata Knight Riders,0,12,18,9.0,1.2,10.21921470342523
1082601,UT Yadav,Kolkata Knight Riders,4,27,33,7.333333333333333,1.8,10.057309941520469
1082604,UT Yadav,Kolkata Knight Riders,0,19,29,9.157894736842106,1.2,9.355555555555556
1082608,UT Yadav,Kolkata Knight Riders,1,24,53,13.25,1.0,9.516666666666667
1082613,UT Yadav,Kolkata Knight Riders,1,12,18,9.0,1.2,9.548245614035087
1082617,UT Yadav,Kolkata Knight Riders,1,18,17,5.666666666666667,1.4,8.881578947368421
1082620,UT Yadav,Kolkata Knight Riders,1,21,29,8.285714285714286,0.8,9.072055137844611
1082622,UT Yadav,Kolkata Knight Riders,1,25,39,9.36,1.0,9.11247619047619
1082627,UT Yadav,Kolkata Knight Riders,0,24,31,7.75,0.8,8.012476190476189
1082631,UT Yadav,Kolkata Knight Riders,1,24,28,7.0,0.8,7.6124761904761895
1082636,UT Yadav,Kolkata Knight Riders,3,25,36,8.639999999999999,1.2,8.207142857142857
1082639,UT Yadav,Kolkata Knight Riders,1,20,27,8.1,1.2,8.17
1082644,UT Yadav,Kolkata Knight Riders,1,24,44,11.0,1.2,8.498
1082648,UT Yadav,Kolkata Knight Riders,2,25,21,5.04,1.6,7.956
1082649,UT Yadav,Kolkata Knight Riders,1,16,27,10.125,1.6,8.581
1136563,UT Yadav,Royal Challengers Bangalore,2,26,28,6.461538461538462,1.4,8.145307692307693
1136568,UT Yadav,Royal Challengers Bangalore,3,24,23,5.75,1.8,7.675307692307692
1136571,UT Yadav,Royal Challengers Bangalore,0,28,59,12.642857142857142,1.6,8.003879120879121
1136574,UT Yadav,Royal Challengers Bangalore,2,25,37,8.879999999999999,1.6,8.77187912087912
1136579,UT Yadav,Royal Challengers Bangalore,1,24,27,6.75,1.6,8.09687912087912
1136584,UT Yadav,Royal Challengers Bangalore,1,24,23,5.75,1.4,7.954571428571429
1136589,UT Yadav,Royal Challengers Bangalore,0,19,36,11.368421052631579,0.8,9.078255639097744
1136591,UT Yadav,Royal Challengers Bangalore,2,26,31,7.153846153846154,1.2,7.980453441295547
1136595,UT Yadav,Royal Challengers Bangalore,2,18,16,5.333333333333333,1.2,7.271120107962213
1136599,UT Yadav,Royal Challengers Bangalore,1,26,36,8.307692307692308,1.2,7.582658569500675
1136605,UT Yadav,Royal Challengers Bangalore,0,19,29,9.157894736842106,1.0,8.264237516869096
1136608,UT Yadav,Royal Challengers Bangalore,3,24,23,5.75,1.6,7.140553306342779
1136611,UT Yadav,Royal Challengers Bangalore,0,24,31,7.75,1.2,7.259784075573549
1136613,UT Yadav,Royal Challengers Bangalore,3,24,25,6.25,1.4,7.4431174089068834
1175356,UT Yadav,Royal Challengers Bangalore,0,19,13,4.105263157894737,1.2,6.602631578947369
1175362,UT Yadav,Royal Challengers Bangalore,2,25,26,6.239999999999999,1.6,6.019052631578947
1175366,UT Yadav,Royal Challengers Bangalore,0,24,47,11.75,1.0,7.219052631578947
1175369,UT Yadav,Royal Challengers Bangalore,0,24,40,10.0,1.0,7.669052631578947
1178403,UT Yadav,Royal Challengers Bangalore,0,26,42,9.692307692307693,0.4,8.357514170040485
1178406,UT Yadav,Royal Challengers Bangalore,0,13,25,11.53846153846154,0.4,9.844153846153848
1178414,UT Yadav,Royal Challengers Bangalore,3,25,51,12.239999999999998,0.6,11.044153846153847
1178417,UT Yadav,Royal Challengers Bangalore,3,27,36,8.0,1.2,10.294153846153847
1178421,UT Yadav,Royal Challengers Bangalore,1,24,39,9.75,1.4,10.244153846153846
1178424,UT Yadav,Royal Challengers Bangalore,0,6,10,10.0,1.4,10.305692307692308
1178429,UT Yadav,Royal Challengers Bangalore,0,25,46,11.04,1.4,10.206
1216510,UT Yadav,Royal Challengers Bangalore,0,20,37,11.1,0.8,9.978
1216534,UT Yadav,Royal Challengers Bangalore,1,26,49,11.307692307692308,0.4,10.63953846153846
1304047,UT Yadav,Kolkata Knight Riders,2,27,20,4.444444444444445,0.6,9.57842735042735
1304052,UT Yadav,Kolkata Knight Riders,2,24,20,5.0,1.0,8.57842735042735
1304054,UT Yadav,Kolkata Knight Riders,4,25,24,5.76,1.8,7.52242735042735
1304060,UT Yadav,Kolkata Knight Riders,1,24,26,6.5,2.0,6.602427350427351
1304065,UT Yadav,Kolkata Knight Riders,1,25,52,12.479999999999999,2.0,6.836888888888889
1304071,UT Yadav,Kolkata Knight Riders,0,25,31,7.4399999999999995,1.6,7.436
1304076,UT Yadav,Kolkata Knight Riders,0,25,46,11.04,1.2,8.644
1304081,UT Yadav,Kolkata Knight Riders,1,24,32,8.0,0.6,9.091999999999999
1304087,UT Yadav,Kolkata Knight Riders,3,24,26,6.5,1.0,9.091999999999999
1304093,UT Yadav,Kolkata Knight Riders,1,26,24,5.538461538461539,1.0,7.703692307692307
1304107,UT Yadav,Kolkata Knight Riders,1,24,19,4.75,1.2,7.165692307692308
1304112,UT Yadav,Kolkata Knight Riders,0,24,34,8.5,1.2,6.657692307692308
1359476,UT Yadav,Kolkata Knight Riders,1,24,27,6.75,1.2,6.407692307692308
1359483,UT Yadav,Kolkata Knight Riders,0,12,17,8.5,0.6,6.807692307692308
1359487,UT Yadav,Kolkata Knight Riders,0,19,25,7.894736842105264,0.4,7.278947368421052
1359493,UT Yadav,Kolkata Knight Riders,0,19,42,13.263157894736842,0.2,8.981578947368423
1359496,UT Yadav,Kolkata Knight Riders,0,12,19,9.5,0.2,9.181578947368422
1359502,UT Yadav,Kolkata Knight Riders,0,6,6,6.0,0.0,9.031578947368422
1359507,UT Yadav,Kolkata Knight Riders,0,18,35,11.666666666666666,0.0,9.664912280701754
1359510,UT Yadav,Kolkata Knight Riders,0,6,19,19.0,0.0,11.885964912280702
1422123,UT Yadav,Gujarat Titans,2,18,31,10.333333333333334,0.4,11.3
1422125,UT Yadav,Gujarat Titans,0,13,27,12.461538461538462,0.4,11.892307692307693
1422130,UT Yadav,Gujarat Titans,1,18,29,9.666666666666666,0.6,12.625641025641027
1422135,UT Yadav,Gujarat Titans,1,18,35,11.666666666666666,0.8,12.625641025641025
1422139,UT Yadav,Gujarat Titans,2,18,22,7.333333333333333,1.2,10.292307692307691
1426262,UT Yadav,Gujarat Titans,1,26,47,10.846153846153847,1.0,10.394871794871793
1426297,UT Yadav,Gujarat Titans,2,18,20,6.666666666666667,1.4,9.235897435897435
336027,Umar Gul,Kolkata Knight Riders,2,24,31,7.75,2.0,8.228461538461538
336035,Umar Gul,Kolkata Knight Riders,4,26,24,5.538461538461539,2.0,7.7361538461538455
1304058,Umran Malik,Sunrisers Hyderabad,0,18,39,13.0,0.8,9.022376068376067
1304063,Umran Malik,Sunrisers Hyderabad,0,18,29,9.666666666666666,0.6,8.651709401709402
1304067,Umran Malik,Sunrisers Hyderabad,1,25,39,9.36,0.6,9.473709401709403
1304071,Umran Malik,Sunrisers Hyderabad,2,24,29,7.25,1.0,9.677555555555555
1304074,Umran Malik,Sunrisers Hyderabad,5,24,28,7.0,1.6,9.255333333333335
1304082,Umran Malik,Sunrisers Hyderabad,1,26,13,3.0,1.8,7.2553333333333345
1304086,Umran Malik,Sunrisers Hyderabad,5,25,26,6.239999999999999,2.8,6.5699999999999985
1304092,Umran Malik,Sunrisers Hyderabad,0,26,49,11.307692307692308,2.6,6.95953846153846
1304096,Umran Malik,Sunrisers Hyderabad,0,26,53,12.230769230769232,2.2,7.955692307692307
1304100,Umran Malik,Sunrisers Hyderabad,0,12,25,12.5,1.2,9.055692307692308
1304107,Umran Malik,Sunrisers Hyderabad,3,26,33,7.615384615384616,1.6,9.978769230769231
1304111,Umran Malik,Sunrisers Hyderabad,3,23,26,6.782608695652174,1.2,10.087290969899666
1304116,Umran Malik,Sunrisers Hyderabad,1,13,25,11.53846153846154,1.4,10.133444816053514
1359478,Umran Malik,Sunrisers Hyderabad,1,19,33,10.421052631578949,1.6,9.771501496215455
1359484,Umran Malik,Sunrisers Hyderabad,1,14,22,9.428571428571429,1.8,9.157215781929741
1359488,Umran Malik,Sunrisers Hyderabad,2,25,32,7.68,1.6,9.170138858852818
1359493,Umran Malik,Sunrisers Hyderabad,1,12,36,18.0,1.2,11.413617119722383
1359503,Umran Malik,Sunrisers Hyderabad,1,18,18,6.0,1.2,10.305924812030074
1359508,Umran Malik,Sunrisers Hyderabad,0,12,14,7.0,1.0,9.621714285714285
1359514,Umran Malik,Sunrisers Hyderabad,0,6,22,22.0,0.8,12.136
1359543,Umran Malik,Sunrisers Hyderabad,0,18,42,14.0,0.4,13.4
1422126,Umran Malik,Sunrisers Hyderabad,0,7,15,12.857142857142856,0.2,12.37142857142857
392185,V Kohli,Royal Challengers Bangalore,0,6,9,9.0,0.4,8.61923076923077
392232,V Kohli,Royal Challengers Bangalore,0,13,12,5.538461538461539,0.4,7.526923076923078
392236,V Kohli,Royal Challengers Bangalore,0,20,25,7.5,0.0,7.776923076923078
419109,V Kohli,Royal Challengers Bangalore,0,2,1,3.0,0.0,6.5769230769230775
419112,V Kohli,Royal Challengers Bangalore,0,13,24,11.076923076923078,0.0,7.223076923076922
419151,V Kohli,Royal Challengers Bangalore,0,12,16,8.0,0.0,7.023076923076923
419162,V Kohli,Royal Challengers Bangalore,0,6,10,10.0,0.0,7.915384615384616
501200,V Kohli,Royal Challengers Bangalore,1,12,14,7.0,0.2,7.815384615384616
501205,V Kohli,Royal Challengers Bangalore,0,12,15,7.5,0.2,8.715384615384616
501211,V Kohli,Royal Challengers Bangalore,0,18,23,7.666666666666667,0.2,8.033333333333333
501222,V Kohli,Royal Challengers Bangalore,0,6,9,9.0,0.2,8.233333333333334
501244,V Kohli,Royal Challengers Bangalore,0,7,7,6.0,0.2,7.4333333333333345
501252,V Kohli,Royal Challengers Bangalore,0,18,17,5.666666666666667,0.0,7.166666666666667
501255,V Kohli,Royal Challengers Bangalore,0,6,14,14.0,0.0,8.466666666666667
501260,V Kohli,Royal Challengers Bangalore,0,7,14,12.0,0.0,9.333333333333334
501266,V Kohli,Royal Challengers Bangalore,1,7,8,6.857142857142857,0.2,8.904761904761905
501268,V Kohli,Royal Challengers Bangalore,0,13,19,8.76923076923077,0.2,9.458608058608059
548315,V Kohli,Royal Challengers Bangalore,0,6,13,13.0,0.2,10.925274725274726
548318,V Kohli,Royal Challengers Bangalore,0,12,36,18.0,0.2,11.725274725274726
829749,V Kohli,Royal Challengers Bangalore,1,5,4,4.8,0.4,10.285274725274725
829779,V Kohli,Royal Challengers Bangalore,0,6,6,6.0,0.2,10.113846153846154
980987,V Kohli,Royal Challengers Bangalore,0,8,13,9.75,0.2,10.309999999999999
548352,V Pratap Singh,Deccan Chargers,2,19,36,11.368421052631579,1.2,8.495684210526315
548356,V Pratap Singh,Deccan Chargers,1,19,35,11.052631578947368,1.2,9.156210526315789
548359,V Pratap Singh,Deccan Chargers,1,26,45,10.384615384615385,1.4,9.553133603238866
548373,V Pratap Singh,Deccan Chargers,3,25,31,7.4399999999999995,1.8,9.649133603238866
548376,V Pratap Singh,Deccan Chargers,1,24,26,6.5,1.6,9.349133603238865
336015,V Sehwag,Delhi Daredevils,1,12,21,10.5,0.6,10.7
336017,V Sehwag,Delhi Daredevils,0,6,7,7.0,0.6,9.0
336022,V Sehwag,Delhi Daredevils,0,7,22,18.857142857142858,0.4,10.671428571428573
392237,V Sehwag,Delhi Daredevils,0,7,25,21.428571428571427,0.2,14.557142857142855
419134,V Sehwag,Delhi Daredevils,1,4,2,3.0,0.4,12.157142857142857
419149,V Sehwag,Delhi Daredevils,0,6,3,3.0,0.2,10.657142857142857
419155,V Sehwag,Delhi Daredevils,2,24,18,4.5,0.6,10.157142857142857
548333,V Sehwag,Delhi Daredevils,0,6,9,9.0,0.6,8.185714285714287
548349,V Sehwag,Delhi Daredevils,0,12,15,7.5,0.6,5.4
548380,V Sehwag,Delhi Daredevils,0,6,21,21.0,0.4,9.0
598020,V Sehwag,Delhi Daredevils,0,6,9,9.0,0.4,10.2
1136602,V Shankar,Delhi Daredevils,0,7,14,12.0,0.2,12.36
1175363,V Shankar,Sunrisers Hyderabad,0,6,13,13.0,0.2,11.16
1175366,V Shankar,Sunrisers Hyderabad,1,15,13,5.2,0.4,9.8
1178405,V Shankar,Sunrisers Hyderabad,0,12,17,8.5,0.4,9.5
1178408,V Shankar,Sunrisers Hyderabad,1,12,11,5.5,0.4,8.84
1178429,V Shankar,Sunrisers Hyderabad,0,7,16,13.714285714285714,0.4,9.182857142857143
1216507,V Shankar,Sunrisers Hyderabad,0,20,22,6.6,0.4,7.902857142857141
1216512,V Shankar,Sunrisers Hyderabad,1,24,20,5.0,0.4,7.862857142857143
1216518,V Shankar,Sunrisers Hyderabad,1,18,15,5.0,0.6,7.162857142857144
1216524,V Shankar,Sunrisers Hyderabad,1,11,11,6.0,0.6,7.262857142857143
1216534,V Shankar,Sunrisers Hyderabad,1,11,14,7.636363636363637,0.8,6.047272727272727
1254060,V Shankar,Sunrisers Hyderabad,0,6,14,14.0,0.8,7.527272727272728
1254066,V Shankar,Sunrisers Hyderabad,2,18,19,6.333333333333333,1.0,7.793939393939394
1254071,V Shankar,Sunrisers Hyderabad,1,6,6,6.0,1.0,7.993939393939394
1254077,V Shankar,Sunrisers Hyderabad,0,20,19,5.7,0.8,7.9339393939393945
1254085,V Shankar,Sunrisers Hyderabad,1,22,42,11.454545454545455,0.8,8.697575757575757
1304056,V Shankar,Gujarat Titans,1,7,14,12.0,1.0,8.297575757575757
1304070,V Shankar,Gujarat Titans,0,3,1,2.0,0.6,7.430909090909092
1304078,VG Arora,Punjab Kings,0,12,31,15.5,0.8,9.670876254180602
1359510,VG Arora,Kolkata Knight Riders,0,13,24,11.076923076923078,0.4,10.878260869565217
1359521,VG Arora,Kolkata Knight Riders,2,21,33,9.428571428571429,0.8,11.063975155279504
1359527,VG Arora,Kolkata Knight Riders,0,19,32,10.105263157894738,0.4,11.100412402243066
1359535,VG Arora,Kolkata Knight Riders,1,26,30,6.923076923076923,0.6,10.606766917293234
1359542,VG Arora,Kolkata Knight Riders,2,28,30,6.428571428571428,1.0,8.79248120300752
1422134,VG Arora,Kolkata Knight Riders,3,27,27,6.0,1.6,7.777096587622904
1426260,VG Arora,Kolkata Knight Riders,2,24,28,7.0,1.6,7.291382301908618
1426266,VG Arora,Kolkata Knight Riders,1,20,34,10.2,1.8,7.31032967032967
1426269,VG Arora,Kolkata Knight Riders,1,19,45,14.210526315789474,1.8,8.76781954887218
1426285,VG Arora,Kolkata Knight Riders,2,27,31,6.888888888888889,1.8,8.859883040935673
1426289,VG Arora,Kolkata Knight Riders,0,20,35,10.5,1.2,9.759883040935673
1426292,VG Arora,Kolkata Knight Riders,0,13,21,9.692307692307693,0.8,10.298344579397211
1426298,VG Arora,Kolkata Knight Riders,0,14,20,8.571428571428571,0.6,9.972630293682926
1426309,VG Arora,Kolkata Knight Riders,1,15,17,6.8,0.6,8.490525030525031
1426312,VG Arora,Kolkata Knight Riders,1,22,26,7.090909090909091,0.4,8.530929070929071
548357,VR Aaron,Delhi Daredevils,1,24,27,6.75,1.0,6.772285714285713
548364,VR Aaron,Delhi Daredevils,0,20,28,8.4,0.8,6.652285714285713
548369,VR Aaron,Delhi Daredevils,2,24,19,4.75,1.0,6.594285714285715
548372,VR Aaron,Delhi Daredevils,1,25,38,9.12,1.2,7.303999999999999
548374,VR Aaron,Delhi Daredevils,0,25,26,6.239999999999999,0.8,7.052
548378,VR Aaron,Delhi Daredevils,1,24,48,12.0,0.8,8.102
548380,VR Aaron,Delhi Daredevils,2,26,63,14.53846153846154,1.2,9.329692307692309
729281,VR Aaron,Royal Challengers Bangalore,1,20,9,2.6999999999999997,1.0,8.919692307692308
729287,VR Aaron,Royal Challengers Bangalore,2,25,32,7.68,1.2,8.631692307692308
729299,VR Aaron,Royal Challengers Bangalore,3,25,16,3.84,1.8,8.151692307692308
729313,VR Aaron,Royal Challengers Bangalore,2,25,33,7.919999999999999,2.0,7.335692307692308
733977,VR Aaron,Royal Challengers Bangalore,2,28,33,7.071428571428571,2.0,5.842285714285714
733983,VR Aaron,Royal Challengers Bangalore,1,28,42,9.0,2.0,7.102285714285713
733991,VR Aaron,Royal Challengers Bangalore,1,25,35,8.399999999999999,1.8,7.2462857142857136
733999,VR Aaron,Royal Challengers Bangalore,0,18,42,14.0,1.2,9.278285714285712
734013,VR Aaron,Royal Challengers Bangalore,2,19,29,9.157894736842106,1.2,9.525864661654136
734021,VR Aaron,Royal Challengers Bangalore,2,25,38,9.12,1.2,9.935578947368422
829713,VR Aaron,Royal Challengers Bangalore,2,26,39,9.0,1.4,9.935578947368422
829719,VR Aaron,Royal Challengers Bangalore,0,21,36,10.285714285714286,1.2,10.312721804511279
829737,VR Aaron,Royal Challengers Bangalore,0,27,51,11.333333333333334,1.2,9.779388471177944
829757,VR Aaron,Royal Challengers Bangalore,2,27,25,5.555555555555555,1.2,9.058920634920636
829771,VR Aaron,Royal Challengers Bangalore,0,12,29,14.5,0.8,10.134920634920636
980927,VR Aaron,Royal Challengers Bangalore,0,25,37,8.879999999999999,0.4,10.110920634920635
980953,VR Aaron,Royal Challengers Bangalore,0,19,27,8.526315789473685,0.4,9.759040935672513
980959,VR Aaron,Royal Challengers Bangalore,0,28,35,7.499999999999999,0.4,8.992374269005847
980969,VR Aaron,Royal Challengers Bangalore,0,18,31,10.333333333333334,0.0,9.947929824561403
980977,VR Aaron,Royal Challengers Bangalore,0,18,25,8.333333333333334,0.0,8.71459649122807
980981,VR Aaron,Royal Challengers Bangalore,2,26,37,8.538461538461538,0.4,8.646288798920377
980987,VR Aaron,Royal Challengers Bangalore,0,14,20,8.571428571428571,0.4,8.655311355311357
980999,VR Aaron,Royal Challengers Bangalore,0,7,17,14.571428571428571,0.4,10.06959706959707
1082598,VR Aaron,Kings XI Punjab,2,24,22,5.5,0.8,9.102930402930403
1082601,VR Aaron,Kings XI Punjab,1,14,23,9.857142857142856,1.0,9.407692307692306
1082605,VR Aaron,Kings XI Punjab,2,29,46,9.517241379310345,1.0,9.60344827586207
1082626,VR Aaron,Kings XI Punjab,2,12,3,1.5,1.4,8.189162561576355
1082633,VR Aaron,Kings XI Punjab,0,26,32,7.384615384615385,1.4,6.751799924213716
1082637,VR Aaron,Kings XI Punjab,0,24,44,11.0,1.0,7.851799924213717
1175369,VR Aaron,Rajasthan Royals,0,6,16,16.0,0.8,9.080371352785146
1178418,VR Aaron,Rajasthan Royals,2,24,24,6.0,0.8,8.376923076923077
1178420,VR Aaron,Rajasthan Royals,2,25,40,9.6,0.8,9.996923076923077
1178424,VR Aaron,Rajasthan Royals,0,6,23,23.0,0.8,13.12
1178428,VR Aaron,Rajasthan Royals,0,13,25,11.53846153846154,0.8,13.227692307692308
1216500,VR Aaron,Rajasthan Royals,0,13,25,11.53846153846154,0.8,12.335384615384616
1216530,VR Aaron,Rajasthan Royals,0,12,24,12.0,0.4,13.535384615384615
1216537,VR Aaron,Rajasthan Royals,0,29,47,9.724137931034484,0.0,13.560212201591515
1304050,VR Aaron,Gujarat Titans,2,27,45,10.0,0.4,10.960212201591514
1304056,VR Aaron,Gujarat Titans,0,6,8,8.0,0.4,10.252519893899205
1304052,VR Iyer,Kolkata Knight Riders,0,6,10,10.0,0.6,7.834615384615384
1304065,VR Iyer,Kolkata Knight Riders,0,6,14,14.0,0.2,9.25
1304087,VR Iyer,Kolkata Knight Riders,0,6,14,14.0,0.2,11.05
1304102,VR Iyer,Kolkata Knight Riders,0,6,8,8.0,0.0,10.4
1422134,VR Iyer,Kolkata Knight Riders,0,6,28,28.0,0.0,14.8
336006,VRV Singh,Kings XI Punjab,2,25,33,7.919999999999999,1.4,8.254
336013,VRV Singh,Kings XI Punjab,1,26,36,8.307692307692308,1.4,7.9955384615384615
336016,VRV Singh,Kings XI Punjab,1,24,16,4.0,1.0,7.345538461538462
336019,VRV Singh,Kings XI Punjab,0,24,32,8.0,1.0,7.195538461538462
336022,VRV Singh,Kings XI Punjab,0,13,33,15.230769230769232,0.8,8.691692307692307
336028,VRV Singh,Kings XI Punjab,3,25,57,13.68,1.0,9.843692307692308
336031,VRV Singh,Kings XI Punjab,1,24,41,10.25,1.0,10.232153846153846
336035,VRV Singh,Kings XI Punjab,2,26,28,6.461538461538462,1.2,10.72446153846154
336039,VRV Singh,Kings XI Punjab,0,12,14,7.0,1.2,10.52446153846154
392183,VRV Singh,Kings XI Punjab,0,6,5,5.0,1.2,8.478307692307691
392191,VRV Singh,Kings XI Punjab,1,12,23,11.5,0.8,8.042307692307693
392195,VRV Singh,Kings XI Punjab,0,24,19,4.75,0.6,6.942307692307693
392214,VRV Singh,Kings XI Punjab,0,12,36,18.0,0.2,9.25
419159,VRV Singh,Kings XI Punjab,0,21,41,11.714285714285714,0.2,10.192857142857143
392207,VS Malik,Kings XI Punjab,0,24,23,5.75,0.4,8.989271255060729
419127,VS Malik,Kings XI Punjab,0,20,18,5.3999999999999995,0.4,7.46927125506073
419132,VS Malik,Kings XI Punjab,0,12,21,10.5,0.2,7.26927125506073
419156,VS Malik,Kings XI Punjab,1,14,27,11.571428571428571,0.2,8.475864661654136
501212,VS Malik,Kings XI Punjab,0,12,14,7.0,0.2,8.044285714285715
598058,VS Malik,Rajasthan Royals,0,18,19,6.333333333333333,0.2,8.16095238095238
598071,VS Malik,Rajasthan Royals,2,18,14,4.666666666666667,0.6,8.014285714285714
598072,VS Malik,Rajasthan Royals,0,25,26,6.239999999999999,0.6,7.162285714285714
734033,VS Malik,Rajasthan Royals,1,19,29,9.157894736842106,0.6,6.679578947368421
336004,VY Mahesh,Delhi Daredevils,3,24,37,9.25,1.2,7.550769230769231
336009,VY Mahesh,Delhi Daredevils,2,25,41,9.84,1.4,7.7907692307692304
336015,VY Mahesh,Delhi Daredevils,0,15,38,15.2,1.2,9.68076923076923
336017,VY Mahesh,Delhi Daredevils,2,28,34,7.285714285714286,1.6,9.745912087912089
336026,VY Mahesh,Delhi Daredevils,0,25,25,6.0,1.4,9.515142857142857
336032,VY Mahesh,Delhi Daredevils,5,24,36,9.0,1.8,9.465142857142856
336038,VY Mahesh,Delhi Daredevils,2,25,50,12.0,1.8,9.897142857142857
392183,VY Mahesh,Delhi Daredevils,1,13,25,11.53846153846154,2.0,9.164835164835164
419108,VY Mahesh,Delhi Daredevils,1,19,23,7.2631578947368425,1.8,9.160323886639677
548322,VY Mahesh,Chennai Super Kings,1,14,24,10.285714285714285,2.0,10.017466743782531
548347,VY Mahesh,Chennai Super Kings,0,8,11,8.25,1.0,9.867466743782533
548361,VY Mahesh,Chennai Super Kings,2,27,21,4.666666666666667,1.0,8.400800077115866
548371,VY Mahesh,Chennai Super Kings,0,12,27,13.5,0.8,8.79310776942356
1359510,Vijaykumar Vyshak,Royal Challengers Bangalore,2,27,41,9.11111111111111,1.6,9.96918578497526
1359528,Vijaykumar Vyshak,Royal Challengers Bangalore,2,20,37,11.1,1.4,11.18918578497526
1359544,Vijaykumar Vyshak,Royal Challengers Bangalore,1,26,40,9.230769230769232,1.4,9.935339631129105
1422128,Vijaykumar Vyshak,Royal Challengers Bengaluru,1,24,23,5.75,1.2,9.253760683760683
1426263,Vijaykumar Vyshak,Royal Challengers Bengaluru,1,18,32,10.666666666666666,1.4,9.171709401709402
1426268,Vijaykumar Vyshak,Royal Challengers Bengaluru,0,26,64,14.76923076923077,1.0,10.303333333333333
1426290,Vijaykumar Vyshak,Royal Challengers Bengaluru,4,22,24,6.545454545454546,1.4,9.392424242424244
392226,WA Mota,Kings XI Punjab,1,6,7,7.0,0.6,7.7051428571428575
392229,WA Mota,Kings XI Punjab,0,6,18,18.0,0.4,9.248
392234,WA Mota,Kings XI Punjab,1,12,8,4.0,0.6,7.647999999999999
501248,WD Parnell,Pune Warriors,2,24,12,3.0,1.4,7.342285714285714
501250,WD Parnell,Pune Warriors,1,25,38,9.12,1.4,7.966285714285713
501259,WD Parnell,Pune Warriors,1,23,27,7.0434782608695645,0.8,7.646981366459627
501262,WD Parnell,Pune Warriors,1,25,28,6.72,1.0,6.676695652173914
548308,WD Parnell,Pune Warriors,1,18,18,6.0,1.2,6.376695652173913
548348,WD Parnell,Pune Warriors,1,24,25,6.25,1.0,7.026695652173913
548351,WD Parnell,Pune Warriors,2,25,19,4.56,1.2,6.114695652173912
548353,WD Parnell,Pune Warriors,0,26,41,9.461538461538462,1.0,6.598307692307692
548358,WD Parnell,Pune Warriors,1,12,12,6.0,1.0,6.454307692307692
548375,WD Parnell,Pune Warriors,2,25,18,4.319999999999999,1.2,6.118307692307693
598047,WD Parnell,Pune Warriors,3,23,27,7.0434782608695645,1.6,6.277003344481605
598053,WD Parnell,Pune Warriors,0,26,40,9.230769230769232,1.2,7.2111571906354515
598061,WD Parnell,Pune Warriors,3,26,34,7.846153846153847,1.8,6.888080267558529
598067,WD Parnell,Pune Warriors,1,22,40,10.90909090909091,1.8,7.869898449376711
729281,WD Parnell,Delhi Daredevils,0,18,19,6.333333333333333,1.4,8.272565116043378
729301,WD Parnell,Delhi Daredevils,0,24,39,9.75,0.8,8.813869463869464
729309,WD Parnell,Delhi Daredevils,1,27,17,3.7777777777777777,1.0,7.723271173271174
733975,WD Parnell,Delhi Daredevils,1,26,36,8.307692307692308,0.6,7.815578865578866
733981,WD Parnell,Delhi Daredevils,1,24,29,7.25,0.6,7.083760683760684
733985,WD Parnell,Delhi Daredevils,2,24,26,6.5,1.0,7.117094017094017
734019,WD Parnell,Delhi Daredevils,0,25,43,10.319999999999999,1.0,7.2310940170940174
734031,WD Parnell,Delhi Daredevils,2,22,26,7.090909090909091,1.2,7.893720279720279
1359489,WD Parnell,Royal Challengers Bangalore,3,27,41,9.11111111111111,1.6,8.054404040404041
1359494,WD Parnell,Royal Challengers Bangalore,1,24,28,7.0,1.6,8.00440404040404
1359498,WD Parnell,Royal Challengers Bangalore,1,24,48,12.0,1.4,9.10440404040404
1359501,WD Parnell,Royal Challengers Bangalore,1,18,32,10.666666666666666,1.6,9.173737373737373
1359534,WD Parnell,Royal Challengers Bangalore,3,19,11,3.473684210526316,1.8,8.450292397660819
1359539,WD Parnell,Royal Challengers Bangalore,0,24,35,8.75,1.2,8.378070175438598
1359544,WD Parnell,Royal Challengers Bangalore,0,21,42,12.0,1.0,9.378070175438598
1426300,WG Jacks,Royal Challengers Bengaluru,0,6,16,16.0,0.4,10.921052631578949
336014,WPUJC Vaas,Deccan Chargers,1,18,36,12.0,1.2,8.356140350877194
392220,WPUJC Vaas,Deccan Chargers,2,25,19,4.56,1.2,8.601473684210527
392223,WPUJC Vaas,Deccan Chargers,3,27,52,11.555555555555555,1.8,9.523111111111112
419106,WPUJC Vaas,Deccan Chargers,2,18,27,9.0,2.0,9.223111111111113
419110,WPUJC Vaas,Deccan Chargers,3,24,21,5.25,2.2,8.473111111111113
419117,WPUJC Vaas,Deccan Chargers,3,25,28,6.72,2.6,7.417111111111112
419120,WPUJC Vaas,Deccan Chargers,2,24,21,5.25,2.6,7.5551111111111116
419126,WPUJC Vaas,Deccan Chargers,0,18,29,9.666666666666666,2.0,7.177333333333334
419160,WPUJC Vaas,Deccan Chargers,1,24,21,5.25,1.8,6.427333333333334
1082629,Washington Sundar,Rising Pune Supergiant,0,12,12,6.0,0.6,6.659999999999999
1082631,Washington Sundar,Rising Pune Supergiant,2,12,19,9.5,1.0,7.3
1082634,Washington Sundar,Rising Pune Supergiant,0,18,19,6.333333333333333,0.8,7.2666666666666675
1082642,Washington Sundar,Rising Pune Supergiant,1,18,23,7.666666666666667,0.8,6.6
1082647,Washington Sundar,Rising Pune Supergiant,3,24,16,4.0,1.2,6.7
1082650,Washington Sundar,Rising Pune Supergiant,0,24,13,3.25,1.2,6.15
1136563,Washington Sundar,Royal Challengers Bangalore,1,25,48,11.52,1.0,6.553999999999999
1136568,Washington Sundar,Royal Challengers Bangalore,2,24,23,5.75,1.4,6.437333333333333
1136571,Washington Sundar,Royal Challengers Bangalore,0,24,30,7.5,1.2,6.403999999999999
1136574,Washington Sundar,Royal Challengers Bangalore,0,13,32,14.76923076923077,0.6,8.557846153846153
1136579,Washington Sundar,Royal Challengers Bangalore,1,24,32,8.0,0.8,9.507846153846154
1136584,Washington Sundar,Royal Challengers Bangalore,0,6,14,14.0,0.6,10.003846153846155
1136591,Washington Sundar,Royal Challengers Bangalore,0,6,15,15.0,0.2,11.853846153846154
1178417,Washington Sundar,Royal Challengers Bangalore,0,12,21,10.5,0.2,12.453846153846154
1178421,Washington Sundar,Royal Challengers Bangalore,1,24,30,7.5,0.4,11.0
1178429,Washington Sundar,Royal Challengers Bangalore,3,18,24,8.0,0.8,11.0
1216494,Washington Sundar,Royal Challengers Bangalore,1,24,14,3.5,1.0,8.9
1216499,Washington Sundar,Royal Challengers Bangalore,0,25,20,4.8,1.0,6.859999999999999
1216502,Washington Sundar,Royal Challengers Bangalore,1,18,21,7.0,1.2,6.16
1216505,Washington Sundar,Royal Challengers Bangalore,1,24,24,6.0,1.2,5.86
1216510,Washington Sundar,Royal Challengers Bangalore,0,12,13,6.5,0.6,5.5600000000000005
1216514,Washington Sundar,Royal Challengers Bangalore,0,24,20,5.0,0.4,5.86
1216519,Washington Sundar,Royal Challengers Bangalore,0,24,20,5.0,0.4,5.9
1216522,Washington Sundar,Royal Challengers Bangalore,0,18,25,8.333333333333334,0.2,6.166666666666666
1216525,Washington Sundar,Royal Challengers Bangalore,2,18,16,5.333333333333333,0.4,6.033333333333333
1216531,Washington Sundar,Royal Challengers Bangalore,0,24,39,9.75,0.4,6.683333333333333
1216534,Washington Sundar,Royal Challengers Bangalore,0,6,7,7.0,0.4,7.083333333333333
1216540,Washington Sundar,Royal Challengers Bangalore,3,24,21,5.25,1.0,7.133333333333333
1216544,Washington Sundar,Royal Challengers Bangalore,0,24,27,6.75,1.0,6.8166666666666655
1216547,Washington Sundar,Royal Challengers Bangalore,1,24,12,3.0,0.8,6.35
1237178,Washington Sundar,Royal Challengers Bangalore,0,13,21,9.692307692307693,0.8,6.338461538461539
1254058,Washington Sundar,Royal Challengers Bangalore,1,6,7,7.0,1.0,6.338461538461539
1254063,Washington Sundar,Royal Challengers Bangalore,0,13,14,6.461538461538462,0.4,6.5807692307692305
1254067,Washington Sundar,Royal Challengers Bangalore,1,25,33,7.919999999999999,0.6,6.814769230769231
1254073,Washington Sundar,Royal Challengers Bangalore,1,18,24,8.0,0.6,7.814769230769231
1254076,Washington Sundar,Royal Challengers Bangalore,0,12,13,6.5,0.6,7.1763076923076925
1254079,Washington Sundar,Royal Challengers Bangalore,0,24,28,7.0,0.4,7.1763076923076925
1304051,Washington Sundar,Sunrisers Hyderabad,0,19,47,14.842105263157896,0.4,8.852421052631579
1304058,Washington Sundar,Sunrisers Hyderabad,2,24,28,7.0,0.6,8.668421052631578
1304063,Washington Sundar,Sunrisers Hyderabad,2,24,21,5.25,0.8,8.118421052631579
1304067,Washington Sundar,Sunrisers Hyderabad,0,18,14,4.666666666666667,0.8,7.7517543859649125
1304086,Washington Sundar,Sunrisers Hyderabad,0,25,34,8.16,0.8,7.983754385964912
1304107,Washington Sundar,Sunrisers Hyderabad,0,24,40,10.0,0.8,7.015333333333333
1304111,Washington Sundar,Sunrisers Hyderabad,1,24,36,9.0,0.6,7.415333333333334
1304116,Washington Sundar,Sunrisers Hyderabad,1,12,19,9.5,0.4,8.265333333333334
1359478,Washington Sundar,Sunrisers Hyderabad,0,18,32,10.666666666666666,0.4,9.465333333333334
1359484,Washington Sundar,Sunrisers Hyderabad,0,6,11,11.0,0.4,10.033333333333333
1359488,Washington Sundar,Sunrisers Hyderabad,0,6,6,6.0,0.4,9.233333333333333
1359493,Washington Sundar,Sunrisers Hyderabad,0,12,20,10.0,0.2,9.433333333333334
1359499,Washington Sundar,Sunrisers Hyderabad,0,24,33,8.25,0.0,9.183333333333334
1359503,Washington Sundar,Sunrisers Hyderabad,0,16,16,6.0,0.0,8.25
1359508,Washington Sundar,Sunrisers Hyderabad,3,24,28,7.0,0.6,7.45
1422130,Washington Sundar,Sunrisers Hyderabad,0,18,27,9.0,0.6,8.05
1426273,Washington Sundar,Sunrisers Hyderabad,1,12,46,23.0,0.8,10.65
501227,Y Nagar,Delhi Daredevils,1,6,3,3.0,0.8,10.112820512820514
501238,Y Nagar,Delhi Daredevils,0,7,15,12.857142857142856,0.4,10.838095238095239
501243,Y Nagar,Delhi Daredevils,0,9,20,13.333333333333334,0.2,11.638095238095238
548333,Y Nagar,Delhi Daredevils,0,7,10,8.571428571428571,0.2,10.752380952380953
336020,Y Venugopal Rao,Deccan Chargers,0,13,23,10.615384615384617,0.2,11.246505494505495
336024,Y Venugopal Rao,Deccan Chargers,2,19,25,7.894736842105264,0.6,11.025452862926548
336031,Y Venugopal Rao,Deccan Chargers,0,12,23,11.5,0.6,9.725452862926549
392192,Y Venugopal Rao,Deccan Chargers,0,24,34,8.5,0.6,8.854024291497975
392196,Y Venugopal Rao,Deccan Chargers,1,25,35,8.399999999999999,0.6,9.382024291497975
392201,Y Venugopal Rao,Deccan Chargers,0,13,20,9.230769230769232,0.6,9.105101214574898
392205,Y Venugopal Rao,Deccan Chargers,2,12,23,11.5,0.6,9.826153846153847
392216,Y Venugopal Rao,Deccan Chargers,0,6,3,3.0,0.6,8.126153846153846
392229,Y Venugopal Rao,Deccan Chargers,1,12,8,4.0,0.8,7.226153846153847
419135,Y Venugopal Rao,Deccan Chargers,0,6,10,10.0,0.6,7.546153846153847
501213,Y Venugopal Rao,Delhi Daredevils,0,6,14,14.0,0.6,8.5
501243,Y Venugopal Rao,Delhi Daredevils,0,6,12,12.0,0.2,8.6
548369,Y Venugopal Rao,Delhi Daredevils,0,6,13,13.0,0.2,10.6
548372,Y Venugopal Rao,Delhi Daredevils,0,6,13,13.0,0.0,12.4
729301,Y Venugopal Rao,Sunrisers Hyderabad,0,6,9,9.0,0.0,12.2
734021,Y Venugopal Rao,Sunrisers Hyderabad,0,6,7,7.0,0.0,10.8
392200,YA Abdulla,Kings XI Punjab,2,27,20,4.444444444444445,1.8,8.246095238095238
392204,YA Abdulla,Kings XI Punjab,4,25,37,8.879999999999999,2.6,6.76495238095238
392207,YA Abdulla,Kings XI Punjab,1,24,34,8.5,2.8,6.750666666666666
392210,YA Abdulla,Kings XI Punjab,0,19,44,13.894736842105264,2.0,8.151836257309942
392214,YA Abdulla,Kings XI Punjab,0,12,18,9.0,1.4,8.943836257309941
419108,YA Abdulla,Kings XI Punjab,1,24,31,7.75,1.2,9.604947368421053
419112,YA Abdulla,Kings XI Punjab,0,18,36,12.0,0.4,10.228947368421052
336000,YK Pathan,Rajasthan Royals,1,12,15,7.5,0.6,9.557142857142857
336005,YK Pathan,Rajasthan Royals,0,12,9,4.5,0.6,9.0
336011,YK Pathan,Rajasthan Royals,1,12,19,9.5,0.8,8.3
336019,YK Pathan,Rajasthan Royals,1,12,24,12.0,0.6,8.7
336023,YK Pathan,Rajasthan Royals,0,12,28,14.0,0.6,9.5
336027,YK Pathan,Rajasthan Royals,1,12,14,7.0,0.6,9.4
336033,YK Pathan,Rajasthan Royals,1,18,32,10.666666666666666,0.8,10.633333333333333
336036,YK Pathan,Rajasthan Royals,0,18,10,3.3333333333333335,0.6,9.4
336040,YK Pathan,Rajasthan Royals,3,24,22,5.5,1.0,8.1
392182,YK Pathan,Rajasthan Royals,0,13,17,7.846153846153847,1.0,6.86923076923077
392190,YK Pathan,Rajasthan Royals,0,28,29,6.2142857142857135,0.8,6.712087912087912
392195,YK Pathan,Rajasthan Royals,0,28,30,6.428571428571428,0.6,5.864468864468865
392198,YK Pathan,Rajasthan Royals,0,12,15,7.5,0.6,6.697802197802197
392202,YK Pathan,Rajasthan Royals,2,18,17,5.666666666666667,0.4,6.731135531135531
392205,YK Pathan,Rajasthan Royals,1,24,19,4.75,0.6,6.111904761904762
392210,YK Pathan,Rajasthan Royals,1,24,30,7.5,0.8,6.369047619047619
392217,YK Pathan,Rajasthan Royals,0,25,28,6.72,0.8,6.4273333333333325
392220,YK Pathan,Rajasthan Royals,3,24,34,8.5,1.4,6.627333333333334
392225,YK Pathan,Rajasthan Royals,0,19,25,7.894736842105264,1.0,7.072947368421053
392230,YK Pathan,Rajasthan Royals,0,6,4,4.0,0.8,6.922947368421053
419107,YK Pathan,Rajasthan Royals,0,12,22,11.0,0.6,7.622947368421054
419118,YK Pathan,Rajasthan Royals,2,24,24,6.0,1.0,7.478947368421052
419124,YK Pathan,Rajasthan Royals,2,12,9,4.5,0.8,6.678947368421052
419126,YK Pathan,Rajasthan Royals,0,14,12,5.142857142857142,0.8,6.128571428571428
419129,YK Pathan,Rajasthan Royals,2,26,28,6.461538461538462,1.2,6.620879120879121
419134,YK Pathan,Rajasthan Royals,0,18,25,8.333333333333334,1.2,6.087545787545787
419137,YK Pathan,Rajasthan Royals,0,24,44,11.0,0.8,7.087545787545787
419141,YK Pathan,Rajasthan Royals,0,12,3,1.5,0.4,6.487545787545787
419143,YK Pathan,Rajasthan Royals,0,25,27,6.4799999999999995,0.4,6.7549743589743585
419150,YK Pathan,Rajasthan Royals,0,26,28,6.461538461538462,0.0,6.75497435897436
419158,YK Pathan,Rajasthan Royals,0,21,32,9.142857142857142,0.0,6.916879120879121
501198,YK Pathan,Kolkata Knight Riders,1,19,19,6.0,0.2,5.916879120879121
501203,YK Pathan,Kolkata Knight Riders,0,18,23,7.666666666666667,0.2,7.150212454212453
501209,YK Pathan,Kolkata Knight Riders,2,6,4,4.0,0.6,6.654212454212454
501214,YK Pathan,Kolkata Knight Riders,1,14,11,4.714285714285714,0.8,6.3047619047619055
501219,YK Pathan,Kolkata Knight Riders,3,24,21,5.25,1.4,5.526190476190476
501222,YK Pathan,Kolkata Knight Riders,0,18,25,8.333333333333334,1.2,5.992857142857143
501230,YK Pathan,Kolkata Knight Riders,1,12,6,3.0,1.4,5.059523809523809
501234,YK Pathan,Kolkata Knight Riders,1,25,24,5.76,1.2,5.41152380952381
501239,YK Pathan,Kolkata Knight Riders,0,19,19,6.0,1.0,5.668666666666667
501242,YK Pathan,Kolkata Knight Riders,1,19,16,5.052631578947369,0.6,5.62919298245614
501245,YK Pathan,Kolkata Knight Riders,1,25,25,6.0,0.8,5.162526315789473
501262,YK Pathan,Kolkata Knight Riders,2,24,24,6.0,1.0,5.762526315789474
501267,YK Pathan,Kolkata Knight Riders,0,6,7,7.0,0.8,6.010526315789474
501269,YK Pathan,Kolkata Knight Riders,0,12,20,10.0,0.8,6.810526315789474
548307,YK Pathan,Kolkata Knight Riders,0,6,9,9.0,0.6,7.6
548312,YK Pathan,Kolkata Knight Riders,0,13,28,12.923076923076923,0.4,8.984615384615385
548320,YK Pathan,Kolkata Knight Riders,1,19,19,6.0,0.2,8.984615384615385
548323,YK Pathan,Kolkata Knight Riders,0,6,7,7.0,0.2,8.984615384615385
548328,YK Pathan,Kolkata Knight Riders,0,6,7,7.0,0.2,8.384615384615383
548335,YK Pathan,Kolkata Knight Riders,0,12,19,9.5,0.2,8.484615384615385
548344,YK Pathan,Kolkata Knight Riders,1,24,19,4.75,0.4,6.85
548347,YK Pathan,Kolkata Knight Riders,0,7,10,8.571428571428571,0.2,7.364285714285714
548353,YK Pathan,Kolkata Knight Riders,0,13,23,10.615384615384617,0.2,8.087362637362638
548368,YK Pathan,Kolkata Knight Riders,0,12,14,7.0,0.2,8.087362637362638
548375,YK Pathan,Kolkata Knight Riders,2,13,12,5.538461538461539,0.6,7.295054945054946
548381,YK Pathan,Kolkata Knight Riders,0,6,17,17.0,0.4,9.745054945054946
598022,YK Pathan,Kolkata Knight Riders,1,7,9,7.7142857142857135,0.6,9.573626373626373
598034,YK Pathan,Kolkata Knight Riders,0,12,18,9.0,0.6,9.25054945054945
598040,YK Pathan,Kolkata Knight Riders,0,5,11,13.2,0.6,10.49054945054945
598057,YK Pathan,Kolkata Knight Riders,0,6,7,7.0,0.2,10.782857142857143
598069,YK Pathan,Kolkata Knight Riders,0,25,29,6.959999999999999,0.2,8.77485714285714
734009,YK Pathan,Kolkata Knight Riders,0,6,10,10.0,0.0,9.232
829713,YK Pathan,Kolkata Knight Riders,2,24,43,10.75,0.4,9.581999999999999
829723,YK Pathan,Kolkata Knight Riders,0,12,11,5.5,0.4,8.041999999999998
829739,YK Pathan,Kolkata Knight Riders,0,6,9,9.0,0.4,8.441999999999998
829743,YK Pathan,Kolkata Knight Riders,0,12,18,9.0,0.4,8.85
829781,YK Pathan,Kolkata Knight Riders,0,6,19,19.0,0.4,10.65
980925,YK Pathan,Kolkata Knight Riders,1,8,6,4.5,0.2,9.4
981001,YK Pathan,Kolkata Knight Riders,0,6,6,6.0,0.2,9.5
981009,YK Pathan,Kolkata Knight Riders,0,6,4,4.0,0.2,8.5
981015,YK Pathan,Kolkata Knight Riders,0,18,17,5.666666666666667,0.2,7.833333333333334
1082593,YK Pathan,Kolkata Knight Riders,0,6,15,15.0,0.2,7.033333333333334
1082604,YK Pathan,Kolkata Knight Riders,1,6,2,2.0,0.2,6.533333333333334
1082627,YK Pathan,Kolkata Knight Riders,0,6,17,17.0,0.2,8.733333333333334
1082648,YK Pathan,Kolkata Knight Riders,0,6,7,7.0,0.2,9.333333333333334
1136588,YK Pathan,Sunrisers Hyderabad,1,12,14,7.0,0.4,9.6
1178394,YK Pathan,Sunrisers Hyderabad,0,6,8,8.0,0.4,8.2
729305,YS Chahal,Royal Challengers Bangalore,1,18,17,5.666666666666667,1.0,5.897333333333333
729313,YS Chahal,Royal Challengers Bangalore,2,24,23,5.75,1.4,5.297333333333333
733977,YS Chahal,Royal Challengers Bangalore,0,26,30,6.923076923076923,1.2,5.817948717948719
733983,YS Chahal,Royal Challengers Bangalore,1,24,32,8.0,1.0,6.567948717948719
733991,YS Chahal,Royal Challengers Bangalore,2,24,23,5.75,1.2,6.417948717948718
733999,YS Chahal,Royal Challengers Bangalore,1,24,24,6.0,1.2,6.484615384615386
734005,YS Chahal,Royal Challengers Bangalore,1,24,45,11.25,1.0,7.584615384615385
734013,YS Chahal,Royal Challengers Bangalore,0,24,28,7.0,1.0,7.6
734021,YS Chahal,Royal Challengers Bangalore,0,24,32,8.0,0.8,7.6
734027,YS Chahal,Royal Challengers Bangalore,0,24,50,12.5,0.4,8.95
734035,YS Chahal,Royal Challengers Bangalore,0,24,24,6.0,0.2,8.95
829713,YS Chahal,Royal Challengers Bangalore,1,24,28,7.0,0.2,8.1
829719,YS Chahal,Royal Challengers Bangalore,2,24,28,7.0,0.6,8.1
829737,YS Chahal,Royal Challengers Bangalore,2,25,28,6.72,1.0,7.843999999999999
829745,YS Chahal,Royal Challengers Bangalore,3,24,40,10.0,1.6,7.343999999999999
829749,YS Chahal,Royal Challengers Bangalore,2,19,25,7.894736842105264,2.0,7.7229473684210515
829771,YS Chahal,Royal Challengers Bangalore,1,12,22,11.0,2.0,8.522947368421052
829779,YS Chahal,Royal Challengers Bangalore,1,24,36,9.0,1.8,8.922947368421053
829785,YS Chahal,Royal Challengers Bangalore,1,16,24,9.0,1.6,9.378947368421052
829795,YS Chahal,Royal Challengers Bangalore,2,24,51,12.75,1.4,9.928947368421053
829803,YS Chahal,Royal Challengers Bangalore,2,13,26,12.0,1.4,10.75
829807,YS Chahal,Royal Challengers Bangalore,0,12,34,17.0,1.2,11.95
829813,YS Chahal,Royal Challengers Bangalore,3,18,26,8.666666666666666,1.6,11.883333333333335
829819,YS Chahal,Royal Challengers Bangalore,2,24,20,5.0,1.8,11.083333333333334
829821,YS Chahal,Royal Challengers Bangalore,2,24,28,7.0,1.8,9.933333333333334
980907,YS Chahal,Royal Challengers Bangalore,2,26,44,10.153846153846155,1.8,9.564102564102566
980921,YS Chahal,Royal Challengers Bangalore,0,14,23,9.857142857142856,1.8,8.135531135531135
980937,YS Chahal,Royal Challengers Bangalore,1,26,33,7.615384615384616,1.4,7.9252747252747255
980959,YS Chahal,Royal Challengers Bangalore,2,26,31,7.153846153846154,1.4,8.356043956043957
980969,YS Chahal,Royal Challengers Bangalore,1,27,38,8.444444444444445,1.2,8.644932844932844
980977,YS Chahal,Royal Challengers Bangalore,2,24,32,8.0,1.2,8.214163614163613
980981,YS Chahal,Royal Challengers Bangalore,1,24,16,4.0,1.4,7.0427350427350435
980987,YS Chahal,Royal Challengers Bangalore,3,24,19,4.75,1.8,6.469658119658121
980995,YS Chahal,Royal Challengers Bangalore,1,26,38,8.76923076923077,1.6,6.7927350427350435
980999,YS Chahal,Royal Challengers Bangalore,4,18,25,8.333333333333334,2.2,6.77051282051282
981011,YS Chahal,Royal Challengers Bangalore,3,25,32,7.68,2.4,6.70651282051282
981013,YS Chahal,Royal Challengers Bangalore,1,24,42,10.5,2.4,8.006512820512821
981019,YS Chahal,Royal Challengers Bangalore,1,24,36,9.0,2.0,8.85651282051282
1082591,YS Chahal,Royal Challengers Bangalore,1,24,22,5.5,2.0,8.202666666666667
1082595,YS Chahal,Royal Challengers Bangalore,1,24,20,5.0,1.4,7.536
1082598,YS Chahal,Royal Challengers Bangalore,1,21,29,8.285714285714286,1.0,7.657142857142858
1082602,YS Chahal,Royal Challengers Bangalore,1,18,34,11.333333333333334,1.0,7.823809523809524
1082607,YS Chahal,Royal Challengers Bangalore,0,8,11,8.25,0.8,7.673809523809524
1082610,YS Chahal,Royal Challengers Bangalore,3,25,31,7.4399999999999995,1.2,8.061809523809524
1082617,YS Chahal,Royal Challengers Bangalore,3,25,16,3.84,1.6,7.829809523809525
1082621,YS Chahal,Royal Challengers Bangalore,0,19,30,9.473684210526317,1.4,8.06740350877193
1082624,YS Chahal,Royal Challengers Bangalore,0,12,25,12.5,1.2,8.300736842105263
1082628,YS Chahal,Royal Challengers Bangalore,1,25,36,8.639999999999999,1.4,8.378736842105264
1082633,YS Chahal,Royal Challengers Bangalore,2,26,29,6.6923076923076925,1.2,8.229198380566801
1082636,YS Chahal,Royal Challengers Bangalore,1,25,40,9.6,0.8,9.381198380566802
1082646,YS Chahal,Royal Challengers Bangalore,0,19,28,8.842105263157896,0.8,9.254882591093118
1136563,YS Chahal,Royal Challengers Bangalore,0,19,29,9.157894736842106,0.8,8.586461538461538
1136568,YS Chahal,Royal Challengers Bangalore,1,24,39,9.75,0.8,8.808461538461538
1136571,YS Chahal,Royal Challengers Bangalore,2,25,27,6.4799999999999995,0.8,8.766000000000002
1136574,YS Chahal,Royal Challengers Bangalore,0,18,32,10.666666666666666,0.6,8.979333333333333
1136579,YS Chahal,Royal Challengers Bangalore,2,19,23,7.2631578947368425,1.0,8.663543859649122
1136584,YS Chahal,Royal Challengers Bangalore,2,27,27,6.0,1.4,8.031964912280703
1136589,YS Chahal,Royal Challengers Bangalore,0,24,29,7.25,1.2,7.531964912280702
1136591,YS Chahal,Royal Challengers Bangalore,0,27,25,5.555555555555555,0.8,7.347076023391812
1136595,YS Chahal,Royal Challengers Bangalore,0,20,29,8.7,0.8,6.953742690058479
1136599,YS Chahal,Royal Challengers Bangalore,1,25,25,6.0,0.6,6.701111111111111
1136605,YS Chahal,Royal Challengers Bangalore,2,24,28,7.0,0.6,6.901111111111111
1136608,YS Chahal,Royal Challengers Bangalore,1,12,7,3.5,0.8,6.151111111111111
1136611,YS Chahal,Royal Challengers Bangalore,1,25,28,6.72,1.0,6.3839999999999995
1136613,YS Chahal,Royal Challengers Bangalore,0,24,26,6.5,1.0,5.944
1175356,YS Chahal,Royal Challengers Bangalore,1,24,6,1.5,1.0,5.044
1175362,YS Chahal,Royal Challengers Bangalore,4,25,42,10.08,1.4,5.659999999999999
1175366,YS Chahal,Royal Challengers Bangalore,1,25,44,10.559999999999999,1.4,7.072
1175369,YS Chahal,Royal Challengers Bangalore,2,26,17,3.9230769230769234,1.6,6.512615384615384
1175372,YS Chahal,Royal Challengers Bangalore,1,24,25,6.25,1.8,6.462615384615384
1178395,YS Chahal,Royal Challengers Bangalore,0,26,36,8.307692307692308,1.6,7.824153846153846
1178403,YS Chahal,Royal Challengers Bangalore,2,25,35,8.399999999999999,1.2,7.488153846153845
1178406,YS Chahal,Royal Challengers Bangalore,2,24,27,6.75,1.4,6.726153846153847
1178410,YS Chahal,Royal Challengers Bangalore,0,22,45,12.272727272727273,1.0,8.396083916083915
1178414,YS Chahal,Royal Challengers Bangalore,1,24,24,6.0,1.0,8.346083916083916
1178417,YS Chahal,Royal Challengers Bangalore,0,12,27,13.5,1.0,9.384545454545455
1178421,YS Chahal,Royal Challengers Bangalore,2,24,41,10.25,1.0,9.754545454545454
1178424,YS Chahal,Royal Challengers Bangalore,1,2,1,3.0,0.8,9.004545454545454
1178429,YS Chahal,Royal Challengers Bangalore,1,25,24,5.76,1.0,7.702000000000001
1216494,YS Chahal,Royal Challengers Bangalore,2,24,15,3.75,1.2,7.252000000000001
1216499,YS Chahal,Royal Challengers Bangalore,2,24,37,9.25,1.6,6.402000000000001
1216502,YS Chahal,Royal Challengers Bangalore,2,19,19,6.0,1.6,5.5520000000000005
1216505,YS Chahal,Royal Challengers Bangalore,0,24,29,7.25,1.4,6.401999999999999
1216510,YS Chahal,Royal Challengers Bangalore,1,24,25,6.25,1.4,6.5
1216514,YS Chahal,Royal Challengers Bangalore,3,24,25,6.25,1.6,7.0
1216519,YS Chahal,Royal Challengers Bangalore,0,18,29,9.666666666666666,1.2,7.083333333333333
1216522,YS Chahal,Royal Challengers Bangalore,2,27,35,7.777777777777778,1.2,7.438888888888888
1216525,YS Chahal,Royal Challengers Bangalore,1,25,35,8.399999999999999,1.4,7.668888888888889
1216531,YS Chahal,Royal Challengers Bangalore,2,19,35,11.052631578947368,1.6,8.629415204678363
1216534,YS Chahal,Royal Challengers Bangalore,3,24,22,5.5,1.6,8.479415204678363
1216540,YS Chahal,Royal Challengers Bangalore,1,24,14,3.5,1.8,7.246081871345029
1216544,YS Chahal,Royal Challengers Bangalore,1,24,22,5.5,1.6,6.7905263157894735
1216547,YS Chahal,Royal Challengers Bangalore,1,24,48,12.0,1.6,7.510526315789474
1237178,YS Chahal,Royal Challengers Bangalore,1,24,24,6.0,1.4,6.5
1254058,YS Chahal,Royal Challengers Bangalore,1,24,41,10.25,1.0,7.45
1254063,YS Chahal,Royal Challengers Bangalore,0,25,29,6.959999999999999,0.8,8.142
1254067,YS Chahal,Royal Challengers Bangalore,2,24,34,8.5,1.0,8.741999999999999
1254073,YS Chahal,Royal Challengers Bangalore,0,13,22,10.153846153846155,0.8,8.372769230769231
1254076,YS Chahal,Royal Challengers Bangalore,1,18,24,8.0,0.8,8.772769230769232
1254079,YS Chahal,Royal Challengers Bangalore,0,12,10,5.0,0.6,7.722769230769231
1254083,YS Chahal,Royal Challengers Bangalore,1,24,34,8.5,0.8,8.03076923076923
1254087,YS Chahal,Royal Challengers Bangalore,1,12,23,11.5,0.6,8.63076923076923
1254090,YS Chahal,Royal Challengers Bangalore,3,26,30,6.923076923076923,1.2,7.984615384615386
1254095,YS Chahal,Royal Challengers Bangalore,1,24,27,6.75,1.2,7.734615384615386
1254101,YS Chahal,Royal Challengers Bangalore,1,24,34,8.5,1.4,8.434615384615386
1254103,YS Chahal,Royal Challengers Bangalore,2,24,19,4.75,1.6,7.684615384615386
1254108,YS Chahal,Royal Challengers Bangalore,3,24,11,2.75,2.0,5.934615384615386
1254113,YS Chahal,Royal Challengers Bangalore,1,25,26,6.239999999999999,1.6,5.798
1254115,YS Chahal,Royal Challengers Bangalore,2,24,17,4.25,1.8,5.298
1304051,YS Chahal,Rajasthan Royals,3,24,22,5.5,2.2,4.698
1304055,YS Chahal,Rajasthan Royals,2,25,27,6.4799999999999995,2.2,5.044
1304059,YS Chahal,Rajasthan Royals,3,24,15,3.75,2.2,5.244
1304066,YS Chahal,Rajasthan Royals,4,26,41,9.461538461538462,2.8,5.888307692307692
1304070,YS Chahal,Rajasthan Royals,1,25,32,7.68,2.6,6.574307692307693
1304076,YS Chahal,Rajasthan Royals,5,28,40,8.571428571428571,3.0,7.188593406593407
1304080,YS Chahal,Rajasthan Royals,1,25,28,6.72,2.8,7.236593406593407
1304085,YS Chahal,Rajasthan Royals,1,25,26,6.239999999999999,2.4,7.734593406593407
1304090,YS Chahal,Rajasthan Royals,1,24,34,8.5,1.8,7.542285714285714
1304093,YS Chahal,Rajasthan Royals,0,24,34,8.5,1.6,7.706285714285714
1304098,YS Chahal,Rajasthan Royals,3,28,29,6.2142857142857135,1.2,7.234857142857143
1304104,YS Chahal,Rajasthan Royals,1,25,43,10.319999999999999,1.2,7.954857142857142
1304109,YS Chahal,Rajasthan Royals,1,25,42,10.08,1.2,8.722857142857142
1304114,YS Chahal,Rajasthan Royals,2,25,26,6.239999999999999,1.4,8.270857142857142
1312197,YS Chahal,Rajasthan Royals,0,24,32,8.0,1.4,8.170857142857141
1312199,YS Chahal,Rajasthan Royals,0,28,45,9.642857142857142,0.8,8.856571428571428
1312200,YS Chahal,Rajasthan Royals,1,24,20,5.0,0.8,7.79257142857143
1359478,YS Chahal,Rajasthan Royals,4,24,17,4.25,1.4,6.626571428571429
1359482,YS Chahal,Rajasthan Royals,1,25,50,12.0,1.2,7.778571428571428
1359485,YS Chahal,Rajasthan Royals,3,26,28,6.461538461538462,1.8,7.470879120879121
1359491,YS Chahal,Rajasthan Royals,2,25,27,6.4799999999999995,2.2,6.838307692307692
1359497,YS Chahal,Rajasthan Royals,1,25,36,8.639999999999999,2.2,7.566307692307691
1359500,YS Chahal,Rajasthan Royals,0,24,41,10.25,1.4,8.766307692307691
1359506,YS Chahal,Rajasthan Royals,2,26,28,6.461538461538462,1.6,7.658615384615385
1359511,YS Chahal,Rajasthan Royals,0,12,21,10.5,1.0,8.466307692307693
1359516,YS Chahal,Rajasthan Royals,0,18,33,11.0,0.6,9.370307692307692
1359522,YS Chahal,Rajasthan Royals,1,23,22,5.739130434782608,0.6,8.790133779264215
1359526,YS Chahal,Rajasthan Royals,4,24,29,7.25,1.4,8.190133779264215
1359530,YS Chahal,Rajasthan Royals,4,24,25,6.25,1.8,8.147826086956522
1359534,YS Chahal,Rajasthan Royals,0,25,37,8.879999999999999,1.8,7.823826086956521
1359540,YS Chahal,Rajasthan Royals,0,25,40,9.6,1.8,7.543826086956521
1422122,YS Chahal,Rajasthan Royals,1,19,25,7.894736842105264,1.8,7.974947368421053
1422127,YS Chahal,Rajasthan Royals,2,18,19,6.333333333333333,1.4,7.7916140350877185
1422132,YS Chahal,Rajasthan Royals,3,24,11,2.75,1.2,7.091614035087718
1422137,YS Chahal,Rajasthan Royals,2,25,34,8.16,1.6,6.947614035087719
1426262,YS Chahal,Rajasthan Royals,2,25,44,10.559999999999999,2.0,7.139614035087719
1426265,YS Chahal,Rajasthan Royals,2,27,32,7.111111111111111,2.2,6.982888888888889
1426269,YS Chahal,Rajasthan Royals,1,25,54,12.959999999999999,2.0,8.308222222222222
1426276,YS Chahal,Rajasthan Royals,1,25,48,11.52,1.6,10.062222222222221
1426282,YS Chahal,Rajasthan Royals,0,25,41,9.84,1.2,10.39822222222222
1426288,YS Chahal,Rajasthan Royals,0,25,62,14.879999999999999,0.8,11.262222222222222
1426294,YS Chahal,Rajasthan Royals,1,24,48,12.0,0.6,12.24
1426299,YS Chahal,Rajasthan Royals,1,25,22,5.279999999999999,0.6,10.703999999999999
1426303,YS Chahal,Rajasthan Royals,2,25,31,7.4399999999999995,0.8,9.888
1426310,YS Chahal,Rajasthan Royals,1,24,43,10.75,1.0,10.07
1426311,YS Chahal,Rajasthan Royals,0,26,34,7.846153846153847,1.0,8.663230769230768
1304103,Yash Dayal,Gujarat Titans,2,12,24,12.0,1.8,9.264820512820513
1304108,Yash Dayal,Gujarat Titans,0,21,27,7.714285714285714,1.2,8.807677655677656
1304113,Yash Dayal,Gujarat Titans,0,25,35,8.399999999999999,1.0,8.64152380952381
1312197,Yash Dayal,Gujarat Titans,3,27,46,10.222222222222221,1.2,8.819301587301586
1312200,Yash Dayal,Gujarat Titans,1,18,18,6.0,1.2,8.867301587301586
1359475,Yash Dayal,Gujarat Titans,0,6,14,14.0,0.8,9.267301587301585
1359481,Yash Dayal,Gujarat Titans,0,6,12,12.0,0.8,10.124444444444444
1359487,Yash Dayal,Gujarat Titans,0,24,69,17.25,0.8,11.894444444444446
1359536,Yash Dayal,Gujarat Titans,1,28,31,6.642857142857142,0.4,11.178571428571427
1359544,Yash Dayal,Gujarat Titans,1,24,39,9.75,0.4,11.928571428571427
1422119,Yash Dayal,Royal Challengers Bengaluru,1,18,28,9.333333333333334,0.6,10.995238095238095
1422124,Yash Dayal,Royal Challengers Bengaluru,1,26,24,5.538461538461539,0.8,9.702930402930404
1422128,Yash Dayal,Royal Challengers Bengaluru,1,26,51,11.76923076923077,1.0,8.606776556776557
1422133,Yash Dayal,Royal Challengers Bengaluru,1,24,24,6.0,1.0,8.47820512820513
1422137,Yash Dayal,Royal Challengers Bengaluru,1,24,37,9.25,1.0,8.37820512820513
1426268,Yash Dayal,Royal Challengers Bengaluru,0,28,51,10.928571428571427,0.8,8.697252747252747
1426274,Yash Dayal,Royal Challengers Bengaluru,2,28,61,13.071428571428571,1.0,10.203846153846154
1426279,Yash Dayal,Royal Challengers Bengaluru,1,21,18,5.142857142857143,1.0,8.87857142857143
1426283,Yash Dayal,Royal Challengers Bengaluru,0,28,35,7.499999999999999,0.8,9.178571428571427
1426290,Yash Dayal,Royal Challengers Bengaluru,2,24,22,5.5,1.0,8.428571428571427
1426296,Yash Dayal,Royal Challengers Bengaluru,0,13,22,10.153846153846155,1.0,8.273626373626374
1426300,Yash Dayal,Royal Challengers Bengaluru,4,20,20,6.0,1.4,6.85934065934066
1426306,Yash Dayal,Royal Challengers Bengaluru,2,24,42,10.5,1.6,7.930769230769231
1426310,Yash Dayal,Royal Challengers Bengaluru,0,18,37,12.333333333333334,1.6,8.897435897435898
1359525,Yash Thakur,Lucknow Super Giants,0,25,48,11.52,1.2,8.608571428571429
1359532,Yash Thakur,Lucknow Super Giants,1,24,28,7.0,1.4,8.232571428571429
1359537,Yash Thakur,Lucknow Super Giants,2,30,41,8.2,1.6,8.272571428571428
1359542,Yash Thakur,Lucknow Super Giants,3,21,34,9.714285714285714,1.4,8.315428571428571
1370351,Yash Thakur,Lucknow Super Giants,3,26,35,8.076923076923077,1.8,8.902241758241757
1422122,Yash Thakur,Lucknow Super Giants,0,20,43,12.899999999999999,1.8,9.178241758241757
1422133,Yash Thakur,Lucknow Super Giants,2,24,39,9.75,2.0,9.728241758241758
1422139,Yash Thakur,Lucknow Super Giants,5,25,31,7.4399999999999995,2.6,9.576241758241759
1426264,Yash Thakur,Lucknow Super Giants,1,24,31,7.75,2.2,9.183384615384615
1426266,Yash Thakur,Lucknow Super Giants,0,13,25,11.53846153846154,1.6,9.875692307692308
1426272,Yash Thakur,Lucknow Super Giants,1,24,46,11.5,1.8,9.595692307692307
1426277,Yash Thakur,Lucknow Super Giants,1,25,47,11.28,1.6,9.901692307692308
1426282,Yash Thakur,Lucknow Super Giants,1,26,50,11.53846153846154,0.8,10.721384615384617
1426292,Yash Thakur,Lucknow Super Giants,1,27,46,10.222222222222221,0.8,11.21582905982906
1426295,Yash Thakur,Lucknow Super Giants,0,17,47,16.588235294117645,0.8,12.225783810960282
1426302,Yudhvir Singh,Lucknow Super Giants,0,12,28,14.0,0.8,10.66774628879892
336028,Yuvraj Singh,Kings XI Punjab,2,12,14,7.0,0.6,9.307692307692308
336031,Yuvraj Singh,Kings XI Punjab,0,6,18,18.0,0.4,11.892307692307693
392191,Yuvraj Singh,Kings XI Punjab,0,18,28,9.333333333333334,0.4,12.158974358974358
392195,Yuvraj Singh,Kings XI Punjab,0,12,9,4.5,0.4,11.766666666666667
392204,Yuvraj Singh,Kings XI Punjab,3,25,22,5.279999999999999,1.0,8.822666666666667
392207,Yuvraj Singh,Kings XI Punjab,0,12,22,11.0,0.6,9.622666666666666
392210,Yuvraj Singh,Kings XI Punjab,0,6,9,9.0,0.6,7.822666666666666
392216,Yuvraj Singh,Kings XI Punjab,0,6,11,11.0,0.6,8.156
392222,Yuvraj Singh,Kings XI Punjab,0,12,14,7.0,0.6,8.656
392226,Yuvraj Singh,Kings XI Punjab,0,6,14,14.0,0.0,10.4
392229,Yuvraj Singh,Kings XI Punjab,3,24,13,3.25,0.6,8.85
419108,Yuvraj Singh,Kings XI Punjab,0,18,11,3.6666666666666665,0.6,7.783333333333333
419112,Yuvraj Singh,Kings XI Punjab,0,12,18,9.0,0.6,7.383333333333333
419117,Yuvraj Singh,Kings XI Punjab,3,24,21,5.25,1.2,7.033333333333333
419121,Yuvraj Singh,Kings XI Punjab,1,13,18,8.307692307692308,1.4,5.894871794871795
419124,Yuvraj Singh,Kings XI Punjab,0,6,12,12.0,0.8,7.644871794871795
419136,Yuvraj Singh,Kings XI Punjab,0,12,17,8.5,0.8,8.611538461538462
419146,Yuvraj Singh,Kings XI Punjab,0,12,15,7.5,0.8,8.311538461538461
419149,Yuvraj Singh,Kings XI Punjab,1,24,14,3.5,0.4,7.961538461538462
419156,Yuvraj Singh,Kings XI Punjab,1,12,22,11.0,0.4,8.5
419159,Yuvraj Singh,Kings XI Punjab,0,6,7,7.0,0.4,7.5
501207,Yuvraj Singh,Pune Warriors,0,6,12,12.0,0.4,8.2
501213,Yuvraj Singh,Pune Warriors,4,24,29,7.25,1.2,8.15
501218,Yuvraj Singh,Pune Warriors,0,6,5,5.0,1.0,8.45
501226,Yuvraj Singh,Pune Warriors,0,12,14,7.0,0.8,7.65
501228,Yuvraj Singh,Pune Warriors,0,6,10,10.0,0.8,8.25
501232,Yuvraj Singh,Pune Warriors,0,12,10,5.0,0.8,6.85
501235,Yuvraj Singh,Pune Warriors,0,6,9,9.0,0.0,7.2
501241,Yuvraj Singh,Pune Warriors,2,24,22,5.5,0.4,7.3
501248,Yuvraj Singh,Pune Warriors,0,12,18,9.0,0.4,7.7
501250,Yuvraj Singh,Pune Warriors,2,24,17,4.25,0.8,6.55
501259,Yuvraj Singh,Pune Warriors,1,24,27,6.75,1.0,6.9
501262,Yuvraj Singh,Pune Warriors,0,12,12,6.0,1.0,6.3
501265,Yuvraj Singh,Pune Warriors,0,7,8,6.857142857142857,0.6,6.571428571428571
598000,Yuvraj Singh,Pune Warriors,1,12,8,4.0,0.8,5.571428571428571
598009,Yuvraj Singh,Pune Warriors,2,25,27,6.4799999999999995,0.8,6.017428571428572
598011,Yuvraj Singh,Pune Warriors,1,12,13,6.5,0.8,5.967428571428572
598025,Yuvraj Singh,Pune Warriors,1,12,15,7.5,1.0,6.267428571428572
598035,Yuvraj Singh,Pune Warriors,0,12,9,4.5,1.0,5.795999999999999
598042,Yuvraj Singh,Pune Warriors,0,6,15,15.0,0.8,7.9959999999999996
598047,Yuvraj Singh,Pune Warriors,0,12,16,8.0,0.4,8.3
598055,Yuvraj Singh,Pune Warriors,1,24,21,5.25,0.4,8.05
598061,Yuvraj Singh,Pune Warriors,0,6,11,11.0,0.2,8.75
598067,Yuvraj Singh,Pune Warriors,0,12,17,8.5,0.2,9.55
729281,Yuvraj Singh,Royal Challengers Bangalore,0,12,16,8.0,0.2,8.15
729287,Yuvraj Singh,Royal Challengers Bangalore,0,7,6,5.142857142857142,0.2,7.578571428571429
729313,Yuvraj Singh,Royal Challengers Bangalore,0,12,13,6.5,0.0,7.828571428571429
733983,Yuvraj Singh,Royal Challengers Bangalore,0,7,9,7.7142857142857135,0.0,7.171428571428573
733991,Yuvraj Singh,Royal Challengers Bangalore,0,7,19,16.285714285714285,0.0,8.728571428571428
733999,Yuvraj Singh,Royal Challengers Bangalore,4,24,35,8.75,0.8,8.878571428571428
734005,Yuvraj Singh,Royal Challengers Bangalore,0,24,28,7.0,0.8,9.25
734021,Yuvraj Singh,Royal Challengers Bangalore,0,11,10,5.454545454545455,0.8,9.040909090909091
734027,Yuvraj Singh,Royal Challengers Bangalore,1,12,21,10.5,1.0,9.59805194805195
734035,Yuvraj Singh,Royal Challengers Bangalore,1,24,34,8.5,1.2,8.040909090909091
829715,Yuvraj Singh,Delhi Daredevils,0,6,11,11.0,0.4,8.49090909090909
829725,Yuvraj Singh,Delhi Daredevils,0,7,9,7.7142857142857135,0.4,8.633766233766234
829731,Yuvraj Singh,Delhi Daredevils,0,6,10,10.0,0.4,9.542857142857143
829761,Yuvraj Singh,Delhi Daredevils,1,12,15,7.5,0.4,8.942857142857143
829783,Yuvraj Singh,Delhi Daredevils,0,6,5,5.0,0.2,8.242857142857144
829801,Yuvraj Singh,Delhi Daredevils,0,18,25,8.333333333333334,0.2,7.7095238095238106
980967,Yuvraj Singh,Sunrisers Hyderabad,0,13,13,6.0,0.2,7.366666666666667
980979,Yuvraj Singh,Sunrisers Hyderabad,0,6,10,10.0,0.2,7.366666666666667
980983,Yuvraj Singh,Sunrisers Hyderabad,0,7,11,9.428571428571429,0.0,7.7523809523809515
980991,Yuvraj Singh,Sunrisers Hyderabad,0,6,11,11.0,0.0,8.952380952380953
981003,Yuvraj Singh,Sunrisers Hyderabad,0,6,7,7.0,0.0,8.685714285714287
1082611,Yuvraj Singh,Sunrisers Hyderabad,2,6,7,7.0,0.4,8.885714285714286
1082630,Yuvraj Singh,Sunrisers Hyderabad,0,6,16,16.0,0.4,10.085714285714285
1136572,Yuvraj Singh,Kings XI Punjab,0,7,10,8.571428571428571,0.4,9.914285714285715
1136578,Yuvraj Singh,Kings XI Punjab,0,6,13,13.0,0.4,10.314285714285713
335998,Z Khan,Royal Challengers Bangalore,1,24,44,11.0,2.0,8.35
336006,Z Khan,Royal Challengers Bangalore,2,27,30,6.666666666666667,2.2,7.783333333333333
336010,Z Khan,Royal Challengers Bangalore,1,19,27,8.526315789473685,1.6,8.438596491228072
336016,Z Khan,Royal Challengers Bangalore,0,24,36,9.0,1.4,8.988596491228071
336023,Z Khan,Royal Challengers Bangalore,0,25,47,11.28,0.8,9.29459649122807
336026,Z Khan,Royal Challengers Bangalore,0,19,37,11.68421052631579,0.6,9.431438596491228
336034,Z Khan,Royal Challengers Bangalore,2,24,25,6.25,0.6,9.348105263157896
392181,Z Khan,Mumbai Indians,0,24,34,8.5,0.4,9.34284210526316
392192,Z Khan,Mumbai Indians,1,25,34,8.16,0.6,9.174842105263158
392197,Z Khan,Mumbai Indians,1,18,14,4.666666666666667,0.8,7.8521754385964915
392200,Z Khan,Mumbai Indians,1,25,19,4.56,1.0,6.427333333333334
392203,Z Khan,Mumbai Indians,3,26,31,7.153846153846154,1.2,6.608102564102564
392208,Z Khan,Mumbai Indians,1,14,12,5.142857142857142,1.4,5.936673992673993
419107,Z Khan,Mumbai Indians,1,25,27,6.4799999999999995,1.4,5.600673992673992
419114,Z Khan,Mumbai Indians,0,12,21,10.5,1.2,6.767340659340658
419119,Z Khan,Mumbai Indians,2,24,20,5.0,1.4,6.855340659340659
419122,Z Khan,Mumbai Indians,2,24,28,7.0,1.2,6.824571428571429
419125,Z Khan,Mumbai Indians,0,26,45,10.384615384615385,1.0,7.872923076923077
419130,Z Khan,Mumbai Indians,3,18,21,7.0,1.4,7.976923076923077
419132,Z Khan,Mumbai Indians,3,25,38,9.12,2.0,7.700923076923077
419138,Z Khan,Mumbai Indians,2,12,10,5.0,2.0,7.700923076923077
419146,Z Khan,Mumbai Indians,0,20,37,11.1,1.6,8.520923076923077
419150,Z Khan,Mumbai Indians,3,24,18,4.5,2.2,7.343999999999999
419152,Z Khan,Mumbai Indians,0,12,25,12.5,1.6,8.443999999999999
419157,Z Khan,Mumbai Indians,1,24,30,7.5,1.2,8.120000000000001
419162,Z Khan,Mumbai Indians,0,24,34,8.5,0.8,8.82
419165,Z Khan,Mumbai Indians,1,25,34,8.16,1.0,8.232
501200,Z Khan,Royal Challengers Bangalore,1,24,31,7.75,0.6,8.882
501205,Z Khan,Royal Challengers Bangalore,0,25,37,8.879999999999999,0.6,8.158
501208,Z Khan,Royal Challengers Bangalore,3,25,32,7.68,1.0,8.193999999999999
501211,Z Khan,Royal Challengers Bangalore,1,24,33,8.25,1.2,8.144
501222,Z Khan,Royal Challengers Bangalore,0,29,53,10.965517241379311,1.0,8.705103448275862
501227,Z Khan,Royal Challengers Bangalore,1,26,28,6.461538461538462,1.0,8.447411140583554
501232,Z Khan,Royal Challengers Bangalore,1,25,34,8.16,1.2,8.303411140583554
501244,Z Khan,Royal Challengers Bangalore,1,27,35,7.777777777777778,0.8,8.32296669613911
501247,Z Khan,Royal Challengers Bangalore,1,24,26,6.5,0.8,7.97296669613911
501252,Z Khan,Royal Challengers Bangalore,0,25,25,6.0,0.8,6.979863247863248
501255,Z Khan,Royal Challengers Bangalore,1,18,17,5.666666666666667,0.8,6.82088888888889
501266,Z Khan,Royal Challengers Bangalore,2,26,19,4.384615384615385,1.0,6.065811965811966
501268,Z Khan,Royal Challengers Bangalore,2,26,32,7.384615384615385,1.2,5.987179487179487
501270,Z Khan,Royal Challengers Bangalore,1,25,33,7.919999999999999,1.2,6.271179487179487
501271,Z Khan,Royal Challengers Bangalore,0,24,30,7.5,1.2,6.571179487179488
548310,Z Khan,Royal Challengers Bangalore,2,25,36,8.639999999999999,1.4,7.165846153846154
548315,Z Khan,Royal Challengers Bangalore,2,24,31,7.75,1.4,7.838923076923076
548318,Z Khan,Royal Challengers Bangalore,1,25,33,7.919999999999999,1.2,7.946
548324,Z Khan,Royal Challengers Bangalore,1,24,19,4.75,1.2,7.312
548327,Z Khan,Royal Challengers Bangalore,1,25,35,8.399999999999999,1.4,7.491999999999999
548331,Z Khan,Royal Challengers Bangalore,2,24,25,6.25,1.4,7.0139999999999985
548336,Z Khan,Royal Challengers Bangalore,1,26,31,7.153846153846154,1.2,6.8947692307692305
548344,Z Khan,Royal Challengers Bangalore,1,25,48,11.52,1.2,7.614769230769229
548350,Z Khan,Royal Challengers Bangalore,2,25,33,7.919999999999999,1.4,8.24876923076923
548356,Z Khan,Royal Challengers Bangalore,0,25,32,7.68,1.2,8.10476923076923
548360,Z Khan,Royal Challengers Bangalore,0,24,16,4.0,0.8,7.65476923076923
548362,Z Khan,Royal Challengers Bangalore,2,24,22,5.5,1.0,7.324
548367,Z Khan,Royal Challengers Bangalore,1,26,35,8.076923076923077,1.0,6.6353846153846145
548372,Z Khan,Royal Challengers Bangalore,3,24,38,9.5,1.2,6.951384615384614
548376,Z Khan,Royal Challengers Bangalore,2,24,34,8.5,1.6,7.115384615384616
598045,Z Khan,Royal Challengers Bangalore,1,26,30,6.923076923076923,1.8,7.7
598068,Z Khan,Royal Challengers Bangalore,4,12,17,8.5,2.2,8.3
729279,Z Khan,Mumbai Indians,1,27,23,5.111111111111111,2.2,7.706837606837607
729287,Z Khan,Mumbai Indians,2,25,21,5.04,2.0,6.814837606837607
729303,Z Khan,Mumbai Indians,0,24,34,8.5,1.6,6.814837606837607
729309,Z Khan,Mumbai Indians,0,17,17,6.0,1.4,6.630222222222221
729317,Z Khan,Mumbai Indians,2,24,29,7.25,1.0,6.380222222222222
733973,Z Khan,Mumbai Indians,1,21,32,9.142857142857142,1.0,7.186571428571429
829761,Z Khan,Delhi Daredevils,2,26,34,7.846153846153847,1.0,7.747802197802199
829767,Z Khan,Delhi Daredevils,2,24,17,4.25,1.4,6.897802197802198
829777,Z Khan,Delhi Daredevils,0,27,32,7.111111111111111,1.4,7.12002442002442
829783,Z Khan,Delhi Daredevils,1,27,33,7.333333333333333,1.2,7.136691086691087
829793,Z Khan,Delhi Daredevils,1,26,33,7.615384615384616,1.2,6.831196581196582
829801,Z Khan,Delhi Daredevils,2,24,10,2.5,1.2,5.761965811965812
829813,Z Khan,Delhi Daredevils,0,1,0,0.0,0.8,4.911965811965812
980903,Z Khan,Delhi Daredevils,0,15,24,9.6,0.8,5.40974358974359
980913,Z Khan,Delhi Daredevils,1,24,14,3.5,0.8,4.643076923076923
980921,Z Khan,Delhi Daredevils,1,24,50,12.5,0.8,5.62
980933,Z Khan,Delhi Daredevils,2,25,30,7.199999999999999,0.8,6.56
980945,Z Khan,Delhi Daredevils,0,24,48,12.0,0.8,8.959999999999999
980951,Z Khan,Delhi Daredevils,4,22,21,5.7272727272727275,1.6,8.185454545454544
980961,Z Khan,Delhi Daredevils,1,25,27,6.4799999999999995,1.6,8.781454545454546
980971,Z Khan,Delhi Daredevils,1,18,25,8.333333333333334,1.6,7.948121212121211
980993,Z Khan,Delhi Daredevils,1,25,27,6.4799999999999995,1.4,7.8041212121212125
980997,Z Khan,Delhi Daredevils,0,20,19,5.7,1.4,6.544121212121212
981003,Z Khan,Delhi Daredevils,0,24,26,6.5,0.6,6.698666666666666
981011,Z Khan,Delhi Daredevils,1,25,30,7.199999999999999,0.6,6.842666666666668
1082595,Z Khan,Delhi Daredevils,3,25,31,7.4399999999999995,1.0,6.664
1082599,Z Khan,Delhi Daredevils,3,19,20,6.315789473684211,1.4,6.631157894736842
1082605,Z Khan,Delhi Daredevils,0,24,38,9.5,1.4,7.391157894736841
1082608,Z Khan,Delhi Daredevils,2,24,29,7.25,1.8,7.541157894736841
1082611,Z Khan,Delhi Daredevils,0,24,37,9.25,1.6,7.951157894736842
1082614,Z Khan,Delhi Daredevils,0,25,37,8.879999999999999,1.0,8.239157894736843
1082622,Z Khan,Delhi Daredevils,0,7,9,7.7142857142857135,0.4,8.518857142857142
1082635,Z Khan,Delhi Daredevils,0,24,30,7.5,0.4,8.118857142857141
1082640,Z Khan,Delhi Daredevils,0,24,35,8.75,0.0,8.418857142857142
1082642,Z Khan,Delhi Daredevils,2,25,25,6.0,0.4,7.768857142857142
1082646,Z Khan,Delhi Daredevils,2,25,32,7.68,0.8,7.528857142857143
